{
    "stu_train_loss": 0.39626508526154014,
    "mentor_train_loss": 0.18435365721683375,
    "stu_test_loss": 0.3853903938644229,
    "mentor_test_loss": 0.3370801311331435,
    "stu_train_acc": 0.9001355191205171,
    "mentor_train_acc": 0.9529233354850103,
    "stu_test_acc": 0.9011581469648562,
    "mentor_test_acc": 0.9095447284345048
}