{
    "stu_train_loss": 0.40066920160847225,
    "mentor_train_loss": 0.1938777647462467,
    "stu_test_loss": 0.3794569173417152,
    "mentor_test_loss": 0.3213356574312947,
    "stu_train_acc": 0.8983447343711085,
    "mentor_train_acc": 0.9533427985722587,
    "stu_test_acc": 0.9033546325878594,
    "mentor_test_acc": 0.9121405750798722
}