{
    "stu_train_loss": 0.407757783896171,
    "mentor_train_loss": 0.19399735546552094,
    "stu_test_loss": 0.3879376044288611,
    "mentor_test_loss": 0.37805774208074944,
    "stu_train_acc": 0.8991191275167785,
    "mentor_train_acc": 0.955746644295302,
    "stu_test_acc": 0.8941693290734825,
    "mentor_test_acc": 0.8938698083067093
}