{
    "stu_train_loss": 0.40127281074555926,
    "mentor_train_loss": 0.23583165141160056,
    "stu_test_loss": 0.3565254523255193,
    "mentor_test_loss": 0.33501288575676685,
    "stu_train_acc": 0.8972960766529877,
    "mentor_train_acc": 0.9506646878767333,
    "stu_test_acc": 0.8984624600638977,
    "mentor_test_acc": 0.9034544728434505
}