{
    "stu_train_loss": 0.39699886749254776,
    "mentor_train_loss": 0.18781964915910823,
    "stu_test_loss": 0.38750923182160707,
    "mentor_test_loss": 0.3648232393942702,
    "stu_train_acc": 0.9024909654719717,
    "mentor_train_acc": 0.9527136039413862,
    "stu_test_acc": 0.9000599041533547,
    "mentor_test_acc": 0.8972643769968051
}