{
    "stu_train_loss": 0.4022956768538328,
    "mentor_train_loss": 0.19698214040906636,
    "stu_test_loss": 0.36679896974144655,
    "mentor_test_loss": 0.33411613951761504,
    "stu_train_acc": 0.8980220704270689,
    "mentor_train_acc": 0.9556982449237132,
    "stu_test_acc": 0.9015575079872205,
    "mentor_test_acc": 0.9068490415335463
}