{
    "stu_train_loss": 0.40667233601112496,
    "mentor_train_loss": 0.212440193849522,
    "stu_test_loss": 0.36202316157543624,
    "mentor_test_loss": 0.334332673694379,
    "stu_train_acc": 0.8973444764246077,
    "mentor_train_acc": 0.955746644295302,
    "stu_test_acc": 0.9003594249201278,
    "mentor_test_acc": 0.9079472843450479
}