{
    "stu_train_loss": 0.3934501599545447,
    "mentor_train_loss": 0.198924606128427,
    "stu_test_loss": 0.3665630900250456,
    "mentor_test_loss": 0.3381491420558466,
    "stu_train_acc": 0.8983931341427285,
    "mentor_train_acc": 0.9536009294874717,
    "stu_test_acc": 0.902555910543131,
    "mentor_test_acc": 0.9100439297124601
}