{
    "stu_train_loss": 0.4113137028961374,
    "mentor_train_loss": 0.27844489560831315,
    "stu_test_loss": 0.3581870734786835,
    "mentor_test_loss": 0.3726307848771921,
    "stu_train_acc": 0.8917301241183441,
    "mentor_train_acc": 0.9420656945881427,
    "stu_test_acc": 0.8994608626198083,
    "mentor_test_acc": 0.8920726837060703
}