{
    "stu_train_loss": 0.405240580239552,
    "mentor_train_loss": 0.22806573164143018,
    "stu_test_loss": 0.3617896333384438,
    "mentor_test_loss": 0.3485608022338666,
    "stu_train_acc": 0.8967798144225306,
    "mentor_train_acc": 0.9535041303442628,
    "stu_test_acc": 0.8991613418530351,
    "mentor_test_acc": 0.8960662939297125
}