{
    "stu_train_loss": [
        2.2814810276031494,
        2.2784078121185303,
        2.2855961322784424,
        2.280510425567627,
        2.2772274017333984,
        2.278991937637329,
        2.277353525161743,
        2.2782225608825684,
        2.274075984954834,
        2.274803876876831,
        2.278118133544922
    ],
    "stu_test_loss": [
        2.3562891483306885,
        2.376831531524658,
        2.3681015968322754,
        2.3489885330200195,
        2.3783106803894043,
        2.34891676902771,
        2.364454746246338,
        2.355297803878784,
        2.3592689037323,
        2.376636266708374,
        2.364274024963379,
        2.3682758808135986,
        2.355954647064209,
        2.361077308654785,
        2.3812389373779297,
        2.3606395721435547,
        2.3786959648132324,
        2.381375551223755,
        2.385963201522827,
        2.3688697814941406,
        2.3643596172332764,
        2.3598947525024414,
        2.366992473602295,
        2.3548901081085205,
        2.3659603595733643,
        2.3780384063720703,
        2.356757164001465,
        2.3799362182617188,
        2.3548038005828857,
        2.3719441890716553,
        2.3613715171813965,
        2.357309579849243,
        2.355865955352783,
        2.3727729320526123,
        2.3742361068725586,
        2.3733842372894287,
        2.3696045875549316,
        2.3713479042053223,
        2.3512156009674072,
        2.36905574798584,
        2.367889642715454,
        2.3550190925598145,
        2.3481578826904297,
        2.374638319015503,
        2.3523693084716797,
        2.387516498565674,
        2.3724138736724854,
        2.3739054203033447,
        2.3481924533843994,
        2.3662185668945312,
        2.3821468353271484,
        2.368149757385254,
        2.37812876701355,
        2.3652687072753906,
        2.372162103652954,
        2.3512096405029297,
        2.375880002975464,
        2.3616626262664795,
        2.357628583908081,
        2.368870735168457,
        2.374560594558716,
        2.3918325901031494,
        2.359938621520996,
        2.3649909496307373,
        2.3810250759124756,
        2.377429723739624,
        2.3816399574279785,
        2.35634446144104,
        2.369447708129883,
        2.3629069328308105,
        2.3413968086242676,
        2.3597376346588135,
        2.3611953258514404,
        2.356370210647583,
        2.3655266761779785,
        2.375856637954712,
        2.3718137741088867,
        2.368253231048584,
        2.3545069694519043,
        2.3720993995666504,
        2.369425058364868,
        2.386498212814331,
        2.3857221603393555,
        2.3626160621643066,
        2.3670265674591064,
        2.3792998790740967,
        2.372699737548828,
        2.371673583984375,
        2.371032238006592,
        2.362022638320923,
        2.362062454223633,
        2.3681182861328125,
        2.3738291263580322,
        2.376185178756714,
        2.356257677078247,
        2.3713016510009766,
        2.365091323852539,
        2.3815858364105225,
        2.37135648727417,
        2.3780481815338135,
        2.3547284603118896,
        2.354217290878296,
        2.3565897941589355,
        2.3757553100585938,
        2.3773460388183594,
        2.364217519760132,
        2.3697731494903564,
        2.350353240966797,
        2.3640832901000977,
        2.36397123336792,
        2.3715975284576416,
        2.380070686340332,
        2.3467867374420166,
        2.376079797744751,
        2.3570005893707275,
        2.373824119567871,
        2.3670027256011963,
        2.3746132850646973,
        2.3698012828826904,
        2.372558116912842,
        2.3585212230682373,
        2.3768253326416016,
        2.365172863006592,
        2.383927822113037,
        2.3543379306793213,
        2.3536882400512695,
        2.3613221645355225,
        2.3661186695098877,
        2.3666114807128906,
        2.3678102493286133,
        2.343299388885498,
        2.362433671951294,
        2.3818893432617188,
        2.351809024810791,
        2.3407533168792725,
        2.3679304122924805,
        2.3842177391052246,
        2.374861240386963,
        2.3810009956359863,
        2.383873462677002,
        2.355407238006592,
        2.3659071922302246,
        2.366013526916504,
        2.362684488296509,
        2.3864359855651855,
        2.3492162227630615,
        2.3564796447753906,
        2.3580591678619385,
        2.3754286766052246,
        2.3679511547088623,
        2.3834986686706543,
        2.3574461936950684,
        2.3661484718322754,
        2.3527746200561523,
        2.3641605377197266,
        2.3579261302948,
        2.360612154006958,
        2.3477845191955566,
        2.3540377616882324,
        2.3432531356811523,
        2.355189323425293,
        2.3742868900299072,
        2.368906259536743,
        2.37644362449646,
        2.360487461090088,
        2.370673656463623,
        2.3506340980529785,
        2.343989133834839,
        2.355985164642334,
        2.358941078186035,
        2.3563926219940186,
        2.3523037433624268,
        2.360170602798462,
        2.354748249053955,
        2.370060682296753,
        2.368330717086792,
        2.3540396690368652,
        2.3590035438537598,
        2.3676350116729736,
        2.3737521171569824,
        2.3648977279663086,
        2.3674232959747314,
        2.377509355545044,
        2.3735671043395996,
        2.3591389656066895,
        2.3728106021881104,
        2.363826036453247,
        2.3527770042419434,
        2.3722732067108154,
        2.364821672439575,
        2.360196590423584,
        2.3681793212890625,
        2.3616907596588135,
        2.363607406616211,
        2.3490731716156006,
        2.3659234046936035,
        2.374185800552368,
        2.3557040691375732,
        2.357177734375,
        2.3678386211395264,
        2.358607530593872,
        2.355776309967041,
        2.3572635650634766,
        2.350874185562134,
        2.3728280067443848,
        2.3700008392333984,
        2.3629071712493896,
        2.3594167232513428,
        2.3511927127838135,
        2.362574815750122,
        2.346414566040039,
        2.3721961975097656,
        2.3622732162475586,
        2.3717544078826904,
        2.3616087436676025,
        2.3579161167144775,
        2.3515148162841797,
        2.360489845275879,
        2.338151216506958,
        2.3600611686706543,
        2.355053424835205,
        2.3377952575683594,
        2.3725228309631348,
        2.349989652633667,
        2.357902765274048,
        2.36296010017395,
        2.35707688331604,
        2.3586819171905518,
        2.3427813053131104,
        2.3623621463775635,
        2.3456904888153076,
        2.3521251678466797,
        2.3684282302856445,
        2.36126708984375,
        2.353736639022827,
        2.384361743927002,
        2.3387560844421387,
        2.365370750427246,
        2.3528356552124023,
        2.3814711570739746,
        2.3764734268188477,
        2.365644693374634,
        2.367748737335205,
        2.3484554290771484,
        2.3494958877563477,
        2.367722511291504,
        2.3615403175354004,
        2.356536626815796,
        2.3565642833709717,
        2.3576714992523193,
        2.34063458442688,
        2.357492208480835,
        2.347165822982788,
        2.365574359893799,
        2.3658108711242676,
        2.370753765106201,
        2.3740925788879395,
        2.355907440185547,
        2.367393970489502,
        2.3570199012756348,
        2.379958391189575,
        2.365746259689331,
        2.3726329803466797,
        2.3570432662963867,
        2.373133659362793,
        2.35823917388916,
        2.3616936206817627,
        2.3626155853271484,
        2.3651938438415527,
        2.3644981384277344,
        2.3705971240997314,
        2.3618102073669434,
        2.345283269882202,
        2.3496079444885254,
        2.3552908897399902,
        2.3572661876678467,
        2.3687894344329834,
