{
    "stu_train_loss": [
        0.8518837690353394,
        0.8880261182785034,
        0.8441892862319946,
        0.8553869724273682,
        0.8910451531410217,
        0.9021546840667725,
        0.8958943486213684,
        0.8726183772087097,
        0.792919933795929,
        0.8790229558944702,
        0.8962070345878601
    ],
    "stu_test_loss": [
        0.8517626523971558,
        1.0398755073547363,
        1.0245294570922852,
        0.936984121799469,
        1.0231918096542358,
        0.9571957588195801,
        1.0742058753967285,
        0.9998853206634521,
        0.9593855142593384,
        1.0035223960876465,
        1.063762903213501,
        1.0001916885375977,
        0.9808069467544556,
        0.9397363662719727,
        1.2405328750610352,
        1.019802212715149,
        1.018946886062622,
        1.0405864715576172,
        1.1091415882110596,
        1.208628535270691,
        1.0542479753494263,
        0.9646375179290771,
        0.9488878846168518,
        0.9799894094467163,
        1.051261305809021,
        0.9881901741027832,
        0.9351574778556824,
        1.1730424165725708,
        1.105252742767334,
        1.1741975545883179,
        0.9731954336166382,
        0.9686177372932434,
        1.0402748584747314,
        1.018782615661621,
        1.1487946510314941,
        1.0558065176010132,
        1.0346351861953735,
        1.0694160461425781,
        1.1458665132522583,
        1.0079549551010132,
        0.9832859635353088,
        0.927151620388031,
        1.079139232635498,
        1.1250208616256714,
        0.9744805693626404,
        1.151886224746704,
        1.0161248445510864,
        1.0934076309204102,
        1.0457677841186523,
        0.9546651244163513,
        1.1372572183609009,
        0.9379950761795044,
        1.1470791101455688,
        0.9567714929580688,
        1.0565677881240845,
        0.9412698745727539,
        1.1020784378051758,
        0.9961140155792236,
        0.9910415410995483,
        1.139750599861145,
        1.0396815538406372,
        1.0438050031661987,
        0.8994851112365723,
        1.1383861303329468,
        1.1697421073913574,
        1.1859548091888428,
        1.2533347606658936,
        0.8798385858535767,
        1.1784250736236572,
        0.9677308797836304,
        0.9976373314857483,
        1.0694530010223389,
        0.9172450304031372,
        0.9827035665512085,
        1.0248565673828125,
        0.9979851245880127,
        1.0983468294143677,
        0.9600586295127869,
        1.047522783279419,
        1.1526439189910889,
        1.085964560508728,
        1.0432417392730713,
        1.0845359563827515,
        0.9712724685668945,
        0.9601527452468872,
        1.1085115671157837,
        0.9931731820106506,
        1.0115246772766113,
        1.0744093656539917,
        0.9624143838882446,
        0.957781970500946,
        1.2584346532821655,
        1.0278584957122803,
        1.0821250677108765,
        0.95052170753479,
        1.0548802614212036,
        1.0204640626907349,
        1.2039786577224731,
        1.033447504043579,
        0.9778028726577759,
        1.0082125663757324,
        1.0555340051651,
        0.988644003868103,
        1.015866756439209,
        1.187263011932373,
        1.050209641456604,
        0.9897801876068115,
        0.9906978607177734,
        0.9087545871734619,
        1.0361711978912354,
        1.0652573108673096,
        1.1930146217346191,
        0.9149725437164307,
        0.9565616250038147,
        0.9428300857543945,
        0.9975214004516602,
        1.0822315216064453,
        1.0637338161468506,
        1.0991134643554688,
        1.2139811515808105,
        1.0545756816864014,
        0.9743048548698425,
        1.151801586151123,
        1.0985723733901978,
        0.9425157308578491,
        1.0086350440979004,
        0.9129831790924072,
        1.0741244554519653,
        1.1457946300506592,
        1.0469998121261597,
        0.9890748262405396,
        1.2140189409255981,
        1.0710158348083496,
        0.9845442771911621,
        1.0293601751327515,
        1.0212618112564087,
        1.0592873096466064,
        0.9969850182533264,
        1.094996690750122,
        1.019508719444275,
        1.2389147281646729,
        0.9742028713226318,
        1.0784616470336914,
        0.9212268590927124,
        1.069885015487671,
        1.0000128746032715,
        0.9604192972183228,
        0.9741299152374268,
        1.1628319025039673,
        1.0058834552764893,
        1.111772060394287,
        0.9444400072097778,
        1.0351243019104004,
        0.9495178461074829,
        1.023133397102356,
        0.9618885517120361,
        0.8854870796203613,
        0.8268985152244568,
        0.9333683848381042,
        0.8998377919197083,
        0.930426836013794,
        1.0584288835525513,
        0.9878715872764587,
        0.9831846952438354,
        0.8871773481369019,
        0.9086347222328186,
        0.8931936621665955,
        0.8592596054077148,
        0.9192099571228027,
        0.8434352278709412,
        0.8821626901626587,
        0.8598712682723999,
        0.9225518703460693,
        0.9455269575119019,
        0.9017316102981567,
        0.9652060866355896,
        1.1081665754318237,
        0.8682887554168701,
        0.9546773433685303,
        1.1566996574401855,
        0.9819124937057495,
        0.9539947509765625,
        1.0489141941070557,
        0.946096658706665,
        0.9556049108505249,
        1.005679965019226,
        1.1622239351272583,
        0.9833117723464966,
        1.0484493970870972,
        1.044455885887146,
        1.1308308839797974,
        1.0916409492492676,
        1.2675342559814453,
        0.954200267791748,
        0.8675852417945862,
        0.8923159837722778,
        0.945957601070404,
        0.8464382290840149,
        0.8493379950523376,
        0.941861629486084,
        0.9600396156311035,
        0.8986095190048218,
        0.9562399387359619,
        0.9503934383392334,
        1.1901196241378784,
        1.4283071756362915,
        1.2327717542648315,
        1.065403938293457,
        0.8800064325332642,
        0.9022434949874878,
        0.9873101711273193,
        1.2006984949111938,
        0.9625027179718018,
        0.9240535497665405,
        0.8157942295074463,
        0.9564300179481506,
        0.8151633739471436,
        0.8934491276741028,
        0.9516980648040771,
        0.9603331089019775,
        0.8982478380203247,
        0.8128412365913391,
        0.9850937128067017,
        0.9036313891410828,
        0.868743360042572,
        0.9478410482406616,
        0.9398472309112549,
        0.9262633919715881,
        0.9147106409072876,
        0.9689546823501587,
        0.8628561496734619,
        0.9922341108322144,
        1.2644686698913574,
        1.0570669174194336,
        0.9627171158790588,
        0.9987934827804565,
        0.9660029411315918,
        0.9791437387466431,
        0.9231004118919373,
        0.9103288650512695,
        0.8948826193809509,
        1.0578678846359253,
        0.929336667060852,
        1.0168546438217163,
        0.9023779630661011,
        1.0601369142532349,
        0.9276679754257202,
        1.0589170455932617,
        0.8957583904266357,
        1.0421960353851318,
        0.9763777256011963,
        1.0027966499328613,
        0.9798555374145508,
        0.9687844514846802,
        0.9625059962272644,
        1.0163017511367798,
        0.9955452084541321,
        1.021152377128601,
        1.267524003982544,
        1.063230276107788,
        1.2253954410552979,
        1.0550400018692017,
        1.0177792310714722,
        0.9018298983573914,
        0.9693665504455566,
        1.0458672046661377,
        0.9139087200164795,
        0.8879591226577759,
        0.8955584764480591,
        0.8778902292251587,
        0.8984847068786621,
        0.8678203821182251,
        0.8508018851280212,
        0.8496850728988647,
