{
    "stu_train_loss": [
        2.2926015853881836,
        2.294041395187378,
        2.2921440601348877,
        2.2924373149871826,
        2.290862560272217,
        2.2917277812957764,
        2.2854361534118652,
        2.289524555206299,
        2.286752223968506,
        2.291773557662964,
        2.294004201889038
    ],
    "stu_test_loss": [
        2.373927593231201,
        2.3875746726989746,
        2.381174325942993,
        2.364729166030884,
        2.384655714035034,
        2.3655099868774414,
        2.3783867359161377,
        2.3653440475463867,
        2.3677141666412354,
        2.3795220851898193,
        2.3771615028381348,
        2.3812153339385986,
        2.374396800994873,
        2.3716065883636475,
        2.3901712894439697,
        2.3765265941619873,
        2.3824501037597656,
        2.3903274536132812,
        2.3954873085021973,
        2.3700878620147705,
        2.378840923309326,
        2.373990535736084,
        2.3853769302368164,
        2.364309787750244,
        2.3788726329803467,
        2.398496627807617,
        2.3800132274627686,
        2.3907501697540283,
        2.37988543510437,
        2.3875813484191895,
        2.3747737407684326,
        2.3641698360443115,
        2.3664777278900146,
        2.3839688301086426,
        2.3837199211120605,
        2.382636785507202,
        2.388908863067627,
        2.381800889968872,
        2.3679921627044678,
        2.379753589630127,
        2.381103992462158,
        2.3704488277435303,
        2.3758111000061035,
        2.3856425285339355,
        2.367784261703491,
        2.396768569946289,
        2.3896889686584473,
        2.383321762084961,
        2.36226749420166,
        2.3797664642333984,
        2.3912365436553955,
        2.3734021186828613,
        2.3879146575927734,
        2.3696024417877197,
        2.3808021545410156,
        2.368236780166626,
        2.389631509780884,
        2.376551866531372,
        2.37673282623291,
        2.3766062259674072,
        2.3846349716186523,
        2.39572811126709,
        2.3729615211486816,
        2.379951000213623,
        2.3875555992126465,
        2.3892176151275635,
        2.392103433609009,
        2.369445323944092,
        2.3801445960998535,
        2.372030258178711,
        2.3631134033203125,
        2.375617027282715,
        2.374095916748047,
        2.3722782135009766,
        2.3829874992370605,
        2.384056568145752,
        2.378326654434204,
        2.3744759559631348,
        2.375004529953003,
        2.3818821907043457,
        2.3794689178466797,
        2.3916208744049072,
        2.391571044921875,
        2.3678395748138428,
        2.3782615661621094,
        2.3847005367279053,
        2.38462233543396,
        2.3874404430389404,
        2.379030466079712,
        2.361158847808838,
        2.371544122695923,
        2.3806190490722656,
        2.3864336013793945,
        2.3797619342803955,
        2.3700108528137207,
        2.3869104385375977,
        2.386817455291748,
        2.3931217193603516,
        2.3770766258239746,
        2.380452871322632,
        2.363988161087036,
        2.3683416843414307,
        2.3754260540008545,
        2.3929102420806885,
        2.386448621749878,
        2.376575469970703,
        2.3875529766082764,
        2.37625789642334,
        2.36995267868042,
        2.370079517364502,
        2.378474712371826,
        2.3861243724823,
        2.362825393676758,
        2.387497901916504,
        2.372324228286743,
        2.3888261318206787,
        2.385146379470825,
        2.393162727355957,
        2.3720946311950684,
        2.3840343952178955,
        2.35725474357605,
        2.3817858695983887,
        2.378009557723999,
        2.394047498703003,
        2.37250018119812,
        2.3597617149353027,
        2.3753647804260254,
        2.3773508071899414,
        2.387770414352417,
        2.3793184757232666,
        2.354809522628784,
        2.3652052879333496,
        2.3958122730255127,
        2.367976188659668,
        2.3550972938537598,
        2.3803317546844482,
        2.377126693725586,
        2.3855156898498535,
        2.387190341949463,
        2.3934853076934814,
        2.3635404109954834,
        2.3809494972229004,
        2.362678289413452,
        2.3661446571350098,
        2.39745831489563,
        2.3622965812683105,
        2.376514434814453,
        2.3729894161224365,
        2.3894643783569336,
        2.3803818225860596,
        2.3902294635772705,
        2.371241331100464,
        2.3765816688537598,
        2.3674139976501465,
        2.3779830932617188,
        2.3631508350372314,
        2.372785806655884,
        2.362319231033325,
        2.3649890422821045,
        2.3626105785369873,
        2.375688314437866,
        2.3785789012908936,
        2.3851373195648193,
        2.3773226737976074,
        2.3716347217559814,
        2.3800103664398193,
        2.3667101860046387,
        2.3686318397521973,
        2.3690972328186035,
        2.377316951751709,
        2.3672642707824707,
        2.372283697128296,
        2.3729727268218994,
        2.370234966278076,
        2.3825268745422363,
        2.3825573921203613,
        2.374689817428589,
        2.364962577819824,
        2.3779921531677246,
        2.3855018615722656,
        2.3786842823028564,
        2.3808956146240234,
        2.3937783241271973,
        2.3795323371887207,
        2.3766427040100098,
        2.377891778945923,
        2.381460428237915,
        2.368027925491333,
        2.3886637687683105,
        2.3694918155670166,
        2.3770058155059814,
        2.3834786415100098,
        2.3676156997680664,
        2.3841094970703125,
        2.3610408306121826,
        2.376211643218994,
        2.3874990940093994,
        2.3717598915100098,
        2.3836612701416016,
        2.378197431564331,
        2.368856906890869,
        2.3687262535095215,
        2.3793036937713623,
        2.3627753257751465,
        2.3820526599884033,
        2.385359048843384,
        2.37648868560791,
        2.3792359828948975,
        2.3655385971069336,
        2.3682913780212402,
        2.3614957332611084,
        2.3874571323394775,
        2.3717503547668457,
        2.3805432319641113,
        2.3779211044311523,
        2.3704583644866943,
        2.3643743991851807,
        2.3751635551452637,
        2.353069305419922,
        2.3719353675842285,
        2.3655331134796143,
        2.357905149459839,
        2.3809831142425537,
        2.3673386573791504,
        2.3689088821411133,
        2.38511323928833,
        2.370648145675659,
        2.369290590286255,
        2.3617329597473145,
        2.376422166824341,
        2.3666799068450928,
        2.369082450866699,
        2.3808443546295166,
        2.3817906379699707,
        2.368743658065796,
        2.38472843170166,
        2.357313632965088,
        2.378817319869995,
        2.3685169219970703,
        2.379112720489502,
        2.381753444671631,
        2.3799970149993896,
        2.374415874481201,
        2.3657329082489014,
        2.368894100189209,
        2.371830940246582,
        2.366117238998413,
        2.372948169708252,
        2.3741726875305176,
        2.379260540008545,
        2.3689160346984863,
        2.369399309158325,
        2.35959792137146,
        2.3746092319488525,
        2.373126268386841,
        2.3829333782196045,
        2.39138126373291,
        2.374406337738037,
        2.382685661315918,
        2.3752307891845703,
        2.387242555618286,
        2.3718435764312744,
        2.381199359893799,
        2.3703391551971436,
        2.378835439682007,
        2.3733959197998047,
        2.3783342838287354,
        2.388096332550049,
        2.3861746788024902,
        2.374990224838257,
        2.377265691757202,
        2.363407611846924,
        2.3635549545288086,
        2.371757984161377,
        2.369661808013916,
        2.37229061126709,
        2.380009651184082,
