{
    "stu_train_loss": [
        2.2061238288879395,
        2.215728998184204,
        2.1981682777404785,
        2.2130014896392822,
        2.2104482650756836,
        2.211212635040283,
        2.2244441509246826,
        2.2054145336151123,
        2.2044765949249268,
        2.2137622833251953,
        2.2128164768218994
    ],
    "stu_test_loss": [
        2.2744085788726807,
        2.299001693725586,
        2.306122303009033,
        2.2895312309265137,
        2.3127171993255615,
        2.2653968334198,
        2.293879270553589,
        2.2865967750549316,
        2.289069652557373,
        2.3053958415985107,
        2.2980520725250244,
        2.2869739532470703,
        2.283005952835083,
        2.2863287925720215,
        2.3387818336486816,
        2.2926859855651855,
        2.315962076187134,
        2.330357313156128,
        2.337955951690674,
        2.3144989013671875,
        2.2905266284942627,
        2.3001046180725098,
        2.3060431480407715,
        2.269869327545166,
        2.3020761013031006,
        2.3001949787139893,
        2.2804994583129883,
        2.340048313140869,
        2.2782528400421143,
        2.3217287063598633,
        2.2686002254486084,
        2.2729592323303223,
        2.2713561058044434,
        2.3144028186798096,
        2.312542200088501,
        2.2993545532226562,
        2.318268060684204,
        2.2902605533599854,
        2.2984392642974854,
        2.3189029693603516,
        2.2976059913635254,
        2.2718911170959473,
        2.2717432975769043,
        2.3328795433044434,
        2.3071188926696777,
        2.3418643474578857,
        2.3175196647644043,
        2.3070476055145264,
        2.2735958099365234,
        2.3117892742156982,
        2.3142459392547607,
        2.2834181785583496,
        2.3257861137390137,
        2.284710645675659,
        2.2990753650665283,
        2.26861310005188,
        2.323632001876831,
        2.2766640186309814,
        2.2824935913085938,
        2.3145651817321777,
        2.2977445125579834,
        2.3379554748535156,
        2.2763280868530273,
        2.2881908416748047,
        2.3250746726989746,
        2.3378560543060303,
        2.3308398723602295,
        2.2897894382476807,
        2.3173348903656006,
        2.284810781478882,
        2.273068904876709,
        2.277043342590332,
        2.2810635566711426,
        2.2774126529693604,
        2.3083534240722656,
        2.294373035430908,
        2.3254568576812744,
        2.313037872314453,
        2.2810211181640625,
        2.3140299320220947,
        2.3099212646484375,
        2.3283300399780273,
        2.32436203956604,
        2.2844274044036865,
        2.288201332092285,
        2.3196094036102295,
        2.3049890995025635,
        2.2818846702575684,
        2.2999603748321533,
        2.3051607608795166,
        2.295743703842163,
        2.323824405670166,
        2.311281204223633,
        2.3167524337768555,
        2.267418146133423,
        2.316554546356201,
        2.2904741764068604,
        2.3179311752319336,
        2.3102502822875977,
        2.320439577102661,
        2.2745704650878906,
        2.2755074501037598,
        2.2817718982696533,
        2.305736541748047,
        2.330122709274292,
        2.2941603660583496,
        2.3025810718536377,
        2.260390520095825,
        2.291447877883911,
        2.3141417503356934,
        2.302849531173706,
        2.3363590240478516,
        2.2656311988830566,
        2.3013553619384766,
        2.2802255153656006,
        2.335820436477661,
        2.327738046646118,
        2.3054280281066895,
        2.314629077911377,
        2.3159217834472656,
        2.307603120803833,
        2.323899745941162,
        2.293821334838867,
        2.3248350620269775,
        2.289999485015869,
        2.2779648303985596,
        2.287184715270996,
        2.3138089179992676,
        2.3202550411224365,
        2.3246407508850098,
        2.239428758621216,
        2.2974860668182373,
        2.3396658897399902,
        2.282022714614868,
        2.2733042240142822,
        2.3014609813690186,
        2.342402458190918,
        2.3270583152770996,
        2.3320393562316895,
        2.325871467590332,
        2.3046891689300537,
        2.288419246673584,
        2.294839859008789,
        2.2793519496917725,
        2.337676763534546,
        2.2733047008514404,
        2.287546157836914,
        2.282362222671509,
        2.3214032649993896,
        2.31064510345459,
        2.3197503089904785,
        2.2961745262145996,
        2.2869255542755127,
        2.2713088989257812,
        2.2946865558624268,
        2.2950496673583984,
        2.2966675758361816,
        2.2478835582733154,
        2.3004345893859863,
        2.258953094482422,
        2.28940486907959,
        2.295849561691284,
        2.286115884780884,
        2.3098549842834473,
        2.2798731327056885,
        2.3074910640716553,
        2.256753921508789,
        2.26310133934021,
        2.2953972816467285,
        2.2862725257873535,
        2.2557461261749268,
        2.2813143730163574,
        2.2658655643463135,
        2.2819318771362305,
        2.292327880859375,
        2.29030704498291,
        2.2843754291534424,
        2.2933199405670166,
        2.295962333679199,
        2.318761110305786,
        2.2880446910858154,
        2.287090301513672,
        2.3180341720581055,
        2.297520160675049,
        2.288592576980591,
        2.3041234016418457,
        2.3003084659576416,
        2.267314910888672,
        2.303766965866089,
        2.2944934368133545,
        2.288031816482544,
        2.3058290481567383,
        2.30657958984375,
        2.3019425868988037,
        2.2669448852539062,
        2.289149284362793,
        2.306178092956543,
        2.25895357131958,
        2.269202470779419,
        2.297471284866333,
        2.286935806274414,
        2.270939350128174,
        2.2846710681915283,
        2.2716143131256104,
        2.2941107749938965,
        2.323131561279297,
        2.3173928260803223,
        2.298056125640869,
        2.2635629177093506,
        2.2910397052764893,
        2.255556344985962,
        2.32039475440979,
        2.2942087650299072,
        2.2943766117095947,
        2.258654832839966,
        2.2917075157165527,
        2.2658281326293945,
        2.2801201343536377,
        2.2662436962127686,
        2.2786989212036133,
        2.295802354812622,
        2.2663707733154297,
        2.3123209476470947,
        2.2771594524383545,
        2.2750232219696045,
        2.278360605239868,
        2.293865442276001,
        2.2781641483306885,
        2.2556920051574707,
        2.2885825634002686,
        2.2834675312042236,
        2.2631072998046875,
        2.3043692111968994,
        2.3026034832000732,
        2.2840747833251953,
        2.3231430053710938,
        2.257014036178589,
        2.2825963497161865,
        2.2671284675598145,
        2.3082494735717773,
        2.3015427589416504,
        2.286831855773926,
        2.30367374420166,
        2.2872989177703857,
        2.2696025371551514,
        2.3205184936523438,
        2.290717601776123,
        2.299185276031494,
        2.288342237472534,
        2.2838802337646484,
        2.292041778564453,
        2.292689323425293,
        2.2822468280792236,
        2.307851552963257,
        2.2862653732299805,
        2.2972757816314697,
        2.3169479370117188,
        2.2912607192993164,
        2.316287040710449,
        2.2862350940704346,
        2.3232455253601074,
        2.300093412399292,
        2.2903342247009277,
        2.2649476528167725,
        2.308925151824951,
        2.287416934967041,
        2.300075054168701,
        2.296776294708252,
        2.2938520908355713,
        2.2899599075317383,
        2.2913198471069336,
        2.28128719329834,
        2.259253978729248,
        2.273747205734253,
        2.276738166809082,
        2.3017477989196777,
