{
    "stu_train_loss": [
        0.7936370968818665,
        0.7620679140090942,
        0.7709448337554932,
        0.8126292824745178,
        0.7657589912414551,
        0.805641770362854,
        0.7834028005599976,
        0.7605686187744141,
        0.7939682602882385,
        0.7442945241928101,
        0.7272869944572449
    ],
    "stu_test_loss": [
        0.7689691781997681,
        0.9732059240341187,
        0.8916678428649902,
        0.8478614091873169,
        0.9585245847702026,
        0.8552945852279663,
        0.9907592535018921,
        0.9478237628936768,
        0.8512004613876343,
        0.9470646977424622,
        0.9735095500946045,
        0.9167832136154175,
        0.9263802766799927,
        0.834766149520874,
        1.1567938327789307,
        0.9943127036094666,
        0.9399864077568054,
        0.9904584884643555,
        1.0722243785858154,
        1.1280673742294312,
        0.9465605020523071,
        0.9194226264953613,
        0.8825048208236694,
        0.9069136381149292,
        1.0308241844177246,
        0.9100066423416138,
        0.8426961898803711,
        1.0619006156921387,
        1.015982985496521,
        1.078565239906311,
        0.8966517448425293,
        0.8643598556518555,
        0.9607759714126587,
        0.9493076801300049,
        1.0537183284759521,
        0.9984450340270996,
        0.9449886083602905,
        0.9483039379119873,
        1.1018450260162354,
        0.9343172907829285,
        0.908667802810669,
        0.8547366261482239,
        1.0173931121826172,
        1.0287452936172485,
        0.8687272071838379,
        1.066216230392456,
        0.9818168878555298,
        0.985889196395874,
        0.9590785503387451,
        0.8659637570381165,
        1.0607341527938843,
        0.8561021089553833,
        0.9955035448074341,
        0.8978753685951233,
        1.008592128753662,
        0.8669806122779846,
        1.0185904502868652,
        0.9011801481246948,
        0.8805702924728394,
        1.0595262050628662,
        0.9699934720993042,
        0.9391114711761475,
        0.85700523853302,
        1.0486736297607422,
        1.0420538187026978,
        1.1110963821411133,
        1.196512222290039,
        0.8278581500053406,
        1.0573216676712036,
        0.9016710519790649,
        0.9172569513320923,
        0.9825121164321899,
        0.8425387740135193,
        0.9173353910446167,
        0.9179390072822571,
        0.9000609517097473,
        1.0524321794509888,
        0.855508029460907,
        0.9415669441223145,
        1.0604326725006104,
        1.0298364162445068,
        0.9974172115325928,
        0.9530304670333862,
        0.9004663228988647,
        0.8999761343002319,
        0.9788583517074585,
        0.9171658158302307,
        0.9369182586669922,
        1.0066471099853516,
        0.8999935388565063,
        0.9253917932510376,
        1.25199556350708,
        0.9542614221572876,
        0.9949265122413635,
        0.8537419438362122,
        0.9391489624977112,
        0.9622777700424194,
        1.1146875619888306,
        0.9114829301834106,
        0.8888065814971924,
        0.9265928864479065,
        1.0175591707229614,
        0.9140530228614807,
        0.9199300408363342,
        1.116564393043518,
        0.9722768068313599,
        0.8807886838912964,
        0.8776260614395142,
        0.836783766746521,
        0.9565733671188354,
        0.9545817971229553,
        1.074535846710205,
        0.8221139311790466,
        0.926602303981781,
        0.8554055690765381,
        0.8958719372749329,
        0.9927994012832642,
        1.0262073278427124,
        1.0242620706558228,
        1.1239110231399536,
        0.978651762008667,
        0.8781402111053467,
        1.0836349725723267,
        1.0085904598236084,
        0.8665504455566406,
        0.9315274953842163,
        0.8121222853660583,
        0.9931448101997375,
        1.0333887338638306,
        0.9588711261749268,
        0.8972678184509277,
        1.1370837688446045,
        1.0273311138153076,
        0.927327573299408,
        0.9441745281219482,
        0.9131609201431274,
        0.9946054816246033,
        0.8830054998397827,
        1.0211315155029297,
        0.9290702939033508,
        1.1392338275909424,
        0.9227768182754517,
        1.0048916339874268,
        0.8434335589408875,
        0.9676626324653625,
        0.9111801385879517,
        0.8752849102020264,
        0.9061987400054932,
        1.1217548847198486,
        0.9235047101974487,
        1.0256593227386475,
        0.8544771671295166,
        0.9426096677780151,
        0.8609597682952881,
        0.9531164765357971,
        0.9250800609588623,
        0.78086256980896,
        0.7295223474502563,
        0.8565266728401184,
        0.7974685430526733,
        0.8270524740219116,
        0.9792008996009827,
        0.9370015263557434,
        0.8852580785751343,
        0.8226954340934753,
        0.8164982795715332,
        0.8202980756759644,
        0.7653706073760986,
        0.8435512185096741,
        0.7894047498703003,
        0.8019570112228394,
        0.7847484350204468,
        0.8258042335510254,
        0.8833233714103699,
        0.8334813117980957,
        0.8781813979148865,
        1.029036521911621,
        0.7906382083892822,
        0.8567041754722595,
        1.0896767377853394,
        0.8874527215957642,
        0.8731600046157837,
        0.9405592083930969,
        0.8703941106796265,
        0.8624298572540283,
        0.8951318264007568,
        1.1234097480773926,
        0.9239487648010254,
        0.9781436920166016,
        1.0182058811187744,
        1.0270264148712158,
        1.0066384077072144,
        1.179929494857788,
        0.8553922176361084,
        0.7811140418052673,
        0.8052451014518738,
        0.8665148019790649,
        0.7646845579147339,
        0.7458000779151917,
        0.8569332957267761,
        0.8381285667419434,
        0.7912870049476624,
        0.8687054514884949,
        0.8810988068580627,
        1.1105568408966064,
        1.3011367321014404,
        1.2096034288406372,
        0.9982374906539917,
        0.8153025507926941,
        0.8166229724884033,
        0.9362719655036926,
        1.1000224351882935,
        0.8825803995132446,
        0.8652825355529785,
        0.7568275928497314,
        0.8906314373016357,
        0.7195264101028442,
        0.8186056017875671,
        0.8881385326385498,
        0.8698689341545105,
        0.8055784106254578,
        0.727109432220459,
        0.870673418045044,
        0.7895574569702148,
        0.7852979898452759,
        0.909421443939209,
        0.8915489315986633,
        0.8390359282493591,
        0.8441357612609863,
        0.8663510084152222,
        0.7722041606903076,
        0.9143129587173462,
        1.1225154399871826,
        0.9571366310119629,
        0.8597981333732605,
        0.907422661781311,
        0.8972955346107483,
        0.8726928234100342,
        0.829854428768158,
        0.8100593686103821,
        0.8170490264892578,
        0.9478844404220581,
        0.832351565361023,
        0.9300721287727356,
        0.828788161277771,
        0.9646273851394653,
        0.8208702802658081,
        0.9926031231880188,
        0.7916727066040039,
        0.9427058696746826,
        0.8718398809432983,
        0.9182736873626709,
        0.9494143128395081,
        0.9013724327087402,
        0.9061629176139832,
        0.909675657749176,
        0.8930562734603882,
        0.9468797445297241,
        1.198319911956787,
        0.994754433631897,
        1.1249284744262695,
        0.9650052189826965,
        0.9571027755737305,
        0.8187155723571777,
        0.8624873757362366,
        0.9415072202682495,
        0.8328402042388916,
        0.8230841159820557,
        0.8529720306396484,
        0.7958477735519409,
        0.8150194883346558,
        0.7643523216247559,
        0.7686390280723572,
