{
    "stu_train_loss": [
        1.3475900888442993,
        1.3751311302185059,
        1.3549745082855225,
        1.3431097269058228,
        1.3318158388137817,
        1.3868695497512817,
        1.3844265937805176,
        1.3445509672164917,
        1.3110671043395996,
        1.3402172327041626,
        1.358422875404358
    ],
    "stu_test_loss": [
        1.2999975681304932,
        1.4286208152770996,
        1.4862751960754395,
        1.3989273309707642,
        1.4639813899993896,
        1.3304938077926636,
        1.4783931970596313,
        1.4273626804351807,
        1.4374724626541138,
        1.4544445276260376,
        1.4468963146209717,
        1.4146653413772583,
        1.436658501625061,
        1.447261929512024,
        1.6214505434036255,
        1.420296549797058,
        1.482054591178894,
        1.5625544786453247,
        1.5651640892028809,
        1.607251524925232,
        1.4740378856658936,
        1.4162431955337524,
        1.3976941108703613,
        1.381499171257019,
        1.427381157875061,
        1.408944845199585,
        1.4118726253509521,
        1.633074402809143,
        1.4875290393829346,
        1.5670770406723022,
        1.388420820236206,
        1.4019551277160645,
        1.4494575262069702,
        1.4661290645599365,
        1.5673294067382812,
        1.4525113105773926,
        1.5222662687301636,
        1.507607102394104,
        1.5381371974945068,
        1.4904447793960571,
        1.4466967582702637,
        1.3518458604812622,
        1.494800329208374,
        1.5770827531814575,
        1.4679672718048096,
        1.6285462379455566,
        1.4806562662124634,
        1.4970073699951172,
        1.45187246799469,
        1.477663516998291,
        1.5061702728271484,
        1.4041683673858643,
        1.525291085243225,
        1.4440817832946777,
        1.4639776945114136,
        1.3254609107971191,
        1.5568376779556274,
        1.4020657539367676,
        1.391176700592041,
        1.569249153137207,
        1.555344820022583,
        1.5209012031555176,
        1.349029541015625,
        1.4919731616973877,
        1.563906192779541,
        1.5806176662445068,
        1.6448153257369995,
        1.352224349975586,
        1.5772790908813477,
        1.4021297693252563,
        1.4165400266647339,
        1.4263535737991333,
        1.3877016305923462,
        1.3930308818817139,
        1.454520344734192,
        1.4445687532424927,
        1.5274162292480469,
        1.5188511610031128,
        1.4258276224136353,
        1.5501346588134766,
        1.4891009330749512,
        1.4979252815246582,
        1.5446572303771973,
        1.4088187217712402,
        1.383591651916504,
        1.602709412574768,
        1.4829708337783813,
        1.430588960647583,
        1.4886457920074463,
        1.4239699840545654,
        1.3836015462875366,
        1.592566728591919,
        1.4524017572402954,
        1.5026161670684814,
        1.386682152748108,
        1.514374017715454,
        1.405402660369873,
        1.5367566347122192,
        1.4684808254241943,
        1.4503898620605469,
        1.453192949295044,
        1.4518702030181885,
        1.4112167358398438,
        1.4651031494140625,
        1.630702018737793,
        1.5304428339004517,
        1.464950442314148,
        1.4023162126541138,
        1.3312486410140991,
        1.5139167308807373,
        1.4815397262573242,
        1.6212302446365356,
        1.3826072216033936,
        1.4369354248046875,
        1.3963420391082764,
        1.5121479034423828,
        1.5109820365905762,
        1.4741218090057373,
        1.4838751554489136,
        1.5947461128234863,
        1.5214675664901733,
        1.4853941202163696,
        1.569766640663147,
        1.5588297843933105,
        1.4124765396118164,
        1.4264963865280151,
        1.3475391864776611,
        1.4539906978607178,
        1.5651414394378662,
        1.522933840751648,
        1.3557846546173096,
        1.593699336051941,
        1.5946896076202393,
        1.406433343887329,
        1.396920919418335,
        1.4508931636810303,
        1.50897216796875,
        1.5237425565719604,
        1.589447021484375,
        1.5046144723892212,
        1.6061152219772339,
        1.417098045349121,
        1.5543560981750488,
        1.3541953563690186,
        1.5693368911743164,
        1.422973871231079,
        1.4704949855804443,
        1.3818100690841675,
        1.527886986732483,
        1.4488356113433838,
        1.5292984247207642,
        1.4095313549041748,
        1.4367104768753052,
        1.384831190109253,
        1.4200679063796997,
        1.4519017934799194,
        1.3854405879974365,
        1.3026318550109863,
        1.4283943176269531,
        1.3787554502487183,
        1.365567684173584,
        1.4883215427398682,
        1.3985111713409424,
        1.4984540939331055,
        1.3951137065887451,
        1.4585585594177246,
        1.2907524108886719,
        1.32120680809021,
        1.4525326490402222,
        1.3701249361038208,
        1.353057861328125,
        1.3242624998092651,
        1.3279272317886353,
        1.39422607421875,
        1.3900415897369385,
        1.3851255178451538,
        1.51985764503479,
        1.3704067468643188,
        1.409469723701477,
        1.5671215057373047,
        1.468701720237732,
        1.4487378597259521,
        1.4957249164581299,
        1.4362213611602783,
        1.3773189783096313,
        1.4781261682510376,
        1.5600289106369019,
        1.4337677955627441,
        1.536507487297058,
        1.4893907308578491,
        1.4749958515167236,
        1.493958830833435,
        1.538487434387207,
        1.4426660537719727,
        1.362840175628662,
        1.4021198749542236,
        1.4342976808547974,
        1.3401799201965332,
        1.3437477350234985,
        1.3528876304626465,
        1.4288870096206665,
        1.3502277135849,
        1.376386046409607,
        1.4000757932662964,
        1.5650917291641235,
        1.744479775428772,
        1.63016939163208,
        1.4857548475265503,
        1.369537591934204,
        1.4062151908874512,
        1.4015733003616333,
        1.6860005855560303,
        1.4133830070495605,
        1.443245768547058,
        1.229449987411499,
        1.4243855476379395,
        1.2993102073669434,
        1.3505239486694336,
        1.4152947664260864,
        1.4252171516418457,
        1.3966795206069946,
        1.2593129873275757,
        1.480849266052246,
        1.3945485353469849,
        1.376350998878479,
        1.3782851696014404,
        1.4372040033340454,
        1.3755134344100952,
        1.337282419204712,
        1.4618152379989624,
        1.389349341392517,
        1.3884944915771484,
        1.6211689710617065,
        1.5376272201538086,
        1.4241693019866943,
        1.4913884401321411,
        1.3462053537368774,
        1.415808081626892,
        1.333491325378418,
        1.363817572593689,
        1.4305386543273926,
        1.4590983390808105,
        1.43394935131073,
        1.4720278978347778,
        1.375109314918518,
        1.5478432178497314,
        1.4532514810562134,
        1.5615708827972412,
        1.3773798942565918,
        1.4440653324127197,
        1.454084038734436,
        1.4656623601913452,
        1.4264943599700928,
        1.46976637840271,
        1.4201600551605225,
        1.4481282234191895,
        1.5207340717315674,
        1.5017377138137817,
        1.6584560871124268,
        1.506331443786621,
        1.7045527696609497,
        1.5393918752670288,
        1.4410151243209839,
        1.416284441947937,
        1.4559725522994995,
        1.4235200881958008,
        1.4124051332473755,
        1.3751293420791626,
        1.3868224620819092,
        1.3910020589828491,
        1.3612573146820068,
        1.3408684730529785,
        1.3053873777389526,
        1.3438694477081299,
        1.315595030784607,
