{
    "stu_train_loss": [
        1.2353297472000122,
        1.2970781326293945,
        1.193245768547058,
        1.2319825887680054,
        1.2540146112442017,
        1.2150355577468872,
        1.2583190202713013,
        1.2069283723831177,
        1.2117228507995605,
        1.171112298965454,
        1.1831806898117065
    ],
    "stu_test_loss": [
        1.1943244934082031,
        1.3140016794204712,
        1.3270583152770996,
        1.2989161014556885,
        1.3600080013275146,
        1.2389799356460571,
        1.3591059446334839,
        1.2919609546661377,
        1.3083962202072144,
        1.3353486061096191,
        1.3608427047729492,
        1.2871967554092407,
        1.2929795980453491,
        1.2839527130126953,
        1.4746872186660767,
        1.3153663873672485,
        1.353111743927002,
        1.3909813165664673,
        1.420003890991211,
        1.5319294929504395,
        1.3263880014419556,
        1.2982697486877441,
        1.2752447128295898,
        1.2618894577026367,
        1.3452261686325073,
        1.290311336517334,
        1.2736568450927734,
        1.521569848060608,
        1.3432872295379639,
        1.4557554721832275,
        1.285760760307312,
        1.2487070560455322,
        1.3059202432632446,
        1.3124144077301025,
        1.44730806350708,
        1.3543134927749634,
        1.3972563743591309,
        1.3820277452468872,
        1.4418225288391113,
        1.3282878398895264,
        1.3084580898284912,
        1.225920557975769,
        1.388851523399353,
        1.4462777376174927,
        1.3325191736221313,
        1.465219497680664,
        1.3790152072906494,
        1.3703486919403076,
        1.3488152027130127,
        1.3443212509155273,
        1.4029595851898193,
        1.2797493934631348,
        1.3849291801452637,
        1.3132126331329346,
        1.3366930484771729,
        1.2079362869262695,
        1.4648442268371582,
        1.2773232460021973,
        1.2667558193206787,
        1.441188097000122,
        1.392549753189087,
        1.394803762435913,
        1.2175315618515015,
        1.3934526443481445,
        1.4666340351104736,
        1.4702600240707397,
        1.5148756504058838,
        1.2566931247711182,
        1.4863646030426025,
        1.2752231359481812,
        1.3009545803070068,
        1.3188886642456055,
        1.2549949884414673,
        1.239983081817627,
        1.3554526567459106,
        1.288252830505371,
        1.3957569599151611,
        1.3685388565063477,
        1.3298439979553223,
        1.4266539812088013,
        1.368441104888916,
        1.374871850013733,
        1.4256640672683716,
        1.3191437721252441,
        1.2827858924865723,
        1.4400768280029297,
        1.3245673179626465,
        1.295555830001831,
        1.3830500841140747,
        1.3127769231796265,
        1.2556344270706177,
        1.5236890316009521,
        1.3306655883789062,
        1.3677219152450562,
        1.262349009513855,
        1.3883928060531616,
        1.3111799955368042,
        1.459084153175354,
        1.376778483390808,
        1.3355183601379395,
        1.333297610282898,
        1.337105393409729,
        1.2643444538116455,
        1.3388683795928955,
        1.4901036024093628,
        1.407886266708374,
        1.3396408557891846,
        1.3106155395507812,
        1.231537938117981,
        1.4030671119689941,
        1.3692573308944702,
        1.4813079833984375,
        1.288008213043213,
        1.310110330581665,
        1.2616639137268066,
        1.359927773475647,
        1.401159405708313,
        1.3461847305297852,
        1.3517308235168457,
        1.50972318649292,
        1.4139397144317627,
        1.3303232192993164,
        1.4381558895111084,
        1.404477596282959,
        1.3141995668411255,
        1.3222763538360596,
        1.2203198671340942,
        1.328529953956604,
        1.4739922285079956,
        1.388464093208313,
        1.2311005592346191,
        1.4894086122512817,
        1.4467318058013916,
        1.3122748136520386,
        1.2893755435943604,
        1.3485161066055298,
        1.383126974105835,
        1.3444314002990723,
        1.4489595890045166,
        1.3539903163909912,
        1.5039584636688232,
        1.320814847946167,
        1.429461121559143,
        1.2456697225570679,
        1.4306683540344238,
        1.326738715171814,
        1.3254897594451904,
        1.2812824249267578,
        1.4359872341156006,
        1.3272106647491455,
        1.4071664810180664,
        1.292494297027588,
        1.333545207977295,
        1.2574900388717651,
        1.3089488744735718,
        1.3313634395599365,
        1.2330135107040405,
        1.1642296314239502,
        1.293330192565918,
        1.2503714561462402,
        1.2505040168762207,
        1.3898985385894775,
        1.237291932106018,
        1.345596194267273,
        1.282967448234558,
        1.2922682762145996,
        1.161569595336914,
        1.1766492128372192,
        1.305199384689331,
        1.2479068040847778,
        1.224541187286377,
        1.1987359523773193,
        1.21121084690094,
        1.2569327354431152,
        1.2411539554595947,
        1.3028782606124878,
        1.3876347541809082,
        1.2353965044021606,
        1.2806631326675415,
        1.4387507438659668,
        1.3188958168029785,
        1.3038780689239502,
        1.3932112455368042,
        1.3060334920883179,
        1.27256441116333,
        1.3320300579071045,
        1.4565831422805786,
        1.3393203020095825,
        1.400089144706726,
        1.3472301959991455,
        1.3846582174301147,
        1.3793516159057617,
        1.4728600978851318,
        1.3106130361557007,
        1.2304924726486206,
        1.2814717292785645,
        1.2683063745498657,
        1.178963303565979,
        1.223311185836792,
        1.2370457649230957,
        1.287609338760376,
        1.2235486507415771,
        1.2792389392852783,
        1.264739751815796,
        1.4448384046554565,
        1.649207353591919,
        1.4978840351104736,
        1.3648502826690674,
        1.214317798614502,
        1.2575452327728271,
        1.3064852952957153,
        1.5507698059082031,
        1.273712396621704,
        1.2989951372146606,
        1.110884189605713,
        1.2985934019088745,
        1.173356056213379,
        1.2180190086364746,
        1.3114979267120361,
        1.341284990310669,
        1.2731820344924927,
        1.1295737028121948,
        1.3325766324996948,
        1.2401119470596313,
        1.210384488105774,
        1.2464346885681152,
        1.2890700101852417,
        1.243052363395691,
        1.251861572265625,
        1.3311134576797485,
        1.242034673690796,
        1.3101310729980469,
        1.5249146223068237,
        1.3820030689239502,
        1.3110343217849731,
        1.3592764139175415,
        1.2206331491470337,
        1.3053425550460815,
        1.2422146797180176,
        1.248801827430725,
        1.2680156230926514,
        1.3584421873092651,
        1.2856711149215698,
        1.3399925231933594,
        1.2458192110061646,
        1.42158043384552,
        1.338552713394165,
        1.4372919797897339,
        1.2352896928787231,
        1.342203140258789,
        1.3583407402038574,
        1.3462332487106323,
        1.3031868934631348,
        1.3489676713943481,
        1.280722975730896,
        1.3569215536117554,
        1.3637664318084717,
        1.3726788759231567,
        1.524289846420288,
        1.3729758262634277,
        1.5526971817016602,
        1.3970680236816406,
        1.3207330703735352,
        1.2937977313995361,
        1.3279163837432861,
        1.3140497207641602,
        1.290503978729248,
        1.2323718070983887,
        1.2413793802261353,
        1.2545570135116577,
        1.2245420217514038,
        1.2022238969802856,
        1.1766828298568726,
        1.2232685089111328,
        1.1818115711212158,
