{
    "stu_train_loss": [
        1.485418438911438,
        1.4407081604003906,
        1.4844168424606323,
        1.538215160369873,
        1.5297393798828125,
        1.5058338642120361,
        1.4582417011260986,
        1.4765974283218384,
        1.4637993574142456,
        1.4432297945022583,
        1.5117286443710327
    ],
    "stu_test_loss": [
        1.458422303199768,
        1.5296320915222168,
        1.6009607315063477,
        1.5788078308105469,
        1.5972929000854492,
        1.4975308179855347,
        1.5760095119476318,
        1.5491557121276855,
        1.572389841079712,
        1.5983796119689941,
        1.5817519426345825,
        1.5307890176773071,
        1.5686836242675781,
        1.5402804613113403,
        1.722163438796997,
        1.5779190063476562,
        1.6120662689208984,
        1.675862431526184,
        1.6745247840881348,
        1.7386504411697388,
        1.5723962783813477,
        1.5577648878097534,
        1.5564302206039429,
        1.520511507987976,
        1.5227690935134888,
        1.484047532081604,
        1.5152654647827148,
        1.7409099340438843,
        1.5493412017822266,
        1.6383498907089233,
        1.5131818056106567,
        1.5299450159072876,
        1.5437097549438477,
        1.5889179706573486,
        1.693207859992981,
        1.60306715965271,
        1.6363048553466797,
        1.6365535259246826,
        1.6727594137191772,
        1.601469874382019,
        1.5532982349395752,
        1.4719367027282715,
        1.6145879030227661,
        1.7032064199447632,
        1.61164128780365,
        1.7442729473114014,
        1.6076887845993042,
        1.60076904296875,
        1.5795856714248657,
        1.6341692209243774,
        1.6331678628921509,
        1.5654397010803223,
        1.6356192827224731,
        1.5622918605804443,
        1.5520317554473877,
        1.452569603919983,
        1.7145503759384155,
        1.5020945072174072,
        1.516380786895752,
        1.6848742961883545,
        1.663644790649414,
        1.6561301946640015,
        1.4813501834869385,
        1.5936728715896606,
        1.6862330436706543,
        1.7095930576324463,
        1.735228180885315,
        1.486724615097046,
        1.7038501501083374,
        1.5399279594421387,
        1.5526666641235352,
        1.5282248258590698,
        1.5161374807357788,
        1.4982595443725586,
        1.6010760068893433,
        1.5317602157592773,
        1.6669666767120361,
        1.6577916145324707,
        1.548227071762085,
        1.6531223058700562,
        1.6072560548782349,
        1.628196358680725,
        1.6640236377716064,
        1.54294753074646,
        1.5245819091796875,
        1.7069209814071655,
        1.5962053537368774,
        1.530761480331421,
        1.6099127531051636,
        1.5498698949813843,
        1.4899228811264038,
        1.7144500017166138,
        1.5795605182647705,
        1.6036938428878784,
        1.5078938007354736,
        1.6241289377212524,
        1.5311235189437866,
        1.654583215713501,
        1.6123301982879639,
        1.5941848754882812,
        1.5746616125106812,
        1.5770103931427002,
        1.540187120437622,
        1.5924478769302368,
        1.7490472793579102,
        1.6746189594268799,
        1.5952297449111938,
        1.5025681257247925,
        1.4550420045852661,
        1.6666346788406372,
        1.5972111225128174,
        1.7123594284057617,
        1.5234653949737549,
        1.5498571395874023,
        1.4935495853424072,
        1.661615014076233,
        1.6228153705596924,
        1.6063666343688965,
        1.5646042823791504,
        1.7160874605178833,
        1.62277352809906,
        1.5997440814971924,
        1.668908953666687,
        1.6699146032333374,
        1.547560453414917,
        1.5502415895462036,
        1.4741714000701904,
        1.5805168151855469,
        1.6870485544204712,
        1.6866950988769531,
        1.4567149877548218,
        1.7142661809921265,
        1.694530963897705,
        1.5252256393432617,
        1.5340930223464966,
        1.5737653970718384,
        1.6430609226226807,
        1.6409515142440796,
        1.6931703090667725,
        1.6405527591705322,
        1.7261631488800049,
        1.5320643186569214,
        1.6807641983032227,
        1.4758636951446533,
        1.6965657472610474,
        1.5397297143936157,
        1.6089816093444824,
        1.5083495378494263,
        1.6564449071884155,
        1.582520842552185,
        1.6521121263504028,
        1.5425583124160767,
        1.559836506843567,
        1.4804644584655762,
        1.5430445671081543,
        1.5864263772964478,
        1.5239481925964355,
        1.4333586692810059,
        1.5491480827331543,
        1.5043830871582031,
        1.516393780708313,
        1.6135220527648926,
        1.494555115699768,
        1.6220182180404663,
        1.5528277158737183,
        1.5762184858322144,
        1.4221312999725342,
        1.4367389678955078,
        1.56229829788208,
        1.5055499076843262,
        1.4936168193817139,
        1.476866602897644,
        1.4556355476379395,
        1.5007691383361816,
        1.5202828645706177,
        1.5342967510223389,
        1.6273002624511719,
        1.5057584047317505,
        1.5450960397720337,
        1.705214262008667,
        1.5900726318359375,
        1.5462157726287842,
        1.6111726760864258,
        1.5845624208450317,
        1.5309537649154663,
        1.594500184059143,
        1.6624817848205566,
        1.5745670795440674,
        1.639951229095459,
        1.5872026681900024,
        1.599423885345459,
        1.6358625888824463,
        1.6645640134811401,
        1.5459955930709839,
        1.515681266784668,
        1.528929591178894,
        1.5725125074386597,
        1.4638158082962036,
        1.5008094310760498,
        1.4942044019699097,
        1.5893030166625977,
        1.4996423721313477,
        1.5035808086395264,
        1.5138132572174072,
        1.6516358852386475,
        1.8812766075134277,
        1.7279014587402344,
        1.6184492111206055,
        1.4959280490875244,
        1.5123788118362427,
        1.4851285219192505,
        1.7476346492767334,
        1.5505809783935547,
        1.587031364440918,
        1.3655802011489868,
        1.573753833770752,
        1.457310676574707,
        1.4906299114227295,
        1.5467050075531006,
        1.5773043632507324,
        1.5360829830169678,
        1.4096269607543945,
        1.6104995012283325,
        1.5119158029556274,
        1.4853715896606445,
        1.508461356163025,
        1.5278489589691162,
        1.501913070678711,
        1.492056131362915,
        1.6098618507385254,
        1.534114956855774,
        1.5092947483062744,
        1.7062163352966309,
        1.6685761213302612,
        1.5731011629104614,
        1.637241244316101,
        1.5013854503631592,
        1.5526063442230225,
        1.4715380668640137,
        1.4897866249084473,
        1.5789183378219604,
        1.5587489604949951,
        1.560425877571106,
        1.5708636045455933,
        1.4936397075653076,
        1.673048496246338,
        1.5700746774673462,
        1.6420773267745972,
        1.5178871154785156,
        1.5410616397857666,
        1.6116989850997925,
        1.5880757570266724,
        1.5345337390899658,
        1.6284279823303223,
        1.5358257293701172,
        1.5921051502227783,
        1.6591811180114746,
        1.5906206369400024,
        1.7190427780151367,
        1.6229535341262817,
        1.8076058626174927,
        1.6709775924682617,
        1.5842112302780151,
        1.528686285018921,
        1.596799373626709,
        1.5625355243682861,
        1.5392202138900757,
        1.5117501020431519,
        1.4757500886917114,
        1.5465853214263916,
        1.4745755195617676,
        1.481440544128418,
        1.4461939334869385,
        1.4896903038024902,
