{
    "stu_train_loss": [
        1.1019783020019531,
        1.128779411315918,
        1.0666381120681763,
        1.1298528909683228,
        1.1139997243881226,
        1.1180788278579712,
        1.1235514879226685,
        1.0784692764282227,
        1.051238775253296,
        1.0726622343063354,
        1.071522831916809
    ],
    "stu_test_loss": [
        1.0699676275253296,
        1.197646141052246,
        1.1979745626449585,
        1.1341334581375122,
        1.2383763790130615,
        1.123419165611267,
        1.2842260599136353,
        1.2021011114120483,
        1.1861647367477417,
        1.2518757581710815,
        1.2402713298797607,
        1.162226676940918,
        1.213055968284607,
        1.1709959506988525,
        1.3984131813049316,
        1.194738507270813,
        1.235223412513733,
        1.2823940515518188,
        1.3048597574234009,
        1.4114981889724731,
        1.2087407112121582,
        1.1869956254959106,
        1.2031891345977783,
        1.166125774383545,
        1.2469640970230103,
        1.168546438217163,
        1.1580933332443237,
        1.3607555627822876,
        1.2348947525024414,
        1.3635966777801514,
        1.187552571296692,
        1.138980507850647,
        1.215435266494751,
        1.217559576034546,
        1.336458683013916,
        1.2713515758514404,
        1.2860709428787231,
        1.283290982246399,
        1.3122049570083618,
        1.2213159799575806,
        1.2303670644760132,
        1.0941102504730225,
        1.3237900733947754,
        1.3508661985397339,
        1.2030787467956543,
        1.3729828596115112,
        1.2652697563171387,
        1.2767657041549683,
        1.2504512071609497,
        1.1984747648239136,
        1.305934190750122,
        1.170074701309204,
        1.3030840158462524,
        1.1653990745544434,
        1.2232213020324707,
        1.1298487186431885,
        1.2895022630691528,
        1.159083366394043,
        1.1642463207244873,
        1.373411774635315,
        1.2870957851409912,
        1.2566304206848145,
        1.0946810245513916,
        1.3311247825622559,
        1.359060525894165,
        1.3431267738342285,
        1.4299025535583496,
        1.1187314987182617,
        1.3818830251693726,
        1.1768858432769775,
        1.2059412002563477,
        1.199484944343567,
        1.1383209228515625,
        1.1739237308502197,
        1.191156268119812,
        1.1858229637145996,
        1.3168307542800903,
        1.2445753812789917,
        1.211440920829773,
        1.3411396741867065,
        1.2862581014633179,
        1.2625846862792969,
        1.306535005569458,
        1.1806819438934326,
        1.1846091747283936,
        1.3293687105178833,
        1.2067296504974365,
        1.1906696557998657,
        1.2494020462036133,
        1.1752691268920898,
        1.1336820125579834,
        1.4033746719360352,
        1.217116117477417,
        1.2437236309051514,
        1.1358623504638672,
        1.2706663608551025,
        1.2014586925506592,
        1.3680360317230225,
        1.2331674098968506,
        1.2405322790145874,
        1.212352991104126,
        1.2314927577972412,
        1.1800729036331177,
        1.21433687210083,
        1.4075334072113037,
        1.2825084924697876,
        1.2195690870285034,
        1.1643576622009277,
        1.116103172302246,
        1.2614283561706543,
        1.2520508766174316,
        1.3982064723968506,
        1.159944772720337,
        1.176100492477417,
        1.1840803623199463,
        1.224259853363037,
        1.2604118585586548,
        1.2794559001922607,
        1.2716087102890015,
        1.4162439107894897,
        1.2615244388580322,
        1.1874536275863647,
        1.3852524757385254,
        1.29851496219635,
        1.1716830730438232,
        1.2245949506759644,
        1.109025478363037,
        1.2590811252593994,
        1.3283913135528564,
        1.286405086517334,
        1.1342864036560059,
        1.4044740200042725,
        1.3392865657806396,
        1.1695678234100342,
        1.1797717809677124,
        1.218620777130127,
        1.2661961317062378,
        1.2352739572525024,
        1.3099817037582397,
        1.2237590551376343,
        1.3796253204345703,
        1.2025067806243896,
        1.2949683666229248,
        1.1558666229248047,
        1.2741286754608154,
        1.2132301330566406,
        1.2069144248962402,
        1.1455073356628418,
        1.3138856887817383,
        1.2336851358413696,
        1.2987699508666992,
        1.1656116247177124,
        1.2146605253219604,
        1.1510469913482666,
        1.2173986434936523,
        1.1868882179260254,
        1.1079879999160767,
        1.0521634817123413,
        1.177337884902954,
        1.1346633434295654,
        1.1447216272354126,
        1.257833480834961,
        1.159942388534546,
        1.2415822744369507,
        1.1564782857894897,
        1.17179274559021,
        1.060989260673523,
        1.0688170194625854,
        1.1701068878173828,
        1.1144368648529053,
        1.11778724193573,
        1.0698281526565552,
        1.0974929332733154,
        1.1759905815124512,
        1.123618483543396,
        1.1881020069122314,
        1.3067946434020996,
        1.0988661050796509,
        1.1494338512420654,
        1.3287839889526367,
        1.2013914585113525,
        1.1618047952651978,
        1.272976279258728,
        1.212827205657959,
        1.1812225580215454,
        1.2172938585281372,
        1.3439737558364868,
        1.232386827468872,
        1.287616491317749,
        1.2583976984024048,
        1.262404203414917,
        1.299497365951538,
        1.339683175086975,
        1.189581274986267,
        1.1346129179000854,
        1.1583048105239868,
        1.1790461540222168,
        1.067383885383606,
        1.0992752313613892,
        1.104081392288208,
        1.1589981317520142,
        1.099560260772705,
        1.1551177501678467,
        1.1668787002563477,
        1.3416156768798828,
        1.5520440340042114,
        1.405084490776062,
        1.2572667598724365,
        1.1538678407669067,
        1.1177148818969727,
        1.1978490352630615,
        1.393862009048462,
        1.146990180015564,
        1.1592544317245483,
        1.016908049583435,
        1.1774860620498657,
        1.050148367881775,
        1.1260111331939697,
        1.1776103973388672,
        1.2178584337234497,
        1.119281530380249,
        1.0121320486068726,
        1.2026245594024658,
        1.0990713834762573,
        1.086761236190796,
        1.1363767385482788,
        1.1508485078811646,
        1.1174232959747314,
        1.0898230075836182,
        1.2282048463821411,
        1.1364389657974243,
        1.1965742111206055,
        1.3772163391113281,
        1.261595368385315,
        1.1727383136749268,
        1.2361143827438354,
        1.1557475328445435,
        1.182055950164795,
        1.1133521795272827,
        1.1286311149597168,
        1.1612424850463867,
        1.2221524715423584,
        1.184854507446289,
        1.2366358041763306,
        1.1459739208221436,
        1.299023151397705,
        1.2045881748199463,
        1.3103866577148438,
        1.1285017728805542,
        1.2392034530639648,
        1.2322553396224976,
        1.2500897645950317,
        1.2036303281784058,
        1.222531795501709,
        1.1888456344604492,
        1.2229593992233276,
        1.2119685411453247,
        1.2146685123443604,
        1.4051445722579956,
        1.2507213354110718,
        1.4680298566818237,
        1.282374620437622,
        1.1998554468154907,
        1.142737865447998,
        1.1853424310684204,
        1.2115046977996826,
        1.1576122045516968,
        1.1238441467285156,
        1.1317849159240723,
        1.1400411128997803,
        1.088029146194458,
        1.0972743034362793,
        1.0627702474594116,
        1.0987406969070435,
        1.030570149421692,
