{
    "stu_train_loss": [
        0.689821720123291,
        0.6819977164268494,
        0.6754704117774963,
        0.7150813937187195,
        0.7327236533164978,
        0.6733875274658203,
        0.6911575794219971,
        0.6751599311828613,
        0.7145186066627502,
        0.669743537902832,
        0.6701006293296814
    ],
    "stu_test_loss": [
        0.7151991128921509,
        0.8786178827285767,
        0.9075003862380981,
        0.8247156143188477,
        0.8707813620567322,
        0.8482952117919922,
        0.9307137727737427,
        0.9034156203269958,
        0.7820345163345337,
        0.9165598154067993,
        0.9420451521873474,
        0.8137302398681641,
        0.821999192237854,
        0.7669001221656799,
        1.096953272819519,
        0.9030995965003967,
        0.8577219843864441,
        0.9461649060249329,
        0.9777950644493103,
        1.0837554931640625,
        0.8963832259178162,
        0.8370680809020996,
        0.8154149055480957,
        0.8730059862136841,
        0.9162097573280334,
        0.8778506517410278,
        0.7952975630760193,
        0.9421690106391907,
        0.9463204145431519,
        0.9972131252288818,
        0.8387212753295898,
        0.8087632656097412,
        0.88275545835495,
        0.879076361656189,
        1.0354928970336914,
        0.9372131824493408,
        0.9285125732421875,
        0.9111500382423401,
        1.037846326828003,
        0.845363974571228,
        0.8456004858016968,
        0.7594363689422607,
        0.9006791710853577,
        0.9723859429359436,
        0.807081937789917,
        0.9976381659507751,
        0.922073245048523,
        0.9699751138687134,
        0.848258912563324,
        0.8124049305915833,
        1.0602428913116455,
        0.7808817028999329,
        0.9251042604446411,
        0.8429335355758667,
        0.9095124006271362,
        0.8391004204750061,
        0.9203662872314453,
        0.8744795918464661,
        0.826528012752533,
        0.981170117855072,
        0.913185715675354,
        0.8735565543174744,
        0.7444491386413574,
        1.0872830152511597,
        1.019142746925354,
        1.0164299011230469,
        1.067862868309021,
        0.7706395387649536,
        1.0819118022918701,
        0.782842755317688,
        0.9019057154655457,
        0.9057945013046265,
        0.7946032881736755,
        0.8078571557998657,
        0.8365556001663208,
        0.8146686553955078,
        0.9674983620643616,
        0.7379776239395142,
        0.9456225633621216,
        1.0180792808532715,
        0.9698081612586975,
        0.9322382211685181,
        0.9559909701347351,
        0.8616704344749451,
        0.8587790727615356,
        0.9149398803710938,
        0.8654800653457642,
        0.8455320000648499,
        0.954921305179596,
        0.8178185224533081,
        0.8653650283813477,
        1.128194808959961,
        0.8901850581169128,
        0.9068249464035034,
        0.7962344288825989,
        0.8441107869148254,
        0.941119909286499,
        1.121376872062683,
        0.9056121110916138,
        0.8331130743026733,
        0.8719021081924438,
        0.9540150165557861,
        0.8126535415649414,
        0.8700160980224609,
        1.0580257177352905,
        0.8970390558242798,
        0.8408355712890625,
        0.8649698495864868,
        0.7822810411453247,
        0.8491523265838623,
        0.9243779182434082,
        1.013262391090393,
        0.8345849514007568,
        0.8177555799484253,
        0.7767251133918762,
        0.8307185769081116,
        0.9480776786804199,
        0.9845344424247742,
        0.9429526925086975,
        1.120139479637146,
        0.9146053194999695,
        0.8148661255836487,
        1.0139869451522827,
        0.964592695236206,
        0.7949930429458618,
        0.8966643810272217,
        0.7508035898208618,
        0.9269407391548157,
        0.919064462184906,
        0.8489062786102295,
        0.8385093808174133,
        1.097249984741211,
        0.9438104629516602,
        0.8742138743400574,
        0.865275502204895,
        0.8758091330528259,
        0.9174233675003052,
        0.774786114692688,
        0.9449301958084106,
        0.8460423350334167,
        1.0589958429336548,
        0.8760229349136353,
        0.904839277267456,
        0.7911720275878906,
        0.8789955973625183,
        0.8314977884292603,
        0.7964412569999695,
        0.8360968828201294,
        1.0052180290222168,
        0.8696084022521973,
        0.952426552772522,
        0.8153114318847656,
        0.9081494808197021,
        0.795279860496521,
        0.8919195532798767,
        0.861496090888977,
        0.7722135782241821,
        0.678336501121521,
        0.7862504720687866,
        0.7180922031402588,
        0.7407585382461548,
        0.9356955289840698,
        0.8251933455467224,
        0.8311417698860168,
        0.7635850310325623,
        0.7488910555839539,
        0.7676650285720825,
        0.7373277544975281,
        0.7551217079162598,
        0.7173148989677429,
        0.7630837559700012,
        0.7017316818237305,
        0.7833263278007507,
        0.8603510856628418,
        0.7666317224502563,
        0.8860560655593872,
        1.0501415729522705,
        0.7022180557250977,
        0.8047040104866028,
        0.9147297143936157,
        0.7972328662872314,
        0.773745596408844,
        0.8870928287506104,
        0.819704532623291,
        0.8351268172264099,
        0.8357309103012085,
        1.0097349882125854,
        0.8719888925552368,
        0.8809909820556641,
        0.9119922518730164,
        0.9900473952293396,
        0.9691649675369263,
        1.0985972881317139,
        0.7981884479522705,
        0.7504779100418091,
        0.7780969142913818,
        0.7927179932594299,
        0.6927324533462524,
        0.6749371886253357,
        0.7997092008590698,
        0.7983623743057251,
        0.7717009782791138,
        0.7531514763832092,
        0.8088566064834595,
        0.9994053840637207,
        1.2423532009124756,
        1.0837292671203613,
        0.8557040095329285,
        0.7358996868133545,
        0.7707179188728333,
        0.9117745161056519,
        1.1031641960144043,
        0.805602490901947,
        0.7402316331863403,
        0.6951543092727661,
        0.813883364200592,
        0.6528338193893433,
        0.7571030855178833,
        0.8144413828849792,
        0.796723484992981,
        0.7237962484359741,
        0.6339764595031738,
        0.7688747644424438,
        0.7068223357200623,
        0.6947863101959229,
        0.7779179811477661,
        0.8312064409255981,
        0.7674669027328491,
        0.751208484172821,
        0.821483850479126,
        0.714656412601471,
        0.8396166563034058,
        1.0213078260421753,
        0.8467094898223877,
        0.8538669943809509,
        0.8278856873512268,
        0.8396691083908081,
        0.7843143939971924,
        0.8114559054374695,
        0.7585936188697815,
        0.7488508224487305,
        0.8835189342498779,
        0.7652225494384766,
        0.8767362236976624,
        0.7805624604225159,
        0.9402720928192139,
        0.8107263445854187,
        0.9531306028366089,
        0.7555621862411499,
        0.937278151512146,
        0.895984411239624,
        0.8873914480209351,
        0.8582848310470581,
        0.8004299998283386,
        0.7861965894699097,
        0.8725447654724121,
        0.8281649351119995,
        0.8400648236274719,
        1.0839372873306274,
        0.8879778981208801,
        1.1081098318099976,
        0.9354977607727051,
        0.8789701461791992,
        0.7250319123268127,
        0.8122298717498779,
        0.916344165802002,
        0.7991682887077332,
        0.7262744903564453,
        0.782545804977417,
        0.7025392055511475,
        0.7400392293930054,
        0.7264996767044067,
        0.6940410137176514,
        0.7254241108894348,
