{
    "stu_train_loss": [
        1.7247174978256226,
        1.7418361902236938,
        1.728497862815857,
        1.796823501586914,
        1.7087308168411255,
        1.7298640012741089,
        1.7526675462722778,
        1.7280539274215698,
        1.7308858633041382,
        1.7391612529754639,
        1.6989357471466064
    ],
    "stu_test_loss": [
        1.7278954982757568,
        1.793609619140625,
        1.8279261589050293,
        1.8160821199417114,
        1.8321168422698975,
        1.7185324430465698,
        1.8288809061050415,
        1.802417516708374,
        1.8012816905975342,
        1.8238154649734497,
        1.807847499847412,
        1.770701289176941,
        1.796807885169983,
        1.801736831665039,
        1.9378618001937866,
        1.7968401908874512,
        1.8430129289627075,
        1.9222841262817383,
        1.8917499780654907,
        1.9289047718048096,
        1.8177515268325806,
        1.771376371383667,
        1.825838565826416,
        1.750190258026123,
        1.7798231840133667,
        1.7568751573562622,
        1.776853084564209,
        1.948312759399414,
        1.7849403619766235,
        1.878361701965332,
        1.7499709129333496,
        1.7805540561676025,
        1.770869255065918,
        1.85379958152771,
        1.8954102993011475,
        1.8158224821090698,
        1.886170744895935,
        1.8338125944137573,
        1.902640461921692,
        1.8671438694000244,
        1.7904506921768188,
        1.754934549331665,
        1.8264188766479492,
        1.9228146076202393,
        1.8684430122375488,
        1.9523563385009766,
        1.8680133819580078,
        1.8573185205459595,
        1.8257976770401,
        1.875183343887329,
        1.854426383972168,
        1.7985575199127197,
        1.8793883323669434,
        1.8162801265716553,
        1.8235602378845215,
        1.7121305465698242,
        1.918213963508606,
        1.7385773658752441,
        1.7905319929122925,
        1.9166874885559082,
        1.8676104545593262,
        1.9113166332244873,
        1.7442493438720703,
        1.8090661764144897,
        1.9207935333251953,
        1.9283668994903564,
        1.9477872848510742,
        1.7654445171356201,
        1.9453513622283936,
        1.7901074886322021,
        1.7861980199813843,
        1.7646985054016113,
        1.7848522663116455,
        1.731391191482544,
        1.8625788688659668,
        1.790919303894043,
        1.912221908569336,
        1.914231300354004,
        1.7825977802276611,
        1.8870457410812378,
        1.8493988513946533,
        1.876672625541687,
        1.9039959907531738,
        1.7922248840332031,
        1.7767289876937866,
        1.9488519430160522,
        1.8557929992675781,
        1.7904479503631592,
        1.8203601837158203,
        1.8545732498168945,
        1.7741321325302124,
        1.912764072418213,
        1.8493555784225464,
        1.8695099353790283,
        1.7602524757385254,
        1.8871917724609375,
        1.7555586099624634,
        1.8643627166748047,
        1.8444081544876099,
        1.8610953092575073,
        1.8054968118667603,
        1.8142832517623901,
        1.7519419193267822,
        1.8468739986419678,
        1.940528154373169,
        1.889658808708191,
        1.8509267568588257,
        1.763119101524353,
        1.7347514629364014,
        1.9174264669418335,
        1.8586535453796387,
        1.9626648426055908,
        1.7506412267684937,
        1.8135066032409668,
        1.7427680492401123,
        1.9218424558639526,
        1.8445674180984497,
        1.8496122360229492,
        1.8239233493804932,
        1.9149768352508545,
        1.849708914756775,
        1.873016595840454,
        1.8768887519836426,
        1.9018681049346924,
        1.8274554014205933,
        1.7476985454559326,
        1.7451426982879639,
        1.823894739151001,
        1.9168015718460083,
        1.907609224319458,
        1.6666362285614014,
        1.9214571714401245,
        1.9439637660980225,
        1.7591472864151,
        1.7538838386535645,
        1.8306348323822021,
        1.923064947128296,
        1.921371340751648,
        1.9504624605178833,
        1.913103461265564,
        1.9007357358932495,
        1.7655670642852783,
        1.9013079404830933,
        1.725055456161499,
        1.9502708911895752,
        1.781250238418579,
        1.825443983078003,
        1.7677476406097412,
        1.9073470830917358,
        1.8473142385482788,
        1.8916847705841064,
        1.7941820621490479,
        1.7825431823730469,
        1.7563765048980713,
        1.782961130142212,
        1.8511512279510498,
        1.8044698238372803,
        1.7335747480392456,
        1.8448516130447388,
        1.764866590499878,
        1.809062123298645,
        1.854923963546753,
        1.7375218868255615,
        1.8711439371109009,
        1.7772181034088135,
        1.833084225654602,
        1.690691351890564,
        1.7272447347640991,
        1.8521194458007812,
        1.7709379196166992,
        1.737869143486023,
        1.7447490692138672,
        1.7178095579147339,
        1.7752116918563843,
        1.7779715061187744,
        1.7944130897521973,
        1.850070834159851,
        1.786959171295166,
        1.8166139125823975,
        1.9049664735794067,
        1.8296918869018555,
        1.7978148460388184,
        1.8744375705718994,
        1.8279874324798584,
        1.7713910341262817,
        1.8509844541549683,
        1.9018664360046387,
        1.7879446744918823,
        1.8992761373519897,
        1.8314099311828613,
        1.801957130432129,
        1.8437705039978027,
        1.8389196395874023,
        1.7927619218826294,
        1.757905125617981,
        1.8105449676513672,
        1.8253096342086792,
        1.7378311157226562,
        1.7800908088684082,
        1.7747344970703125,
        1.8192187547683716,
        1.750215768814087,
        1.7889618873596191,
        1.7591578960418701,
        1.8500994443893433,
        2.0054407119750977,
        1.9271442890167236,
        1.85989511013031,
        1.7404918670654297,
        1.784602403640747,
        1.715067982673645,
        1.9327852725982666,
        1.7930669784545898,
        1.843693733215332,
        1.6716300249099731,
        1.818710446357727,
        1.7674477100372314,
        1.7563040256500244,
        1.7920491695404053,
        1.8184130191802979,
        1.828123927116394,
        1.7201732397079468,
        1.8834153413772583,
        1.7717406749725342,
        1.7336817979812622,
        1.7591397762298584,
        1.8005802631378174,
        1.801015853881836,
        1.7407186031341553,
        1.841291069984436,
        1.8188915252685547,
        1.765229344367981,
        1.9052759408950806,
        1.863771915435791,
        1.8121328353881836,
        1.8996309041976929,
        1.737354040145874,
        1.8006829023361206,
        1.754748821258545,
        1.7870144844055176,
        1.85211181640625,
        1.8059195280075073,
        1.8343119621276855,
        1.8099638223648071,
        1.7419599294662476,
        1.887497901916504,
        1.7789990901947021,
        1.8484312295913696,
        1.7919429540634155,
        1.7787524461746216,
        1.827528476715088,
        1.827490210533142,
        1.8077608346939087,
        1.8674105405807495,
        1.8164628744125366,
        1.8137922286987305,
        1.8813989162445068,
        1.823950171470642,
        1.905909776687622,
        1.823187232017517,
        1.998192310333252,
        1.8575756549835205,
        1.8119618892669678,
        1.772127628326416,
        1.8370792865753174,
        1.7978492975234985,
        1.774282693862915,
        1.7615782022476196,
        1.7678958177566528,
        1.794840931892395,
        1.7539218664169312,
        1.7518489360809326,
        1.7248218059539795,
        1.7530286312103271,
        1.7339922189712524,
