{
    "stu_train_loss": [
        2.1509852409362793,
        2.1453254222869873,
        2.1478705406188965,
        2.136293411254883,
        2.1564273834228516,
        2.1433985233306885,
        2.127814769744873,
        2.130601406097412,
        2.1276299953460693,
        2.14745831489563,
        2.1458821296691895
    ],
    "stu_test_loss": [
        2.1957204341888428,
        2.218428373336792,
        2.251382350921631,
        2.2283377647399902,
        2.234020233154297,
        2.1815803050994873,
        2.225593090057373,
        2.2086241245269775,
        2.2164385318756104,
        2.237152099609375,
        2.218202590942383,
        2.2061119079589844,
        2.1965744495391846,
        2.22574782371521,
        2.2732861042022705,
        2.2144997119903564,
        2.244814157485962,
        2.283958673477173,
        2.2757582664489746,
        2.2623274326324463,
        2.2208094596862793,
        2.2172908782958984,
        2.225722551345825,
        2.1923694610595703,
        2.217967987060547,
        2.2198421955108643,
        2.2071380615234375,
        2.287013053894043,
        2.2083747386932373,
        2.25002121925354,
        2.1810262203216553,
        2.2120790481567383,
        2.1988987922668457,
        2.2374753952026367,
        2.274928092956543,
        2.2221055030822754,
        2.254955291748047,
        2.2198331356048584,
        2.2413015365600586,
        2.251235008239746,
        2.2298190593719482,
        2.1944141387939453,
        2.1859490871429443,
        2.2794034481048584,
        2.2552337646484375,
        2.2819550037384033,
        2.2598445415496826,
        2.2461020946502686,
        2.2085161209106445,
        2.2526695728302,
        2.238920211791992,
        2.200279712677002,
        2.2595810890197754,
        2.2229371070861816,
        2.227073907852173,
        2.1846065521240234,
        2.277448892593384,
        2.1991994380950928,
        2.205369710922241,
        2.2503442764282227,
        2.239074468612671,
        2.2819106578826904,
        2.186675548553467,
        2.2136216163635254,
        2.2611615657806396,
        2.289034128189087,
        2.2751495838165283,
        2.197312116622925,
        2.261725664138794,
        2.213069438934326,
        2.195317506790161,
        2.1880764961242676,
        2.2099926471710205,
        2.1976771354675293,
        2.2518656253814697,
        2.2280991077423096,
        2.253858804702759,
        2.258867025375366,
        2.2202606201171875,
        2.2460522651672363,
        2.236391544342041,
        2.26607084274292,
        2.2716281414031982,
        2.21097993850708,
        2.2147233486175537,
        2.2678892612457275,
        2.2476305961608887,
        2.208115577697754,
        2.2352840900421143,
        2.236781597137451,
        2.2290921211242676,
        2.255312204360962,
        2.243457794189453,
        2.250737428665161,
        2.190232753753662,
        2.263153076171875,
        2.217527151107788,
        2.2471120357513428,
        2.2405147552490234,
        2.2504053115844727,
        2.196540117263794,
        2.203111171722412,
        2.1933226585388184,
        2.2385010719299316,
        2.2742044925689697,
        2.237868309020996,
        2.2314834594726562,
        2.199540138244629,
        2.215019464492798,
        2.2667479515075684,
        2.2375569343566895,
        2.2718517780303955,
        2.1843252182006836,
        2.2256383895874023,
        2.1940324306488037,
        2.2789201736450195,
        2.2552499771118164,
        2.2374331951141357,
        2.2340760231018066,
        2.247016668319702,
        2.251575469970703,
        2.2618916034698486,
        2.2281370162963867,
        2.2723169326782227,
        2.22529673576355,
        2.1989974975585938,
        2.190589189529419,
        2.2498836517333984,
        2.2629568576812744,
        2.271723747253418,
        2.1395862102508545,
        2.2374186515808105,
        2.2932465076446533,
        2.19806170463562,
        2.1877691745758057,
        2.2383639812469482,
        2.281691551208496,
        2.262998580932617,
        2.288548707962036,
        2.278902769088745,
        2.266024351119995,
        2.211524724960327,
        2.2376794815063477,
        2.190823793411255,
        2.284111499786377,
        2.2081356048583984,
        2.213736057281494,
        2.200934648513794,
        2.2653932571411133,
        2.252291202545166,
        2.262040615081787,
        2.2270517349243164,
        2.20809006690979,
        2.2004330158233643,
        2.212211847305298,
        2.235119104385376,
        2.2452504634857178,
        2.1722018718719482,
        2.2420294284820557,
        2.191372871398926,
        2.2297780513763428,
        2.2299928665161133,
        2.2025389671325684,
        2.2422711849212646,
        2.2193210124969482,
        2.2485644817352295,
        2.182619094848633,
        2.178760528564453,
        2.2335867881774902,
        2.2187583446502686,
        2.1793339252471924,
        2.1915242671966553,
        2.1749203205108643,
        2.2102694511413574,
        2.2118213176727295,
        2.2156996726989746,
        2.213540554046631,
        2.2129669189453125,
        2.226466178894043,
        2.262124538421631,
        2.2126474380493164,
        2.211636543273926,
        2.2567718029022217,
        2.2266499996185303,
        2.205636978149414,
        2.2232282161712646,
        2.2314577102661133,
        2.182002067565918,
        2.2327427864074707,
        2.2103030681610107,
        2.2159228324890137,
        2.2308578491210938,
        2.2415685653686523,
        2.2170910835266113,
        2.2045116424560547,
        2.2176904678344727,
        2.2332282066345215,
        2.174909830093384,
        2.202733278274536,
        2.2104175090789795,
        2.2339844703674316,
        2.1980879306793213,
        2.2146337032318115,
        2.2008039951324463,
        2.224541664123535,
        2.280021905899048,
        2.2640652656555176,
        2.2364234924316406,
        2.1928963661193848,
        2.2208707332611084,
        2.186384439468384,
        2.2927286624908447,
        2.215100049972534,
        2.232797861099243,
        2.167226552963257,
        2.2078895568847656,
        2.186840057373047,
        2.202854871749878,
        2.182758092880249,
        2.20291805267334,
        2.2159714698791504,
        2.1749861240386963,
        2.2377564907073975,
        2.197761058807373,
        2.1903324127197266,
        2.2042150497436523,
        2.229919910430908,
        2.189162254333496,
        2.169898748397827,
        2.2173895835876465,
        2.2188374996185303,
        2.183042287826538,
        2.2418861389160156,
        2.2555770874023438,
        2.230262041091919,
        2.257416009902954,
        2.1871752738952637,
        2.2113614082336426,
        2.1851773262023926,
        2.2259607315063477,
        2.2473602294921875,
        2.2110252380371094,
        2.2528281211853027,
        2.224323272705078,
        2.1979212760925293,
        2.2660207748413086,
        2.225898027420044,
        2.2462899684906006,
        2.212610960006714,
        2.2021379470825195,
        2.2309911251068115,
        2.222475290298462,
        2.208509922027588,
        2.242027759552002,
        2.220088005065918,
        2.2413032054901123,
        2.2620115280151367,
        2.2413623332977295,
        2.26861572265625,
        2.2332262992858887,
        2.285444736480713,
        2.2477164268493652,
        2.2181155681610107,
        2.1955957412719727,
        2.2423653602600098,
        2.199694871902466,
        2.2224228382110596,
        2.206233501434326,
        2.210298776626587,
        2.231379985809326,
        2.213193893432617,
        2.190063714981079,
        2.1725049018859863,
        2.193692207336426,
        2.200528144836426,
        2.2333288192749023,
        2.225942850112915,
