{
    "stu_train_loss": 0.007184435833376682,
    "stu_test_loss": 2.0582716941833494,
    "stu_train_acc": 0.997945196824531,
    "stu_test_acc": 0.7883999782800675
}