{
    "stu_train_loss": 0.00696022727584334,
    "stu_test_loss": 2.2190224933624267,
    "stu_train_acc": 0.9975342350463344,
    "stu_test_acc": 0.784199982881546
}