{
    "stu_train_loss": 0.03268615021178984,
    "stu_test_loss": 2.1371770346164705,
    "stu_train_acc": 0.9893557682429275,
    "stu_test_acc": 0.7765999794006347
}