{
    "stu_train_loss": 0.015888421923043333,
    "stu_test_loss": 2.3888799118995667,
    "stu_train_acc": 0.99433541052962,
    "stu_test_acc": 0.7815999799966812
}