{
    "stu_train_loss": 0.023017854484799635,
    "stu_test_loss": 2.081465265750885,
    "stu_train_acc": 0.9923287442285721,
    "stu_test_acc": 0.7805999785661697
}