{
    "stu_train_loss": 0.006103144536933691,
    "stu_test_loss": 2.208525230884552,
    "stu_train_acc": 0.9983080266273185,
    "stu_test_acc": 0.7909999758005142
}