{
    "stu_train_loss": 0.006500834401752038,
    "stu_test_loss": 2.068059048652649,
    "stu_train_acc": 0.9980821838117626,
    "stu_test_acc": 0.7941999816894532
}