{
    "stu_train_loss": [
        1.866076946258545,
        1.8163896799087524,
        1.8401497602462769,
        1.8751085996627808,
        1.8338476419448853,
        1.8396159410476685,
        1.841784954071045,
        1.8219568729400635,
        1.8345215320587158,
        1.8502131700515747,
        1.858335018157959,
        1.8545963764190674,
        1.816272258758545,
        1.8518743515014648,
        1.8431270122528076,
        1.850121021270752,
        1.8590649366378784,
        1.8553483486175537,
        1.8171645402908325,
        1.8743048906326294,
        1.8217142820358276,
        1.8282573223114014,
        1.8249263763427734,
        1.8020799160003662,
        1.7945243120193481,
        1.852720022201538,
        1.8033407926559448,
        1.786307692527771,
        1.7974939346313477
    ],
    "stu_test_loss": [
        2.0047054290771484,
        1.9730347394943237,
        1.935038447380066,
        2.0455269813537598,
        1.9459624290466309,
        1.8636316061019897,
        2.0045886039733887,
        1.9311541318893433,
        1.9640735387802124,
        1.9297837018966675,
        1.954354166984558,
        1.8886739015579224,
        1.9072668552398682,
        2.068753242492676,
        2.039250612258911,
        1.8529784679412842,
        1.9708139896392822,
        1.8968743085861206,
        1.9849945306777954,
        1.950078010559082,
        1.9136816263198853,
        1.9835273027420044,
        1.9699006080627441,
        1.9517874717712402,
        2.015075445175171,
        1.9981030225753784,
        1.9791767597198486,
        1.9386407136917114,
        2.058730125427246,
        2.015599489212036,
        1.9030163288116455,
        1.8804198503494263,
        2.0557990074157715,
        1.8795017004013062,
        1.8998212814331055,
        2.0224945545196533,
        1.8908354043960571,
        1.9501838684082031,
        1.9484188556671143,
        1.9694304466247559,
        1.940639853477478,
        1.9463568925857544,
        1.8902679681777954,
        1.9968637228012085,
        1.8867249488830566,
        1.943629264831543,
        1.9618892669677734,
        2.0721077919006348,
        1.9457758665084839,
        2.0431885719299316,
        2.0407400131225586,
        1.8788225650787354,
        1.9008804559707642,
        1.9652045965194702,
        1.854116678237915,
        2.0118396282196045,
        1.9768770933151245,
        1.9248110055923462,
        1.9928890466690063,
        1.9568233489990234,
        1.9929817914962769,
        2.0879673957824707,
        1.9440553188323975,
        1.8662347793579102,
        1.921352744102478,
        1.9859997034072876,
        1.9226901531219482,
        1.9518442153930664,
        1.9080182313919067,
        2.0362958908081055,
        1.9499512910842896,
        1.8887351751327515,
        2.038750171661377,
        2.0008177757263184,
        1.8770158290863037,
        1.958830714225769,
        1.9141987562179565,
        1.959498405456543,
        1.9988170862197876,
        2.064805746078491,
        2.0777950286865234,
        1.9851152896881104,
        2.077918529510498,
        2.0109190940856934,
        1.9593755006790161,
        1.9771877527236938,
        2.0446040630340576,
        1.9094123840332031,
        2.0598108768463135,
        1.986729383468628,
        1.9500877857208252,
        1.8689076900482178,
        2.0111312866210938,
        1.9871065616607666,
        2.011777877807617,
        1.9689961671829224,
        1.9503179788589478,
        2.034165620803833,
        1.751706838607788,
        1.9324259757995605,
        1.977774739265442,
        1.9739820957183838,
        1.8881384134292603,
        2.0784690380096436,
        2.0640616416931152,
        1.9610214233398438,
        2.041536808013916,
        1.8837186098098755,
        2.005046844482422,
        1.9011808633804321,
        1.9243018627166748,
        1.9990947246551514,
        2.005441904067993,
        2.002014636993408,
        2.0137603282928467,
        1.8904197216033936,
        2.0420491695404053,
        2.012852668762207,
        1.9907957315444946,
        1.9137253761291504,
        1.8353979587554932,
        2.0080654621124268,
        1.9636858701705933,
        1.8722480535507202,
        1.9220012426376343,
        2.022481918334961,
        2.1315717697143555,
        1.9293529987335205,
        2.0195906162261963,
        1.9273827075958252,
        2.001162052154541,
        1.9626219272613525,
        1.9317504167556763,
        1.938977599143982,
        2.002978563308716,
        1.8427075147628784,
        1.9376529455184937,
        1.9746149778366089,
        2.0087993144989014,
        1.887468695640564,
        1.9674205780029297,
        1.9372038841247559,
        2.0221846103668213,
        1.9515507221221924,
        2.0134215354919434,
        1.9453489780426025,
        1.9593665599822998,
        1.8310093879699707,
        2.0926992893218994,
        2.0594096183776855,
        1.9552550315856934,
        1.9607659578323364,
        1.986377239227295,
        1.9988538026809692,
        1.8196008205413818,
        1.9777319431304932,
        2.0747337341308594,
        1.958554744720459,
        1.9272255897521973,
        1.9338853359222412,
        1.9301834106445312,
        2.021770715713501,
        2.078136444091797,
        1.9917513132095337,
        2.0015270709991455,
        1.9593498706817627,
        2.0086817741394043,
        1.9896787405014038,
        2.0433547496795654,
        1.859724760055542,
        2.020355224609375,
        1.918406367301941,
        2.072711229324341,
        2.030200719833374,
        1.9683046340942383,
        2.0126705169677734,
        2.070768117904663,
        2.043207883834839,
        2.0046730041503906,
        1.8961663246154785,
        1.9121226072311401,
        1.946031093597412,
        2.157310962677002,
        1.9437997341156006,
        1.9678876399993896,
        2.03555965423584,
        1.809692144393921,
        1.9646999835968018,
        1.9506843090057373,
        1.9654228687286377,
        1.8975138664245605,
        1.9704725742340088,
        2.1385693550109863,
        1.9218590259552002,
        2.053570032119751,
        2.034393548965454,
        1.8164961338043213,
        2.073575735092163,
        2.0800251960754395,
        1.8967798948287964,
        1.9298598766326904,
        1.916016697883606,
        2.033169746398926,
        1.9801069498062134,
        2.0047662258148193,
        1.906261682510376,
        1.9637757539749146,
        1.8824331760406494,
        2.0269775390625,
        2.042072057723999,
        1.9482228755950928,
        2.074601173400879,
        1.8510398864746094,
        1.8813868761062622,
        1.9798229932785034,
        2.107090711593628,
        2.022900342941284,
        1.948028326034546,
        1.9331942796707153,
        1.9372613430023193,
        1.9663704633712769,
        1.9563733339309692,
        1.998610496520996,
        1.8174524307250977,
        1.966265082359314,
        2.1441216468811035,
        1.9112974405288696,
        1.9332374334335327,
        1.9357441663742065,
        2.0594990253448486,
        1.9811217784881592,
        1.9986402988433838,
        2.0025670528411865,
        1.8907266855239868,
        2.032041549682617,
        1.865041732788086,
        1.9852293729782104,
        1.9241678714752197,
        1.9940041303634644,
        1.9575769901275635,
        1.854809045791626,
        1.9628024101257324,
        1.9037350416183472,
        1.9633266925811768,
        2.0075442790985107,
        1.9790947437286377,
        1.9179487228393555,
        1.9733502864837646,
        2.070276975631714,
        1.9039908647537231,
        1.9918707609176636,
        1.8786208629608154,
        1.9277323484420776,
        2.0018301010131836,
        1.8953667879104614,
        1.901301622390747,
        1.9521117210388184,
