{
    "stu_train_loss": [
        2.2927098274230957,
        2.2980337142944336,
        2.2948882579803467,
        2.2976152896881104,
        2.297621011734009,
        2.2925002574920654,
        2.291025161743164,
        2.294661045074463,
        2.293560028076172,
        2.295111656188965,
        2.2935566902160645,
        2.2921314239501953,
        2.293306350708008,
        2.290316104888916,
        2.291294813156128,
        2.298182487487793,
        2.2915143966674805,
        2.293442726135254,
        2.2978482246398926,
        2.29067325592041,
        2.2929847240448,
        2.294581174850464,
        2.2985901832580566,
        2.2957799434661865,
        2.296767473220825,
        2.292555570602417,
        2.2898664474487305,
        2.291581630706787,
        2.291275978088379
    ],
    "stu_test_loss": [
        2.406334400177002,
        2.406574010848999,
        2.3989768028259277,
        2.422534942626953,
        2.396155595779419,
        2.39277982711792,
        2.4043359756469727,
        2.3993892669677734,
        2.4110138416290283,
        2.4087014198303223,
        2.4044535160064697,
        2.3943166732788086,
        2.412182569503784,
        2.402682065963745,
        2.3931357860565186,
        2.3722875118255615,
        2.4007833003997803,
        2.391585111618042,
        2.397566795349121,
        2.3965697288513184,
        2.398812770843506,
        2.391948699951172,
        2.388599157333374,
        2.4116079807281494,
        2.403371810913086,
        2.400322914123535,
        2.4109461307525635,
        2.413555145263672,
        2.412536859512329,
        2.4207558631896973,
        2.407163619995117,
        2.4219138622283936,
        2.424738645553589,
        2.4011077880859375,
        2.401231288909912,
        2.40346360206604,
        2.417734384536743,
        2.407172679901123,
        2.4079630374908447,
        2.4027459621429443,
        2.391223192214966,
        2.402247190475464,
        2.3964645862579346,
        2.4018161296844482,
        2.3995349407196045,
        2.3973240852355957,
        2.4137229919433594,
        2.4011518955230713,
        2.3809618949890137,
        2.414153575897217,
        2.4051878452301025,
        2.3853230476379395,
        2.3945674896240234,
        2.407289505004883,
        2.398754835128784,
        2.424858808517456,
        2.404201030731201,
        2.3880913257598877,
        2.4131288528442383,
        2.389453172683716,
        2.4049901962280273,
        2.418189525604248,
        2.397610902786255,
        2.391633987426758,
        2.3890645503997803,
        2.4156687259674072,
        2.4090094566345215,
        2.40639066696167,
        2.3910741806030273,
        2.3903870582580566,
        2.409475088119507,
        2.408137798309326,
        2.4131503105163574,
        2.4084784984588623,
        2.408663749694824,
        2.39487886428833,
        2.403027057647705,
        2.398695230484009,
        2.401378631591797,
        2.400089740753174,
        2.4024806022644043,
        2.3962199687957764,
        2.4131786823272705,
        2.4049861431121826,
        2.3992760181427,
        2.4195289611816406,
        2.402296543121338,
        2.406604290008545,
        2.4107120037078857,
        2.3904576301574707,
        2.4132769107818604,
        2.4023587703704834,
        2.3984973430633545,
        2.3949570655822754,
        2.4128360748291016,
        2.4024453163146973,
        2.408430814743042,
        2.4105143547058105,
        2.3946292400360107,
        2.405461072921753,
        2.404900550842285,
        2.4018516540527344,
        2.3903818130493164,
        2.4043774604797363,
        2.3978984355926514,
        2.4102823734283447,
        2.396552562713623,
        2.3937525749206543,
        2.4002606868743896,
        2.4113428592681885,
        2.404935836791992,
        2.4116287231445312,
        2.4171698093414307,
        2.420635223388672,
        2.4065027236938477,
        2.3891589641571045,
        2.4013760089874268,
        2.4049127101898193,
        2.392216682434082,
        2.3955066204071045,
        2.3922042846679688,
        2.4067904949188232,
        2.4000017642974854,
        2.391268491744995,
        2.4016056060791016,
        2.3990750312805176,
        2.422234535217285,
        2.4019389152526855,
        2.392611265182495,
        2.40360164642334,
        2.4107656478881836,
        2.406259059906006,
        2.3900411128997803,
        2.4070377349853516,
        2.402170181274414,
        2.3919436931610107,
        2.416799306869507,
        2.405151605606079,
        2.4153223037719727,
        2.400374174118042,
        2.4191625118255615,
        2.394197940826416,
        2.3999392986297607,
        2.3987009525299072,
        2.410072088241577,
        2.4073126316070557,
        2.393251895904541,
        2.3936798572540283,
        2.4181902408599854,
        2.4009451866149902,
        2.4020938873291016,
        2.412609577178955,
        2.4056880474090576,
        2.4143807888031006,
        2.3965930938720703,
        2.420236110687256,
        2.411842107772827,
        2.3972291946411133,
        2.4029440879821777,
        2.4023935794830322,
        2.393549919128418,
        2.4084928035736084,
        2.3996341228485107,
        2.4177420139312744,
        2.4089407920837402,
        2.398426055908203,
        2.4016547203063965,
        2.412353515625,
        2.408555269241333,
        2.4099268913269043,
        2.417351722717285,
        2.405938148498535,
        2.40439772605896,
        2.394223213195801,
        2.410876750946045,
        2.3991360664367676,
        2.394860029220581,
        2.4075231552124023,
        2.4201395511627197,
        2.3934438228607178,
        2.3982603549957275,
        2.398956298828125,
        2.4133622646331787,
        2.3977160453796387,
        2.398355722427368,
        2.393622398376465,
        2.373581886291504,
        2.3989884853363037,
        2.39302921295166,
        2.389326572418213,
        2.396847724914551,
        2.407522439956665,
        2.3999741077423096,
        2.3993804454803467,
        2.405251979827881,
        2.3896007537841797,
        2.4099419116973877,
        2.407428503036499,
        2.4141845703125,
        2.4056525230407715,
        2.3972933292388916,
        2.4027347564697266,
        2.4125542640686035,
        2.395056962966919,
        2.409620523452759,
        2.406108856201172,
        2.396132707595825,
        2.389435052871704,
        2.3961498737335205,
        2.422618865966797,
        2.4076223373413086,
        2.4094412326812744,
        2.401477336883545,
        2.422394037246704,
        2.3928260803222656,
        2.421069860458374,
        2.408863067626953,
        2.398036479949951,
        2.41593337059021,
        2.4090728759765625,
        2.39243745803833,
        2.3964414596557617,
        2.403627872467041,
        2.3972620964050293,
        2.3924942016601562,
        2.419008493423462,
        2.380267858505249,
        2.413816213607788,
        2.388636827468872,
        2.400542736053467,
        2.4032795429229736,
        2.4010865688323975,
        2.4196720123291016,
        2.4041755199432373,
        2.410402774810791,
        2.3859312534332275,
        2.4140610694885254,
        2.411635160446167,
        2.4101083278656006,
        2.3994252681732178,
        2.3977906703948975,
        2.399838924407959,
        2.3875839710235596,
        2.4037089347839355,
        2.416332483291626,
        2.4090089797973633,
        2.4157464504241943,
        2.400989532470703,
        2.4143424034118652,
        2.3949122428894043,
        2.4114537239074707,
        2.401008129119873,
        2.384456157684326,
        2.408759117126465,
        2.400167465209961,
        2.405364990234375,
        2.4301416873931885,
        2.4063425064086914,
        2.4126079082489014,
        2.4082767963409424,
