{
    "stu_train_loss": [
        2.144890308380127,
        2.1665937900543213,
        2.152343273162842,
        2.1518924236297607,
        2.1715166568756104,
        2.145827531814575,
        2.1661593914031982,
        2.145580768585205,
        2.1663918495178223,
        2.148078203201294,
        2.1597132682800293,
        2.151345729827881,
        2.15794038772583,
        2.1468536853790283,
        2.1354598999023438,
        2.1417441368103027,
        2.149054527282715,
        2.1362931728363037,
        2.1343271732330322,
        2.1265153884887695,
        2.139707326889038,
        2.1269469261169434,
        2.1360437870025635,
        2.1215381622314453,
        2.126138687133789,
        2.1492397785186768,
        2.1185691356658936,
        2.1250672340393066,
        2.078747272491455
    ],
    "stu_test_loss": [
        2.2451255321502686,
        2.2487332820892334,
        2.2548351287841797,
        2.313642740249634,
        2.2372491359710693,
        2.2299551963806152,
        2.2733755111694336,
        2.217857599258423,
        2.2434184551239014,
        2.237848997116089,
        2.252899646759033,
        2.2282230854034424,
        2.2427561283111572,
        2.2577390670776367,
        2.2616233825683594,
        2.208702325820923,
        2.239964485168457,
        2.218968152999878,
        2.2666311264038086,
        2.2483108043670654,
        2.2390716075897217,
        2.265662908554077,
        2.2450404167175293,
        2.251941442489624,
        2.274733066558838,
        2.2635912895202637,
        2.262502670288086,
        2.259218215942383,
        2.286546230316162,
        2.2838985919952393,
        2.231632709503174,
        2.2654974460601807,
        2.2972021102905273,
        2.2245490550994873,
        2.234104633331299,
        2.2612438201904297,
        2.2423644065856934,
        2.2484054565429688,
        2.2508151531219482,
        2.2773046493530273,
        2.234567165374756,
        2.2446985244750977,
        2.23329496383667,
        2.2459206581115723,
        2.2194063663482666,
        2.2528185844421387,
        2.2564609050750732,
        2.2969250679016113,
        2.22575044631958,
        2.266986131668091,
        2.2638845443725586,
        2.2127039432525635,
        2.2135863304138184,
        2.260070323944092,
        2.2301104068756104,
        2.2872140407562256,
        2.266819477081299,
        2.2280161380767822,
        2.2645275592803955,
        2.224639415740967,
        2.272136926651001,
        2.298713207244873,
        2.2362654209136963,
        2.1991310119628906,
        2.2601702213287354,
        2.2811756134033203,
        2.246117353439331,
        2.2521486282348633,
        2.2108588218688965,
        2.2747433185577393,
        2.253326654434204,
        2.2386586666107178,
        2.30206036567688,
        2.287381172180176,
        2.237128257751465,
        2.2491679191589355,
        2.2302565574645996,
        2.265962600708008,
        2.260511636734009,
        2.2958433628082275,
        2.2818503379821777,
        2.261406183242798,
        2.305293321609497,
        2.273683786392212,
        2.2575747966766357,
        2.28501033782959,
        2.2769618034362793,
        2.2349612712860107,
        2.2898354530334473,
        2.2407660484313965,
        2.257368564605713,
        2.2295732498168945,
        2.2620694637298584,
        2.2578117847442627,
        2.2885499000549316,
        2.2745821475982666,
        2.2519326210021973,
        2.2974143028259277,
        2.1759121417999268,
        2.247044801712036,
        2.2568912506103516,
        2.255925416946411,
        2.2207891941070557,
        2.284280300140381,
        2.295452356338501,
        2.2763466835021973,
        2.2822916507720947,
        2.2162747383117676,
        2.2571473121643066,
        2.2232048511505127,
        2.2465603351593018,
        2.256293296813965,
        2.2605834007263184,
        2.275003433227539,
        2.270753860473633,
        2.2097432613372803,
        2.283690929412842,
        2.2625081539154053,
        2.26229190826416,
        2.261030912399292,
        2.2102487087249756,
        2.25817608833313,
        2.2358505725860596,
        2.202651262283325,
        2.222752809524536,
        2.2870795726776123,
        2.302229642868042,
        2.239508867263794,
        2.2843613624572754,
        2.2536354064941406,
        2.273984670639038,
        2.2702391147613525,
        2.2411272525787354,
        2.2513012886047363,
        2.2377257347106934,
        2.197967529296875,
        2.2217509746551514,
        2.255765199661255,
        2.274477958679199,
        2.233091354370117,
        2.271331548690796,
        2.2583436965942383,
        2.2661385536193848,
        2.237122058868408,
        2.271362781524658,
        2.249965190887451,
        2.2480530738830566,
        2.1838133335113525,
        2.314481258392334,
        2.277066469192505,
        2.2453038692474365,
        2.2446606159210205,
        2.262277841567993,
        2.2816474437713623,
        2.178269147872925,
        2.2735347747802734,
        2.292220115661621,
        2.2448530197143555,
        2.2162797451019287,
        2.2402615547180176,
        2.2210922241210938,
        2.2704710960388184,
        2.3071236610412598,
        2.276749610900879,
        2.2911767959594727,
        2.2222886085510254,
        2.2671213150024414,
        2.2671661376953125,
        2.274083137512207,
        2.200086832046509,
        2.2673768997192383,
        2.2478597164154053,
        2.261324405670166,
        2.26890230178833,
        2.239058256149292,
        2.3005759716033936,
        2.280198574066162,
        2.2828848361968994,
        2.2744908332824707,
        2.245986223220825,
        2.2296371459960938,
        2.2630105018615723,
        2.336442470550537,
        2.2276487350463867,
        2.2493815422058105,
        2.2685742378234863,
        2.166624069213867,
        2.272257089614868,
        2.2533082962036133,
        2.270660400390625,
        2.22763729095459,
        2.2707290649414062,
        2.307471513748169,
        2.2298378944396973,
        2.2879202365875244,
        2.270874500274658,
        2.194983720779419,
        2.269293785095215,
        2.312662363052368,
        2.226356029510498,
        2.2553319931030273,
        2.2503793239593506,
        2.310995101928711,
        2.2485578060150146,
        2.2915971279144287,
        2.2315902709960938,
        2.254122018814087,
        2.2002902030944824,
        2.2488059997558594,
        2.308166027069092,
        2.261749744415283,
        2.3128955364227295,
        2.188055992126465,
        2.2386248111724854,
        2.245455503463745,
        2.2939047813415527,
        2.2765228748321533,
        2.2452166080474854,
        2.263162851333618,
        2.238619327545166,
        2.228198528289795,
        2.239025354385376,
        2.2552993297576904,
        2.2037534713745117,
        2.2534382343292236,
        2.3201863765716553,
        2.233670234680176,
        2.2468011379241943,
        2.240131378173828,
        2.269674301147461,
        2.2505717277526855,
        2.266157627105713,
        2.2793171405792236,
        2.234339475631714,
        2.289844512939453,
        2.2057642936706543,
        2.280855894088745,
        2.2344727516174316,
        2.2574262619018555,
        2.2427687644958496,
        2.1977813243865967,
        2.2534966468811035,
        2.2070846557617188,
        2.2571113109588623,
        2.2737607955932617,
        2.261096715927124,
        2.2394862174987793,
        2.258272647857666,
        2.3094282150268555,
        2.2322776317596436,
        2.2708754539489746,
        2.2185990810394287,
        2.225808620452881,
        2.277543544769287,
        2.2188704013824463,
        2.213376998901367,
        2.2642855644226074,
        2.2605671882629395,
        2.2477447986602783,
