{
    "stu_train_loss": [
        1.8698697090148926,
        1.8788124322891235,
        1.8768988847732544,
        1.911729097366333,
        1.894299030303955,
        1.8710154294967651,
        1.8649762868881226,
        1.8715734481811523,
        1.8650627136230469,
        1.8799186944961548,
        1.878067970275879,
        1.9007676839828491,
        1.9091081619262695,
        1.877048373222351,
        1.8908463716506958,
        1.9041556119918823,
        1.8836086988449097,
        1.904884934425354,
        1.8969874382019043,
        1.8929452896118164,
        1.8786778450012207,
        1.8662763833999634,
        1.8578602075576782,
        1.8629809617996216,
        1.8852249383926392,
        1.8689954280853271,
        1.847477674484253,
        1.8668957948684692,
        1.869031310081482
    ],
    "stu_test_loss": [
        2.0343611240386963,
        1.9976084232330322,
        1.9918115139007568,
        2.081420660018921,
        1.9837766885757446,
        1.9042166471481323,
        2.0524709224700928,
        1.96027410030365,
        1.974281668663025,
        1.986423373222351,
        2.003690242767334,
        1.9473321437835693,
        1.985641360282898,
        2.0971686840057373,
        2.0679702758789062,
        1.9062776565551758,
        2.009497880935669,
        1.932129144668579,
        2.022331953048706,
        1.996495008468628,
        1.9697456359863281,
        2.022824764251709,
        2.003542184829712,
        2.017087936401367,
        2.0791125297546387,
        2.038503885269165,
        2.0219151973724365,
        1.9775025844573975,
        2.097724199295044,
        2.071638345718384,
        1.9539470672607422,
        1.9345418214797974,
        2.098696708679199,
        1.8991705179214478,
        1.9546829462051392,
        2.03877854347229,
        1.937769889831543,
        2.010544776916504,
        1.9893831014633179,
        2.013558864593506,
        1.9555003643035889,
        1.9958856105804443,
        1.9533510208129883,
        2.0370826721191406,
        1.9122227430343628,
        2.007488250732422,
        2.0109641551971436,
        2.077296257019043,
        1.9879202842712402,
        2.0585556030273438,
        2.055112361907959,
        1.9281286001205444,
        1.9311927556991577,
        2.0185933113098145,
        1.9057468175888062,
        2.0288164615631104,
        2.0052542686462402,
        1.9764454364776611,
        2.007904291152954,
        1.9863336086273193,
        2.028648614883423,
        2.122783660888672,
        1.9604363441467285,
        1.921154260635376,
        1.9485937356948853,
        2.034578323364258,
        1.965059757232666,
        2.004849672317505,
        1.9098212718963623,
        2.0659573078155518,
        1.9768651723861694,
        1.9548988342285156,
        2.088991641998291,
        2.0254507064819336,
        1.8968185186386108,
        1.992284893989563,
        1.9453469514846802,
        1.9965453147888184,
        2.028505325317383,
        2.071272850036621,
        2.083395481109619,
        2.031121015548706,
        2.132471799850464,
        2.0623531341552734,
        1.9997963905334473,
        2.0211167335510254,
        2.084963083267212,
        1.96965491771698,
        2.0895254611968994,
        2.035799980163574,
        2.003142833709717,
        1.9199200868606567,
        2.0849101543426514,
        2.0397603511810303,
        2.035397529602051,
        2.0259103775024414,
        1.9923754930496216,
        2.0743274688720703,
        1.7951189279556274,
        1.984778642654419,
        2.0204505920410156,
        2.0157084465026855,
        1.9415855407714844,
        2.115612745285034,
        2.1126036643981934,
        2.0071322917938232,
        2.0952160358428955,
        1.920215368270874,
        2.046664237976074,
        1.9613022804260254,
        1.982425332069397,
        2.038069486618042,
        2.0229806900024414,
        2.050656318664551,
        2.043617010116577,
        1.927910566329956,
        2.092721462249756,
        2.0536201000213623,
        2.032480478286743,
        1.9643274545669556,
        1.9005835056304932,
        2.081782817840576,
        2.0116779804229736,
        1.9023603200912476,
        1.9505187273025513,
        2.0574424266815186,
        2.1568307876586914,
        1.9700825214385986,
        2.049497127532959,
        1.9625393152236938,
        2.038918972015381,
        1.990052342414856,
        1.965895175933838,
        1.9763277769088745,
        2.025918483734131,
        1.898760199546814,
        1.9623653888702393,
        1.9805026054382324,
        2.0457382202148438,
        1.9502031803131104,
        2.0381875038146973,
        1.9739142656326294,
        2.05783748626709,
        1.9975183010101318,
        2.02070951461792,
        1.9871575832366943,
        2.007246732711792,
        1.8582618236541748,
        2.137155771255493,
        2.096956253051758,
        1.9873684644699097,
        1.9978718757629395,
        2.0051677227020264,
        2.0496199131011963,
        1.8640376329421997,
        2.0273985862731934,
        2.114881992340088,
        1.981256365776062,
        1.9538886547088623,
        1.9830164909362793,
        1.951559066772461,
        2.057410478591919,
        2.1301722526550293,
        2.041128158569336,
        2.0506370067596436,
        1.98873770236969,
        2.052234411239624,
        2.021960973739624,
        2.057061195373535,
        1.9241437911987305,
        2.060577869415283,
        1.961564540863037,
        2.07568359375,
        2.079967737197876,
        2.0036821365356445,
        2.0590553283691406,
        2.0822207927703857,
        2.08156156539917,
        2.0517632961273193,
        1.9592669010162354,
        1.9821451902389526,
        1.9733877182006836,
        2.1911227703094482,
        1.9796173572540283,
        2.0151712894439697,
        2.073204755783081,
        1.8393162488937378,
        2.002753973007202,
        1.9983147382736206,
        2.0145890712738037,
        1.9506319761276245,
        2.0407865047454834,
        2.1549549102783203,
        1.9735817909240723,
        2.0714800357818604,
        2.0640835762023926,
        1.865959882736206,
        2.0686774253845215,
        2.1077122688293457,
        1.9527318477630615,
        1.9764623641967773,
        1.9743424654006958,
        2.0905728340148926,
        2.0091965198516846,
        2.0148913860321045,
        1.9690744876861572,
        1.9926457405090332,
        1.921883463859558,
        2.0658867359161377,
        2.0882039070129395,
        1.989950180053711,
        2.110685110092163,
        1.8746074438095093,
        1.9298322200775146,
        1.987565279006958,
        2.111863136291504,
        2.0407519340515137,
        2.0185294151306152,
        1.9713387489318848,
        1.9987373352050781,
        1.9865226745605469,
        1.9935221672058105,
        2.025604724884033,
        1.8669893741607666,
        2.0193278789520264,
        2.1654460430145264,
        1.9530909061431885,
        1.9785363674163818,
        1.9655729532241821,
        2.0886662006378174,
        1.993760585784912,
        2.028498888015747,
        2.0357627868652344,
        1.9717689752578735,
        2.042992353439331,
        1.9221420288085938,
        2.0215675830841064,
        1.9573756456375122,
        2.0338656902313232,
        2.002739429473877,
        1.890825867652893,
        2.0089967250823975,
        1.9418176412582397,
        1.9975581169128418,
        2.0342533588409424,
        1.9995839595794678,
        1.9657396078109741,
        2.0239293575286865,
        2.1245944499969482,
        1.9469869136810303,
        2.0376012325286865,
        1.9367893934249878,
        1.9783012866973877,
        2.038238525390625,
        1.9290683269500732,
        1.9347693920135498,
        1.9891892671585083,
        1.9949463605880737,
