{
    "stu_train_loss": 0.7346462591489156,
    "mentor_train_loss": 0.7228129249148899,
    "stu_test_loss": 0.3573803790270711,
    "mentor_test_loss": 0.34470812990642585,
    "stu_train_acc": 0.8459401710828145,
    "mentor_train_acc": 0.8522970088322958,
    "stu_test_acc": 0.9603634185303515,
    "mentor_test_acc": 0.963158945686901
}