{
    "stu_train_loss": 0.17489940143293806,
    "mentor_train_loss": 0.1559224056535297,
    "stu_test_loss": 0.14277688561441798,
    "mentor_test_loss": 0.13644271310621175,
    "stu_train_acc": 0.9838888888888889,
    "mentor_train_acc": 0.9906944444444444,
    "stu_test_acc": 0.9875199680511182,
    "mentor_test_acc": 0.9896166134185304
}