{
    "stu_train_loss": 0.14157533403899936,
    "mentor_train_loss": 0.12587227629290687,
    "stu_test_loss": 0.1317683318838144,
    "mentor_test_loss": 0.1566248037896979,
    "stu_train_acc": 0.9874679488605923,
    "mentor_train_acc": 0.9913247866100735,
    "stu_test_acc": 0.9899161341853036,
    "mentor_test_acc": 0.9869209265175719
}