{
    "stu_train_loss": 0.21762025952339173,
    "mentor_train_loss": 0.21914517018530105,
    "stu_test_loss": 0.2107532766585152,
    "mentor_test_loss": 0.2136263140855125,
    "stu_train_acc": 0.9824038463168674,
    "mentor_train_acc": 0.9837927352057563,
    "stu_test_acc": 0.983526357827476,
    "mentor_test_acc": 0.9844249201277955
}