{
    "stu_train_loss": 0.13933907846609753,
    "mentor_train_loss": 0.1169298460914029,
    "stu_test_loss": 0.14749184112769728,
    "mentor_test_loss": 0.18106745064449006,
    "stu_train_acc": 0.9870833333333333,
    "mentor_train_acc": 0.9929166666666667,
    "stu_test_acc": 0.9877196485623003,
    "mentor_test_acc": 0.9841253993610224
}