{
    "stu_train_loss": 0.15399820264842776,
    "mentor_train_loss": 0.13215754310290018,
    "stu_test_loss": 0.14125837504673308,
    "mentor_test_loss": 0.13997796168342566,
    "stu_train_acc": 0.9869444444444444,
    "mentor_train_acc": 0.9929166666666667,
    "stu_test_acc": 0.9884185303514377,
    "mentor_test_acc": 0.9885183706070287
}