{
    "stu_train_loss": 0.7685608191633074,
    "mentor_train_loss": 0.6778877146236528,
    "stu_test_loss": 0.4919152590223014,
    "mentor_test_loss": 0.4152467671674661,
    "stu_train_acc": 0.7658714511041009,
    "mentor_train_acc": 0.8130520505107915,
    "stu_test_acc": 0.8607228434504792,
    "mentor_test_acc": 0.8924720447284346
}