{
    "stu_train_loss": 0.420389416701034,
    "mentor_train_loss": 0.3498877722194142,
    "stu_test_loss": 0.38935390376625734,
    "mentor_test_loss": 0.32438984265723547,
    "stu_train_acc": 0.8838525237721223,
    "mentor_train_acc": 0.9117113564292715,
    "stu_test_acc": 0.8900758785942492,
    "mentor_test_acc": 0.9112420127795527
}