{
    "stu_train_loss": 0.3573117994824605,
    "mentor_train_loss": 0.17404819032244406,
    "stu_test_loss": 0.3639450190356745,
    "mentor_test_loss": 0.29491117658516086,
    "stu_train_acc": 0.9083802541537298,
    "mentor_train_acc": 0.9579820547077464,
    "stu_test_acc": 0.9066493610223643,
    "mentor_test_acc": 0.9207268370607029
}