{
    "stu_train_loss": 0.3570961162365374,
    "mentor_train_loss": 0.1858694432845076,
    "stu_test_loss": 0.3329182001300894,
    "mentor_test_loss": 0.2720906124613917,
    "stu_train_acc": 0.9082259425165911,
    "mentor_train_acc": 0.9589342707742284,
    "stu_test_acc": 0.9098442492012779,
    "mentor_test_acc": 0.9253194888178914
}