{
    "stu_train_loss": 0.36765725006687344,
    "mentor_train_loss": 0.2376301718303041,
    "stu_test_loss": 0.3284483168262262,
    "mentor_test_loss": 0.3080582102171529,
    "stu_train_acc": 0.9020798206329346,
    "mentor_train_acc": 0.9484260207728336,
    "stu_test_acc": 0.908047124600639,
    "mentor_test_acc": 0.9110423322683706
}