{
    "stu_train_loss": 0.3576751866911917,
    "mentor_train_loss": 0.20597135242580378,
    "stu_test_loss": 0.34706548851328534,
    "mentor_test_loss": 0.2969919721634624,
    "stu_train_acc": 0.907254907893342,
    "mentor_train_acc": 0.9585880103864168,
    "stu_test_acc": 0.9036541533546326,
    "mentor_test_acc": 0.919129392971246
}