{
    "stu_train_loss": 0.35604589096066697,
    "mentor_train_loss": 0.17963102459907532,
    "stu_test_loss": 0.33960694150802806,
    "mentor_test_loss": 0.28660622710427536,
    "stu_train_acc": 0.9077216066481995,
    "mentor_train_acc": 0.9559383656509696,
    "stu_test_acc": 0.9077476038338658,
    "mentor_test_acc": 0.9178314696485623
}