{
    "stu_train_loss": 0.3635790849986829,
    "mentor_train_loss": 0.22252571487856043,
    "stu_test_loss": 0.33397561647354984,
    "mentor_test_loss": 0.29193479751055235,
    "stu_train_acc": 0.9033594785304611,
    "mentor_train_acc": 0.9533414127423823,
    "stu_test_acc": 0.9046525559105432,
    "mentor_test_acc": 0.9177316293929713
}