{
    "stu_train_loss": 0.3519248132931889,
    "mentor_train_loss": 0.18614182569643797,
    "stu_test_loss": 0.3383394250759301,
    "mentor_test_loss": 0.2855275242616193,
    "stu_train_acc": 0.9095921655110705,
    "mentor_train_acc": 0.9629501385041551,
    "stu_test_acc": 0.9056509584664537,
    "mentor_test_acc": 0.9195287539936102
}