{
    "stu_train_loss": 0.3610292835744134,
    "mentor_train_loss": 0.20654598662727758,
    "stu_test_loss": 0.32378113345977977,
    "mentor_test_loss": 0.2853458429249331,
    "stu_train_acc": 0.9055762977811438,
    "mentor_train_acc": 0.9585014452894639,
    "stu_test_acc": 0.9088458466453674,
    "mentor_test_acc": 0.920926517571885
}