{
    "stu_train_loss": 0.36638883957407153,
    "mentor_train_loss": 0.1796850704296474,
    "stu_test_loss": 0.3434485012111953,
    "mentor_test_loss": 0.27542729347277756,
    "stu_train_acc": 0.9081732506897311,
    "mentor_train_acc": 0.9606655727132866,
    "stu_test_acc": 0.9090455271565495,
    "mentor_test_acc": 0.9226238019169329
}