{
    "stu_train_loss": 0.36177603380336654,
    "mentor_train_loss": 0.17901025400845297,
    "stu_test_loss": 0.35347145907699873,
    "mentor_test_loss": 0.285566377087523,
    "stu_train_acc": 0.909212031853166,
    "mentor_train_acc": 0.9599391786675704,
    "stu_test_acc": 0.9069488817891374,
    "mentor_test_acc": 0.9180311501597445
}