{
    "stu_train_loss": 0.18335076726295732,
    "mentor_train_loss": 0.16160574013536627,
    "stu_test_loss": 0.1794628252427037,
    "mentor_test_loss": 0.18722310997902775,
    "stu_train_acc": 0.9825994318181818,
    "mentor_train_acc": 0.9875710227272727,
    "stu_test_acc": 0.9860223642172524,
    "mentor_test_acc": 0.981729233226837
}