{
    "stu_train_loss": 0.1594349988312884,
    "mentor_train_loss": 0.1378768329423937,
    "stu_test_loss": 0.14526151377743426,
    "mentor_test_loss": 0.1775802469101196,
    "stu_train_acc": 0.9865056818181818,
    "mentor_train_acc": 0.9911221590909091,
    "stu_test_acc": 0.9900159744408946,
    "mentor_test_acc": 0.9847244408945687
}