{
    "stu_train_loss": 0.21581007912755013,
    "mentor_train_loss": 0.2106341878798875,
    "stu_test_loss": 0.19652204686841265,
    "mentor_test_loss": 0.23029848276235806,
    "stu_train_acc": 0.98046875,
    "mentor_train_acc": 0.9850852272727273,
    "stu_test_acc": 0.9873202875399361,
    "mentor_test_acc": 0.9768370607028753
}