{
    "stu_train_loss": 0.20376727933233435,
    "mentor_train_loss": 0.18493621381507677,
    "stu_test_loss": 0.1861616677512376,
    "mentor_test_loss": 0.22275235703863655,
    "stu_train_acc": 0.9822443181818182,
    "mentor_train_acc": 0.9893465909090909,
    "stu_test_acc": 0.9869209265175719,
    "mentor_test_acc": 0.9805311501597445
}