{
    "stu_train_loss": 0.16584467616948215,
    "mentor_train_loss": 0.13767307336357507,
    "stu_test_loss": 0.16287782271734821,
    "mentor_test_loss": 0.18751348071871474,
    "stu_train_acc": 0.9840198863636364,
    "mentor_train_acc": 0.9900568181818182,
    "stu_test_acc": 0.9856230031948882,
    "mentor_test_acc": 0.9821285942492013
}