{
    "stu_train_loss": 0.1581028111448342,
    "mentor_train_loss": 0.13528066331690008,
    "stu_test_loss": 0.138366688887913,
    "mentor_test_loss": 0.1625573473711745,
    "stu_train_acc": 0.9850852272727273,
    "mentor_train_acc": 0.9904119318181818,
    "stu_test_acc": 0.9896166134185304,
    "mentor_test_acc": 0.9849241214057508
}