{
    "stu_train_loss": 0.14144780368290163,
    "mentor_train_loss": 0.11828869420357725,
    "stu_test_loss": 0.1510798944689976,
    "mentor_test_loss": 0.17406294274682435,
    "stu_train_acc": 0.9872159090909091,
    "mentor_train_acc": 0.9914772727272727,
    "stu_test_acc": 0.9880191693290735,
    "mentor_test_acc": 0.9865215654952076
}