{
    "stu_train_loss": 0.14870572437278248,
    "mentor_train_loss": 0.13658057864416728,
    "stu_test_loss": 0.2097766224187784,
    "mentor_test_loss": 0.16597127826354754,
    "stu_train_acc": 0.9875710227272727,
    "mentor_train_acc": 0.9893465909090909,
    "stu_test_acc": 0.9827276357827476,
    "mentor_test_acc": 0.987020766773163
}