{
    "stu_train_loss": 0.15145603982223707,
    "mentor_train_loss": 0.13538827052847904,
    "stu_test_loss": 0.21936806507956105,
    "mentor_test_loss": 0.17885793302767575,
    "stu_train_acc": 0.9872159090909091,
    "mentor_train_acc": 0.9914772727272727,
    "stu_test_acc": 0.9792332268370607,
    "mentor_test_acc": 0.9831269968051118
}