{
    "stu_train_loss": 0.19921360444277525,
    "mentor_train_loss": 0.17032421405681156,
    "stu_test_loss": 0.17206476381221136,
    "mentor_test_loss": 0.21424265510548418,
    "stu_train_acc": 0.9808238636363636,
    "mentor_train_acc": 0.9861505681818182,
    "stu_test_acc": 0.9856230031948882,
    "mentor_test_acc": 0.979632587859425
}