{
    "stu_train_loss": 0.1669727565551346,
    "mentor_train_loss": 0.14325768559832464,
    "stu_test_loss": 0.17379268534933798,
    "mentor_test_loss": 0.21997563759930217,
    "stu_train_acc": 0.9854403409090909,
    "mentor_train_acc": 0.9914772727272727,
    "stu_test_acc": 0.9883186900958466,
    "mentor_test_acc": 0.9767372204472844
}