{
    "stu_train_loss": 0.16142951112917878,
    "mentor_train_loss": 0.13239348171786827,
    "stu_test_loss": 0.13079849385415404,
    "mentor_test_loss": 0.14371204954652358,
    "stu_train_acc": 0.984375,
    "mentor_train_acc": 0.9904119318181818,
    "stu_test_acc": 0.9885183706070287,
    "mentor_test_acc": 0.9878194888178914
}