{
    "stu_train_loss": 0.20302168601615864,
    "mentor_train_loss": 0.17314039746468718,
    "stu_test_loss": 0.17682644812919843,
    "mentor_test_loss": 0.214242400833593,
    "stu_train_acc": 0.9765625,
    "mentor_train_acc": 0.98828125,
    "stu_test_acc": 0.9880191693290735,
    "mentor_test_acc": 0.9799321086261981
}