{
    "stu_train_loss": 0.20162602463229137,
    "mentor_train_loss": 0.1918377404693853,
    "stu_test_loss": 0.1967063111999926,
    "mentor_test_loss": 0.29777772438983185,
    "stu_train_acc": 0.9801136363636364,
    "mentor_train_acc": 0.9872159090909091,
    "stu_test_acc": 0.9857228434504792,
    "mentor_test_acc": 0.9691493610223643
}