{
    "stu_train_loss": 2.3473413956316214,
    "mentor_train_loss": 2.3484408020470213,
    "stu_test_loss": 2.3425003880509934,
    "mentor_test_loss": 2.342189246473221,
    "stu_train_acc": 0.11459184019877437,
    "mentor_train_acc": 0.10192510548523206,
    "stu_test_acc": 0.12240415335463259,
    "mentor_test_acc": 0.11381789137380191
}