{
    "stu_train_loss": 2.284138713707904,
    "mentor_train_loss": 1.8086500902216143,
    "stu_test_loss": 2.232845601944116,
    "mentor_test_loss": 1.7941563860676921,
    "stu_train_acc": 0.25820913294699627,
    "mentor_train_acc": 0.4555047976819775,
    "stu_test_acc": 0.2943290734824281,
    "mentor_test_acc": 0.4619608626198083
}