{
    "stu_train_loss": 1.834267548367947,
    "mentor_train_loss": 1.2364183058215596,
    "stu_test_loss": 1.7982086739220178,
    "mentor_test_loss": 1.2306961577159528,
    "stu_train_acc": 0.3671439022203035,
    "mentor_train_acc": 0.6518434394261002,
    "stu_test_acc": 0.3854832268370607,
    "mentor_test_acc": 0.6549520766773163
}