{
    "stu_train_loss": 1.7213397373127033,
    "mentor_train_loss": 1.0272315567052817,
    "stu_test_loss": 1.7029770391817671,
    "mentor_test_loss": 1.0505528842298368,
    "stu_train_acc": 0.4188529330969863,
    "mentor_train_acc": 0.7191072886000203,
    "stu_test_acc": 0.4178314696485623,
    "mentor_test_acc": 0.7112619808306709
}