{
    "stu_train_loss": [
        2.304441452026367,
        2.30242919921875,
        2.3040943145751953,
        2.297311544418335,
        2.2979812622070312,
        2.2960846424102783,
        2.297477960586548,
        2.2976503372192383,
        2.2995357513427734,
        2.303664445877075,
        2.303380250930786,
        2.299577236175537,
        2.2990071773529053,
        2.297297239303589,
        2.303462505340576,
        2.296478509902954,
        2.297260046005249
    ],
    "stu_test_loss": [
        2.413038969039917,
        2.4090018272399902,
        2.400463819503784,
        2.417376756668091,
        2.401278257369995,
        2.4007184505462646,
        2.406406879425049,
        2.3968312740325928,
        2.4213263988494873,
        2.413966417312622,
        2.4111714363098145,
        2.4025352001190186,
        2.417628765106201,
        2.4145591259002686,
        2.4034173488616943,
        2.3800225257873535,
        2.4015445709228516,
        2.4005203247070312,
        2.40859317779541,
        2.406374931335449,
        2.403125286102295,
        2.4034321308135986,
        2.386338710784912,
        2.418426752090454,
        2.4150145053863525,
        2.403888463973999,
        2.4088523387908936,
        2.4181790351867676,
        2.4187896251678467,
        2.4232728481292725,
        2.404730796813965,
        2.4191722869873047,
        2.4321937561035156,
        2.401529312133789,
        2.4093527793884277,
        2.402743339538574,
        2.424229383468628,
        2.408608913421631,
        2.4172921180725098,
        2.4095652103424072,
        2.395772933959961,
        2.4011330604553223,
        2.3964953422546387,
        2.416834831237793,
        2.405447483062744,
        2.4068257808685303,
        2.4226675033569336,
        2.414308547973633,
        2.379504442214966,
        2.416391134262085,
        2.4032301902770996,
        2.395768165588379,
        2.3982937335968018,
        2.411954641342163,
        2.4080379009246826,
        2.4275338649749756,
        2.412844181060791,
        2.3987059593200684,
        2.4167730808258057,
        2.39082932472229,
        2.407240867614746,
        2.4176108837127686,
        2.404505729675293,
        2.4001646041870117,
        2.401630401611328,
        2.4207422733306885,
        2.4052352905273438,
        2.4116320610046387,
        2.392493486404419,
        2.4039011001586914,
        2.4073002338409424,
        2.4063549041748047,
        2.4156699180603027,
        2.4130194187164307,
        2.405303955078125,
        2.399677276611328,
        2.406421661376953,
        2.3987808227539062,
        2.407155990600586,
        2.406456470489502,
        2.401909589767456,
        2.400639295578003,
        2.4171576499938965,
        2.4138131141662598,
        2.4062674045562744,
        2.4235479831695557,
        2.4094340801239014,
        2.402963638305664,
        2.421844720840454,
        2.3974556922912598,
        2.419774055480957,
        2.4122722148895264,
        2.399121046066284,
        2.40071702003479,
        2.411776304244995,
        2.4116430282592773,
        2.417433738708496,
        2.4120032787323,
        2.394155979156494,
        2.410290241241455,
        2.408604383468628,
        2.4060842990875244,
        2.392263650894165,
        2.412884473800659,
        2.410763740539551,
        2.40653133392334,
        2.4057836532592773,
        2.397697925567627,
        2.4077491760253906,
        2.4060890674591064,
        2.402693510055542,
        2.4211127758026123,
        2.42293119430542,
        2.4152212142944336,
        2.4112002849578857,
        2.397178888320923,
        2.4161055088043213,
        2.4082345962524414,
        2.4134681224823,
        2.401815414428711,
        2.3962950706481934,
        2.4092962741851807,
        2.4103856086730957,
        2.3929152488708496,
        2.405571222305298,
        2.3965885639190674,
        2.430407762527466,
        2.4084982872009277,
        2.400453567504883,
        2.412673234939575,
        2.414105176925659,
        2.407972812652588,
        2.3922009468078613,
        2.4025261402130127,
        2.3996901512145996,
        2.40323805809021,
        2.4184930324554443,
        2.4157111644744873,
        2.4197726249694824,
        2.399993658065796,
        2.422569751739502,
        2.3945391178131104,
        2.4038031101226807,
        2.39615535736084,
        2.420379400253296,
        2.4092838764190674,
        2.4022703170776367,
        2.398411989212036,
        2.421412944793701,
        2.4048922061920166,
        2.3985114097595215,
        2.421934127807617,
        2.406140089035034,
        2.4257421493530273,
        2.4004757404327393,
        2.4143314361572266,
        2.4184751510620117,
        2.4013009071350098,
        2.4035725593566895,
        2.407254934310913,
        2.402571678161621,
        2.4110398292541504,
        2.409808397293091,
        2.4206345081329346,
        2.4154860973358154,
        2.4046273231506348,
        2.406263828277588,
        2.4147093296051025,
        2.4120302200317383,
        2.4059767723083496,
        2.422645092010498,
        2.419632911682129,
        2.4186320304870605,
        2.4093546867370605,
        2.4220216274261475,
        2.4005186557769775,
        2.3943474292755127,
        2.4197511672973633,
        2.422311544418335,
        2.3991732597351074,
        2.4010095596313477,
        2.408904552459717,
        2.420118570327759,
        2.4065656661987305,
        2.40348219871521,
        2.3967151641845703,
        2.3831398487091064,
        2.4022467136383057,
        2.4075303077697754,
        2.3950870037078857,
        2.4157633781433105,
        2.404630422592163,
        2.406541585922241,
        2.403132438659668,
        2.41154408454895,
        2.3945350646972656,
        2.415532350540161,
        2.4165427684783936,
        2.413715124130249,
        2.4088523387908936,
        2.4038872718811035,
        2.405413866043091,
        2.416734218597412,
        2.402137279510498,
        2.416217565536499,
        2.4056668281555176,
        2.3962278366088867,
        2.3991751670837402,
        2.3957931995391846,
        2.427961826324463,
        2.4081318378448486,
        2.40907621383667,
        2.40216326713562,
        2.429138660430908,
        2.398289203643799,
        2.426847457885742,
        2.4107158184051514,
        2.400477886199951,
        2.410945415496826,
        2.413126230239868,
        2.401421546936035,
        2.4070632457733154,
        2.4137189388275146,
        2.406846523284912,
        2.3972291946411133,
        2.429037570953369,
        2.3898677825927734,
        2.4208455085754395,
        2.3997442722320557,
        2.3987698554992676,
        2.4039359092712402,
        2.407975673675537,
        2.427696704864502,
        2.408583164215088,
        2.415100336074829,
        2.3854928016662598,
        2.407827377319336,
        2.416778087615967,
        2.41202712059021,
        2.401540994644165,
        2.3984882831573486,
        2.41133975982666,
        2.394535541534424,
        2.4060235023498535,
        2.427708864212036,
        2.4212279319763184,
        2.4217536449432373,
        2.397808313369751,
        2.4228453636169434,
        2.405055284500122,
        2.4087331295013428,
        2.406540632247925,
        2.3900604248046875,
        2.4148800373077393,
        2.3978383541107178,
        2.4071848392486572,
        2.4330008029937744,
        2.409677505493164,
        2.414634943008423,
        2.411309242248535,
        2.403883457183838,
        2.414792776107788,
        2.408750295639038,
        2.409060478210449,
        2.3997793197631836,
        2.4146127700805664,
        2.4004454612731934,
        2.42150616645813,
        2.4373645782470703,
        2.4020025730133057,
        2.4028494358062744,
        2.3936426639556885,
