{
    "stu_train_loss": [
        2.3027477264404297,
        2.298696756362915,
        2.2937936782836914,
        2.296529531478882,
        2.293565511703491,
        2.2952218055725098,
        2.2961833477020264,
        2.292309284210205,
        2.292001724243164,
        2.2974414825439453,
        2.2936699390411377,
        2.295011520385742,
        2.2955143451690674,
        2.2932512760162354,
        2.2948899269104004,
        2.295025110244751,
        2.3271327018737793
    ],
    "stu_test_loss": [
        2.412940740585327,
        2.4029324054718018,
        2.404350757598877,
        2.422729969024658,
        2.398360252380371,
        2.405972719192505,
        2.4032273292541504,
        2.3882851600646973,
        2.4176065921783447,
        2.4097955226898193,
        2.405024290084839,
        2.3898189067840576,
        2.4104208946228027,
        2.408566951751709,
        2.395244836807251,
        2.3818421363830566,
        2.399505376815796,
        2.392986297607422,
        2.404285430908203,
        2.397139072418213,
        2.404778003692627,
        2.398857831954956,
        2.3867664337158203,
        2.4155585765838623,
        2.406139612197876,
        2.401358127593994,
        2.4077606201171875,
        2.412081480026245,
        2.417293071746826,
        2.4169816970825195,
        2.404404401779175,
        2.4219186305999756,
        2.430952310562134,
        2.4072823524475098,
        2.4144017696380615,
        2.4059557914733887,
        2.4222519397735596,
        2.40686297416687,
        2.415390968322754,
        2.4021975994110107,
        2.3950037956237793,
        2.4007534980773926,
        2.3927855491638184,
        2.412609577178955,
        2.4107584953308105,
        2.402599573135376,
        2.408632516860962,
        2.4092884063720703,
        2.387753963470459,
        2.4211525917053223,
        2.396186351776123,
        2.3941242694854736,
        2.3942997455596924,
        2.4097139835357666,
        2.4039041996002197,
        2.4223947525024414,
        2.408287763595581,
        2.388631820678711,
        2.419562339782715,
        2.392894983291626,
        2.4079954624176025,
        2.4169793128967285,
        2.3989007472991943,
        2.4016406536102295,
        2.3963069915771484,
        2.41109299659729,
        2.405945062637329,
        2.403087854385376,
        2.3908493518829346,
        2.3979287147521973,
        2.4128401279449463,
        2.4064958095550537,
        2.414194107055664,
        2.4046339988708496,
        2.404764175415039,
        2.3920836448669434,
        2.404815912246704,
        2.393902540206909,
        2.402233600616455,
        2.410153865814209,
        2.403282642364502,
        2.3974575996398926,
        2.4129154682159424,
        2.4126150608062744,
        2.396298885345459,
        2.4270596504211426,
        2.4057581424713135,
        2.410936117172241,
        2.4189417362213135,
        2.388563394546509,
        2.4151904582977295,
        2.3989083766937256,
        2.400954246520996,
        2.403496265411377,
        2.4192354679107666,
        2.4084670543670654,
        2.4155755043029785,
        2.4054148197174072,
        2.394381523132324,
        2.4037885665893555,
        2.410775899887085,
        2.411936044692993,
        2.3924710750579834,
        2.402902841567993,
        2.402411460876465,
        2.414045810699463,
        2.4026308059692383,
        2.398026704788208,
        2.414107322692871,
        2.408165454864502,
        2.3992443084716797,
        2.4188876152038574,
        2.42464280128479,
        2.4109270572662354,
        2.413193941116333,
        2.393566608428955,
        2.4055702686309814,
        2.40861439704895,
        2.406038999557495,
        2.403811454772949,
        2.387526750564575,
        2.4096639156341553,
        2.4003477096557617,
        2.386916160583496,
        2.404266595840454,
        2.4059112071990967,
        2.425431251525879,
        2.3981082439422607,
        2.4004878997802734,
        2.4054677486419678,
        2.410428047180176,
        2.405949115753174,
        2.385840654373169,
        2.4084956645965576,
        2.403337001800537,
        2.396090030670166,
        2.419461965560913,
        2.4038140773773193,
        2.41804575920105,
        2.400245189666748,
        2.4222521781921387,
        2.3916921615600586,
        2.4035706520080566,
        2.3935465812683105,
        2.4085824489593506,
        2.407867431640625,
        2.398984909057617,
        2.3974690437316895,
        2.4187681674957275,
        2.4024486541748047,
        2.4037017822265625,
        2.41867995262146,
        2.406057834625244,
        2.421391010284424,
        2.4023337364196777,
        2.413997173309326,
        2.4035613536834717,
        2.4030416011810303,
        2.4073336124420166,
        2.4022932052612305,
        2.3949313163757324,
        2.404961585998535,
        2.404395818710327,
        2.4198920726776123,
        2.4158945083618164,
        2.398416757583618,
        2.4035091400146484,
        2.4137418270111084,
        2.4085638523101807,
        2.4046149253845215,
        2.412724256515503,
        2.4170212745666504,
        2.413954973220825,
        2.402095317840576,
        2.4091551303863525,
        2.4053709506988525,
        2.3979361057281494,
        2.410614013671875,
        2.417870283126831,
        2.394707202911377,
        2.3950088024139404,
        2.412567615509033,
        2.416935920715332,
        2.3963983058929443,
        2.3998799324035645,
        2.4078376293182373,
        2.3799846172332764,
        2.4018642902374268,
        2.390122175216675,
        2.397810697555542,
        2.3982765674591064,
        2.397714138031006,
        2.4011025428771973,
        2.3961565494537354,
        2.4066383838653564,
        2.3878581523895264,
        2.409820318222046,
        2.409365177154541,
        2.4096386432647705,
        2.404667615890503,
        2.4072539806365967,
        2.401245594024658,
        2.419088840484619,
        2.3984432220458984,
        2.4160807132720947,
        2.4078705310821533,
        2.398369550704956,
        2.3969995975494385,
        2.3903286457061768,
        2.420529842376709,
        2.405977964401245,
        2.4173004627227783,
        2.398869037628174,
        2.42498779296875,
        2.3932230472564697,
        2.4231529235839844,
        2.4166336059570312,
        2.3968868255615234,
        2.4026167392730713,
        2.408647298812866,
        2.3995039463043213,
        2.3987817764282227,
        2.4053776264190674,
        2.397954225540161,
        2.3970043659210205,
        2.4302825927734375,
        2.388396739959717,
        2.413553237915039,
        2.396709442138672,
        2.4063565731048584,
        2.4032065868377686,
        2.401787757873535,
        2.416752338409424,
        2.4132437705993652,
        2.417257308959961,
        2.3887367248535156,
        2.413364887237549,
        2.409541130065918,
        2.410393714904785,
        2.392184257507324,
        2.397629499435425,
        2.41137433052063,
        2.3838884830474854,
        2.4052951335906982,
        2.417227029800415,
        2.415128707885742,
        2.42106556892395,
        2.3977015018463135,
        2.419090986251831,
        2.399599075317383,
        2.4151318073272705,
        2.4068500995635986,
        2.3926358222961426,
        2.417062520980835,
        2.3984670639038086,
        2.4076321125030518,
        2.4293878078460693,
        2.4049980640411377,
        2.405651807785034,
        2.407160520553589,
        2.39388370513916,
        2.407166004180908,
        2.4072160720825195,
        2.406303882598877,
        2.3997552394866943,
        2.4105653762817383,
        2.402845621109009,
        2.4204041957855225,
        2.4351751804351807,
        2.399367332458496,
        2.4004969596862793,
        2.3929314613342285,
