{
    "stu_train_loss": [
        2.07202410697937,
        2.0628087520599365,
        2.0932297706604004,
        2.0786983966827393,
        2.0588808059692383,
        2.0834178924560547,
        2.0928237438201904,
        2.0799622535705566,
        2.0619983673095703,
        2.0622646808624268,
        2.08128023147583,
        2.0841596126556396,
        2.0678091049194336,
        2.0791115760803223,
        2.0610337257385254,
        2.071706771850586,
        2.0742547512054443
    ],
    "stu_test_loss": [
        2.1980955600738525,
        2.1952855587005615,
        2.1858017444610596,
        2.2594151496887207,
        2.1883041858673096,
        2.1603806018829346,
        2.229341506958008,
        2.1499812602996826,
        2.183018684387207,
        2.1748476028442383,
        2.200840950012207,
        2.161146879196167,
        2.1890008449554443,
        2.2403879165649414,
        2.231654405593872,
        2.127070665359497,
        2.178405523300171,
        2.1499125957489014,
        2.2195746898651123,
        2.178629159927368,
        2.166379451751709,
        2.2166874408721924,
        2.186816930770874,
        2.2026567459106445,
        2.2282655239105225,
        2.218144416809082,
        2.2116293907165527,
        2.194398880004883,
        2.235429286956787,
        2.2428956031799316,
        2.1467342376708984,
        2.1790311336517334,
        2.241924524307251,
        2.1505227088928223,
        2.1698715686798096,
        2.2014243602752686,
        2.1780176162719727,
        2.1914618015289307,
        2.194035530090332,
        2.212369680404663,
        2.169689893722534,
        2.1862940788269043,
        2.1840879917144775,
        2.19814133644104,
        2.1461524963378906,
        2.194432497024536,
        2.19748592376709,
        2.2448575496673584,
        2.176647424697876,
        2.214144229888916,
        2.231045961380005,
        2.144606828689575,
        2.1436798572540283,
        2.1949379444122314,
        2.154371976852417,
        2.2391357421875,
        2.2069966793060303,
        2.153740644454956,
        2.21398663520813,
        2.1753101348876953,
        2.213327646255493,
        2.2509512901306152,
        2.1790223121643066,
        2.1377182006835938,
        2.1824374198913574,
        2.229172706604004,
        2.1769139766693115,
        2.184584140777588,
        2.150155782699585,
        2.224456548690796,
        2.184476137161255,
        2.182046413421631,
        2.2499935626983643,
        2.2255427837371826,
        2.1675148010253906,
        2.1825520992279053,
        2.1708595752716064,
        2.1969046592712402,
        2.2055962085723877,
        2.2319631576538086,
        2.2415573596954346,
        2.2118489742279053,
        2.270467519760132,
        2.2159900665283203,
        2.1871023178100586,
        2.222576141357422,
        2.2390377521514893,
        2.1562867164611816,
        2.2445738315582275,
        2.1891489028930664,
        2.196610450744629,
        2.1676225662231445,
        2.2175090312957764,
        2.202704668045044,
        2.2281618118286133,
        2.224205255508423,
        2.1921353340148926,
        2.24141001701355,
        2.078165054321289,
        2.1734864711761475,
        2.2015016078948975,
        2.205171585083008,
        2.164233684539795,
        2.2647957801818848,
        2.2409589290618896,
        2.222625494003296,
        2.23665452003479,
        2.1437041759490967,
        2.2130632400512695,
        2.1651597023010254,
        2.178053379058838,
        2.19972562789917,
        2.2070202827453613,
        2.22598934173584,
        2.2215476036071777,
        2.145242691040039,
        2.233506917953491,
        2.210416555404663,
        2.2072436809539795,
        2.1993868350982666,
        2.132920026779175,
        2.2215983867645264,
        2.1905453205108643,
        2.120466470718384,
        2.1657137870788574,
        2.243212938308716,
        2.269735097885132,
        2.18461275100708,
        2.235790967941284,
        2.1851229667663574,
        2.209338665008545,
        2.208641529083252,
        2.17263126373291,
        2.183004856109619,
        2.1954116821289062,
        2.1302785873413086,
        2.1583967208862305,
        2.207557201385498,
        2.2149226665496826,
        2.157292366027832,
        2.2236692905426025,
        2.2097396850585938,
        2.2131810188293457,
        2.178807020187378,
        2.228905439376831,
        2.2005398273468018,
        2.2011237144470215,
        2.103577136993408,
        2.276148557662964,
        2.23732590675354,
        2.186267137527466,
        2.1939423084259033,
        2.1950018405914307,
        2.2255287170410156,
        2.100687026977539,
        2.1977953910827637,
        2.253711223602295,
        2.1780574321746826,
        2.1591620445251465,
        2.1688694953918457,
        2.1385915279388428,
        2.218327760696411,
        2.259976863861084,
        2.2208259105682373,
        2.251295566558838,
        2.187784433364868,
        2.2154293060302734,
        2.2189927101135254,
        2.2212414741516113,
        2.1215803623199463,
        2.216858386993408,
        2.1777853965759277,
        2.213273048400879,
        2.221525192260742,
        2.1858198642730713,
        2.2341055870056152,
        2.236844062805176,
        2.240953207015991,
        2.2354934215545654,
        2.1772801876068115,
        2.168567419052124,
        2.204256534576416,
        2.293947458267212,
        2.1588921546936035,
        2.195120334625244,
        2.2204179763793945,
        2.0873446464538574,
        2.2108471393585205,
        2.191922426223755,
        2.211358070373535,
        2.1623494625091553,
        2.203375816345215,
        2.2770628929138184,
        2.1687941551208496,
        2.2506988048553467,
        2.2250816822052,
        2.116527795791626,
        2.22867751121521,
        2.265951633453369,
        2.1605303287506104,
        2.1935713291168213,
        2.189323663711548,
        2.2523622512817383,
        2.2010772228240967,
        2.2204957008361816,
        2.1698453426361084,
        2.1981148719787598,
        2.1497883796691895,
        2.216839075088501,
        2.243685722351074,
        2.189124822616577,
        2.246189594268799,
        2.110766887664795,
        2.1601734161376953,
        2.1908066272735596,
        2.255282402038574,
        2.2250022888183594,
        2.194483995437622,
        2.203446865081787,
        2.1812448501586914,
        2.1716508865356445,
        2.1892800331115723,
        2.198906421661377,
        2.1328842639923096,
        2.1892101764678955,
        2.3002512454986572,
        2.1722843647003174,
        2.1962385177612305,
        2.1746113300323486,
        2.2330520153045654,
        2.1843314170837402,
        2.2146246433258057,
        2.2087910175323486,
        2.1599295139312744,
        2.2235331535339355,
        2.138294219970703,
        2.226724624633789,
        2.164222240447998,
        2.1932592391967773,
        2.186338186264038,
        2.1356594562530518,
        2.195732593536377,
        2.153129816055298,
        2.191364049911499,
        2.2081549167633057,
        2.2026708126068115,
        2.1861913204193115,
        2.212754487991333,
        2.260652542114258,
        2.1742031574249268,
        2.218886375427246,
        2.152308464050293,
        2.177794933319092,
        2.211777925491333,
        2.150001287460327,
        2.151594638824463,
        2.2025258541107178,
        2.1959855556488037,
        2.1634392738342285,
        2.1904661655426025,
        2.164695978164673,
        2.214209794998169,
        2.1749558448791504,
        2.20597767829895,
        2.239483594894409,
        2.1819944381713867,
        2.218594789505005,
        2.2255678176879883,
        2.255859851837158,
        2.2052078247070312,
        2.2249135971069336,
