{
    "stu_train_loss": [
        2.223959445953369,
        2.2180707454681396,
        2.2165040969848633,
        2.2101640701293945,
        2.2275938987731934,
        2.2225606441497803,
        2.2229671478271484,
        2.2074952125549316,
        2.2231216430664062,
        2.214198589324951,
        2.2176432609558105,
        2.211782932281494,
        2.216292381286621,
        2.217362880706787,
        2.2188477516174316,
        2.2144358158111572,
        2.2437689304351807
    ],
    "stu_test_loss": [
        2.3219361305236816,
        2.3354477882385254,
        2.3335037231445312,
        2.3659884929656982,
        2.325233221054077,
        2.3233835697174072,
        2.340803623199463,
        2.3089566230773926,
        2.339458703994751,
        2.328498125076294,
        2.344196319580078,
        2.313490867614746,
        2.344843626022339,
        2.342072010040283,
        2.3314318656921387,
        2.286003589630127,
        2.3182249069213867,
        2.3154046535491943,
        2.3419904708862305,
        2.331644296646118,
        2.32680606842041,
        2.336284875869751,
        2.3273725509643555,
        2.338040351867676,
        2.3401646614074707,
        2.326871633529663,
        2.3319735527038574,
        2.3349061012268066,
        2.34562087059021,
        2.354220390319824,
        2.310046434402466,
        2.3413991928100586,
        2.369168281555176,
        2.329634428024292,
        2.3270256519317627,
        2.334702968597412,
        2.3324167728424072,
        2.327277898788452,
        2.3520028591156006,
        2.353619337081909,
        2.3179948329925537,
        2.3182480335235596,
        2.325644016265869,
        2.325331211090088,
        2.3271255493164062,
        2.33255672454834,
        2.332501173019409,
        2.3563919067382812,
        2.307318687438965,
        2.342130661010742,
        2.3431754112243652,
        2.303860664367676,
        2.3064799308776855,
        2.3270692825317383,
        2.3159244060516357,
        2.366800308227539,
        2.3416590690612793,
        2.310532569885254,
        2.344621181488037,
        2.319690465927124,
        2.3549890518188477,
        2.3603339195251465,
        2.332933187484741,
        2.312438488006592,
        2.338813066482544,
        2.3472166061401367,
        2.323395013809204,
        2.321573495864868,
        2.3019802570343018,
        2.33911395072937,
        2.3353986740112305,
        2.3275258541107178,
        2.3599963188171387,
        2.352940082550049,
        2.3274786472320557,
        2.32885479927063,
        2.318873882293701,
        2.3359787464141846,
        2.3217599391937256,
        2.348015546798706,
        2.347283363342285,
        2.3387222290039062,
        2.368694305419922,
        2.3355228900909424,
        2.3361053466796875,
        2.373544454574585,
        2.3462774753570557,
        2.315459966659546,
        2.3623046875,
        2.3220362663269043,
        2.3400583267211914,
        2.322089910507202,
        2.32515811920166,
        2.345350742340088,
        2.3501741886138916,
        2.3470208644866943,
        2.324967622756958,
        2.349324941635132,
        2.2955172061920166,
        2.3204853534698486,
        2.338658571243286,
        2.3243484497070312,
        2.3137736320495605,
        2.345357894897461,
        2.339430093765259,
        2.350576162338257,
        2.33948016166687,
        2.313685655593872,
        2.3318004608154297,
        2.3283045291900635,
        2.332484006881714,
        2.339709997177124,
        2.3441476821899414,
        2.3528449535369873,
        2.3487746715545654,
        2.3138699531555176,
        2.342348575592041,
        2.33670973777771,
        2.3441903591156006,
        2.3324830532073975,
        2.3053038120269775,
        2.328242778778076,
        2.3130006790161133,
        2.299588441848755,
        2.305828094482422,
        2.354012966156006,
        2.361039400100708,
        2.3191330432891846,
        2.348574638366699,
        2.33728289604187,
        2.343247175216675,
        2.3550267219543457,
        2.3147811889648438,
        2.3391151428222656,
        2.3316121101379395,
        2.304008722305298,
        2.327427864074707,
        2.343048334121704,
        2.3432819843292236,
        2.3200266361236572,
        2.3399176597595215,
        2.331787347793579,
        2.3466362953186035,
        2.3103206157684326,
        2.341094970703125,
        2.327270984649658,
        2.3274996280670166,
        2.3001914024353027,
        2.3741703033447266,
        2.3419013023376465,
        2.3249268531799316,
        2.330286979675293,
        2.3480777740478516,
        2.3550641536712646,
        2.304459571838379,
        2.351315975189209,
        2.3462531566619873,
        2.324575901031494,
        2.3121049404144287,
        2.3297762870788574,
        2.3053572177886963,
        2.338799476623535,
        2.3640854358673096,
        2.353334903717041,
        2.359398365020752,
        2.32238507270813,
        2.328287363052368,
        2.3343753814697266,
        2.345778703689575,
        2.3051505088806152,
        2.346118927001953,
        2.3384006023406982,
        2.3349483013153076,
        2.3255221843719482,
        2.3202619552612305,
        2.3638193607330322,
        2.3543078899383545,
        2.338291645050049,
        2.3554515838623047,
        2.3181345462799072,
        2.3075175285339355,
        2.335449695587158,
        2.3849430084228516,
        2.304971933364868,
        2.3258168697357178,
        2.3415369987487793,
        2.276003837585449,
        2.344266176223755,
        2.3234686851501465,
        2.3335134983062744,
        2.3101048469543457,
        2.3359642028808594,
        2.347017288208008,
        2.3220314979553223,
        2.3477816581726074,
        2.337331771850586,
        2.3089280128479004,
        2.3379855155944824,
        2.364543914794922,
        2.317758083343506,
        2.3304967880249023,
        2.343276023864746,
        2.353534460067749,
        2.329230546951294,
        2.3512656688690186,
        2.322927951812744,
        2.32448410987854,
        2.3077080249786377,
        2.3240795135498047,
        2.378033399581909,
        2.344210147857666,
        2.369035005569458,
        2.2951536178588867,
        2.3328194618225098,
        2.3274781703948975,
        2.3627209663391113,
        2.3535590171813965,
        2.316521167755127,
        2.3416576385498047,
        2.3149380683898926,
        2.3180572986602783,
        2.3195126056671143,
        2.337174892425537,
        2.3193435668945312,
        2.322317361831665,
        2.3817496299743652,
        2.3262417316436768,
        2.335324287414551,
        2.322162389755249,
        2.3458268642425537,
        2.323607921600342,
        2.340959310531616,
        2.346177101135254,
        2.3154239654541016,
        2.350029945373535,
        2.3129916191101074,
        2.3542697429656982,
        2.3286983966827393,
        2.332695484161377,
        2.3360345363616943,
        2.3049557209014893,
        2.332270383834839,
        2.296987295150757,
        2.3406641483306885,
        2.355705976486206,
        2.3386807441711426,
        2.3328161239624023,
        2.335787534713745,
        2.359738349914551,
        2.318979024887085,
        2.3487234115600586,
        2.3144443035125732,
        2.309602975845337,
        2.3600504398345947,
        2.312931776046753,
        2.318269968032837,
        2.3557043075561523,
        2.337479591369629,
        2.330763578414917,
        2.3529887199401855,
        2.3156888484954834,
        2.335097074508667,
        2.334981918334961,
        2.340090274810791,
        2.358727216720581,
        2.3323187828063965,
        2.328678846359253,
        2.3552029132843018,
        2.380995035171509,
        2.324380874633789,
        2.3303472995758057,
        2.3107194900512695,
