{
    "stu_train_loss": [
        1.8481436967849731,
        1.8534960746765137,
        1.8306834697723389,
        1.8233966827392578,
        1.860941767692566,
        1.8784641027450562,
        1.8665658235549927,
        1.8835411071777344,
        1.871992588043213,
        1.8349686861038208,
        1.8542084693908691,
        1.823585867881775,
        1.8330273628234863,
        1.8675962686538696,
        1.8731319904327393,
        1.829433560371399,
        1.8519091606140137
    ],
    "stu_test_loss": [
        2.015580177307129,
        1.9719181060791016,
        1.963026762008667,
        2.070521831512451,
        1.9570064544677734,
        1.8961294889450073,
        2.0207574367523193,
        1.940855860710144,
        1.9802534580230713,
        1.9445934295654297,
        1.9855965375900269,
        1.935463786125183,
        1.9513819217681885,
        2.0580058097839355,
        2.051849842071533,
        1.8668618202209473,
        1.9802420139312744,
        1.9185914993286133,
        2.007533311843872,
        1.9877798557281494,
        1.9417177438735962,
        2.003751754760742,
        1.9863910675048828,
        1.9858224391937256,
        2.0551745891571045,
        2.0349442958831787,
        2.0024921894073486,
        1.959921956062317,
        2.058828830718994,
        2.031447649002075,
        1.8999195098876953,
        1.9143106937408447,
        2.082995653152466,
        1.8789221048355103,
        1.932577133178711,
        2.0312023162841797,
        1.926735758781433,
        1.971672773361206,
        1.9708616733551025,
        2.0203444957733154,
        1.9478933811187744,
        1.995863437652588,
        1.955068588256836,
        2.017716407775879,
        1.8913482427597046,
        1.970280408859253,
        1.9675766229629517,
        2.084397792816162,
        1.9923713207244873,
        2.0398526191711426,
        2.0708892345428467,
        1.909681797027588,
        1.92972993850708,
        1.995119571685791,
        1.8995623588562012,
        2.0261197090148926,
        2.0098490715026855,
        1.935770869255066,
        2.008862018585205,
        1.9612064361572266,
        2.013284683227539,
        2.1142172813415527,
        1.953984260559082,
        1.903889536857605,
        1.9612436294555664,
        2.01664400100708,
        1.93355131149292,
        1.9882687330245972,
        1.920287847518921,
        2.055631399154663,
        1.9564383029937744,
        1.9280717372894287,
        2.067945957183838,
        2.032625913619995,
        1.8919953107833862,
        1.962369441986084,
        1.9252933263778687,
        1.976689338684082,
        1.9981489181518555,
        2.0684256553649902,
        2.0813019275665283,
        2.0215394496917725,
        2.1479716300964355,
        2.016822338104248,
        1.9787770509719849,
        2.0159928798675537,
        2.0808444023132324,
        1.9288051128387451,
        2.086245536804199,
        2.0166656970977783,
        1.983148217201233,
        1.9008246660232544,
        2.030381441116333,
        2.0163261890411377,
        2.0374836921691895,
        2.0112032890319824,
        1.9852001667022705,
        2.0499582290649414,
        1.7625561952590942,
        1.9641265869140625,
        2.0189435482025146,
        2.0042319297790527,
        1.9320385456085205,
        2.1002612113952637,
        2.084761142730713,
        1.9955354928970337,
        2.0762617588043213,
        1.9139268398284912,
        2.0149099826812744,
        1.933484673500061,
        1.9606070518493652,
        2.0294759273529053,
        2.034166097640991,
        2.0593833923339844,
        2.048433780670166,
        1.9165035486221313,
        2.0662808418273926,
        2.0369367599487305,
        2.007272481918335,
        1.9153470993041992,
        1.878587007522583,
        2.0283002853393555,
        1.996262550354004,
        1.8944817781448364,
        1.945324182510376,
        2.0368330478668213,
        2.1405029296875,
        1.9616496562957764,
        2.0295302867889404,
        1.9814553260803223,
        1.987661361694336,
        1.977146863937378,
        1.9333522319793701,
        1.9600272178649902,
        1.9801924228668213,
        1.867031216621399,
        1.9446585178375244,
        1.9921680688858032,
        2.0029098987579346,
        1.9151606559753418,
        2.0079474449157715,
        1.9570655822753906,
        2.0498087406158447,
        1.9541432857513428,
        2.0528833866119385,
        1.9684122800827026,
        1.9822578430175781,
        1.8277313709259033,
        2.1372718811035156,
        2.068666934967041,
        1.9860925674438477,
        1.9850929975509644,
        1.9779038429260254,
        2.0321083068847656,
        1.8536401987075806,
        1.9987989664077759,
        2.0979888439178467,
        1.9666286706924438,
        1.9619629383087158,
        1.9642313718795776,
        1.9227876663208008,
        2.048841714859009,
        2.1193885803222656,
        2.031959056854248,
        2.039457321166992,
        1.9857460260391235,
        2.041628122329712,
        2.0372884273529053,
        2.0518877506256104,
        1.878892183303833,
        2.0367095470428467,
        1.9387530088424683,
        2.079146146774292,
        2.0555636882781982,
        1.9918032884597778,
        2.037114381790161,
        2.076474666595459,
        2.0775558948516846,
        2.0313777923583984,
        1.9537451267242432,
        1.9549152851104736,
        1.9713671207427979,
        2.1882987022399902,
        1.964362382888794,
        1.9981346130371094,
        2.0315439701080322,
        1.81394624710083,
        1.9830886125564575,
        1.9898403882980347,
        1.9956785440444946,
        1.92246675491333,
        1.978994607925415,
        2.1673495769500732,
        1.9366134405136108,
        2.078383207321167,
        2.065701723098755,
        1.8452839851379395,
        2.0626180171966553,
        2.0795068740844727,
        1.9314404726028442,
        1.9328843355178833,
        1.9386048316955566,
        2.0530524253845215,
        2.01947283744812,
        2.0294220447540283,
        1.9464969635009766,
        1.999176263809204,
        1.9006712436676025,
        2.0511786937713623,
        2.068406820297241,
        1.977189540863037,
        2.101538896560669,
        1.8473522663116455,
        1.8967641592025757,
        1.9705703258514404,
        2.1334407329559326,
        2.0418708324432373,
        1.9570451974868774,
        1.9581034183502197,
        1.963265061378479,
        1.9648056030273438,
        1.9802035093307495,
        1.9988685846328735,
        1.8373385667800903,
        1.9828592538833618,
        2.153045177459717,
        1.938287615776062,
        1.9817283153533936,
        1.9495460987091064,
        2.063040256500244,
        1.99653959274292,
        2.015416383743286,
        2.0119545459747314,
        1.914584994316101,
        2.039642810821533,
        1.8951107263565063,
        2.0094873905181885,
        1.9489398002624512,
        2.0123770236968994,
        1.981773853302002,
        1.8585476875305176,
        1.9837470054626465,
        1.9255017042160034,
        1.989333987236023,
        2.026860237121582,
        1.9972726106643677,
        1.9478797912597656,
        1.9997906684875488,
        2.1341392993927,
        1.9240238666534424,
        1.9923847913742065,
        1.8914772272109985,
        1.9577440023422241,
        2.0261404514312744,
        1.900535225868225,
        1.9172112941741943,
        1.9785569906234741,
        1.991878867149353,
        1.9422643184661865,
        1.9383924007415771,
        1.9801709651947021,
        2.021958112716675,
        1.93784761428833,
        2.02542781829834,
        2.0798816680908203,
        2.003392457962036,
        1.989518165588379,
        2.045549154281616,
        2.0728065967559814,
        1.9998226165771484,
