{
    "stu_train_loss": [
        2.2895448207855225,
        2.2894861698150635,
        2.2860374450683594,
        2.2844316959381104,
        2.2828164100646973,
        2.28908109664917,
        2.285087823867798,
        2.2890162467956543,
        2.2891836166381836,
        2.28100848197937,
        2.284412145614624,
        2.28476619720459,
        2.284090995788574,
        2.2862727642059326,
        2.288022756576538,
        2.283867835998535,
        2.2987570762634277
    ],
    "stu_test_loss": [
        2.4007272720336914,
        2.4012229442596436,
        2.3971216678619385,
        2.4150848388671875,
        2.3865394592285156,
        2.39340877532959,
        2.393969774246216,
        2.393846273422241,
        2.409459114074707,
        2.3966009616851807,
        2.4023685455322266,
        2.3856635093688965,
        2.3998732566833496,
        2.3973007202148438,
        2.3917059898376465,
        2.3728678226470947,
        2.395735263824463,
        2.389127731323242,
        2.397244930267334,
        2.3988451957702637,
        2.3929107189178467,
        2.39782452583313,
        2.390833616256714,
        2.4047131538391113,
        2.397371530532837,
        2.3940412998199463,
        2.395876169204712,
        2.40970778465271,
        2.406097412109375,
        2.406482696533203,
        2.4021198749542236,
        2.409515380859375,
        2.4216959476470947,
        2.4014413356781006,
        2.4028494358062744,
        2.3948464393615723,
        2.4095749855041504,
        2.4045045375823975,
        2.4086413383483887,
        2.402759313583374,
        2.39473819732666,
        2.390151023864746,
        2.39086651802063,
        2.400637626647949,
        2.393113613128662,
        2.3911848068237305,
        2.406578540802002,
        2.3997745513916016,
        2.3785078525543213,
        2.4089365005493164,
        2.39799165725708,
        2.3830676078796387,
        2.389392137527466,
        2.404365062713623,
        2.3925890922546387,
        2.4203646183013916,
        2.4023208618164062,
        2.384704828262329,
        2.4057717323303223,
        2.3848485946655273,
        2.3965182304382324,
        2.4053122997283936,
        2.390373468399048,
        2.386471748352051,
        2.391472578048706,
        2.406834363937378,
        2.3982112407684326,
        2.389908790588379,
        2.373351812362671,
        2.395311117172241,
        2.4073686599731445,
        2.393676280975342,
        2.397952079772949,
        2.398869037628174,
        2.403484582901001,
        2.3936195373535156,
        2.393833875656128,
        2.3870608806610107,
        2.3913090229034424,
        2.4064724445343018,
        2.395484209060669,
        2.3926026821136475,
        2.4076719284057617,
        2.40026593208313,
        2.4025282859802246,
        2.4166719913482666,
        2.39113712310791,
        2.3942830562591553,
        2.4067585468292236,
        2.3906991481781006,
        2.4011788368225098,
        2.3941128253936768,
        2.398355007171631,
        2.397684097290039,
        2.4059298038482666,
        2.3991715908050537,
        2.40446138381958,
        2.406947374343872,
        2.3866844177246094,
        2.3925020694732666,
        2.3994293212890625,
        2.3945043087005615,
        2.379786729812622,
        2.397716999053955,
        2.401592969894409,
        2.398068428039551,
        2.393953323364258,
        2.38512921333313,
        2.3941752910614014,
        2.4031827449798584,
        2.3937597274780273,
        2.4131760597229004,
        2.4059255123138428,
        2.406254768371582,
        2.398327589035034,
        2.387054204940796,
        2.406341791152954,
        2.394442081451416,
        2.3915233612060547,
        2.3951141834259033,
        2.381554126739502,
        2.3937854766845703,
        2.3951799869537354,
        2.3847877979278564,
        2.387589454650879,
        2.403919219970703,
        2.411057710647583,
        2.3936102390289307,
        2.394777297973633,
        2.4016172885894775,
        2.400606870651245,
        2.408128023147583,
        2.37654972076416,
        2.3906428813934326,
        2.4003078937530518,
        2.3811748027801514,
        2.403359889984131,
        2.404866933822632,
        2.4111979007720947,
        2.3915693759918213,
        2.4100639820098877,
        2.3972220420837402,
        2.4002697467803955,
        2.385910749435425,
        2.4033989906311035,
        2.398437261581421,
        2.3916842937469482,
        2.3883981704711914,
        2.419311761856079,
        2.3932292461395264,
        2.3932552337646484,
        2.4074699878692627,
        2.4086012840270996,
        2.414576292037964,
        2.388195514678955,
        2.4087860584259033,
        2.4058830738067627,
        2.390819549560547,
        2.3995120525360107,
        2.391275644302368,
        2.38509464263916,
        2.4006545543670654,
        2.3951103687286377,
        2.4109394550323486,
        2.4069089889526367,
        2.3920035362243652,
        2.3948183059692383,
        2.3981516361236572,
        2.401599407196045,
        2.3955039978027344,
        2.4053914546966553,
        2.4007697105407715,
        2.401045560836792,
        2.3878557682037354,
        2.3954477310180664,
        2.405285120010376,
        2.3914966583251953,
        2.4033455848693848,
        2.4129645824432373,
        2.3835222721099854,
        2.3902883529663086,
        2.3995416164398193,
        2.4098753929138184,
        2.3869287967681885,
        2.389622926712036,
        2.3922886848449707,
        2.3712947368621826,
        2.391820192337036,
        2.3911330699920654,
        2.3880319595336914,
        2.3900582790374756,
        2.396409749984741,
        2.392395257949829,
        2.3948614597320557,
        2.402724504470825,
        2.3958656787872314,
        2.401106834411621,
        2.400599241256714,
        2.4096715450286865,
        2.396871566772461,
        2.396845817565918,
        2.397935390472412,
        2.409043550491333,
        2.386460304260254,
        2.401386022567749,
        2.399905204772949,
        2.390683174133301,
        2.387864351272583,
        2.3916351795196533,
        2.4150466918945312,
        2.4050464630126953,
        2.4101903438568115,
        2.3848791122436523,
        2.412013053894043,
        2.384507179260254,
        2.4105067253112793,
        2.398475408554077,
        2.3975775241851807,
        2.4045228958129883,
        2.3972556591033936,
        2.3831708431243896,
        2.3936097621917725,
        2.403520107269287,
        2.391707420349121,
        2.3831443786621094,
        2.416343927383423,
        2.382720708847046,
        2.4051215648651123,
        2.3820114135742188,
        2.394711494445801,
        2.3973851203918457,
        2.4024336338043213,
        2.4114081859588623,
        2.399872064590454,
        2.404294490814209,
        2.379439115524292,
        2.4071147441864014,
        2.4009978771209717,
        2.3963732719421387,
        2.3869192600250244,
        2.395343780517578,
        2.4037156105041504,
        2.3796324729919434,
        2.3993139266967773,
        2.4134206771850586,
        2.405827760696411,
        2.4102654457092285,
        2.3899037837982178,
        2.414351463317871,
        2.3895461559295654,
        2.4018189907073975,
        2.394235849380493,
        2.3767690658569336,
        2.4064223766326904,
        2.392481803894043,
        2.397568941116333,
        2.4190890789031982,
        2.397108554840088,
        2.4039506912231445,
        2.4022886753082275,
        2.388974905014038,
        2.402463674545288,
        2.398918390274048,
        2.4010472297668457,
        2.3985631465911865,
        2.4022140502929688,
        2.3959968090057373,
        2.4170265197753906,
        2.429436445236206,
        2.395237922668457,
        2.3936052322387695,
