{
    "stu_train_loss": [
        2.2703356742858887,
        2.2711756229400635,
        2.2714877128601074,
        2.2748327255249023,
        2.2691214084625244,
        2.2711684703826904,
        2.272115707397461,
        2.267315149307251,
        2.2679641246795654,
        2.2712979316711426,
        2.2702255249023438,
        2.2728049755096436,
        2.2765085697174072,
        2.269801616668701,
        2.2684099674224854,
        2.268829107284546,
        2.2612593173980713
    ],
    "stu_test_loss": [
        2.3855326175689697,
        2.3924403190612793,
        2.3717548847198486,
        2.4062483310699463,
        2.377610921859741,
        2.375131845474243,
        2.386577844619751,
        2.3783557415008545,
        2.3990421295166016,
        2.385864734649658,
        2.388895273208618,
        2.371232748031616,
        2.3914546966552734,
        2.3828909397125244,
        2.3801684379577637,
        2.3495781421661377,
        2.3762989044189453,
        2.373749256134033,
        2.387026071548462,
        2.3803374767303467,
        2.37990403175354,
        2.3860206604003906,
        2.378089427947998,
        2.381765604019165,
        2.385132074356079,
        2.3743700981140137,
        2.3902719020843506,
        2.394953489303589,
        2.3958332538604736,
        2.4029784202575684,
        2.38773512840271,
        2.4073681831359863,
        2.407090425491333,
        2.383758544921875,
        2.3919360637664795,
        2.3871190547943115,
        2.399763822555542,
        2.387584686279297,
        2.40339994430542,
        2.392888069152832,
        2.3793623447418213,
        2.379108428955078,
        2.3762547969818115,
        2.3857176303863525,
        2.379242420196533,
        2.386061429977417,
        2.395953416824341,
        2.3934497833251953,
        2.3599765300750732,
        2.391245126724243,
        2.3863718509674072,
        2.3689682483673096,
        2.3653414249420166,
        2.388777256011963,
        2.3863255977630615,
        2.408156633377075,
        2.3855690956115723,
        2.372972011566162,
        2.3895351886749268,
        2.3696963787078857,
        2.394094228744507,
        2.3972694873809814,
        2.381836414337158,
        2.3742549419403076,
        2.3745927810668945,
        2.3970792293548584,
        2.3881144523620605,
        2.372847318649292,
        2.3731777667999268,
        2.3806962966918945,
        2.395611047744751,
        2.385410785675049,
        2.390176296234131,
        2.3847053050994873,
        2.386701822280884,
        2.3718411922454834,
        2.3831069469451904,
        2.380929470062256,
        2.3820698261260986,
        2.391022205352783,
        2.3932902812957764,
        2.3826358318328857,
        2.401038646697998,
        2.3846189975738525,
        2.386873722076416,
        2.4066262245178223,
        2.392319679260254,
        2.382277727127075,
        2.4000494480133057,
        2.366337299346924,
        2.386247158050537,
        2.3867311477661133,
        2.3775925636291504,
        2.387545108795166,
        2.3959927558898926,
        2.3893330097198486,
        2.3939664363861084,
        2.397383451461792,
        2.3649754524230957,
        2.378772258758545,
        2.392590045928955,
        2.3768842220306396,
        2.369476318359375,
        2.3888626098632812,
        2.3904831409454346,
        2.3948166370391846,
        2.388190507888794,
        2.3721325397491455,
        2.380573034286499,
        2.3916399478912354,
        2.3768105506896973,
        2.3923792839050293,
        2.3921213150024414,
        2.3941972255706787,
        2.3932361602783203,
        2.3709635734558105,
        2.383695363998413,
        2.3847038745880127,
        2.383378028869629,
        2.379558801651001,
        2.366830348968506,
        2.376051664352417,
        2.3769567012786865,
        2.370831251144409,
        2.366447925567627,
        2.3915178775787354,
        2.415794610977173,
        2.371046543121338,
        2.3849740028381348,
        2.385997772216797,
        2.391355514526367,
        2.390583038330078,
        2.370166778564453,
        2.3820652961730957,
        2.3812620639801025,
        2.3745815753936768,
        2.395505428314209,
        2.388005495071411,
        2.4009737968444824,
        2.3786370754241943,
        2.393625020980835,
        2.3815503120422363,
        2.3874454498291016,
        2.367631673812866,
        2.3984105587005615,
        2.383544921875,
        2.3728835582733154,
        2.3780500888824463,
        2.4012885093688965,
        2.3832693099975586,
        2.3787691593170166,
        2.3888869285583496,
        2.3934946060180664,
        2.398454427719116,
        2.3692712783813477,
        2.3926689624786377,
        2.389242172241211,
        2.3723270893096924,
        2.3878445625305176,
        2.3789005279541016,
        2.3727822303771973,
        2.392876386642456,
        2.3971099853515625,
        2.401033878326416,
        2.4001047611236572,
        2.374673843383789,
        2.377139091491699,
        2.387432336807251,
        2.393965482711792,
        2.3701014518737793,
        2.386561155319214,
        2.3898353576660156,
        2.3866214752197266,
        2.3725662231445312,
        2.3846397399902344,
        2.393390417098999,
        2.379072904586792,
        2.3860886096954346,
        2.4034528732299805,
        2.3727033138275146,
        2.383208990097046,
        2.382828712463379,
        2.4054462909698486,
        2.373833656311035,
        2.384462356567383,
        2.3891172409057617,
        2.343778133392334,
        2.382288932800293,
        2.3672752380371094,
        2.3807995319366455,
        2.379936456680298,
        2.385725736618042,
        2.3886711597442627,
        2.378145217895508,
        2.38625168800354,
        2.384774923324585,
        2.3815441131591797,
        2.3912672996520996,
        2.3977346420288086,
        2.3832130432128906,
        2.388009786605835,
        2.396048069000244,
        2.4044320583343506,
        2.370359182357788,
        2.39084529876709,
        2.3807990550994873,
        2.375077962875366,
        2.3620872497558594,
        2.370546579360962,
        2.4095311164855957,
        2.384722948074341,
        2.3997888565063477,
        2.3629424571990967,
        2.399901866912842,
        2.3730409145355225,
        2.4065322875976562,
        2.397566080093384,
        2.381472110748291,
        2.3918685913085938,
        2.3838160037994385,
        2.3703746795654297,
        2.368281364440918,
        2.3879997730255127,
        2.374476194381714,
        2.372114896774292,
        2.410274028778076,
        2.3744165897369385,
        2.3928208351135254,
        2.3678324222564697,
        2.373853921890259,
        2.389535427093506,
        2.3900060653686523,
        2.400969982147217,
        2.3876779079437256,
        2.3979156017303467,
        2.366386890411377,
        2.406440258026123,
        2.3886680603027344,
        2.3822779655456543,
        2.3811192512512207,
        2.3751754760742188,
        2.387610673904419,
        2.3570542335510254,
        2.3911423683166504,
        2.397172451019287,
        2.3943099975585938,
        2.39200758934021,
        2.3793466091156006,
        2.4082937240600586,
        2.3661601543426514,
        2.3912980556488037,
        2.3768632411956787,
        2.367981433868408,
        2.401839256286621,
        2.3786849975585938,
        2.373173475265503,
        2.409294366836548,
        2.3900251388549805,
        2.3858823776245117,
        2.3984534740448,
        2.37079119682312,
        2.385103464126587,
        2.3866419792175293,
        2.3842923641204834,
        2.3868720531463623,
        2.3867063522338867,
        2.3808159828186035,
        2.3988871574401855,
        2.410461664199829,
        2.3762059211730957,
        2.3878095149993896,
