{
    "stu_train_loss": [
        0.11865030229091644,
        0.14688917994499207,
        0.1444700062274933,
        0.20078270137310028,
        0.0446893647313118,
        0.08604144304990768,
        0.10850688815116882,
        0.07575368136167526,
        0.07881327718496323,
        0.06541231274604797,
        0.1503472775220871,
        0.08383729308843613,
        0.20596039295196533,
        0.21072927117347717,
        0.14569005370140076,
        0.06841498613357544,
        0.1345362812280655,
        0.05817483738064766,
        0.22037214040756226,
        0.05473780632019043,
        0.14189153909683228,
        0.10051720589399338,
        0.19468429684638977,
        0.06463728100061417,
        0.1605556607246399,
        0.12058664113283157,
        0.07821507006883621,
        0.2686944007873535
    ],
    "stu_test_loss": [
        0.43559467792510986,
        0.4538421034812927,
        0.43798255920410156,
        0.5022408962249756,
        0.5496088266372681,
        0.39820173382759094,
        0.5734515190124512,
        0.45459699630737305,
        0.4569113254547119,
        0.5815408229827881,
        0.41983991861343384,
        0.45875468850135803,
        0.5015292167663574,
        0.47910088300704956,
        0.48154133558273315,
        0.469900906085968,
        0.5421391725540161,
        0.5289285778999329,
        0.4073079824447632,
        0.5813254714012146,
        0.6242649555206299,
        0.5505580306053162,
        0.5560134053230286,
        0.5342662334442139,
        0.4751051664352417,
        0.510680079460144,
        0.4541618525981903,
        0.492572546005249,
        0.3760269284248352,
        0.5636608600616455,
        0.46984922885894775,
        0.43456611037254333,
        0.4477366507053375,
        0.48584410548210144,
        0.46401482820510864,
        0.4552765488624573,
        0.44486939907073975,
        0.718186616897583,
        0.6348075270652771,
        0.4959290027618408,
        0.4933071434497833,
        0.4507654011249542,
        0.5506139993667603,
        0.5103617310523987,
        0.4703414738178253,
        0.4832150936126709,
        0.40013331174850464,
        0.4418547451496124,
        0.48391371965408325,
        0.4151672422885895,
        0.3501162827014923,
        0.41131865978240967,
        0.4148525893688202,
        0.34447556734085083,
        0.36309605836868286,
        0.3701561987400055,
        0.4352523982524872,
        0.4290017783641815,
        0.4521433711051941,
        0.7221020460128784,
        0.5173758864402771,
        0.5569819211959839,
        0.3643958568572998,
        0.3523060083389282,
        0.3688282072544098,
        0.6373733282089233,
        0.4736573100090027,
        0.4231814444065094,
        0.36687368154525757,
        0.35065940022468567,
        0.34506744146347046,
        0.3664906620979309,
        0.4049403965473175,
        0.40395018458366394,
        0.40222471952438354,
        0.407897412776947,
        0.35998183488845825,
        0.38376131653785706,
        0.426873117685318,
        0.4849936366081238,
        0.47070252895355225,
        0.4074563980102539,
        0.5287262201309204,
        0.47722142934799194,
        0.36444103717803955,
        0.38587135076522827,
        0.37548211216926575,
        0.3503131866455078,
        0.34648680686950684,
        0.3580135703086853,
        0.45943161845207214,
        0.39244821667671204,
        0.349256306886673,
        0.3686284124851227,
        0.37160545587539673,
        0.40224689245224,
        0.7449668645858765,
        0.6396039724349976,
        0.4460810720920563,
        0.4586741030216217
    ],
    "stu_train_acc": [
        0.9699999690055847,
        0.9699999690055847,
        0.9599999785423279,
        0.949999988079071,
        1.0,
        0.9699999690055847,
        0.9599999785423279,
        0.9799999594688416,
        0.9799999594688416,
        0.9799999594688416,
        0.949999988079071,
        0.9799999594688416,
        0.9199999570846558,
        0.9300000071525574,
        0.949999988079071,
        0.9799999594688416,
        0.9699999690055847,
        0.9899999499320984,
        0.8999999761581421,
        0.9799999594688416,
        0.9599999785423279,
        0.9599999785423279,
        0.9099999666213989,
        0.9799999594688416,
        0.949999988079071,
        0.9599999785423279,
        0.9699999690055847,
        0.945652186870575
    ],
    "stu_test_acc": [
        0.9799999594688416,
        0.9599999785423279,
        0.9799999594688416,
        0.9599999785423279,
        0.9300000071525574,
        0.9899999499320984,
        0.9300000071525574,
        0.949999988079071,
        0.9599999785423279,
        0.949999988079071,
        0.9599999785423279,
        0.949999988079071,
        0.949999988079071,
        0.9699999690055847,
        0.9300000071525574,
        0.9399999976158142,
        0.949999988079071,
        0.9399999976158142,
        0.9899999499320984,
        0.9300000071525574,
        0.8999999761581421,
        0.9300000071525574,
        0.9199999570846558,
        0.949999988079071,
        0.949999988079071,
        0.9300000071525574,
        0.949999988079071,
        0.9699999690055847,
        1.0,
        0.9099999666213989,
        0.9699999690055847,
        0.9699999690055847,
        0.949999988079071,
        0.9599999785423279,
        0.9799999594688416,
        0.9699999690055847,
        0.9300000071525574,
        0.9099999666213989,
        0.9099999666213989,
        0.9300000071525574,
        0.9399999976158142,
        0.9599999785423279,
        0.9399999976158142,
        0.9300000071525574,
        0.9399999976158142,
        0.9699999690055847,
        0.9799999594688416,
        0.9699999690055847,
        0.949999988079071,
        0.9799999594688416,
        1.0,
        0.9799999594688416,
        0.9799999594688416,
        1.0,
        1.0,
        1.0,
        0.949999988079071,
        0.9599999785423279,
        0.9799999594688416,
        0.9199999570846558,
        0.9300000071525574,
        0.9199999570846558,
        0.9899999499320984,
        1.0,
        0.9899999499320984,
        0.8899999856948853,
        0.9599999785423279,
        0.9699999690055847,
        0.9899999499320984,
        1.0,
        1.0,
        0.9799999594688416,
        0.9799999594688416,
        0.9699999690055847,
        0.9699999690055847,
        0.9799999594688416,
        1.0,
        0.9899999499320984,
        0.949999988079071,
        0.9399999976158142,
        0.9399999976158142,
        0.9799999594688416,
        0.9099999666213989,
        0.9599999785423279,
        0.9899999499320984,
        0.9799999594688416,
        0.9899999499320984,
        1.0,
        1.0,
        0.9899999499320984,
        0.9599999785423279,
        0.9899999499320984,
        1.0,
        0.9799999594688416,
        0.9899999499320984,
        0.9799999594688416,
        0.9099999666213989,
        0.9199999570846558,
        0.9599999785423279,
        0.9599999785423279
    ]
}