{
    "stu_train_loss": [
        0.07373490184545517,
        0.0833730474114418,
        0.07685025036334991,
        0.044126879423856735,
        0.09315545856952667,
        0.10741054266691208,
        0.05759209766983986,
        0.09015271812677383,
        0.1347716599702835,
        0.14538487792015076,
        0.15229643881320953,
        0.115972138941288,
        0.043338533490896225,
        0.21118198335170746,
        0.14080588519573212,
        0.12356708198785782,
        0.07801184803247452,
        0.07460976392030716,
        0.2570664882659912,
        0.13285619020462036,
        0.13442973792552948,
        0.1722773313522339,
        0.039827801287174225,
        0.11403822898864746,
        0.08429574966430664,
        0.03754163160920143,
        0.039496470242738724,
        0.04865405708551407
    ],
    "stu_test_loss": [
        0.4709678888320923,
        0.4196188449859619,
        0.4108044505119324,
        0.3996618688106537,
        0.47798895835876465,
        0.4139067232608795,
        0.4856308102607727,
        0.40839290618896484,
        0.4767204523086548,
        0.5189051032066345,
        0.41589632630348206,
        0.4473223388195038,
        0.4679655432701111,
        0.42481356859207153,
        0.44889989495277405,
        0.4364802837371826,
        0.4800949692726135,
        0.5262279510498047,
        0.4286502003669739,
        0.6105356216430664,
        0.6093380451202393,
        0.5532040596008301,
        0.5628616809844971,
        0.47988447546958923,
        0.48159095644950867,
        0.5413617491722107,
        0.41737160086631775,
        0.4840165376663208,
        0.40582311153411865,
        0.4427216351032257,
        0.4456245005130768,
        0.41139304637908936,
        0.4143948256969452,
        0.46598556637763977,
        0.4552463889122009,
        0.40928635001182556,
        0.42661052942276,
        0.6136529445648193,
        0.5831212997436523,
        0.4590214788913727,
        0.4856230616569519,
        0.4331795871257782,
        0.639035701751709,
        0.41315290331840515,
        0.41099441051483154,
        0.49602219462394714,
        0.43247541785240173,
        0.3866040110588074,
        0.48019343614578247,
        0.4324907660484314,
        0.34990018606185913,
        0.38675254583358765,
        0.3999095559120178,
        0.3597292900085449,
        0.3906129002571106,
        0.368182510137558,
        0.47286343574523926,
        0.4669269919395447,
        0.3861040771007538,
        0.6388651132583618,
        0.499026894569397,
        0.5132341384887695,
        0.37023264169692993,
        0.3782690465450287,
        0.3625980317592621,
        0.5900681614875793,
        0.4985480308532715,
        0.44803866744041443,
        0.3627910614013672,
        0.3585248291492462,
        0.3422541320323944,
        0.3664345443248749,
        0.3805118203163147,
        0.4093555212020874,
        0.424114465713501,
        0.3976424038410187,
        0.3575485348701477,
        0.38633301854133606,
        0.40069568157196045,
        0.46629154682159424,
        0.4653933048248291,
        0.4080043137073517,
        0.453982412815094,
        0.42210686206817627,
        0.36393600702285767,
        0.3672407269477844,
        0.35717645287513733,
        0.3595391511917114,
        0.3522011637687683,
        0.35586807131767273,
        0.46575799584388733,
        0.3803515136241913,
        0.3623683750629425,
        0.38327622413635254,
        0.37662893533706665,
        0.39905765652656555,
        0.7567833662033081,
        0.5472823977470398,
        0.37096282839775085,
        0.40957558155059814
    ],
    "stu_train_acc": [
        0.9899999499320984,
        0.9899999499320984,
        0.9799999594688416,
        0.9899999499320984,
        0.9599999785423279,
        0.9699999690055847,
        0.9899999499320984,
        0.949999988079071,
        0.9799999594688416,
        0.9699999690055847,
        0.949999988079071,
        0.9599999785423279,
        0.9899999499320984,
        0.9399999976158142,
        0.9799999594688416,
        0.9699999690055847,
        0.9699999690055847,
        0.9699999690055847,
        0.9300000071525574,
        0.949999988079071,
        0.949999988079071,
        0.949999988079071,
        0.9899999499320984,
        0.9799999594688416,
        0.9599999785423279,
        0.9899999499320984,
        0.9899999499320984,
        0.97826087474823
    ],
    "stu_test_acc": [
        0.949999988079071,
        0.9699999690055847,
        0.9899999499320984,
        0.9799999594688416,
        0.949999988079071,
        0.9699999690055847,
        0.949999988079071,
        0.9599999785423279,
        0.9599999785423279,
        0.9300000071525574,
        0.9599999785423279,
        0.9599999785423279,
        0.9599999785423279,
        0.9699999690055847,
        0.9799999594688416,
        0.949999988079071,
        0.9599999785423279,
        0.9599999785423279,
        0.9699999690055847,
        0.9199999570846558,
        0.9300000071525574,
        0.949999988079071,
        0.9300000071525574,
        0.9599999785423279,
        0.949999988079071,
        0.9099999666213989,
        0.9699999690055847,
        0.9300000071525574,
        0.9799999594688416,
        0.949999988079071,
        0.9799999594688416,
        0.9599999785423279,
        0.9799999594688416,
        0.9599999785423279,
        0.9799999594688416,
        0.9799999594688416,
        0.9599999785423279,
        0.949999988079071,
        0.9300000071525574,
        0.949999988079071,
        0.9599999785423279,
        0.9699999690055847,
        0.9300000071525574,
        0.9699999690055847,
        0.9799999594688416,
        0.9699999690055847,
        0.9599999785423279,
        0.9799999594688416,
        0.9599999785423279,
        0.9699999690055847,
        1.0,
        0.9899999499320984,
        0.9699999690055847,
        1.0,
        0.9899999499320984,
        1.0,
        0.9399999976158142,
        0.949999988079071,
        0.9899999499320984,
        0.9300000071525574,
        0.9599999785423279,
        0.9199999570846558,
        0.9899999499320984,
        0.9799999594688416,
        1.0,
        0.8799999952316284,
        0.9599999785423279,
        0.9799999594688416,
        1.0,
        1.0,
        1.0,
        0.9899999499320984,
        0.9899999499320984,
        0.9899999499320984,
        0.9699999690055847,
        0.9799999594688416,
        1.0,
        1.0,
        0.9899999499320984,
        0.949999988079071,
        0.949999988079071,
        0.9899999499320984,
        0.949999988079071,
        0.9799999594688416,
        1.0,
        0.9799999594688416,
        1.0,
        1.0,
        1.0,
        1.0,
        0.9599999785423279,
        0.9899999499320984,
        0.9899999499320984,
        0.9899999499320984,
        0.9899999499320984,
        0.9699999690055847,
        0.8700000047683716,
        0.9599999785423279,
        1.0,
        0.9799999594688416
    ]
}