{
    "stu_train_loss": [
        2.1716058254241943,
        2.142632484436035,
        2.1327555179595947,
        2.163822889328003,
        2.1618247032165527,
        2.128091812133789,
        2.1292994022369385,
        2.1473917961120605,
        2.1687002182006836,
        2.1425511837005615,
        2.1236486434936523,
        2.1279044151306152,
        2.14193058013916,
        2.1600286960601807,
        2.1313416957855225,
        2.136000394821167,
        2.1444547176361084,
        2.105074644088745,
        2.1354215145111084,
        2.111131429672241,
        2.1057815551757812,
        2.1362948417663574,
        2.1189582347869873,
        2.111069917678833,
        2.1120026111602783,
        2.138745069503784,
        2.1022064685821533,
        2.0832631587982178
    ],
    "stu_test_loss": [
        2.186924934387207,
        2.194164752960205,
        2.1935458183288574,
        2.1779518127441406,
        2.211535930633545,
        2.233170986175537,
        2.218979597091675,
        2.1816771030426025,
        2.2153663635253906,
        2.1828255653381348,
        2.1970889568328857,
        2.229945182800293,
        2.2178781032562256,
        2.1804518699645996,
        2.236783981323242,
        2.2209463119506836,
        2.2137362957000732,
        2.186573028564453,
        2.1895408630371094,
        2.22163987159729,
        2.218881368637085,
        2.2340662479400635,
        2.1836509704589844,
        2.187760591506958,
        2.2267985343933105,
        2.2002973556518555,
        2.2264299392700195,
        2.2070136070251465,
        2.2082812786102295,
        2.227109670639038,
        2.204467535018921,
        2.219444751739502,
        2.1832475662231445,
        2.237414598464966,
        2.184896469116211,
        2.2269203662872314,
        2.189976692199707,
        2.222538471221924,
        2.246309518814087,
        2.2166292667388916,
        2.1893365383148193,
        2.197469711303711,
        2.222763776779175,
        2.224857807159424,
        2.2508585453033447,
        2.201857089996338,
        2.197587490081787,
        2.213472604751587,
        2.2099790573120117,
        2.192140817642212,
        2.184614896774292,
        2.2042622566223145,
        2.1935815811157227,
        2.1791818141937256,
        2.1669764518737793,
        2.166804790496826,
        2.183490037918091,
        2.2099087238311768,
        2.2105422019958496,
        2.197253942489624,
        2.1979355812072754,
        2.1951591968536377,
        2.18703293800354,
        2.176590919494629,
        2.185089588165283,
        2.2199888229370117,
        2.200498580932617,
        2.2128753662109375,
        2.1823716163635254,
        2.1738638877868652,
        2.179926633834839,
        2.19126296043396,
        2.183603525161743,
        2.1754724979400635,
        2.2194132804870605,
        2.2071022987365723,
        2.1908016204833984,
        2.209871292114258,
        2.1997458934783936,
        2.1959927082061768,
        2.198000907897949,
        2.2200489044189453,
        2.235416889190674,
        2.230410099029541,
        2.1928181648254395,
        2.185466766357422,
        2.179168224334717,
        2.1575918197631836,
        2.197269916534424,
        2.1977367401123047,
        2.216583490371704,
        2.1964643001556396,
        2.2049829959869385,
        2.1964657306671143,
        2.188143491744995,
        2.18973708152771,
        2.2262895107269287,
        2.218888759613037,
        2.2141783237457275,
        2.2011053562164307
    ],
    "stu_train_acc": [
        0.3700000047683716,
        0.4099999964237213,
        0.429999977350235,
        0.3400000035762787,
        0.3499999940395355,
        0.4399999976158142,
        0.44999998807907104,
        0.41999998688697815,
        0.3700000047683716,
        0.3999999761581421,
        0.4899999797344208,
        0.41999998688697815,
        0.3499999940395355,
        0.3199999928474426,
        0.4699999988079071,
        0.32999998331069946,
        0.3799999952316284,
        0.4399999976158142,
        0.3799999952316284,
        0.5099999904632568,
        0.3499999940395355,
        0.35999998450279236,
        0.38999998569488525,
        0.3799999952316284,
        0.41999998688697815,
        0.38999998569488525,
        0.35999998450279236,
        0.42391306161880493
    ],
    "stu_test_acc": [
        0.47999998927116394,
        0.38999998569488525,
        0.47999998927116394,
        0.5099999904632568,
        0.4399999976158142,
        0.41999998688697815,
        0.3999999761581421,
        0.4899999797344208,
        0.44999998807907104,
        0.4599999785423279,
        0.44999998807907104,
        0.2800000011920929,
        0.41999998688697815,
        0.5099999904632568,
        0.4099999964237213,
        0.3799999952316284,
        0.4899999797344208,
        0.429999977350235,
        0.4599999785423279,
        0.4099999964237213,
        0.3999999761581421,
        0.3400000035762787,
        0.4699999988079071,
        0.5199999809265137,
        0.3799999952316284,
        0.38999998569488525,
        0.4399999976158142,
        0.4699999988079071,
        0.38999998569488525,
        0.5,
        0.41999998688697815,
        0.429999977350235,
        0.47999998927116394,
        0.35999998450279236,
        0.4599999785423279,
        0.3999999761581421,
        0.44999998807907104,
        0.3799999952316284,
        0.4099999964237213,
        0.38999998569488525,
        0.3799999952316284,
        0.4099999964237213,
        0.429999977350235,
        0.38999998569488525,
        0.32999998331069946,
        0.4599999785423279,
        0.44999998807907104,
        0.3999999761581421,
        0.35999998450279236,
        0.3999999761581421,
        0.41999998688697815,
        0.3700000047683716,
        0.5199999809265137,
        0.550000011920929,
        0.47999998927116394,
        0.5399999618530273,
        0.44999998807907104,
        0.47999998927116394,
        0.429999977350235,
        0.4099999964237213,
        0.4599999785423279,
        0.4599999785423279,
        0.5299999713897705,
        0.5,
        0.5299999713897705,
        0.38999998569488525,
        0.3799999952316284,
        0.4599999785423279,
        0.5399999618530273,
        0.47999998927116394,
        0.47999998927116394,
        0.47999998927116394,
        0.5099999904632568,
        0.5,
        0.3700000047683716,
        0.3199999928474426,
        0.5299999713897705,
        0.5,
        0.4699999988079071,
        0.44999998807907104,
        0.4699999988079071,
        0.3700000047683716,
        0.429999977350235,
        0.4099999964237213,
        0.41999998688697815,
        0.5099999904632568,
        0.5299999713897705,
        0.5699999928474426,
        0.5,
        0.429999977350235,
        0.41999998688697815,
        0.429999977350235,
        0.3700000047683716,
        0.35999998450279236,
        0.4399999976158142,
        0.47999998927116394,
        0.3999999761581421,
        0.35999998450279236,
        0.3400000035762787,
        0.4099999964237213
    ]
}