{
    "stu_train_loss": [
        0.4784683883190155,
        0.45489975810050964,
        0.5185812711715698,
        0.48583292961120605,
        0.4748977720737457,
        0.46446868777275085,
        0.4367556869983673,
        0.4659067988395691,
        0.37145382165908813,
        0.5001046061515808,
        0.4937227964401245,
        0.47992220520973206,
        0.5218622088432312,
        0.35788726806640625,
        0.3756871521472931,
        0.566983699798584,
        0.4680730700492859,
        0.40435782074928284,
        0.5100982189178467,
        0.41901329159736633,
        0.46688228845596313,
        0.41746360063552856,
        0.5999443531036377,
        0.4743848145008087,
        0.43220460414886475,
        0.5098173022270203,
        0.4609598219394684,
        0.41373854875564575
    ],
    "stu_test_loss": [
        0.6476753950119019,
        0.6079813838005066,
        0.7016952633857727,
        0.6520315408706665,
        0.7414402365684509,
        0.7102047801017761,
        0.7095494866371155,
        0.6670041084289551,
        0.6716887950897217,
        0.6983844041824341,
        0.6588945388793945,
        0.7963868379592896,
        0.7402161359786987,
        0.603561520576477,
        0.6884068250656128,
        0.6909074187278748,
        0.6967436075210571,
        0.6880379915237427,
        0.6438712477684021,
        0.7141709923744202,
        0.759601354598999,
        0.8223687410354614,
        0.6715853214263916,
        0.6260425448417664,
        0.640099823474884,
        0.7894977331161499,
        0.7058842778205872,
        0.6534076929092407,
        0.6491433382034302,
        0.7800607085227966,
        0.6698678135871887,
        0.742563784122467,
        0.6450097560882568,
        0.7375777363777161,
        0.6134126782417297,
        0.7512639164924622,
        0.5719658136367798,
        0.7673656940460205,
        0.7640615701675415,
        0.6800082921981812,
        0.7040425539016724,
        0.6915279030799866,
        0.7706109285354614,
        0.6634199619293213,
        0.7289106845855713,
        0.7157742977142334,
        0.6099510192871094,
        0.7045188546180725,
        0.6849928498268127,
        0.6645655632019043,
        0.5004886388778687,
        0.6251962780952454,
        0.5875483751296997,
        0.5059812068939209,
        0.5187596082687378,
        0.5709625482559204,
        0.660144567489624,
        0.6562697887420654,
        0.6041561365127563,
        0.6654587984085083,
        0.6858891844749451,
        0.8332146406173706,
        0.5487070679664612,
        0.49508410692214966,
        0.552299976348877,
        0.9531582593917847,
        0.7280233502388,
        0.7441636323928833,
        0.5464550852775574,
        0.535009503364563,
        0.4990772604942322,
        0.5405642986297607,
        0.5950883626937866,
        0.5361887812614441,
        0.6867180466651917,
        0.6681909561157227,
        0.5506842136383057,
        0.5972194075584412,
        0.6235706210136414,
        0.6468566060066223,
        0.6207072138786316,
        0.6480879187583923,
        0.7957096695899963,
        0.7641230225563049,
        0.6127102375030518,
        0.5443856716156006,
        0.49856168031692505,
        0.4850693345069885,
        0.5066993236541748,
        0.52813321352005,
        0.760219395160675,
        0.5618583559989929,
        0.5429180860519409,
        0.554266095161438,
        0.5367191433906555,
        0.6513230204582214,
        0.9941436648368835,
        0.69638991355896,
        0.6105771660804749,
        0.5759710073471069
    ],
    "stu_train_acc": [
        0.8999999761581421,
        0.9300000071525574,
        0.8799999952316284,
        0.8899999856948853,
        0.9300000071525574,
        0.9199999570846558,
        0.949999988079071,
        0.9199999570846558,
        0.949999988079071,
        0.8799999952316284,
        0.8700000047683716,
        0.9300000071525574,
        0.8700000047683716,
        0.9399999976158142,
        0.949999988079071,
        0.8799999952316284,
        0.8700000047683716,
        0.9099999666213989,
        0.8499999642372131,
        0.9300000071525574,
        0.8700000047683716,
        0.9300000071525574,
        0.8999999761581421,
        0.8799999952316284,
        0.949999988079071,
        0.8999999761581421,
        0.9300000071525574,
        0.945652186870575
    ],
    "stu_test_acc": [
        0.9099999666213989,
        0.9099999666213989,
        0.8899999856948853,
        0.9099999666213989,
        0.8299999833106995,
        0.9399999976158142,
        0.8999999761581421,
        0.9199999570846558,
        0.9399999976158142,
        0.8799999952316284,
        0.8799999952316284,
        0.8499999642372131,
        0.8899999856948853,
        0.949999988079071,
        0.85999995470047,
        0.9300000071525574,
        0.8999999761581421,
        0.9399999976158142,
        0.9199999570846558,
        0.8899999856948853,
        0.8499999642372131,
        0.8499999642372131,
        0.9199999570846558,
        0.9399999976158142,
        0.9199999570846558,
        0.8299999833106995,
        0.8499999642372131,
        0.8899999856948853,
        0.9099999666213989,
        0.85999995470047,
        0.9300000071525574,
        0.8499999642372131,
        0.9300000071525574,
        0.8799999952316284,
        0.9300000071525574,
        0.8399999737739563,
        0.949999988079071,
        0.8499999642372131,
        0.8499999642372131,
        0.9300000071525574,
        0.8999999761581421,
        0.9099999666213989,
        0.8899999856948853,
        0.8999999761581421,
        0.85999995470047,
        0.8799999952316284,
        0.9099999666213989,
        0.85999995470047,
        0.8999999761581421,
        0.8999999761581421,
        0.9899999499320984,
        0.9099999666213989,
        0.9599999785423279,
        0.9899999499320984,
        0.9799999594688416,
        0.9399999976158142,
        0.9099999666213989,
        0.9300000071525574,
        0.9699999690055847,
        0.9099999666213989,
        0.9599999785423279,
        0.9199999570846558,
        0.9300000071525574,
        0.9799999594688416,
        0.9699999690055847,
        0.8100000023841858,
        0.8799999952316284,
        0.8999999761581421,
        0.9699999690055847,
        0.949999988079071,
        0.9899999499320984,
        0.9599999785423279,
        0.9300000071525574,
        0.9599999785423279,
        0.9199999570846558,
        0.8799999952316284,
        0.949999988079071,
        0.949999988079071,
        0.9199999570846558,
        0.9399999976158142,
        0.9300000071525574,
        0.9300000071525574,
        0.8899999856948853,
        0.8999999761581421,
        0.9300000071525574,
        0.9599999785423279,
        0.9799999594688416,
        0.9899999499320984,
        0.9899999499320984,
        0.9799999594688416,
        0.8399999737739563,
        0.9599999785423279,
        0.9300000071525574,
        0.9300000071525574,
        0.9699999690055847,
        0.9199999570846558,
        0.8199999928474426,
        0.9300000071525574,
        0.949999988079071,
        0.949999988079071
    ]
}