{
    "stu_train_loss": [
        0.1889863759279251,
        0.1305333375930786,
        0.17337746918201447,
        0.2790006697177887,
        0.14288508892059326,
        0.07346031814813614,
        0.17029964923858643,
        0.1846444308757782,
        0.18253055214881897,
        0.1916620284318924,
        0.19525764882564545,
        0.1383839249610901,
        0.1618262529373169,
        0.22773590683937073,
        0.2144746631383896,
        0.16095475852489471,
        0.16066737473011017,
        0.17038868367671967,
        0.15766125917434692,
        0.17458675801753998,
        0.23449204862117767,
        0.2481856346130371,
        0.1539454311132431,
        0.2456333339214325,
        0.19364137947559357,
        0.11703985184431076,
        0.13731810450553894,
        0.1953926533460617
    ],
    "stu_test_loss": [
        0.5278764963150024,
        0.4760727882385254,
        0.5130903720855713,
        0.5448958277702332,
        0.7017143964767456,
        0.4721028506755829,
        0.5741466283798218,
        0.5506792068481445,
        0.5140643119812012,
        0.5415652990341187,
        0.45997029542922974,
        0.5338567495346069,
        0.5420284867286682,
        0.49590665102005005,
        0.5603868961334229,
        0.5121455788612366,
        0.5902481079101562,
        0.5730946063995361,
        0.4502726197242737,
        0.5388302803039551,
        0.598845362663269,
        0.7590656280517578,
        0.5696898698806763,
        0.5185294151306152,
        0.547982931137085,
        0.5661519169807434,
        0.5338640213012695,
        0.48772990703582764,
        0.4429537355899811,
        0.5443754196166992,
        0.49639177322387695,
        0.5074336528778076,
        0.5252991318702698,
        0.572972297668457,
        0.4452464282512665,
        0.5301386117935181,
        0.4967242181301117,
        0.7190762758255005,
        0.6233054399490356,
        0.5123916864395142,
        0.49131718277931213,
        0.6017769575119019,
        0.6501904726028442,
        0.5438566207885742,
        0.504366397857666,
        0.4703250229358673,
        0.49286144971847534,
        0.5318294763565063,
        0.5105571150779724,
        0.5496180653572083,
        0.3552473187446594,
        0.4766976833343506,
        0.40330907702445984,
        0.3384157717227936,
        0.37610721588134766,
        0.4401683807373047,
        0.6501336097717285,
        0.4580179452896118,
        0.4914763569831848,
        0.6432849168777466,
        0.6405224204063416,
        0.6810300350189209,
        0.3789239525794983,
        0.3787461221218109,
        0.39319372177124023,
        0.7137618064880371,
        0.500385046005249,
        0.5106386542320251,
        0.4055805206298828,
        0.37270107865333557,
        0.35841789841651917,
        0.3705234229564667,
        0.482336163520813,
        0.40181246399879456,
        0.46075573563575745,
        0.45801639556884766,
        0.42069411277770996,
        0.4064607322216034,
        0.42976999282836914,
        0.5015735626220703,
        0.5346769094467163,
        0.4775937795639038,
        0.6323513984680176,
        0.6235053539276123,
        0.37952277064323425,
        0.4097430109977722,
        0.37000471353530884,
        0.3394758701324463,
        0.3723248541355133,
        0.38508132100105286,
        0.6079906225204468,
        0.41117390990257263,
        0.4132125675678253,
        0.38937896490097046,
        0.3957365155220032,
        0.4879516363143921,
        0.7794227600097656,
        0.7053327560424805,
        0.5611692070960999,
        0.480366587638855
    ],
    "stu_train_acc": [
        0.9599999785423279,
        0.9799999594688416,
        0.9599999785423279,
        0.9199999570846558,
        0.949999988079071,
        1.0,
        0.9699999690055847,
        0.9399999976158142,
        0.9399999976158142,
        0.9399999976158142,
        0.949999988079071,
        0.9799999594688416,
        0.9699999690055847,
        0.9599999785423279,
        0.9300000071525574,
        0.949999988079071,
        0.949999988079071,
        0.9399999976158142,
        0.949999988079071,
        0.9399999976158142,
        0.9399999976158142,
        0.9199999570846558,
        0.9599999785423279,
        0.9300000071525574,
        0.9399999976158142,
        0.9699999690055847,
        0.9699999690055847,
        0.967391312122345
    ],
    "stu_test_acc": [
        0.9199999570846558,
        0.949999988079071,
        0.9199999570846558,
        0.9099999666213989,
        0.8700000047683716,
        0.949999988079071,
        0.9300000071525574,
        0.9199999570846558,
        0.949999988079071,
        0.9099999666213989,
        0.9699999690055847,
        0.9399999976158142,
        0.9300000071525574,
        0.9399999976158142,
        0.9099999666213989,
        0.9399999976158142,
        0.9099999666213989,
        0.8899999856948853,
        0.9599999785423279,
        0.949999988079071,
        0.8799999952316284,
        0.8700000047683716,
        0.9199999570846558,
        0.9300000071525574,
        0.9399999976158142,
        0.9099999666213989,
        0.9199999570846558,
        0.9399999976158142,
        0.9599999785423279,
        0.9099999666213989,
        0.949999988079071,
        0.9399999976158142,
        0.8799999952316284,
        0.9300000071525574,
        0.9599999785423279,
        0.9199999570846558,
        0.9300000071525574,
        0.8799999952316284,
        0.9399999976158142,
        0.9399999976158142,
        0.9399999976158142,
        0.8999999761581421,
        0.9300000071525574,
        0.9399999976158142,
        0.9300000071525574,
        0.9599999785423279,
        0.9300000071525574,
        0.9300000071525574,
        0.9300000071525574,
        0.9300000071525574,
        1.0,
        0.9599999785423279,
        0.9699999690055847,
        1.0,
        0.9899999499320984,
        0.9599999785423279,
        0.8899999856948853,
        0.9300000071525574,
        0.9099999666213989,
        0.8899999856948853,
        0.8999999761581421,
        0.9099999666213989,
        0.9699999690055847,
        0.9799999594688416,
        0.9799999594688416,
        0.8700000047683716,
        0.9599999785423279,
        0.9399999976158142,
        0.9699999690055847,
        0.9899999499320984,
        1.0,
        0.9899999499320984,
        0.949999988079071,
        0.9799999594688416,
        0.9599999785423279,
        0.9399999976158142,
        0.9799999594688416,
        0.9799999594688416,
        0.9599999785423279,
        0.949999988079071,
        0.9300000071525574,
        0.9399999976158142,
        0.8999999761581421,
        0.8899999856948853,
        0.9899999499320984,
        0.9699999690055847,
        0.9899999499320984,
        0.9899999499320984,
        0.9899999499320984,
        0.9799999594688416,
        0.8799999952316284,
        0.9699999690055847,
        0.9699999690055847,
        0.9899999499320984,
        0.9699999690055847,
        0.9399999976158142,
        0.8499999642372131,
        0.8799999952316284,
        0.9099999666213989,
        0.9399999976158142
    ]
}