{
    "stu_train_loss": [
        0.36173027753829956,
        0.35637763142585754,
        0.35174015164375305,
        0.3987404704093933,
        0.299686461687088,
        0.34696388244628906,
        0.35274699330329895,
        0.4409143030643463,
        0.3015457093715668,
        0.3326914608478546,
        0.25411567091941833,
        0.4000950753688812,
        0.4080202877521515,
        0.44099318981170654,
        0.37092703580856323,
        0.3813721835613251,
        0.3678019046783447,
        0.3314458131790161,
        0.3575402498245239,
        0.3330875635147095,
        0.30176928639411926,
        0.4309172034263611,
        0.4839532971382141,
        0.3774370551109314,
        0.4761609733104706,
        0.2915738523006439,
        0.3913680613040924,
        0.33011487126350403
    ],
    "stu_test_loss": [
        0.5809601545333862,
        0.5870367288589478,
        0.6447041034698486,
        0.6385064125061035,
        0.6938320398330688,
        0.6263747215270996,
        0.7186658978462219,
        0.6802284121513367,
        0.6078005433082581,
        0.7105882167816162,
        0.6701469421386719,
        0.6950169205665588,
        0.7606202363967896,
        0.6162833571434021,
        0.692294180393219,
        0.5976362824440002,
        0.6968421339988708,
        0.6827428936958313,
        0.5988002419471741,
        0.6947655081748962,
        0.7994464635848999,
        0.7761224508285522,
        0.6223539113998413,
        0.6407606601715088,
        0.6310958862304688,
        0.7152649760246277,
        0.6360920667648315,
        0.6545994281768799,
        0.5875328183174133,
        0.793494462966919,
        0.6223156452178955,
        0.655624270439148,
        0.643823504447937,
        0.6530941724777222,
        0.5784360766410828,
        0.7006864547729492,
        0.561663031578064,
        0.792954683303833,
        0.6476976275444031,
        0.6249232292175293,
        0.6557897925376892,
        0.6679906845092773,
        0.7223395705223083,
        0.6626402735710144,
        0.7030627727508545,
        0.6364157199859619,
        0.5964648723602295,
        0.6942398548126221,
        0.6584951281547546,
        0.6555393934249878,
        0.472603976726532,
        0.5819091200828552,
        0.5249992609024048,
        0.4826774597167969,
        0.4386211335659027,
        0.5017343759536743,
        0.5751516819000244,
        0.5984055399894714,
        0.5546613931655884,
        0.7370360493659973,
        0.7043586373329163,
        0.7201725840568542,
        0.47150981426239014,
        0.48478013277053833,
        0.5098004937171936,
        0.9459525346755981,
        0.6569385528564453,
        0.6259872317314148,
        0.5107337236404419,
        0.5240275859832764,
        0.4919872581958771,
        0.5022644400596619,
        0.5760634541511536,
        0.5416048765182495,
        0.6479924917221069,
        0.5699871778488159,
        0.4945470094680786,
        0.530580997467041,
        0.5605973601341248,
        0.5402086973190308,
        0.6508098840713501,
        0.6145336031913757,
        0.729196310043335,
        0.6274629831314087,
        0.5499126315116882,
        0.5242114663124084,
        0.49132785201072693,
        0.4566991925239563,
        0.49676841497421265,
        0.46843594312667847,
        0.6738142967224121,
        0.5473964810371399,
        0.47543346881866455,
        0.4996337294578552,
        0.5316271781921387,
        0.6444675922393799,
        0.9098677635192871,
        0.7084633708000183,
        0.6897268295288086,
        0.5856536626815796
    ],
    "stu_train_acc": [
        0.9300000071525574,
        0.9599999785423279,
        0.9599999785423279,
        0.8899999856948853,
        0.9599999785423279,
        0.9199999570846558,
        0.9300000071525574,
        0.8799999952316284,
        0.949999988079071,
        0.9199999570846558,
        0.9799999594688416,
        0.9199999570846558,
        0.9199999570846558,
        0.85999995470047,
        0.8899999856948853,
        0.8999999761581421,
        0.9199999570846558,
        0.9599999785423279,
        0.8999999761581421,
        0.949999988079071,
        0.9399999976158142,
        0.8899999856948853,
        0.8999999761581421,
        0.8899999856948853,
        0.8700000047683716,
        0.9699999690055847,
        0.8999999761581421,
        0.9239130616188049
    ],
    "stu_test_acc": [
        0.9199999570846558,
        0.9399999976158142,
        0.8999999761581421,
        0.9099999666213989,
        0.8499999642372131,
        0.949999988079071,
        0.8899999856948853,
        0.9300000071525574,
        0.9300000071525574,
        0.8700000047683716,
        0.8799999952316284,
        0.8799999952316284,
        0.8199999928474426,
        0.9199999570846558,
        0.8799999952316284,
        0.9399999976158142,
        0.8999999761581421,
        0.8899999856948853,
        0.8999999761581421,
        0.8999999761581421,
        0.8100000023841858,
        0.8499999642372131,
        0.9099999666213989,
        0.9199999570846558,
        0.9099999666213989,
        0.9099999666213989,
        0.9199999570846558,
        0.8799999952316284,
        0.9300000071525574,
        0.8199999928474426,
        0.9300000071525574,
        0.85999995470047,
        0.8700000047683716,
        0.9099999666213989,
        0.9399999976158142,
        0.8700000047683716,
        0.8999999761581421,
        0.8399999737739563,
        0.9199999570846558,
        0.9300000071525574,
        0.8899999856948853,
        0.8799999952316284,
        0.8700000047683716,
        0.8899999856948853,
        0.8899999856948853,
        0.9399999976158142,
        0.9199999570846558,
        0.8499999642372131,
        0.9099999666213989,
        0.8999999761581421,
        0.9599999785423279,
        0.9399999976158142,
        0.9599999785423279,
        0.9699999690055847,
        1.0,
        0.9699999690055847,
        0.9399999976158142,
        0.9199999570846558,
        0.949999988079071,
        0.8700000047683716,
        0.8999999761581421,
        0.8799999952316284,
        0.9799999594688416,
        0.9699999690055847,
        0.9699999690055847,
        0.7199999690055847,
        0.9099999666213989,
        0.8899999856948853,
        0.9599999785423279,
        0.949999988079071,
        0.9899999499320984,
        0.9599999785423279,
        0.9199999570846558,
        0.9699999690055847,
        0.8999999761581421,
        0.9300000071525574,
        0.9599999785423279,
        0.9599999785423279,
        0.9399999976158142,
        0.9599999785423279,
        0.8799999952316284,
        0.9199999570846558,
        0.85999995470047,
        0.9099999666213989,
        0.9399999976158142,
        0.9599999785423279,
        0.9799999594688416,
        0.9699999690055847,
        0.9699999690055847,
        0.9799999594688416,
        0.8899999856948853,
        0.9599999785423279,
        0.9899999499320984,
        0.949999988079071,
        0.949999988079071,
        0.9099999666213989,
        0.8399999737739563,
        0.8899999856948853,
        0.8799999952316284,
        0.8899999856948853
    ]
}