{
    "stu_train_loss": [
        0.18211063742637634,
        0.07284501194953918,
        0.11976093053817749,
        0.11348190903663635,
        0.16480420529842377,
        0.1974608600139618,
        0.14858002960681915,
        0.1774991750717163,
        0.2308548092842102,
        0.11712509393692017,
        0.1922522932291031,
        0.07870218902826309,
        0.15811902284622192,
        0.18683555722236633,
        0.08056655526161194,
        0.09765207022428513,
        0.09964347630739212,
        0.15368562936782837,
        0.14402109384536743,
        0.08541114628314972,
        0.08780990540981293,
        0.2722761929035187,
        0.14917774498462677,
        0.15700852870941162,
        0.21053184568881989,
        0.1498052328824997,
        0.12912555038928986,
        0.17843575775623322
    ],
    "stu_test_loss": [
        0.4555445611476898,
        0.4265308380126953,
        0.4585031270980835,
        0.4671700894832611,
        0.5416085720062256,
        0.48857319355010986,
        0.49926602840423584,
        0.44009798765182495,
        0.5024489760398865,
        0.4830082058906555,
        0.4121515154838562,
        0.5635923147201538,
        0.5315191745758057,
        0.3984493017196655,
        0.4717666506767273,
        0.4870073199272156,
        0.5631188750267029,
        0.5371177196502686,
        0.48283690214157104,
        0.5630760192871094,
        0.5451232194900513,
        0.5638126134872437,
        0.5248686075210571,
        0.5501866340637207,
        0.45661431550979614,
        0.5746221542358398,
        0.4878123700618744,
        0.5033062696456909,
        0.432439386844635,
        0.49917712807655334,
        0.46493980288505554,
        0.43346336483955383,
        0.42146462202072144,
        0.5211960077285767,
        0.48629575967788696,
        0.4481308162212372,
        0.46782219409942627,
        0.5866148471832275,
        0.6091043949127197,
        0.48444855213165283,
        0.5071293711662292,
        0.4702499210834503,
        0.556204080581665,
        0.4264390766620636,
        0.453050434589386,
        0.4935985505580902,
        0.4207119643688202,
        0.44898757338523865,
        0.4583832025527954,
        0.42584362626075745,
        0.34182417392730713,
        0.42900705337524414,
        0.41352054476737976,
        0.3454849123954773,
        0.3589663505554199,
        0.38959890604019165,
        0.5321190357208252,
        0.4233754277229309,
        0.4626673460006714,
        0.5797193050384521,
        0.5314359068870544,
        0.5750218033790588,
        0.3514688014984131,
        0.34770500659942627,
        0.39631208777427673,
        0.6800501346588135,
        0.525251030921936,
        0.4706321358680725,
        0.36682260036468506,
        0.35762205719947815,
        0.34369415044784546,
        0.3572885990142822,
        0.4676385521888733,
        0.4256787896156311,
        0.4167160391807556,
        0.426272451877594,
        0.34994804859161377,
        0.39972978830337524,
        0.4163438081741333,
        0.47379863262176514,
        0.4343806505203247,
        0.42937400937080383,
        0.563592791557312,
        0.5442643761634827,
        0.37328076362609863,
        0.3693070411682129,
        0.3500676155090332,
        0.3433123528957367,
        0.35041844844818115,
        0.35732415318489075,
        0.5135074853897095,
        0.3974035978317261,
        0.36159059405326843,
        0.3684785068035126,
        0.363244891166687,
        0.40772026777267456,
        0.7431704998016357,
        0.5002555847167969,
        0.3940584063529968,
        0.3978753089904785
    ],
    "stu_train_acc": [
        0.949999988079071,
        0.9799999594688416,
        0.949999988079071,
        0.9699999690055847,
        0.949999988079071,
        0.9599999785423279,
        0.9699999690055847,
        0.9399999976158142,
        0.949999988079071,
        0.9599999785423279,
        0.949999988079071,
        0.9899999499320984,
        0.9699999690055847,
        0.949999988079071,
        0.9799999594688416,
        0.9799999594688416,
        0.9699999690055847,
        0.9699999690055847,
        0.9599999785423279,
        0.9799999594688416,
        0.9899999499320984,
        0.9099999666213989,
        0.9699999690055847,
        0.949999988079071,
        0.9300000071525574,
        0.949999988079071,
        0.9699999690055847,
        0.95652174949646
    ],
    "stu_test_acc": [
        0.9599999785423279,
        0.9799999594688416,
        0.949999988079071,
        0.9599999785423279,
        0.9399999976158142,
        0.9599999785423279,
        0.949999988079071,
        0.9599999785423279,
        0.9399999976158142,
        0.949999988079071,
        0.9699999690055847,
        0.8999999761581421,
        0.949999988079071,
        0.9799999594688416,
        0.9599999785423279,
        0.949999988079071,
        0.9300000071525574,
        0.9399999976158142,
        0.949999988079071,
        0.9399999976158142,
        0.9099999666213989,
        0.9399999976158142,
        0.9300000071525574,
        0.949999988079071,
        0.9599999785423279,
        0.9099999666213989,
        0.9099999666213989,
        0.9599999785423279,
        0.949999988079071,
        0.9300000071525574,
        0.9899999499320984,
        0.9699999690055847,
        0.9699999690055847,
        0.9599999785423279,
        0.9599999785423279,
        0.949999988079071,
        0.9599999785423279,
        0.9199999570846558,
        0.9599999785423279,
        0.949999988079071,
        0.949999988079071,
        0.9599999785423279,
        0.949999988079071,
        0.9699999690055847,
        0.9799999594688416,
        0.9699999690055847,
        0.9899999499320984,
        0.9599999785423279,
        0.9699999690055847,
        0.9699999690055847,
        1.0,
        0.9799999594688416,
        0.9599999785423279,
        1.0,
        1.0,
        0.9799999594688416,
        0.9199999570846558,
        0.9799999594688416,
        0.949999988079071,
        0.9399999976158142,
        0.949999988079071,
        0.8999999761581421,
        1.0,
        1.0,
        0.9899999499320984,
        0.8799999952316284,
        0.9300000071525574,
        0.9799999594688416,
        0.9899999499320984,
        0.9899999499320984,
        0.9899999499320984,
        1.0,
        0.949999988079071,
        0.9699999690055847,
        0.9699999690055847,
        0.9899999499320984,
        1.0,
        0.9899999499320984,
        0.9799999594688416,
        0.9300000071525574,
        0.9599999785423279,
        0.9599999785423279,
        0.9199999570846558,
        0.949999988079071,
        0.9799999594688416,
        0.9899999499320984,
        1.0,
        1.0,
        0.9899999499320984,
        0.9899999499320984,
        0.9399999976158142,
        0.9799999594688416,
        0.9899999499320984,
        0.9899999499320984,
        0.9899999499320984,
        0.9699999690055847,
        0.8999999761581421,
        0.9399999976158142,
        0.9799999594688416,
        0.9799999594688416
    ]
}