{
    "stu_train_loss": [
        0.11273952573537827,
        0.07577750086784363,
        0.13636955618858337,
        0.09068070352077484,
        0.2203182727098465,
        0.14736008644104004,
        0.1588713824748993,
        0.07757562398910522,
        0.28275927901268005,
        0.19129875302314758,
        0.10459044575691223,
        0.10781624913215637,
        0.11450602859258652,
        0.19450795650482178,
        0.09228778630495071,
        0.09066533297300339,
        0.15268290042877197,
        0.09189114719629288,
        0.1516837626695633,
        0.16754280030727386,
        0.1753583550453186,
        0.13692313432693481,
        0.23100730776786804,
        0.09357288479804993,
        0.19123688340187073,
        0.12185537070035934,
        0.2007816731929779,
        0.1400219053030014
    ],
    "stu_test_loss": [
        0.45542818307876587,
        0.4239766597747803,
        0.44184741377830505,
        0.5044161677360535,
        0.54908686876297,
        0.4384515881538391,
        0.5742084980010986,
        0.5211082100868225,
        0.4680332541465759,
        0.5635483860969543,
        0.4410216808319092,
        0.46509885787963867,
        0.5793508291244507,
        0.4772109091281891,
        0.4562442898750305,
        0.4494173228740692,
        0.5477702617645264,
        0.5408371090888977,
        0.48047125339508057,
        0.5933842658996582,
        0.6034979820251465,
        0.6707993745803833,
        0.5671652555465698,
        0.49570968747138977,
        0.46661704778671265,
        0.5044751763343811,
        0.5080104470252991,
        0.5432438850402832,
        0.438345730304718,
        0.5448507070541382,
        0.511587917804718,
        0.5000448226928711,
        0.4573984742164612,
        0.5087591409683228,
        0.4944172501564026,
        0.47321638464927673,
        0.4172170162200928,
        0.6807107925415039,
        0.5444247722625732,
        0.512008547782898,
        0.4846816062927246,
        0.4663534462451935,
        0.6096983551979065,
        0.46796971559524536,
        0.4978519678115845,
        0.49906420707702637,
        0.43593037128448486,
        0.47821563482284546,
        0.4959511160850525,
        0.47968798875808716,
        0.3488408625125885,
        0.41623473167419434,
        0.41201603412628174,
        0.36161139607429504,
        0.35004952549934387,
        0.39598798751831055,
        0.43657857179641724,
        0.4346984028816223,
        0.43821200728416443,
        0.7095407247543335,
        0.49973008036613464,
        0.48670750856399536,
        0.373526006937027,
        0.3560277223587036,
        0.35450202226638794,
        0.6427914500236511,
        0.48183345794677734,
        0.46609917283058167,
        0.3633144795894623,
        0.36165961623191833,
        0.3588789403438568,
        0.3746420741081238,
        0.40229156613349915,
        0.40021997690200806,
        0.45280489325523376,
        0.41389021277427673,
        0.35500001907348633,
        0.41959741711616516,
        0.4627607464790344,
        0.517435610294342,
        0.5308219790458679,
        0.4543082118034363,
        0.5234290361404419,
        0.48956143856048584,
        0.3880772888660431,
        0.41059020161628723,
        0.3811902403831482,
        0.3538496792316437,
        0.35851943492889404,
        0.35300812125205994,
        0.4861408472061157,
        0.3950956165790558,
        0.3550674319267273,
        0.3669140338897705,
        0.37834855914115906,
        0.42995524406433105,
        0.7220093607902527,
        0.6654763221740723,
        0.5028778314590454,
        0.4503331780433655
    ],
    "stu_train_acc": [
        0.9699999690055847,
        0.9799999594688416,
        0.9699999690055847,
        0.9799999594688416,
        0.949999988079071,
        0.949999988079071,
        0.9599999785423279,
        0.9899999499320984,
        0.9199999570846558,
        0.9599999785423279,
        0.9599999785423279,
        0.9599999785423279,
        0.9699999690055847,
        0.949999988079071,
        0.9899999499320984,
        0.9799999594688416,
        0.949999988079071,
        0.9799999594688416,
        0.949999988079071,
        0.9599999785423279,
        0.9599999785423279,
        0.9599999785423279,
        0.9399999976158142,
        0.9799999594688416,
        0.949999988079071,
        0.9699999690055847,
        0.9300000071525574,
        0.967391312122345
    ],
    "stu_test_acc": [
        0.9599999785423279,
        0.9699999690055847,
        0.9799999594688416,
        0.949999988079071,
        0.9300000071525574,
        0.9799999594688416,
        0.8999999761581421,
        0.9399999976158142,
        0.9599999785423279,
        0.9300000071525574,
        0.9399999976158142,
        0.949999988079071,
        0.9199999570846558,
        0.9599999785423279,
        0.9599999785423279,
        0.949999988079071,
        0.949999988079071,
        0.9300000071525574,
        0.9300000071525574,
        0.9199999570846558,
        0.9199999570846558,
        0.9099999666213989,
        0.9300000071525574,
        0.9599999785423279,
        0.949999988079071,
        0.9300000071525574,
        0.9199999570846558,
        0.9199999570846558,
        0.9799999594688416,
        0.9399999976158142,
        0.9599999785423279,
        0.9399999976158142,
        0.9599999785423279,
        0.9300000071525574,
        0.949999988079071,
        0.9699999690055847,
        0.9599999785423279,
        0.9199999570846558,
        0.9300000071525574,
        0.9599999785423279,
        0.949999988079071,
        0.9699999690055847,
        0.9099999666213989,
        0.9300000071525574,
        0.9300000071525574,
        0.9599999785423279,
        0.9599999785423279,
        0.9399999976158142,
        0.9399999976158142,
        0.949999988079071,
        1.0,
        0.9799999594688416,
        0.9799999594688416,
        0.9899999499320984,
        1.0,
        0.9799999594688416,
        0.949999988079071,
        0.9799999594688416,
        0.9599999785423279,
        0.9199999570846558,
        0.949999988079071,
        0.9599999785423279,
        0.9899999499320984,
        0.9899999499320984,
        1.0,
        0.8999999761581421,
        0.949999988079071,
        0.949999988079071,
        1.0,
        0.9899999499320984,
        0.9899999499320984,
        0.9799999594688416,
        0.9899999499320984,
        0.9699999690055847,
        0.9699999690055847,
        0.9699999690055847,
        1.0,
        0.9799999594688416,
        0.949999988079071,
        0.9399999976158142,
        0.8899999856948853,
        0.9599999785423279,
        0.9199999570846558,
        0.949999988079071,
        0.9799999594688416,
        0.9699999690055847,
        0.9799999594688416,
        1.0,
        1.0,
        0.9899999499320984,
        0.9399999976158142,
        0.9899999499320984,
        0.9899999499320984,
        0.9799999594688416,
        0.9899999499320984,
        0.9799999594688416,
        0.8999999761581421,
        0.9099999666213989,
        0.9300000071525574,
        0.9599999785423279
    ]
}