{
    "stu_train_loss": [
        0.1304902732372284,
        0.20620033144950867,
        0.08276896178722382,
        0.10087425261735916,
        0.12741857767105103,
        0.09930780529975891,
        0.11897817254066467,
        0.3425399661064148,
        0.11338019371032715,
        0.08839606493711472,
        0.06375647336244583,
        0.15499791502952576,
        0.12038669735193253,
        0.25220856070518494,
        0.16803769767284393,
        0.12331249564886093,
        0.0721002072095871,
        0.08562091737985611,
        0.11478133499622345,
        0.06101221218705177,
        0.1490640789270401,
        0.12927472591400146,
        0.09528694301843643,
        0.0988406240940094,
        0.040953800082206726,
        0.06643805652856827,
        0.07234470546245575,
        0.12796911597251892
    ],
    "stu_test_loss": [
        0.4963001310825348,
        0.4533103108406067,
        0.5001533031463623,
        0.4941759407520294,
        0.5310648679733276,
        0.45055997371673584,
        0.50865638256073,
        0.4587312340736389,
        0.5264377593994141,
        0.5929984450340271,
        0.4977441430091858,
        0.530993640422821,
        0.5274291634559631,
        0.44137078523635864,
        0.4376804232597351,
        0.4661775827407837,
        0.5859304070472717,
        0.5831926465034485,
        0.409175843000412,
        0.4968929588794708,
        0.5790660381317139,
        0.5170107483863831,
        0.5347058176994324,
        0.5017740726470947,
        0.5642634630203247,
        0.601645827293396,
        0.5194067358970642,
        0.44281619787216187,
        0.4159654974937439,
        0.5007176995277405,
        0.46907269954681396,
        0.3957202732563019,
        0.42413049936294556,
        0.4907236099243164,
        0.43697693943977356,
        0.49128639698028564,
        0.4277477264404297,
        0.6330844163894653,
        0.6108647584915161,
        0.4323543608188629,
        0.5028221607208252,
        0.5049659609794617,
        0.5991809368133545,
        0.5170938968658447,
        0.5216022729873657,
        0.46542102098464966,
        0.4687974750995636,
        0.49564245343208313,
        0.5110286474227905,
        0.45821934938430786,
        0.3495720624923706,
        0.4066780209541321,
        0.414939284324646,
        0.3600080907344818,
        0.36832424998283386,
        0.3945991098880768,
        0.5224454402923584,
        0.42442405223846436,
        0.4227232038974762,
        0.6388741731643677,
        0.7163786292076111,
        0.7339251041412354,
        0.36207979917526245,
        0.4109250605106354,
        0.39861536026000977,
        0.7606121301651001,
        0.5233823657035828,
        0.49893975257873535,
        0.3691142797470093,
        0.35322585701942444,
        0.34901946783065796,
        0.37202075123786926,
        0.45973774790763855,
        0.39736106991767883,
        0.3888871967792511,
        0.4187358021736145,
        0.3785973787307739,
        0.38845860958099365,
        0.4688161611557007,
        0.4428834915161133,
        0.5316474437713623,
        0.3913746178150177,
        0.5654188394546509,
        0.5646133422851562,
        0.3707338273525238,
        0.36267226934432983,
        0.38862577080726624,
        0.3591025769710541,
        0.3866310119628906,
        0.36542126536369324,
        0.42300665378570557,
        0.3812243938446045,
        0.3649439811706543,
        0.361003041267395,
        0.37125450372695923,
        0.4350798428058624,
        0.8048760890960693,
        0.5466487407684326,
        0.39125335216522217,
        0.39331701397895813
    ],
    "stu_train_acc": [
        0.9599999785423279,
        0.949999988079071,
        0.9699999690055847,
        0.9899999499320984,
        0.9599999785423279,
        0.9699999690055847,
        0.9799999594688416,
        0.8700000047683716,
        0.949999988079071,
        0.9699999690055847,
        0.9799999594688416,
        0.9599999785423279,
        0.9699999690055847,
        0.9399999976158142,
        0.9399999976158142,
        0.9799999594688416,
        0.9699999690055847,
        0.9799999594688416,
        0.949999988079071,
        0.9799999594688416,
        0.9399999976158142,
        0.9599999785423279,
        0.9699999690055847,
        0.949999988079071,
        1.0,
        0.9799999594688416,
        0.9799999594688416,
        0.967391312122345
    ],
    "stu_test_acc": [
        0.9599999785423279,
        0.9599999785423279,
        0.9599999785423279,
        0.949999988079071,
        0.9399999976158142,
        0.9599999785423279,
        0.9599999785423279,
        0.9699999690055847,
        0.949999988079071,
        0.9199999570846558,
        0.9300000071525574,
        0.9399999976158142,
        0.9300000071525574,
        0.9599999785423279,
        0.9599999785423279,
        0.9899999499320984,
        0.9300000071525574,
        0.9300000071525574,
        0.9899999499320984,
        0.949999988079071,
        0.9199999570846558,
        0.9399999976158142,
        0.9599999785423279,
        0.9599999785423279,
        0.9399999976158142,
        0.9199999570846558,
        0.9599999785423279,
        0.9699999690055847,
        0.9699999690055847,
        0.949999988079071,
        0.949999988079071,
        0.9699999690055847,
        0.9799999594688416,
        0.9599999785423279,
        0.9899999499320984,
        0.9399999976158142,
        0.9599999785423279,
        0.8999999761581421,
        0.9199999570846558,
        0.9599999785423279,
        0.949999988079071,
        0.9399999976158142,
        0.9300000071525574,
        0.949999988079071,
        0.9399999976158142,
        0.949999988079071,
        0.9599999785423279,
        0.949999988079071,
        0.9599999785423279,
        0.9599999785423279,
        1.0,
        0.9799999594688416,
        0.9699999690055847,
        1.0,
        0.9899999499320984,
        0.9799999594688416,
        0.949999988079071,
        0.9699999690055847,
        0.9699999690055847,
        0.9399999976158142,
        0.9199999570846558,
        0.9099999666213989,
        1.0,
        0.9899999499320984,
        0.9799999594688416,
        0.85999995470047,
        0.9699999690055847,
        0.9699999690055847,
        0.9899999499320984,
        1.0,
        1.0,
        0.9899999499320984,
        0.9699999690055847,
        0.9899999499320984,
        0.9899999499320984,
        0.9799999594688416,
        0.9899999499320984,
        0.9899999499320984,
        0.9699999690055847,
        0.9699999690055847,
        0.9300000071525574,
        0.9899999499320984,
        0.9199999570846558,
        0.9199999570846558,
        1.0,
        1.0,
        0.9899999499320984,
        1.0,
        0.9899999499320984,
        1.0,
        0.9699999690055847,
        0.9899999499320984,
        0.9899999499320984,
        1.0,
        0.9899999499320984,
        0.9699999690055847,
        0.8799999952316284,
        0.949999988079071,
        0.9799999594688416,
        0.9699999690055847
    ]
}