{
    "stu_train_loss": [
        0.15734955668449402,
        0.06529930233955383,
        0.0851428434252739,
        0.044976282864809036,
        0.12562474608421326,
        0.18771839141845703,
        0.0874243751168251,
        0.045952729880809784,
        0.10002129524946213,
        0.12623398005962372,
        0.0426500178873539,
        0.14171315729618073,
        0.10979751497507095,
        0.17503772675991058,
        0.1683347523212433,
        0.13046880066394806,
        0.15096218883991241,
        0.10702355206012726,
        0.10541152209043503,
        0.25667494535446167,
        0.047948289662599564,
        0.08034501224756241,
        0.14011994004249573,
        0.1680562049150467,
        0.03778865560889244,
        0.16592645645141602,
        0.06666365265846252,
        0.09105131775140762
    ],
    "stu_test_loss": [
        0.4344218969345093,
        0.4076618552207947,
        0.44339773058891296,
        0.41241979598999023,
        0.4677349328994751,
        0.41268599033355713,
        0.49164414405822754,
        0.41102734208106995,
        0.4511568248271942,
        0.537419319152832,
        0.433505654335022,
        0.4500408172607422,
        0.5073786973953247,
        0.43973615765571594,
        0.4025416970252991,
        0.42156296968460083,
        0.5249805450439453,
        0.5138511657714844,
        0.3929488956928253,
        0.5017310380935669,
        0.5397594571113586,
        0.49921509623527527,
        0.4754607081413269,
        0.45430004596710205,
        0.4559870958328247,
        0.4794759154319763,
        0.4103928804397583,
        0.4300694167613983,
        0.37823134660720825,
        0.4565507471561432,
        0.4484040141105652,
        0.394626647233963,
        0.40551841259002686,
        0.45976555347442627,
        0.4369243383407593,
        0.4723699688911438,
        0.4007447361946106,
        0.6359713673591614,
        0.5509665012359619,
        0.4164080023765564,
        0.47894740104675293,
        0.4643492102622986,
        0.5123108625411987,
        0.4472084641456604,
        0.430071622133255,
        0.4392875134944916,
        0.3988437056541443,
        0.43397200107574463,
        0.45153284072875977,
        0.43412289023399353,
        0.3312835693359375,
        0.3768145442008972,
        0.3723261058330536,
        0.3466382622718811,
        0.3488503098487854,
        0.37597528100013733,
        0.4197610020637512,
        0.4039221704006195,
        0.4165922999382019,
        0.6651283502578735,
        0.5541149377822876,
        0.5414723753929138,
        0.336019366979599,
        0.3447949290275574,
        0.34710434079170227,
        0.6835652589797974,
        0.514106035232544,
        0.42570939660072327,
        0.3523779809474945,
        0.34191927313804626,
        0.3318362832069397,
        0.3452337086200714,
        0.3789733052253723,
        0.3911269009113312,
        0.3947201669216156,
        0.41293400526046753,
        0.34964853525161743,
        0.3640131950378418,
        0.43999481201171875,
        0.39907848834991455,
        0.4999363422393799,
        0.3706095218658447,
        0.43963930010795593,
        0.3974246382713318,
        0.3606263995170593,
        0.36006176471710205,
        0.34907665848731995,
        0.34195569157600403,
        0.3592589497566223,
        0.3437826335430145,
        0.4237431585788727,
        0.39259102940559387,
        0.34095779061317444,
        0.35212844610214233,
        0.36515653133392334,
        0.397393137216568,
        0.7453380823135376,
        0.497215211391449,
        0.3884904980659485,
        0.43019387125968933
    ],
    "stu_train_acc": [
        0.9599999785423279,
        0.9799999594688416,
        0.949999988079071,
        0.9899999499320984,
        0.9699999690055847,
        0.9399999976158142,
        0.9599999785423279,
        0.9799999594688416,
        0.9699999690055847,
        0.9699999690055847,
        0.9899999499320984,
        0.9799999594688416,
        0.9699999690055847,
        0.9599999785423279,
        0.9599999785423279,
        0.9699999690055847,
        0.9599999785423279,
        0.9799999594688416,
        0.9599999785423279,
        0.9300000071525574,
        0.9899999499320984,
        0.9799999594688416,
        0.9599999785423279,
        0.9399999976158142,
        0.9899999499320984,
        0.9599999785423279,
        0.9899999499320984,
        0.97826087474823
    ],
    "stu_test_acc": [
        0.9699999690055847,
        0.9799999594688416,
        0.9799999594688416,
        0.9799999594688416,
        0.9300000071525574,
        0.9899999499320984,
        0.9399999976158142,
        0.9799999594688416,
        0.9699999690055847,
        0.949999988079071,
        0.9399999976158142,
        0.9399999976158142,
        0.9199999570846558,
        0.9699999690055847,
        0.9799999594688416,
        0.9899999499320984,
        0.9399999976158142,
        0.9599999785423279,
        0.9699999690055847,
        0.9599999785423279,
        0.9099999666213989,
        0.9399999976158142,
        0.949999988079071,
        0.949999988079071,
        0.9599999785423279,
        0.9399999976158142,
        0.9799999594688416,
        0.9799999594688416,
        1.0,
        0.9699999690055847,
        0.9699999690055847,
        0.9799999594688416,
        0.9799999594688416,
        0.9599999785423279,
        0.9699999690055847,
        0.9699999690055847,
        0.9799999594688416,
        0.9300000071525574,
        0.9399999976158142,
        0.9799999594688416,
        0.949999988079071,
        0.9399999976158142,
        0.9599999785423279,
        0.9699999690055847,
        0.9699999690055847,
        0.9599999785423279,
        0.9699999690055847,
        0.9599999785423279,
        0.9699999690055847,
        0.9799999594688416,
        1.0,
        0.9799999594688416,
        0.9799999594688416,
        1.0,
        0.9899999499320984,
        0.9899999499320984,
        0.949999988079071,
        0.9799999594688416,
        0.9699999690055847,
        0.9199999570846558,
        0.9199999570846558,
        0.9099999666213989,
        1.0,
        1.0,
        1.0,
        0.8799999952316284,
        0.9699999690055847,
        0.9699999690055847,
        1.0,
        0.9899999499320984,
        1.0,
        0.9899999499320984,
        1.0,
        0.9799999594688416,
        0.9799999594688416,
        0.9699999690055847,
        1.0,
        1.0,
        0.9799999594688416,
        0.9799999594688416,
        0.9300000071525574,
        0.9899999499320984,
        0.9399999976158142,
        0.9799999594688416,
        1.0,
        1.0,
        1.0,
        1.0,
        0.9899999499320984,
        1.0,
        0.9599999785423279,
        0.9899999499320984,
        0.9899999499320984,
        0.9899999499320984,
        0.9799999594688416,
        0.9599999785423279,
        0.8899999856948853,
        0.949999988079071,
        0.9699999690055847,
        0.9799999594688416
    ]
}