{
    "stu_train_loss": [
        0.14482958614826202,
        0.1293993592262268,
        0.17029164731502533,
        0.08394976705312729,
        0.0693044662475586,
        0.15153758227825165,
        0.07339353859424591,
        0.09893976151943207,
        0.10669207572937012,
        0.10706775635480881,
        0.0825236439704895,
        0.20631317794322968,
        0.19664877653121948,
        0.12234725803136826,
        0.123420849442482,
        0.13545875251293182,
        0.13891439139842987,
        0.1571514904499054,
        0.06900248676538467,
        0.11450982093811035,
        0.17312651872634888,
        0.1352384239435196,
        0.13321088254451752,
        0.2945811152458191,
        0.1313627064228058,
        0.15567632019519806,
        0.27944520115852356,
        0.10011699050664902
    ],
    "stu_test_loss": [
        0.5297804474830627,
        0.44923651218414307,
        0.4367465376853943,
        0.44336411356925964,
        0.5776615738868713,
        0.46583300828933716,
        0.46653395891189575,
        0.43366631865501404,
        0.5022938847541809,
        0.5403038859367371,
        0.4489871561527252,
        0.48736006021499634,
        0.546269953250885,
        0.4288499355316162,
        0.5119077563285828,
        0.492220938205719,
        0.5004448890686035,
        0.54533851146698,
        0.4414193630218506,
        0.6485030651092529,
        0.6607085466384888,
        0.6723142862319946,
        0.5801592469215393,
        0.5233670473098755,
        0.49349045753479004,
        0.6002745628356934,
        0.5417660474777222,
        0.5360490679740906,
        0.4326663017272949,
        0.4821949899196625,
        0.5006914138793945,
        0.48588454723358154,
        0.4595103859901428,
        0.589634358882904,
        0.5055735111236572,
        0.5283897519111633,
        0.44898587465286255,
        0.6898009181022644,
        0.5969998836517334,
        0.5477737784385681,
        0.538564920425415,
        0.42916935682296753,
        0.6412549018859863,
        0.411992609500885,
        0.45197317004203796,
        0.5261143445968628,
        0.4067626893520355,
        0.4197809398174286,
        0.47938936948776245,
        0.4387223422527313,
        0.34149131178855896,
        0.4166140556335449,
        0.4466826319694519,
        0.3492302894592285,
        0.3566724956035614,
        0.4133608341217041,
        0.5528656244277954,
        0.44577735662460327,
        0.4129975438117981,
        0.6317101716995239,
        0.5246397256851196,
        0.6558526754379272,
        0.3563416302204132,
        0.3431151509284973,
        0.3591190576553345,
        0.5697546005249023,
        0.46026700735092163,
        0.5374940037727356,
        0.3572079837322235,
        0.3627198040485382,
        0.3340197801589966,
        0.34549665451049805,
        0.38563236594200134,
        0.36782652139663696,
        0.4849171042442322,
        0.3816448748111725,
        0.35028326511383057,
        0.386983186006546,
        0.40461623668670654,
        0.5084518194198608,
        0.4930753707885742,
        0.4398456811904907,
        0.4593954086303711,
        0.4750996232032776,
        0.36976146697998047,
        0.40017324686050415,
        0.3667854070663452,
        0.3440592885017395,
        0.33863550424575806,
        0.3688240051269531,
        0.603081226348877,
        0.3602386713027954,
        0.3506321310997009,
        0.364151269197464,
        0.35457873344421387,
        0.3859393000602722,
        0.7507508993148804,
        0.6372003555297852,
        0.3765881657600403,
        0.42835965752601624
    ],
    "stu_train_acc": [
        0.9799999594688416,
        0.9399999976158142,
        0.949999988079071,
        0.9699999690055847,
        0.9799999594688416,
        0.949999988079071,
        0.9799999594688416,
        0.9799999594688416,
        0.9699999690055847,
        0.949999988079071,
        0.9699999690055847,
        0.9300000071525574,
        0.9399999976158142,
        0.949999988079071,
        0.9599999785423279,
        0.949999988079071,
        0.949999988079071,
        0.949999988079071,
        0.9699999690055847,
        0.9799999594688416,
        0.9599999785423279,
        0.9699999690055847,
        0.9699999690055847,
        0.9199999570846558,
        0.9399999976158142,
        0.9699999690055847,
        0.9300000071525574,
        0.967391312122345
    ],
    "stu_test_acc": [
        0.9300000071525574,
        0.9599999785423279,
        0.9799999594688416,
        0.9300000071525574,
        0.9300000071525574,
        0.9599999785423279,
        0.949999988079071,
        0.9599999785423279,
        0.9199999570846558,
        0.949999988079071,
        0.9699999690055847,
        0.949999988079071,
        0.9300000071525574,
        0.9899999499320984,
        0.9399999976158142,
        0.949999988079071,
        0.9599999785423279,
        0.9300000071525574,
        0.949999988079071,
        0.9099999666213989,
        0.8999999761581421,
        0.9300000071525574,
        0.9199999570846558,
        0.949999988079071,
        0.949999988079071,
        0.8799999952316284,
        0.9300000071525574,
        0.9199999570846558,
        0.9599999785423279,
        0.949999988079071,
        0.9699999690055847,
        0.9399999976158142,
        0.9699999690055847,
        0.9300000071525574,
        0.949999988079071,
        0.9599999785423279,
        0.9399999976158142,
        0.9099999666213989,
        0.9300000071525574,
        0.949999988079071,
        0.9399999976158142,
        0.9599999785423279,
        0.8999999761581421,
        0.9699999690055847,
        0.949999988079071,
        0.949999988079071,
        0.9699999690055847,
        0.9899999499320984,
        0.949999988079071,
        0.949999988079071,
        1.0,
        0.9699999690055847,
        0.9599999785423279,
        1.0,
        0.9899999499320984,
        0.9899999499320984,
        0.8999999761581421,
        0.9699999690055847,
        0.9699999690055847,
        0.9199999570846558,
        0.9599999785423279,
        0.9199999570846558,
        1.0,
        1.0,
        0.9899999499320984,
        0.9099999666213989,
        0.949999988079071,
        0.949999988079071,
        1.0,
        0.9799999594688416,
        1.0,
        1.0,
        1.0,
        0.9899999499320984,
        0.949999988079071,
        0.9799999594688416,
        1.0,
        0.9899999499320984,
        0.9799999594688416,
        0.9399999976158142,
        0.9300000071525574,
        0.9799999594688416,
        0.9399999976158142,
        0.949999988079071,
        1.0,
        0.9699999690055847,
        0.9899999499320984,
        1.0,
        1.0,
        0.9799999594688416,
        0.9099999666213989,
        1.0,
        1.0,
        0.9899999499320984,
        1.0,
        0.9799999594688416,
        0.8799999952316284,
        0.8799999952316284,
        0.9799999594688416,
        0.9699999690055847
    ]
}