{
    "stu_train_loss": [
        0.09570785611867905,
        0.09720355272293091,
        0.07239308208227158,
        0.1027294173836708,
        0.041373394429683685,
        0.04814682900905609,
        0.14553405344486237,
        0.12423142790794373,
        0.08006065338850021,
        0.05027342215180397,
        0.13613152503967285,
        0.034193042665719986,
        0.02304241806268692,
        0.14524751901626587,
        0.17057090997695923,
        0.025477100163698196,
        0.05679855868220329,
        0.25818654894828796,
        0.1665908843278885,
        0.06924931704998016,
        0.11868013441562653,
        0.09684209525585175,
        0.11517736315727234,
        0.22014400362968445,
        0.05824076756834984,
        0.0982002541422844,
        0.1031632348895073,
        0.09691450744867325
    ],
    "stu_test_loss": [
        0.464297354221344,
        0.44145524501800537,
        0.4398823082447052,
        0.433706134557724,
        0.5164908170700073,
        0.4347643256187439,
        0.4541696310043335,
        0.4242161512374878,
        0.45049726963043213,
        0.555960476398468,
        0.42556583881378174,
        0.4871496558189392,
        0.5533339977264404,
        0.46360349655151367,
        0.43301719427108765,
        0.42897701263427734,
        0.5390346050262451,
        0.5063244104385376,
        0.4172077178955078,
        0.5561751127243042,
        0.6013565063476562,
        0.5885637998580933,
        0.5421096086502075,
        0.47386300563812256,
        0.5156588554382324,
        0.5134384036064148,
        0.4394650459289551,
        0.47111308574676514,
        0.4116954207420349,
        0.44557681679725647,
        0.489901602268219,
        0.4173344373703003,
        0.43248221278190613,
        0.45998668670654297,
        0.4164923429489136,
        0.48611387610435486,
        0.4229964315891266,
        0.6663758754730225,
        0.566130518913269,
        0.4592943787574768,
        0.44240453839302063,
        0.4484550952911377,
        0.5628345608711243,
        0.46468585729599,
        0.45462092757225037,
        0.48103654384613037,
        0.400356650352478,
        0.40810468792915344,
        0.5023932456970215,
        0.4245534837245941,
        0.3527381122112274,
        0.3857247531414032,
        0.4309628903865814,
        0.3644961714744568,
        0.36936238408088684,
        0.4119722247123718,
        0.43701231479644775,
        0.4446493089199066,
        0.41933393478393555,
        0.6782523393630981,
        0.5368116497993469,
        0.5393124222755432,
        0.3558657765388489,
        0.35533347725868225,
        0.36252546310424805,
        0.6857281923294067,
        0.5160809755325317,
        0.4606277644634247,
        0.36365705728530884,
        0.3502832055091858,
        0.35026487708091736,
        0.3724014163017273,
        0.3870871365070343,
        0.39227524399757385,
        0.39590078592300415,
        0.39861488342285156,
        0.36861637234687805,
        0.38114798069000244,
        0.41431066393852234,
        0.42184460163116455,
        0.48587894439697266,
        0.40052786469459534,
        0.40054285526275635,
        0.3966691493988037,
        0.3725486695766449,
        0.4009837806224823,
        0.358470618724823,
        0.3600209951400757,
        0.35419976711273193,
        0.3516307771205902,
        0.45682811737060547,
        0.4002600908279419,
        0.3617687225341797,
        0.35302579402923584,
        0.3613608479499817,
        0.409207820892334,
        0.7858222126960754,
        0.5668047666549683,
        0.3952435851097107,
        0.42907261848449707
    ],
    "stu_train_acc": [
        0.9699999690055847,
        0.9699999690055847,
        0.9799999594688416,
        0.9699999690055847,
        0.9899999499320984,
        0.9799999594688416,
        0.9599999785423279,
        0.9399999976158142,
        0.9699999690055847,
        0.9799999594688416,
        0.949999988079071,
        1.0,
        1.0,
        0.9599999785423279,
        0.949999988079071,
        1.0,
        0.9799999594688416,
        0.9300000071525574,
        0.9399999976158142,
        0.9799999594688416,
        0.9300000071525574,
        0.9799999594688416,
        0.9399999976158142,
        0.9399999976158142,
        0.9699999690055847,
        0.9899999499320984,
        0.9799999594688416,
        0.97826087474823
    ],
    "stu_test_acc": [
        0.9699999690055847,
        0.9599999785423279,
        0.9699999690055847,
        0.9799999594688416,
        0.9399999976158142,
        0.9899999499320984,
        0.9599999785423279,
        0.9699999690055847,
        0.9599999785423279,
        0.949999988079071,
        0.9599999785423279,
        0.9599999785423279,
        0.949999988079071,
        0.9699999690055847,
        0.9799999594688416,
        0.9699999690055847,
        0.949999988079071,
        0.9699999690055847,
        0.9899999499320984,
        0.9199999570846558,
        0.8999999761581421,
        0.9300000071525574,
        0.9300000071525574,
        0.9399999976158142,
        0.949999988079071,
        0.9300000071525574,
        0.949999988079071,
        0.9599999785423279,
        0.9799999594688416,
        0.9300000071525574,
        0.9799999594688416,
        0.9899999499320984,
        0.9799999594688416,
        0.9799999594688416,
        0.9599999785423279,
        0.9699999690055847,
        0.9599999785423279,
        0.9399999976158142,
        0.9399999976158142,
        0.9699999690055847,
        0.9399999976158142,
        0.9699999690055847,
        0.9300000071525574,
        0.949999988079071,
        0.9699999690055847,
        0.9699999690055847,
        0.9699999690055847,
        0.9699999690055847,
        0.949999988079071,
        0.9599999785423279,
        1.0,
        0.9899999499320984,
        0.9699999690055847,
        1.0,
        0.9899999499320984,
        0.9799999594688416,
        0.9699999690055847,
        0.9799999594688416,
        0.9799999594688416,
        0.9399999976158142,
        0.949999988079071,
        0.9199999570846558,
        1.0,
        1.0,
        1.0,
        0.8999999761581421,
        0.9699999690055847,
        0.9599999785423279,
        1.0,
        1.0,
        1.0,
        0.9899999499320984,
        0.9899999499320984,
        0.9699999690055847,
        0.9799999594688416,
        0.9799999594688416,
        1.0,
        1.0,
        0.9799999594688416,
        0.9699999690055847,
        0.949999988079071,
        0.9799999594688416,
        0.9799999594688416,
        0.9799999594688416,
        0.9899999499320984,
        0.9799999594688416,
        1.0,
        1.0,
        1.0,
        1.0,
        0.9599999785423279,
        0.9799999594688416,
        0.9899999499320984,
        1.0,
        1.0,
        0.9699999690055847,
        0.8700000047683716,
        0.9300000071525574,
        0.9899999499320984,
        0.9599999785423279
    ]
}