{
    "stu_train_loss": [
        1.0973716974258423,
        1.1677899360656738,
        1.1401289701461792,
        1.0571129322052002,
        1.1537699699401855,
        1.2010325193405151,
        1.100716233253479,
        1.154068946838379,
        1.117203712463379,
        1.1278142929077148,
        1.1016271114349365,
        1.0639348030090332,
        1.121649980545044,
        1.1723846197128296,
        1.111021637916565,
        1.0452128648757935,
        1.1667718887329102,
        1.1440064907073975,
        1.0941227674484253,
        1.0553240776062012,
        1.030706763267517,
        1.096875786781311,
        1.0721608400344849,
        1.047383427619934,
        0.9724282622337341,
        1.0714114904403687,
        1.0530714988708496,
        1.0169532299041748
    ],
    "stu_test_loss": [
        1.155484676361084,
        1.1443901062011719,
        1.2062345743179321,
        1.1800618171691895,
        1.2352826595306396,
        1.2579840421676636,
        1.2727854251861572,
        1.163481593132019,
        1.2406567335128784,
        1.2246099710464478,
        1.1734360456466675,
        1.3114689588546753,
        1.238564133644104,
        1.174973726272583,
        1.27660071849823,
        1.2308557033538818,
        1.2474085092544556,
        1.1479631662368774,
        1.182228446006775,
        1.254441738128662,
        1.2639758586883545,
        1.3094210624694824,
        1.178697943687439,
        1.1434202194213867,
        1.2055402994155884,
        1.283666968345642,
        1.2427752017974854,
        1.2235310077667236,
        1.1760145425796509,
        1.2772817611694336,
        1.1978801488876343,
        1.2570717334747314,
        1.1873393058776855,
        1.2713226079940796,
        1.1434409618377686,
        1.2498835325241089,
        1.1543655395507812,
        1.2292518615722656,
        1.28951096534729,
        1.2513903379440308,
        1.1759605407714844,
        1.2324761152267456,
        1.266495943069458,
        1.219052791595459,
        1.2410686016082764,
        1.219217300415039,
        1.2079287767410278,
        1.2012425661087036,
        1.2178243398666382,
        1.1733503341674805,
        1.0916378498077393,
        1.172468662261963,
        1.129042148590088,
        1.0890390872955322,
        1.0891637802124023,
        1.1154865026474,
        1.1850874423980713,
        1.2079722881317139,
        1.2032612562179565,
        1.2354085445404053,
        1.2722917795181274,
        1.2484567165374756,
        1.1365982294082642,
        1.084313988685608,
        1.1484763622283936,
        1.3633140325546265,
        1.21432363986969,
        1.2384862899780273,
        1.0968677997589111,
        1.093217134475708,
        1.1089444160461426,
        1.1165153980255127,
        1.1400495767593384,
        1.152882695198059,
        1.2565228939056396,
        1.185632348060608,
        1.1244337558746338,
        1.1921747922897339,
        1.1819547414779663,
        1.2041239738464355,
        1.2007094621658325,
        1.2091491222381592,
        1.2963671684265137,
        1.3123220205307007,
        1.168581485748291,
        1.1163426637649536,
        1.0975165367126465,
        1.0537630319595337,
        1.1152689456939697,
        1.0814259052276611,
        1.2758493423461914,
        1.1586757898330688,
        1.0842134952545166,
        1.1660709381103516,
        1.1457210779190063,
        1.195880651473999,
        1.4194666147232056,
        1.283845067024231,
        1.1986624002456665,
        1.142240047454834
    ],
    "stu_train_acc": [
        0.7999999523162842,
        0.699999988079071,
        0.7999999523162842,
        0.7899999618530273,
        0.7799999713897705,
        0.699999988079071,
        0.7599999904632568,
        0.7199999690055847,
        0.7699999809265137,
        0.7099999785423279,
        0.699999988079071,
        0.8499999642372131,
        0.7999999523162842,
        0.75,
        0.8299999833106995,
        0.8100000023841858,
        0.699999988079071,
        0.7599999904632568,
        0.7099999785423279,
        0.7699999809265137,
        0.8399999737739563,
        0.8100000023841858,
        0.7599999904632568,
        0.8499999642372131,
        0.8199999928474426,
        0.75,
        0.8299999833106995,
        0.79347825050354
    ],
    "stu_test_acc": [
        0.8299999833106995,
        0.7599999904632568,
        0.7699999809265137,
        0.7999999523162842,
        0.75,
        0.75,
        0.7099999785423279,
        0.7400000095367432,
        0.8199999928474426,
        0.7599999904632568,
        0.75,
        0.75,
        0.7299999594688416,
        0.8199999928474426,
        0.7699999809265137,
        0.8199999928474426,
        0.7400000095367432,
        0.8799999952316284,
        0.7799999713897705,
        0.7699999809265137,
        0.7299999594688416,
        0.7099999785423279,
        0.8100000023841858,
        0.8499999642372131,
        0.7999999523162842,
        0.6599999666213989,
        0.7400000095367432,
        0.7999999523162842,
        0.8299999833106995,
        0.7299999594688416,
        0.8299999833106995,
        0.7099999785423279,
        0.7799999713897705,
        0.699999988079071,
        0.8399999737739563,
        0.7699999809265137,
        0.85999995470047,
        0.75,
        0.7299999594688416,
        0.7999999523162842,
        0.7999999523162842,
        0.8100000023841858,
        0.7599999904632568,
        0.7799999713897705,
        0.7699999809265137,
        0.8100000023841858,
        0.7799999713897705,
        0.8100000023841858,
        0.7899999618530273,
        0.8399999737739563,
        0.8999999761581421,
        0.8100000023841858,
        0.8299999833106995,
        0.8799999952316284,
        0.85999995470047,
        0.7799999713897705,
        0.7999999523162842,
        0.8100000023841858,
        0.75,
        0.75,
        0.7599999904632568,
        0.7699999809265137,
        0.8399999737739563,
        0.8899999856948853,
        0.8399999737739563,
        0.7099999785423279,
        0.7999999523162842,
        0.8100000023841858,
        0.8499999642372131,
        0.8199999928474426,
        0.8399999737739563,
        0.8799999952316284,
        0.85999995470047,
        0.8100000023841858,
        0.7699999809265137,
        0.7699999809265137,
        0.7599999904632568,
        0.8299999833106995,
        0.85999995470047,
        0.8299999833106995,
        0.8100000023841858,
        0.7999999523162842,
        0.7699999809265137,
        0.75,
        0.8299999833106995,
        0.85999995470047,
        0.8499999642372131,
        0.8899999856948853,
        0.85999995470047,
        0.8999999761581421,
        0.7699999809265137,
        0.7999999523162842,
        0.8999999761581421,
        0.8199999928474426,
        0.8499999642372131,
        0.7999999523162842,
        0.699999988079071,
        0.7400000095367432,
        0.8299999833106995,
        0.9099999666213989
    ]
}