{
    "stu_train_loss": [
        2.303617477416992,
        2.3012123107910156,
        2.298912525177002,
        2.300168037414551,
        2.300508737564087,
        2.3013100624084473,
        2.3016185760498047,
        2.3018977642059326,
        2.298738479614258,
        2.2951526641845703,
        2.292111396789551,
        2.301058053970337,
        2.3014042377471924,
        2.296149253845215,
        2.3023905754089355,
        2.29768443107605,
        2.2962167263031006,
        2.2981948852539062,
        2.3018479347229004,
        2.296511650085449,
        2.2996649742126465,
        2.2957136631011963,
        2.2961390018463135,
        2.3005759716033936,
        2.298175573348999,
        2.3024861812591553,
        2.2908682823181152,
        2.2972004413604736,
        2.295393466949463,
        2.2966721057891846,
        2.297476053237915,
        2.2969160079956055,
        2.2943954467773438,
        2.2959887981414795,
        2.2913174629211426,
        2.2929275035858154,
        2.295701026916504,
        2.298285484313965,
        2.296139717102051,
        2.294715642929077
    ],
    "stu_test_loss": [
        2.4036662578582764,
        2.4056200981140137,
        2.399275064468384,
        2.422274351119995,
        2.4001739025115967,
        2.3974721431732178,
        2.4064483642578125,
        2.3943135738372803,
        2.4134552478790283,
        2.4093055725097656,
        2.4069325923919678,
        2.3933441638946533,
        2.411860227584839,
        2.403625249862671,
        2.404731273651123,
        2.3779079914093018,
        2.3980259895324707,
        2.4073171615600586,
        2.409900188446045,
        2.4007506370544434,
        2.399904727935791,
        2.3983006477355957,
        2.3884875774383545,
        2.4132347106933594,
        2.405802011489868,
        2.399728775024414,
        2.4126527309417725,
        2.4049909114837646,
        2.414231061935425,
        2.4159326553344727,
        2.4035675525665283,
        2.4128196239471436,
        2.425352096557617,
        2.4003522396087646,
        2.407201051712036,
        2.398268461227417,
        2.4092283248901367,
        2.407097578048706,
        2.4133858680725098,
        2.4065377712249756,
        2.3927290439605713,
        2.4026715755462646,
        2.395231246948242,
        2.4085824489593506,
        2.3991761207580566,
        2.40183687210083,
        2.4117140769958496,
        2.410024404525757,
        2.3884284496307373,
        2.4096434116363525,
        2.400949716567993,
        2.3993031978607178,
        2.3956377506256104,
        2.4070546627044678,
        2.400606870651245,
        2.4190125465393066,
        2.403852939605713,
        2.3932390213012695,
        2.41882586479187,
        2.391176700592041,
        2.405505895614624,
        2.4182255268096924,
        2.402891159057617,
        2.3957157135009766,
        2.4020674228668213,
        2.4057345390319824,
        2.408572196960449,
        2.405759811401367,
        2.3915200233459473,
        2.402925491333008,
        2.4095680713653564,
        2.4066007137298584,
        2.4127135276794434,
        2.4084696769714355,
        2.4082579612731934,
        2.3922340869903564,
        2.4008233547210693,
        2.398818016052246,
        2.4039268493652344,
        2.4091293811798096,
        2.4013330936431885,
        2.3928604125976562,
        2.4186530113220215,
        2.411003828048706,
        2.4038262367248535,
        2.428241491317749,
        2.408792018890381,
        2.411299467086792,
        2.418013095855713,
        2.3889033794403076,
        2.4131486415863037,
        2.4045474529266357,
        2.394047737121582,
        2.4026947021484375,
        2.415548801422119,
        2.4009580612182617,
        2.4067459106445312,
        2.4062907695770264,
        2.3985235691070557,
        2.407292604446411,
        2.414612054824829,
        2.3999900817871094,
        2.390162467956543,
        2.4111602306365967,
        2.4086313247680664,
        2.4111666679382324,
        2.4033734798431396,
        2.4001128673553467,
        2.4083375930786133,
        2.404057741165161,
        2.4042398929595947,
        2.4161152839660645,
        2.417203664779663,
        2.40986967086792,
        2.406566619873047,
        2.4039463996887207,
        2.4108989238739014,
        2.4078738689422607,
        2.404674768447876,
        2.4066247940063477,
        2.390469551086426,
        2.4068779945373535,
        2.4081342220306396,
        2.389634847640991,
        2.4081766605377197,
        2.403033494949341,
        2.423999547958374,
        2.397256851196289,
        2.3936827182769775,
        2.4042892456054688,
        2.40779185295105,
        2.4006776809692383,
        2.392983913421631,
        2.4058303833007812,
        2.402123212814331,
        2.3999388217926025,
        2.4172284603118896,
        2.407371997833252,
        2.42095947265625,
        2.3946447372436523,
        2.4207279682159424,
        2.395479202270508,
        2.401414632797241,
        2.3951029777526855,
        2.4181857109069824,
        2.4041907787323,
        2.399775981903076,
        2.4036664962768555,
        2.418558120727539,
        2.399057626724243,
        2.3981518745422363,
        2.418891191482544,
        2.4100680351257324,
        2.423668146133423,
        2.3963637351989746,
        2.410700798034668,
        2.414933681488037,
        2.396826982498169,
        2.404911994934082,
        2.401005506515503,
        2.3988611698150635,
        2.414764404296875,
        2.4059810638427734,
        2.4150030612945557,
        2.4086577892303467,
        2.393136739730835,
        2.4049630165100098,
        2.412841796875,
        2.4081661701202393,
        2.40647029876709,
        2.4154016971588135,
        2.417057514190674,
        2.4037835597991943,
        2.404332160949707,
        2.4102141857147217,
        2.403442621231079,
        2.3980162143707275,
        2.4117624759674072,
        2.4152796268463135,
        2.398099422454834,
        2.3985116481781006,
        2.4080650806427,
        2.4167592525482178,
        2.4014227390289307,
        2.4010307788848877,
        2.399491786956787,
        2.3825931549072266,
        2.3923733234405518,
        2.3977725505828857,
        2.390083074569702,
        2.3984251022338867,
        2.4027090072631836,
        2.4022090435028076,
        2.4003236293792725,
        2.4072165489196777,
        2.4019694328308105,
        2.411769151687622,
        2.411933422088623,
        2.4074642658233643,
        2.4087371826171875,
        2.398059368133545,
        2.398836851119995,
        2.409691572189331,
        2.39796781539917,
        2.418038845062256,
        2.409254550933838,
        2.3990917205810547,
        2.387383222579956,
        2.3961777687072754,
        2.421281337738037,
        2.4056122303009033,
        2.413527011871338,
        2.3930208683013916,
        2.418771982192993,
        2.395005702972412,
        2.4217748641967773,
        2.405754566192627,
        2.3974454402923584,
        2.401812791824341,
        2.4000399112701416,
        2.3980512619018555,
        2.398306369781494,
        2.4102511405944824,
        2.4007675647735596,
        2.3917076587677,
        2.423255681991577,
        2.392622470855713,
        2.416503667831421,
        2.3991856575012207,
        2.4018328189849854,
        2.4052767753601074,
        2.3991754055023193,
        2.421639919281006,
        2.4059336185455322,
        2.41666316986084,
        2.3815975189208984,
        2.410867214202881,
        2.4153764247894287,
        2.406447410583496,
        2.395939588546753,
        2.3869869709014893,
        2.4005908966064453,
        2.390070676803589,
        2.400737762451172,
        2.421539783477783,
        2.409555673599243,
        2.4231181144714355,
        2.396282196044922,
