{
    "stu_train_loss": [
        2.309828519821167,
        2.3060524463653564,
        2.310605525970459,
        2.303631067276001,
        2.3116719722747803,
        2.3055436611175537,
        2.3029112815856934,
        2.307291030883789,
        2.2995240688323975,
        2.3123586177825928,
        2.3087515830993652,
        2.3056976795196533,
        2.305365800857544,
        2.3065786361694336,
        2.2996017932891846,
        2.310957670211792,
        2.303969383239746,
        2.3030197620391846,
        2.307758331298828,
        2.3069264888763428,
        2.3038244247436523,
        2.3092048168182373,
        2.3101165294647217,
        2.305366277694702,
        2.3075146675109863,
        2.306530475616455,
        2.306352138519287,
        2.315509080886841,
        2.306645631790161,
        2.307471752166748,
        2.301023483276367,
        2.3002331256866455,
        2.3024520874023438,
        2.305698871612549,
        2.3037822246551514,
        2.301111936569214,
        2.3046648502349854,
        2.3035356998443604,
        2.2991220951080322,
        2.3010616302490234
    ],
    "stu_test_loss": [
        2.420088291168213,
        2.4231021404266357,
        2.4079020023345947,
        2.4235973358154297,
        2.4056711196899414,
        2.3942997455596924,
        2.4022281169891357,
        2.4001123905181885,
        2.4212217330932617,
        2.417675018310547,
        2.422821283340454,
        2.403646469116211,
        2.4208712577819824,
        2.412980318069458,
        2.411457061767578,
        2.381169080734253,
        2.406339645385742,
        2.420440435409546,
        2.407959222793579,
        2.4122326374053955,
        2.417174816131592,
        2.406099319458008,
        2.395050048828125,
        2.4298393726348877,
        2.4171249866485596,
        2.4148106575012207,
        2.415785074234009,
        2.4191062450408936,
        2.4216184616088867,
        2.4235000610351562,
        2.4101808071136475,
        2.417393207550049,
        2.4356658458709717,
        2.4167747497558594,
        2.413774251937866,
        2.407848596572876,
        2.422981023788452,
        2.4085803031921387,
        2.4172134399414062,
        2.4090709686279297,
        2.395813226699829,
        2.40818452835083,
        2.396364212036133,
        2.420518398284912,
        2.4102554321289062,
        2.4070146083831787,
        2.4210922718048096,
        2.409550428390503,
        2.3848397731781006,
        2.4155235290527344,
        2.405444622039795,
        2.3985097408294678,
        2.4001235961914062,
        2.4063310623168945,
        2.404583215713501,
        2.4264917373657227,
        2.4082720279693604,
        2.4048662185668945,
        2.4276394844055176,
        2.3989109992980957,
        2.4070496559143066,
        2.4307568073272705,
        2.412194013595581,
        2.4020631313323975,
        2.407560110092163,
        2.4224929809570312,
        2.4180071353912354,
        2.41499662399292,
        2.392272472381592,
        2.4095582962036133,
        2.4172511100769043,
        2.4146909713745117,
        2.422966480255127,
        2.4102678298950195,
        2.408235549926758,
        2.3955981731414795,
        2.407010078430176,
        2.4060444831848145,
        2.4083340167999268,
        2.4083902835845947,
        2.407672882080078,
        2.401646137237549,
        2.4184072017669678,
        2.417984962463379,
        2.4058432579040527,
        2.430294990539551,
        2.416745662689209,
        2.41605281829834,
        2.4244205951690674,
        2.3939075469970703,
        2.4182348251342773,
        2.4126715660095215,
        2.4025564193725586,
        2.408118486404419,
        2.4156181812286377,
        2.408562183380127,
        2.420095443725586,
        2.4173262119293213,
        2.4012773036956787,
        2.415825366973877,
        2.4114723205566406,
        2.4146931171417236,
        2.3969955444335938,
        2.406414270401001,
        2.4180140495300293,
        2.4141597747802734,
        2.4065916538238525,
        2.4049715995788574,
        2.4259209632873535,
        2.4114668369293213,
        2.409292221069336,
        2.426374912261963,
        2.431387424468994,
        2.412999391555786,
        2.4130687713623047,
        2.4038007259368896,
        2.4271836280822754,
        2.4105098247528076,
        2.417404890060425,
        2.402085781097412,
        2.397372007369995,
        2.4193711280822754,
        2.4204118251800537,
        2.3896701335906982,
        2.4226229190826416,
        2.4024720191955566,
        2.435058355331421,
        2.4162378311157227,
        2.3971354961395264,
        2.406383991241455,
        2.417914628982544,
        2.403569459915161,
        2.400355339050293,
        2.414722442626953,
        2.4114878177642822,
        2.3948285579681396,
        2.4164927005767822,
        2.415079116821289,
        2.4235610961914062,
        2.4051265716552734,
        2.4277546405792236,
        2.3982410430908203,
        2.4083104133605957,
        2.392827033996582,
        2.4147276878356934,
        2.421640157699585,
        2.3978662490844727,
        2.403094530105591,
        2.423368215560913,
        2.409632444381714,
        2.4058310985565186,
        2.428117513656616,
        2.4069809913635254,
        2.427163600921631,
        2.4020440578460693,
        2.4223787784576416,
        2.4285671710968018,
        2.4062914848327637,
        2.414278268814087,
        2.4170517921447754,
        2.4072554111480713,
        2.4189255237579346,
        2.412893533706665,
        2.4197702407836914,
        2.4123926162719727,
        2.4053542613983154,
        2.4033350944519043,
        2.4216480255126953,
        2.4176406860351562,
        2.4164648056030273,
        2.428678035736084,
        2.422912120819092,
        2.4212803840637207,
        2.412949323654175,
        2.4177844524383545,
        2.4078428745269775,
        2.3965678215026855,
        2.4271812438964844,
        2.4242849349975586,
        2.408926486968994,
        2.411360263824463,
        2.410630941390991,
        2.4254937171936035,
        2.405968427658081,
        2.399395227432251,
        2.4015488624572754,
        2.384312391281128,
        2.4032998085021973,
        2.4107253551483154,
        2.3971168994903564,
        2.4111649990081787,
        2.399576187133789,
        2.4062085151672363,
        2.406684398651123,
        2.4162449836730957,
        2.4075534343719482,
        2.411402702331543,
        2.424931764602661,
        2.419407367706299,
        2.4110968112945557,
        2.405151605606079,
        2.404042959213257,
        2.4182844161987305,
        2.4146475791931152,
        2.4167652130126953,
        2.413207769393921,
        2.40051007270813,
        2.4042394161224365,
        2.3999593257904053,
        2.4284708499908447,
        2.4165287017822266,
        2.414510726928711,
        2.4077601432800293,
        2.4171836376190186,
        2.39829158782959,
        2.4321866035461426,
        2.41603946685791,
        2.3988709449768066,
        2.4117977619171143,
        2.4150044918060303,
        2.4063572883605957,
        2.4102180004119873,
        2.42423152923584,
        2.40987491607666,
        2.3969054222106934,
        2.4352359771728516,
        2.3996758460998535,
        2.420776128768921,
        2.3999533653259277,
        2.410447835922241,
        2.414027690887451,
        2.4070510864257812,
        2.426239013671875,
        2.407424211502075,
        2.4240362644195557,
        2.3934576511383057,
        2.416752576828003,
        2.4224720001220703,
        2.41121506690979,
        2.4060959815979004,
        2.401111364364624,
        2.408708333969116,
        2.4036755561828613,
        2.409297227859497,
        2.426140308380127,
        2.421771287918091,
        2.420984983444214,
        2.4051005840301514,
