{
    "stu_train_loss": [
        1.9243577718734741,
        1.9131214618682861,
        1.9211344718933105,
        1.8852546215057373,
        1.882090449333191,
        1.9209262132644653,
        1.8814315795898438,
        1.8890793323516846,
        1.9038914442062378,
        1.8873487710952759,
        1.8715558052062988,
        1.8765034675598145,
        1.8635550737380981,
        1.8966331481933594,
        1.9107563495635986,
        1.8932088613510132,
        1.9056755304336548,
        1.8990774154663086,
        1.872209072113037,
        1.8984204530715942,
        1.8715652227401733,
        1.850138545036316,
        1.8633614778518677,
        1.8864681720733643,
        1.8921220302581787,
        1.8507866859436035,
        1.8397302627563477,
        1.8502801656723022,
        1.860018253326416,
        1.8653382062911987,
        1.852036952972412,
        1.8374011516571045,
        1.8892741203308105,
        1.8562129735946655,
        1.8507235050201416,
        1.8343403339385986,
        1.8391283750534058,
        1.847853660583496,
        1.826597809791565,
        1.8123921155929565
    ],
    "stu_test_loss": [
        2.0178780555725098,
        1.9777774810791016,
        1.9644595384597778,
        2.058964967727661,
        1.9742838144302368,
        1.9040652513504028,
        2.0409042835235596,
        1.9443814754486084,
        1.9677033424377441,
        1.9636930227279663,
        1.997421383857727,
        1.9287289381027222,
        1.9499262571334839,
        2.084984540939331,
        2.049194812774658,
        1.8954321146011353,
        1.9904570579528809,
        1.9237675666809082,
        1.9929019212722778,
        1.9572216272354126,
        1.956954002380371,
        1.9979684352874756,
        1.978354811668396,
        1.9776878356933594,
        2.0464725494384766,
        1.9926505088806152,
        1.9850043058395386,
        1.9399056434631348,
        2.0844359397888184,
        2.0481746196746826,
        1.9401192665100098,
        1.8785532712936401,
        2.095881938934326,
        1.8882484436035156,
        1.9134125709533691,
        2.0134851932525635,
        1.9048926830291748,
        1.9823284149169922,
        1.9344145059585571,
        1.9897241592407227,
        1.9509468078613281,
        1.9667742252349854,
        1.9299215078353882,
        2.0040314197540283,
        1.8982220888137817,
        1.9695971012115479,
        1.9727799892425537,
        2.077899217605591,
        1.9906435012817383,
        2.037526845932007,
        2.0483036041259766,
        1.9092344045639038,
        1.92096745967865,
        1.9844622611999512,
        1.8651914596557617,
        2.017765522003174,
        1.990767240524292,
        1.933993935585022,
        2.003096103668213,
        1.974056363105774,
        2.01071834564209,
        2.091444492340088,
        1.9616752862930298,
        1.8813773393630981,
        1.9597499370574951,
        2.0178658962249756,
        1.9508566856384277,
        1.9796299934387207,
        1.9285774230957031,
        2.043097972869873,
        1.9507020711898804,
        1.9220824241638184,
        2.053694486618042,
        2.0150787830352783,
        1.8830201625823975,
        1.9641363620758057,
        1.9222501516342163,
        1.9936695098876953,
        2.0156123638153076,
        2.0689852237701416,
        2.0797157287597656,
        2.0152575969696045,
        2.1110212802886963,
        2.0337941646575928,
        1.9792840480804443,
        2.0058393478393555,
        2.0704495906829834,
        1.9340585470199585,
        2.0583014488220215,
        2.0299315452575684,
        1.9683575630187988,
        1.899891972541809,
        2.052516460418701,
        2.003913164138794,
        2.0333104133605957,
        2.0109269618988037,
        1.9694124460220337,
        2.057711601257324,
        1.7926584482192993,
        1.9558050632476807,
        1.995491623878479,
        1.9911065101623535,
        1.9280693531036377,
        2.1338913440704346,
        2.0874245166778564,
        1.9862841367721558,
        2.0938808917999268,
        1.9090391397476196,
        2.0233356952667236,
        1.9250913858413696,
        1.9596315622329712,
        2.0025370121002197,
        2.0041425228118896,
        2.0187320709228516,
        2.0242061614990234,
        1.9003628492355347,
        2.086463212966919,
        2.024641990661621,
        2.0029869079589844,
        1.936204195022583,
        1.8658775091171265,
        2.0477187633514404,
        1.9963772296905518,
        1.8998875617980957,
        1.9533170461654663,
        2.0451552867889404,
        2.126124620437622,
        1.9606720209121704,
        2.041276216506958,
        1.9517852067947388,
        2.0010488033294678,
        1.9839146137237549,
        1.9427752494812012,
        1.9595317840576172,
        1.9734750986099243,
        1.8787165880203247,
        1.9406790733337402,
        1.987568974494934,
        2.008622169494629,
        1.9089220762252808,
        1.991604208946228,
        1.9513368606567383,
        2.0145175457000732,
        1.9673064947128296,
        2.0379581451416016,
        1.94719660282135,
        1.9740630388259888,
        1.8293590545654297,
        2.10483717918396,
        2.073460817337036,
        1.9538497924804688,
        1.96317720413208,
        1.9812721014022827,
        2.0034501552581787,
        1.850377082824707,
        2.0085346698760986,
        2.0930638313293457,
        1.9527158737182617,
        1.9255876541137695,
        1.9439976215362549,
        1.9293729066848755,
        2.035553216934204,
        2.0830960273742676,
        2.0129876136779785,
        2.022796154022217,
        1.99046790599823,
        2.035411834716797,
        2.012030601501465,
        2.0426034927368164,
        1.8900425434112549,
        2.0521011352539062,
        1.943854808807373,
        2.0684804916381836,
        2.059922218322754,
        1.9896775484085083,
        2.058575391769409,
        2.0687482357025146,
        2.077108383178711,
        2.0274293422698975,
        1.9220770597457886,
        1.9397026300430298,
        1.9527555704116821,
        2.1699891090393066,
        1.9390554428100586,
        1.9828929901123047,
        2.066244125366211,
        1.8491849899291992,
        1.983888030052185,
        1.992946743965149,
        2.0104124546051025,
        1.9263359308242798,
        1.9862959384918213,
        2.1421213150024414,
        1.958014726638794,
        2.0718395709991455,
        2.0483860969543457,
        1.836927056312561,
        2.042175054550171,
        2.084862470626831,
        1.9280056953430176,
        1.9608535766601562,
        1.9397292137145996,
        2.0634400844573975,
        2.020986795425415,
        2.006976842880249,
        1.924318552017212,
        1.9920659065246582,
        1.8889367580413818,
        2.0363645553588867,
        2.051851749420166,
        1.9855254888534546,
        2.071805715560913,
        1.8723024129867554,
        1.9022486209869385,
        1.9877434968948364,
        2.110527515411377,
        2.0284297466278076,
        1.9990521669387817,
        1.9643162488937378,
        1.9603819847106934,
        1.9798448085784912,
        1.9668750762939453,
        2.0144457817077637,
        1.8295907974243164,
        2.0034263134002686,
        2.1513869762420654,
        1.9338722229003906,
        1.9702928066253662,
        1.9562067985534668,
        2.062307834625244,
        1.9756380319595337,
        2.0040132999420166,
        2.0205752849578857,
        1.9273737668991089,
        2.037630796432495,
        1.8853349685668945,
        2.007124900817871,
        1.9428167343139648,
        2.0146350860595703,
        1.977860927581787,
        1.8636882305145264,
        1.9744982719421387,
        1.9142205715179443,
        1.9809693098068237,
        2.0110323429107666,
        1.9773848056793213,
