{
    "stu_train_loss": [
        2.292780876159668,
        2.291712522506714,
        2.2967517375946045,
        2.2908241748809814,
        2.296391010284424,
        2.2951390743255615,
        2.291301727294922,
        2.297572374343872,
        2.291958808898926,
        2.2889857292175293,
        2.289898157119751,
        2.288881301879883,
        2.2920327186584473,
        2.295499324798584,
        2.292940855026245,
        2.2860052585601807,
        2.290869951248169,
        2.281269073486328,
        2.288750171661377,
        2.287167549133301,
        2.288810968399048,
        2.2852163314819336,
        2.283796548843384,
        2.2843029499053955,
        2.2932345867156982,
        2.2914371490478516,
        2.288116931915283,
        2.2879257202148438,
        2.2838737964630127,
        2.2932372093200684,
        2.2851147651672363,
        2.2884299755096436,
        2.290992498397827,
        2.287773609161377,
        2.283428430557251,
        2.290323257446289,
        2.2889721393585205,
        2.287837266921997,
        2.2877681255340576,
        2.284925937652588
    ],
    "stu_test_loss": [
        2.4068429470062256,
        2.4042646884918213,
        2.3982269763946533,
        2.4082224369049072,
        2.3959102630615234,
        2.3876214027404785,
        2.399078845977783,
        2.389094591140747,
        2.4012794494628906,
        2.403334617614746,
        2.405021905899048,
        2.3886358737945557,
        2.4042136669158936,
        2.402575731277466,
        2.391068458557129,
        2.3716886043548584,
        2.38855242729187,
        2.388637065887451,
        2.4007551670074463,
        2.390726089477539,
        2.3948137760162354,
        2.3945586681365967,
        2.3911824226379395,
        2.3953254222869873,
        2.3966660499572754,
        2.3905696868896484,
        2.397855281829834,
        2.3981733322143555,
        2.407543182373047,
        2.406860113143921,
        2.3999531269073486,
        2.4070651531219482,
        2.419769287109375,
        2.3964414596557617,
        2.3988888263702393,
        2.399104595184326,
        2.404625415802002,
        2.396078109741211,
        2.411240816116333,
        2.4014461040496826,
        2.3955156803131104,
        2.392212152481079,
        2.391326904296875,
        2.3974695205688477,
        2.397597074508667,
        2.394819498062134,
        2.404040575027466,
        2.3980956077575684,
        2.376492977142334,
        2.4008054733276367,
        2.3893706798553467,
        2.3855090141296387,
        2.3861794471740723,
        2.3929946422576904,
        2.4014718532562256,
        2.414565324783325,
        2.396135091781616,
        2.381925344467163,
        2.402099370956421,
        2.390909194946289,
        2.41032338142395,
        2.411222219467163,
        2.3927974700927734,
        2.3882381916046143,
        2.3970730304718018,
        2.405304193496704,
        2.400761604309082,
        2.392676591873169,
        2.382439136505127,
        2.3901021480560303,
        2.4011576175689697,
        2.3975279331207275,
        2.3992908000946045,
        2.406242609024048,
        2.3990094661712646,
        2.390998601913452,
        2.3920953273773193,
        2.385735034942627,
        2.395631790161133,
        2.404581308364868,
        2.3946475982666016,
        2.3878843784332275,
        2.406209707260132,
        2.39516019821167,
        2.4001405239105225,
        2.4196932315826416,
        2.3917088508605957,
        2.3866255283355713,
        2.4069857597351074,
        2.3855268955230713,
        2.402047872543335,
        2.399463415145874,
        2.3821144104003906,
        2.399430751800537,
        2.4085001945495605,
        2.3963117599487305,
        2.4074060916900635,
        2.4013307094573975,
        2.3869409561157227,
        2.396857500076294,
        2.3981223106384277,
        2.3918519020080566,
        2.3867127895355225,
        2.3962433338165283,
        2.394998073577881,
        2.4079842567443848,
        2.396134853363037,
        2.389512777328491,
        2.3959550857543945,
        2.397254467010498,
        2.394721746444702,
        2.4054172039031982,
        2.4075050354003906,
        2.4054410457611084,
        2.4002702236175537,
        2.388953924179077,
        2.404968738555908,
        2.3980159759521484,
        2.394143581390381,
        2.392932176589966,
        2.387122392654419,
        2.3984286785125732,
        2.394031286239624,
        2.3814477920532227,
        2.396857500076294,
        2.4046449661254883,
        2.4142255783081055,
        2.394165515899658,
        2.391655683517456,
        2.396759510040283,
        2.397263765335083,
        2.400221109390259,
        2.3795971870422363,
        2.3970866203308105,
        2.3950681686401367,
        2.387052536010742,
        2.4122555255889893,
        2.394768714904785,
        2.4052562713623047,
        2.3959619998931885,
        2.4120185375213623,
        2.3891186714172363,
        2.3911852836608887,
        2.380890130996704,
        2.4014744758605957,
        2.3988590240478516,
        2.3958511352539062,
        2.3877124786376953,
        2.41168212890625,
        2.3921713829040527,
        2.3955416679382324,
        2.4029321670532227,
        2.4064109325408936,
        2.411055326461792,
        2.386054277420044,
        2.404343366622925,
        2.4026622772216797,
        2.395186185836792,
        2.3929388523101807,
        2.38865065574646,
        2.3892135620117188,
        2.406339406967163,
        2.4022269248962402,
        2.4033753871917725,
        2.4039950370788574,
        2.3840396404266357,
        2.3947033882141113,
        2.3965816497802734,
        2.397636651992798,
        2.398481607437134,
        2.4100921154022217,
        2.4041619300842285,
        2.4039018154144287,
        2.393134593963623,
        2.3969626426696777,
        2.4053356647491455,
        2.3901898860931396,
        2.4016177654266357,
        2.412834405899048,
        2.3885419368743896,
        2.3928442001342773,
        2.4013054370880127,
        2.4166111946105957,
        2.3856923580169678,
        2.394223690032959,
        2.3990883827209473,
        2.3662946224212646,
        2.4018707275390625,
        2.389545440673828,
        2.3894331455230713,
        2.393671989440918,
        2.398961067199707,
        2.3907155990600586,
        2.3921520709991455,
        2.4000186920166016,
        2.3981833457946777,
        2.402820348739624,
        2.398653268814087,
        2.408412456512451,
        2.3950634002685547,
        2.395310878753662,
        2.3997342586517334,
        2.4055395126342773,
        2.388411045074463,
        2.4083800315856934,
        2.395045757293701,
        2.3898842334747314,
        2.380406141281128,
        2.3893866539001465,
        2.422215461730957,
        2.4015018939971924,
        2.414890766143799,
        2.3842310905456543,
        2.4151611328125,
        2.384345531463623,
        2.4199657440185547,
        2.408215045928955,
        2.3893823623657227,
        2.3994719982147217,
        2.3933610916137695,
        2.38914155960083,
        2.3895397186279297,
        2.398970365524292,
        2.3931353092193604,
        2.383800506591797,
        2.4108965396881104,
        2.379957675933838,
        2.400221109390259,
        2.3832144737243652,
        2.3962671756744385,
        2.398310899734497,
        2.393592119216919,
        2.410045623779297,
        2.3928892612457275,
        2.4072248935699463,
        2.378986358642578,
        2.4071717262268066,
        2.402007579803467,
        2.395864248275757,
        2.3970136642456055,
        2.3850772380828857,
        2.389569044113159,
        2.3772330284118652,
        2.397859811782837,
        2.4127416610717773,
        2.4013097286224365,
        2.4058542251586914,
        2.3948521614074707,
