{
    "stu_train_loss": 0.17199761737138033,
    "mentor_train_loss": 0.15626078387722372,
    "stu_test_loss": 0.1414858347501237,
    "mentor_test_loss": 0.14951445359867602,
    "stu_train_acc": 0.983984375,
    "mentor_train_acc": 0.98828125,
    "stu_test_acc": 0.9884185303514377,
    "mentor_test_acc": 0.9869209265175719
}