{
    "stu_train_loss": 0.23122166823595763,
    "mentor_train_loss": 0.21371671054512262,
    "stu_test_loss": 0.19790669128346366,
    "mentor_test_loss": 0.23349757283069075,
    "stu_train_acc": 0.9796875,
    "mentor_train_acc": 0.98359375,
    "stu_test_acc": 0.985423322683706,
    "mentor_test_acc": 0.9750399361022364
}