{
    "stu_train_loss": 0.18129530036821961,
    "mentor_train_loss": 0.15435217348858715,
    "stu_test_loss": 0.16495764343597638,
    "mentor_test_loss": 0.1816009511343968,
    "stu_train_acc": 0.982421875,
    "mentor_train_acc": 0.98828125,
    "stu_test_acc": 0.985223642172524,
    "mentor_test_acc": 0.9846246006389776
}