{
    "stu_train_loss": 0.202751783747226,
    "mentor_train_loss": 0.1724622399546206,
    "stu_test_loss": 0.19083408801890792,
    "mentor_test_loss": 0.21711238199910418,
    "stu_train_acc": 0.981640625,
    "mentor_train_acc": 0.98984375,
    "stu_test_acc": 0.9836261980830671,
    "mentor_test_acc": 0.9820287539936102
}