{
    "stu_train_loss": 0.17811514334753156,
    "mentor_train_loss": 0.15552957216277719,
    "stu_test_loss": 0.20753674992261983,
    "mentor_test_loss": 0.23866585063667725,
    "stu_train_acc": 0.98203125,
    "mentor_train_acc": 0.98671875,
    "stu_test_acc": 0.9824281150159745,
    "mentor_test_acc": 0.9794329073482428
}