{
    "stu_train_loss": 0.175107298232615,
    "mentor_train_loss": 0.1473674399778247,
    "stu_test_loss": 0.14397186985888039,
    "mentor_test_loss": 0.15721734608419405,
    "stu_train_acc": 0.982421875,
    "mentor_train_acc": 0.98828125,
    "stu_test_acc": 0.9883186900958466,
    "mentor_test_acc": 0.9875199680511182
}