{
    "stu_train_loss": 0.18941332660615445,
    "mentor_train_loss": 0.14969794871285558,
    "stu_test_loss": 0.15923483598346527,
    "mentor_test_loss": 0.17784027876659705,
    "stu_train_acc": 0.98046875,
    "mentor_train_acc": 0.9875,
    "stu_test_acc": 0.9882188498402555,
    "mentor_test_acc": 0.9830271565495208
}