{
    "stu_train_loss": 0.18353603081777692,
    "mentor_train_loss": 0.16761046554893255,
    "stu_test_loss": 0.1604845254375531,
    "mentor_test_loss": 0.1849514408090625,
    "stu_train_acc": 0.983984375,
    "mentor_train_acc": 0.987890625,
    "stu_test_acc": 0.9864217252396166,
    "mentor_test_acc": 0.983326677316294
}