{
    "stu_train_loss": 0.18532259473577142,
    "mentor_train_loss": 0.17761232024058698,
    "stu_test_loss": 0.17984962118224215,
    "mentor_test_loss": 0.1789279033343632,
    "stu_train_acc": 0.985546875,
    "mentor_train_acc": 0.9859375,
    "stu_test_acc": 0.9849241214057508,
    "mentor_test_acc": 0.9842252396166135
}