{
    "stu_train_loss": 0.2850551038980484,
    "mentor_train_loss": 0.26727132927626374,
    "stu_test_loss": 0.26729682611581235,
    "mentor_test_loss": 0.2476772516965866,
    "stu_train_acc": 0.9726128473877906,
    "mentor_train_acc": 0.9775173611938953,
    "stu_test_acc": 0.9728434504792333,
    "mentor_test_acc": 0.9760383386581469
}