{
    "stu_train_loss": 0.1954226054251194,
    "mentor_train_loss": 0.19069875068962575,
    "stu_test_loss": 0.18111531260295416,
    "mentor_test_loss": 0.21667800379542115,
    "stu_train_acc": 0.981640625,
    "mentor_train_acc": 0.986328125,
    "stu_test_acc": 0.9836261980830671,
    "mentor_test_acc": 0.9791333865814696
}