{
    "stu_train_loss": 0.16888606399297715,
    "mentor_train_loss": 0.1482343813404441,
    "stu_test_loss": 0.16307131165323166,
    "mentor_test_loss": 0.20019454220994212,
    "stu_train_acc": 0.98359375,
    "mentor_train_acc": 0.988671875,
    "stu_test_acc": 0.987020766773163,
    "mentor_test_acc": 0.9813298722044729
}