{
    "stu_train_loss": 0.2158771088346839,
    "mentor_train_loss": 0.2157090911641717,
    "stu_test_loss": 0.20648279219580154,
    "mentor_test_loss": 0.21128361941145632,
    "stu_train_acc": 0.9828125,
    "mentor_train_acc": 0.984765625,
    "stu_test_acc": 0.9843250798722045,
    "mentor_test_acc": 0.9807308306709265
}