{
    "stu_train_loss": 0.1801097552292049,
    "mentor_train_loss": 0.13855245290324092,
    "stu_test_loss": 0.14204564105017117,
    "mentor_test_loss": 0.19290704932361366,
    "stu_train_acc": 0.98046875,
    "mentor_train_acc": 0.990625,
    "stu_test_acc": 0.987120607028754,
    "mentor_test_acc": 0.981729233226837
}