{
    "stu_train_loss": 0.17438741037622094,
    "mentor_train_loss": 0.13558450024574994,
    "stu_test_loss": 0.13863884512418376,
    "mentor_test_loss": 0.14932297224910876,
    "stu_train_acc": 0.9828125,
    "mentor_train_acc": 0.987890625,
    "stu_test_acc": 0.9877196485623003,
    "mentor_test_acc": 0.9864217252396166
}