{
    "stu_train_loss": 2.1110331170699177,
    "mentor_train_loss": 2.2940207135443593,
    "stu_test_loss": 2.0945922334354146,
    "mentor_test_loss": 2.2916819417057708,
    "stu_train_acc": 0.30278361369581785,
    "mentor_train_acc": 0.2951388890836753,
    "stu_test_acc": 0.3149960063897764,
    "mentor_test_acc": 0.28065095846645366
}