{
    "stu_train_loss": 2.033868200638715,
    "mentor_train_loss": 2.257102087432263,
    "stu_test_loss": 2.037139286629308,
    "mentor_test_loss": 2.25429672707384,
    "stu_train_acc": 0.30891106467621,
    "mentor_train_acc": 0.32822712437779294,
    "stu_test_acc": 0.3109025559105431,
    "mentor_test_acc": 0.3018170926517572
}