{
    "stu_train_loss": 1.7658634022170423,
    "mentor_train_loss": 2.121245127098233,
    "stu_test_loss": 1.7573796152687682,
    "mentor_test_loss": 2.114439732731341,
    "stu_train_acc": 0.3775968721099928,
    "mentor_train_acc": 0.3521241832013224,
    "stu_test_acc": 0.39017571884984026,
    "mentor_test_acc": 0.352935303514377
}