{
    "stu_train_loss": [
        0.19510363042354584,
        0.1609516143798828,
        0.18687690794467926,
        0.20206376910209656,
        0.31222641468048096,
        0.17532402276992798,
        0.15885590016841888,
        0.1498374491930008,
        0.20839522778987885,
        0.1268254667520523,
        0.18016953766345978,
        0.16608373820781708,
        0.1903296262025833,
        0.18325090408325195,
        0.1616227775812149,
        0.20347069203853607,
        0.23135051131248474,
        0.16949401795864105,
        0.14849944412708282,
        0.14084841310977936,
        0.16398806869983673,
        0.1431226134300232,
        0.17463688552379608,
        0.2640470266342163,
        0.13665245473384857,
        0.23585233092308044,
        0.22712264955043793,
        0.20995986461639404,
        0.12528640031814575,
        0.12722964584827423,
        0.12986621260643005,
        0.10518670827150345,
        0.0860268622636795,
        0.15637168288230896,
        0.14798033237457275,
        0.21626706421375275,
        0.26815617084503174,
        0.255775511264801,
        0.14100421965122223,
        0.20389586687088013,
        0.3157009780406952,
        0.1131342351436615,
        0.12132824957370758,
        0.20625600218772888,
        0.12114786356687546,
        0.1654852330684662,
        0.19627225399017334,
        0.3074450194835663
    ],
    "stu_test_loss": [
        0.5230709314346313,
        0.4600634276866913,
        0.4364807605743408,
        0.4571678638458252,
        0.6210018396377563,
        0.44112473726272583,
        0.582517147064209,
        0.4766874611377716,
        0.48015403747558594,
        0.48712247610092163,
        0.41840147972106934,
        0.5004022717475891,
        0.5515342950820923,
        0.41758328676223755,
        0.4699098467826843,
        0.45335566997528076,
        0.5571296215057373,
        0.4885101318359375,
        0.41439884901046753,
        0.5664380788803101,
        0.5845401883125305,
        0.6706056594848633,
        0.5513137578964233,
        0.47296142578125,
        0.47456225752830505,
        0.5460503101348877,
        0.4780499339103699,
        0.4888450503349304,
        0.4471789002418518,
        0.5795241594314575,
        0.46570542454719543,
        0.4870482087135315,
        0.41653403639793396,
        0.516386866569519,
        0.4527793526649475,
        0.5015835762023926,
        0.42186668515205383,
        0.6291418075561523,
        0.5485600233078003,
        0.5518738627433777,
        0.4585350453853607,
        0.4585420489311218,
        0.5883475542068481,
        0.5081392526626587,
        0.4766697287559509,
        0.4774361848831177,
        0.4195481538772583,
        0.4419596195220947,
        0.48152750730514526,
        0.432037353515625,
        0.34491807222366333,
        0.4216710329055786,
        0.38337254524230957,
        0.34999728202819824,
        0.3474096655845642,
        0.4131081700325012,
        0.5055079460144043,
        0.41047191619873047,
        0.406536340713501,
        0.6427183151245117,
        0.5060123205184937,
        0.591559648513794,
        0.3598760664463043,
        0.34644994139671326,
        0.34528449177742004,
        0.6590623259544373,
        0.4902912974357605,
        0.45676299929618835,
        0.35809651017189026,
        0.35692650079727173,
        0.34027501940727234,
        0.3433505892753601,
        0.3831821382045746,
        0.3750050365924835,
        0.47124868631362915,
        0.38851675391197205,
        0.35461485385894775,
        0.3943699598312378,
        0.40470901131629944,
        0.4734514653682709,
        0.5033236145973206,
        0.43186628818511963,
        0.46294456720352173,
        0.5003410577774048,
        0.3919386863708496,
        0.407657265663147,
        0.3541238307952881,
        0.3370816707611084,
        0.35556739568710327,
        0.3553634285926819,
        0.5698302984237671,
        0.36347436904907227,
        0.35726094245910645,
        0.36672115325927734,
        0.37354040145874023,
        0.40698695182800293,
        0.6486685276031494,
        0.6253789067268372,
        0.44382601976394653,
        0.44713687896728516
    ],
    "stu_train_acc": [
        0.9399999976158142,
        0.9599999785423279,
        0.9599999785423279,
        0.949999988079071,
        0.9199999570846558,
        0.9699999690055847,
        0.949999988079071,
        0.949999988079071,
        0.9399999976158142,
        0.9799999594688416,
        0.949999988079071,
        0.9599999785423279,
        0.9599999785423279,
        0.949999988079071,
        0.949999988079071,
        0.9599999785423279,
        0.949999988079071,
        0.9699999690055847,
        0.949999988079071,
        0.9799999594688416,
        0.9599999785423279,
        0.9599999785423279,
        0.949999988079071,
        0.9099999666213989,
        0.9699999690055847,
        0.9199999570846558,
        0.9599999785423279,
        0.9199999570846558,
        0.9799999594688416,
        0.9599999785423279,
        0.9699999690055847,
        0.9899999499320984,
        1.0,
        0.9399999976158142,
        0.9599999785423279,
        0.949999988079071,
        0.9300000071525574,
        0.9399999976158142,
        0.9599999785423279,
        0.9199999570846558,
        0.9300000071525574,
        0.9599999785423279,
        0.9799999594688416,
        0.9300000071525574,
        0.9799999594688416,
        0.9799999594688416,
        0.9399999976158142,
        0.8870967626571655
    ],