{
    "stu_train_loss": [
        0.2708521783351898,
        0.04653409123420715,
        0.03534536063671112,
        0.08513537049293518,
        0.1115812361240387,
        0.18394561111927032,
        0.08793923258781433,
        0.06315355002880096,
        0.14534835517406464,
        0.16725242137908936,
        0.10059144347906113,
        0.08035251498222351,
        0.09848561137914658,
        0.13719676434993744,
        0.18761642277240753,
        0.12139640003442764,
        0.20682069659233093,
        0.13989536464214325,
        0.033774927258491516,
        0.1566297560930252,
        0.11747297644615173,
        0.21364973485469818,
        0.059691134840250015,
        0.08488859236240387,
        0.23106206953525543,
        0.12800297141075134,
        0.14568446576595306,
        0.10617802292108536,
        0.0815119817852974,
        0.154395192861557,
        0.12296047061681747,
        0.19586943089962006,
        0.2032204419374466,
        0.09310629218816757,
        0.10580737888813019,
        0.053570933640003204,
        0.05991030111908913,
        0.10802921652793884,
        0.07432486116886139,
        0.0697454884648323,
        0.07915616035461426,
        0.10978338867425919,
        0.06597208976745605,
        0.09803939610719681,
        0.050138626247644424,
        0.1294700652360916,
        0.12211071699857712,
        0.4329582154750824
    ],
    "stu_test_loss": [
        0.4135640263557434,
        0.41825515031814575,
        0.42085373401641846,
        0.3897782266139984,
        0.48663389682769775,
        0.43275123834609985,
        0.49212509393692017,
        0.397309273481369,
        0.4271929860115051,
        0.4948110580444336,
        0.42997443675994873,
        0.48665672540664673,
        0.5078050494194031,
        0.4258878231048584,
        0.41768309473991394,
        0.4315270483493805,
        0.48036980628967285,
        0.45235690474510193,
        0.39686745405197144,
        0.5096216201782227,
        0.5298080444335938,
        0.5724917054176331,
        0.4790627956390381,
        0.46675801277160645,
        0.4488913416862488,
        0.4937303066253662,
        0.4114874005317688,
        0.4431772232055664,
        0.3855911195278168,
        0.5256173610687256,
        0.4610954523086548,
        0.3923688530921936,
        0.368010014295578,
        0.44138646125793457,
        0.40435633063316345,
        0.46050816774368286,
        0.40501663088798523,
        0.6080995798110962,
        0.4716859459877014,
        0.4589085876941681,
        0.45753905177116394,
        0.4534425735473633,
        0.5589419603347778,
        0.387525737285614,
        0.4270615577697754,
        0.4253549575805664,
        0.39684903621673584,
        0.38337159156799316,
        0.44521212577819824,
        0.41535910964012146,
        0.352275550365448,
        0.38718026876449585,
        0.40294989943504333,
        0.34639623761177063,
        0.35330259799957275,
        0.363146036863327,
        0.49595436453819275,
        0.4388608932495117,
        0.4034413695335388,
        0.5151327848434448,
        0.5239456295967102,
        0.6305968761444092,
        0.34557637572288513,
        0.33959850668907166,
        0.35851576924324036,
        0.5932725667953491,
        0.532852053642273,
        0.44017207622528076,
        0.3503556251525879,
        0.34419411420822144,
        0.3441326320171356,
        0.35224655270576477,
        0.39024144411087036,
        0.3724704682826996,
        0.3825618326663971,
        0.3814283311367035,
        0.344449907541275,
        0.37678906321525574,
        0.4076632261276245,
        0.42256850004196167,
        0.48740774393081665,
        0.38049712777137756,
        0.47119012475013733,
        0.47105351090431213,
        0.3682350516319275,
        0.37086740136146545,
        0.351463258266449,
        0.34286701679229736,
        0.3488367199897766,
        0.3474830090999603,
        0.4515962302684784,
        0.3621799945831299,
        0.34741681814193726,
        0.34680119156837463,
        0.3519624173641205,
        0.3649751543998718,
        0.7407890558242798,
        0.4692705571651459,
        0.37104693055152893,
        0.38306787610054016
    ],
    "stu_train_acc": [
        0.9399999976158142,
        1.0,
        1.0,
        0.9699999690055847,
        0.9699999690055847,
        0.9599999785423279,
        0.9799999594688416,
        0.9899999499320984,
        0.9599999785423279,
        0.9399999976158142,
        0.9599999785423279,
        0.9799999594688416,
        0.9699999690055847,
        0.9699999690055847,
        0.9399999976158142,
        0.949999988079071,
        0.9300000071525574,
        0.9399999976158142,
        1.0,
        0.9399999976158142,
        0.9699999690055847,
        0.949999988079071,
        0.9799999594688416,
        0.9899999499320984,
        0.9300000071525574,
        0.9399999976158142,
        0.9599999785423279,
        0.9699999690055847,
        0.9699999690055847,
        0.9699999690055847,
        0.9599999785423279,
        0.9399999976158142,
        0.9399999976158142,
        0.9599999785423279,
        0.9899999499320984,
        0.9799999594688416,
        0.9799999594688416,
        0.9599999785423279,
        0.9699999690055847,
        0.9799999594688416,
        0.9799999594688416,
        0.9599999785423279,
        0.9899999499320984,
        0.9599999785423279,
        0.9799999594688416,
        0.9599999785423279,
        0.9399999976158142,
        0.9354838132858276
    ],