{
    "stu_train_loss": [
        0.05252521485090256,
        0.09886990487575531,
        0.14342820644378662,
        0.14140409231185913,
        0.09655492752790451,
        0.21402938663959503,
        0.14072245359420776,
        0.07728474587202072,
        0.27792081236839294,
        0.05106344074010849,
        0.15847747027873993,
        0.09197130799293518,
        0.13678738474845886,
        0.08326108008623123,
        0.17911851406097412,
        0.08473725616931915,
        0.07963162660598755,
        0.06542772054672241,
        0.07273604720830917,
        0.10839938372373581,
        0.17218196392059326,
        0.05014371499419212,
        0.11903013288974762,
        0.1873096525669098,
        0.031573809683322906,
        0.05513394996523857,
        0.10581830143928528,
        0.26935136318206787,
        0.14667744934558868,
        0.1559145301580429,
        0.06922195106744766,
        0.13707664608955383,
        0.12591221928596497,
        0.2932378053665161,
        0.1199881061911583,
        0.04016702622175217,
        0.1744871884584427,
        0.290246844291687,
        0.2538468539714813,
        0.314236044883728,
        0.22108617424964905,
        0.05651719123125076,
        0.23432961106300354,
        0.16595281660556793,
        0.16327035427093506,
        0.2727925777435303,
        0.08231762796640396,
        0.14062616229057312
    ],
    "stu_test_loss": [
        0.4393521547317505,
        0.47004902362823486,
        0.4233676493167877,
        0.4218636751174927,
        0.5313758850097656,
        0.3976110816001892,
        0.4736282527446747,
        0.41602784395217896,
        0.4900798499584198,
        0.4756721258163452,
        0.3892807364463806,
        0.46858882904052734,
        0.5736322402954102,
        0.4243740439414978,
        0.4242343306541443,
        0.41273605823516846,
        0.5502599477767944,
        0.46729522943496704,
        0.3582082986831665,
        0.5201823711395264,
        0.5537636876106262,
        0.5398070812225342,
        0.5292036533355713,
        0.4184950590133667,
        0.41086483001708984,
        0.49845215678215027,
        0.4415431618690491,
        0.4462827444076538,
        0.3672649562358856,
        0.5529503226280212,
        0.4395848512649536,
        0.35529807209968567,
        0.3916437029838562,
        0.474182665348053,
        0.4500877559185028,
        0.4548346996307373,
        0.3656918406486511,
        0.5981491804122925,
        0.48701614141464233,
        0.4665100574493408,
        0.4725438356399536,
        0.4329836368560791,
        0.5004514455795288,
        0.4279392957687378,
        0.42971131205558777,
        0.36891666054725647,
        0.3680337965488434,
        0.41869956254959106,
        0.4979323148727417,
        0.39659595489501953,
        0.3284623622894287,
        0.3673527240753174,
        0.3511204421520233,
        0.3405319154262543,
        0.33103230595588684,
        0.35543563961982727,
        0.4696483016014099,
        0.3821590840816498,
        0.38387447595596313,
        0.5388739705085754,
        0.5821599364280701,
        0.7195865511894226,
        0.33638644218444824,
        0.33323368430137634,
        0.3416970372200012,
        0.6725153923034668,
        0.44490498304367065,
        0.369631826877594,
        0.3390222191810608,
        0.334362655878067,
        0.3252111077308655,
        0.32660138607025146,
        0.3643774688243866,
        0.4057452976703644,
        0.40225133299827576,
        0.36336418986320496,
        0.3317702114582062,
        0.3650990128517151,
        0.361295610666275,
        0.4540058970451355,
        0.4925089478492737,
        0.3815828859806061,
        0.4307655394077301,
        0.46723616123199463,
        0.34198275208473206,
        0.34714680910110474,
        0.340984046459198,
        0.33920055627822876,
        0.3677438497543335,
        0.329636812210083,
        0.47471165657043457,
        0.3340066969394684,
        0.33877280354499817,
        0.33786773681640625,
        0.35307517647743225,
        0.35084962844848633,
        0.5646246671676636,
        0.4567378759384155,
        0.4014664888381958,
        0.3755388855934143
    ],
    "stu_train_acc": [
        0.9899999499320984,
        0.9599999785423279,
        0.949999988079071,
        0.9699999690055847,
        0.9699999690055847,
        0.9399999976158142,
        0.9399999976158142,
        0.9899999499320984,
        0.9099999666213989,
        0.9899999499320984,
        0.9699999690055847,
        0.9799999594688416,
        0.949999988079071,
        0.9699999690055847,
        0.9300000071525574,
        0.9599999785423279,
        0.9599999785423279,
        0.9699999690055847,
        0.9799999594688416,
        0.9799999594688416,
        0.9199999570846558,
        0.9799999594688416,
        0.9799999594688416,
        0.949999988079071,
        0.9899999499320984,
        0.9699999690055847,
        0.949999988079071,
        0.9399999976158142,
        0.949999988079071,
        0.949999988079071,
        0.9699999690055847,
        0.949999988079071,
        0.9699999690055847,
        0.949999988079071,
        0.9699999690055847,
        0.9899999499320984,
        0.9399999976158142,
        0.9099999666213989,
        0.9199999570846558,
        0.9099999666213989,
        0.9199999570846558,
        0.9699999690055847,
        0.9199999570846558,
        0.9399999976158142,
        0.9599999785423279,
        0.8899999856948853,
        0.9599999785423279,
        0.9354838132858276
    ],