{
    "stu_train_loss": [
        0.09466879069805145,
        0.18765832483768463,
        0.019672371447086334,
        0.0810832604765892,
        0.12352966517210007,
        0.14117927849292755,
        0.06348589807748795,
        0.013578508980572224,
        0.11912761628627777,
        0.1237255111336708,
        0.1496179699897766,
        0.22995655238628387,
        0.04419320076704025,
        0.23825711011886597,
        0.15083850920200348,
        0.2719246745109558,
        0.0560479462146759,
        0.19520282745361328,
        0.07903685420751572,
        0.03266855329275131,
        0.04260093718767166,
        0.17536967992782593,
        0.0905802920460701,
        0.07210041582584381,
        0.15835803747177124,
        0.03394355997443199,
        0.12855315208435059,
        0.23760776221752167,
        0.10487662255764008,
        0.09305188059806824,
        0.034392647445201874,
        0.08234968036413193,
        0.05817415565252304,
        0.23411323130130768,
        0.10924521088600159,
        0.1097128838300705,
        0.11384470015764236,
        0.07804315537214279,
        0.06568364053964615,
        0.16155768930912018,
        0.10716859996318817,
        0.15178754925727844,
        0.12287245690822601,
        0.08602762222290039,
        0.11343871057033539,
        0.0363914854824543,
        0.20110934972763062,
        0.044024091213941574
    ],
    "stu_test_loss": [
        0.44677767157554626,
        0.3889715373516083,
        0.3954707384109497,
        0.4315756559371948,
        0.48921090364456177,
        0.4267113506793976,
        0.5143879055976868,
        0.41437193751335144,
        0.4377073645591736,
        0.5351548790931702,
        0.40456902980804443,
        0.4501638412475586,
        0.4761417806148529,
        0.40200841426849365,
        0.37543657422065735,
        0.38696199655532837,
        0.5232663154602051,
        0.4616868197917938,
        0.3872491121292114,
        0.4869723320007324,
        0.48244380950927734,
        0.5490222573280334,
        0.4529041051864624,
        0.47782182693481445,
        0.4832494854927063,
        0.4587176740169525,
        0.42089831829071045,
        0.4332801103591919,
        0.360485702753067,
        0.5116162300109863,
        0.4695926308631897,
        0.40493398904800415,
        0.37936246395111084,
        0.43010368943214417,
        0.40174418687820435,
        0.40485435724258423,
        0.38080698251724243,
        0.6055663824081421,
        0.5004293918609619,
        0.44384312629699707,
        0.4352341890335083,
        0.4514695405960083,
        0.5645139813423157,
        0.44823187589645386,
        0.44338899850845337,
        0.38757145404815674,
        0.4256581664085388,
        0.411896288394928,
        0.47053223848342896,
        0.4021487832069397,
        0.33257928490638733,
        0.41468876600265503,
        0.40806686878204346,
        0.3387587368488312,
        0.36547306180000305,
        0.3564564287662506,
        0.4153834581375122,
        0.3919016718864441,
        0.3828609585762024,
        0.5679237246513367,
        0.48676514625549316,
        0.48415103554725647,
        0.3466655910015106,
        0.34208253026008606,
        0.35278409719467163,
        0.6309173107147217,
        0.4573959708213806,
        0.4257049560546875,
        0.36947983503341675,
        0.3307156264781952,
        0.3373585343360901,
        0.3518492579460144,
        0.389606237411499,
        0.3878801465034485,
        0.3977268636226654,
        0.3632097840309143,
        0.3428023159503937,
        0.34888002276420593,
        0.38243401050567627,
        0.3693045675754547,
        0.46699976921081543,
        0.37065234780311584,
        0.4595194458961487,
        0.494983434677124,
        0.3367484211921692,
        0.3485557734966278,
        0.35185861587524414,
        0.34621793031692505,
        0.35115230083465576,
        0.33979901671409607,
        0.4526650607585907,
        0.36482173204421997,
        0.343644917011261,
        0.3408997058868408,
        0.35577458143234253,
        0.3692590594291687,
        0.7461546659469604,
        0.516976535320282,
        0.4031181037425995,
        0.41378122568130493
    ],
    "stu_train_acc": [
        0.9799999594688416,
        0.9399999976158142,
        1.0,
        0.9799999594688416,
        0.9699999690055847,
        0.9599999785423279,
        0.9699999690055847,
        1.0,
        0.9899999499320984,
        0.9599999785423279,
        0.9599999785423279,
        0.9699999690055847,
        0.9799999594688416,
        0.9399999976158142,
        0.9399999976158142,
        0.9300000071525574,
        0.9899999499320984,
        0.9399999976158142,
        0.9699999690055847,
        0.9799999594688416,
        0.9899999499320984,
        0.9399999976158142,
        0.9799999594688416,
        0.9799999594688416,
        0.949999988079071,
        0.9899999499320984,
        0.9399999976158142,
        0.9199999570846558,
        0.9699999690055847,
        0.9799999594688416,
        0.9899999499320984,
        0.949999988079071,
        0.9799999594688416,
        0.9300000071525574,
        0.949999988079071,
        0.9699999690055847,
        0.9799999594688416,
        0.9799999594688416,
        0.9799999594688416,
        0.9699999690055847,
        0.9899999499320984,
        0.949999988079071,
        0.9599999785423279,
        0.9799999594688416,
        0.9699999690055847,
        1.0,
        0.9300000071525574,
        1.0
    ],