{
    "stu_train_loss": [
        0.13421191275119781,
        0.10356125235557556,
        0.0957292765378952,
        0.12907031178474426,
        0.1160951554775238,
        0.18175840377807617,
        0.2937215566635132,
        0.16111911833286285,
        0.08406025171279907,
        0.18829108774662018,
        0.20944055914878845,
        0.3362833261489868,
        0.0957874283194542,
        0.14338740706443787,
        0.1410306990146637,
        0.11862880736589432,
        0.17089857161045074,
        0.12107332050800323,
        0.1229633316397667,
        0.10820003598928452,
        0.19199533760547638,
        0.2052665501832962,
        0.06762940436601639,
        0.13719390332698822,
        0.15411891043186188,
        0.12746983766555786,
        0.09917906671762466,
        0.18049365282058716,
        0.08707532286643982,
        0.1502176970243454,
        0.2453981190919876,
        0.086231529712677,
        0.20124204456806183,
        0.23538070917129517,
        0.06309022754430771,
        0.20427829027175903,
        0.06358419358730316,
        0.18999676406383514,
        0.1582927256822586,
        0.09153203666210175,
        0.1469283550977707,
        0.1428775042295456,
        0.2243196815252304,
        0.16015128791332245,
        0.14804574847221375,
        0.20297695696353912,
        0.11562087386846542,
        0.30374372005462646
    ],
    "stu_test_loss": [
        0.4533213675022125,
        0.41400614380836487,
        0.4038866460323334,
        0.43443024158477783,
        0.540802001953125,
        0.41092169284820557,
        0.49803322553634644,
        0.419494092464447,
        0.4526526927947998,
        0.4889742136001587,
        0.41668346524238586,
        0.4891231954097748,
        0.5396589040756226,
        0.40450501441955566,
        0.43026140332221985,
        0.42182886600494385,
        0.4639914035797119,
        0.47186797857284546,
        0.41597282886505127,
        0.5616404414176941,
        0.5200539231300354,
        0.6496923565864563,
        0.5084887742996216,
        0.48072350025177,
        0.44770485162734985,
        0.49626272916793823,
        0.44767147302627563,
        0.45317405462265015,
        0.41204094886779785,
        0.5086469054222107,
        0.47707831859588623,
        0.42259538173675537,
        0.40535032749176025,
        0.5024847984313965,
        0.40306174755096436,
        0.45909324288368225,
        0.37813353538513184,
        0.6029755473136902,
        0.542377233505249,
        0.5161892175674438,
        0.43258675932884216,
        0.42973724007606506,
        0.5717913508415222,
        0.4063313603401184,
        0.4427930414676666,
        0.46039509773254395,
        0.39452776312828064,
        0.38306060433387756,
        0.4397299885749817,
        0.4155403971672058,
        0.32768914103507996,
        0.37325772643089294,
        0.3846932053565979,
        0.3284812569618225,
        0.3434809148311615,
        0.36409351229667664,
        0.49738746881484985,
        0.43149328231811523,
        0.3862012028694153,
        0.5700206756591797,
        0.4587145447731018,
        0.5709228515625,
        0.3366689682006836,
        0.34001630544662476,
        0.3467186987400055,
        0.6720161437988281,
        0.5172308087348938,
        0.4264642000198364,
        0.34776127338409424,
        0.3534424901008606,
        0.326706200838089,
        0.3427738845348358,
        0.3841191530227661,
        0.3526730239391327,
        0.4257652461528778,
        0.3764866292476654,
        0.34209275245666504,
        0.35845574736595154,
        0.3896125853061676,
        0.41919684410095215,
        0.4505133032798767,
        0.41680610179901123,
        0.45187509059906006,
        0.4569200277328491,
        0.37679314613342285,
        0.3640315532684326,
        0.3421281576156616,
        0.3239520788192749,
        0.33788084983825684,
        0.3421328663825989,
        0.48489391803741455,
        0.3426382839679718,
        0.34578853845596313,
        0.34540238976478577,
        0.349396675825119,
        0.3666200339794159,
        0.722912073135376,
        0.555557906627655,
        0.38881248235702515,
        0.40758365392684937
    ],
    "stu_train_acc": [
        0.9599999785423279,
        0.9799999594688416,
        0.9799999594688416,
        0.9699999690055847,
        0.9599999785423279,
        0.9599999785423279,
        0.9300000071525574,
        0.9599999785423279,
        0.9799999594688416,
        0.9599999785423279,
        0.949999988079071,
        0.9099999666213989,
        0.9799999594688416,
        0.949999988079071,
        0.9699999690055847,
        0.9699999690055847,
        0.9399999976158142,
        0.949999988079071,
        0.9699999690055847,
        0.9799999594688416,
        0.9399999976158142,
        0.9399999976158142,
        0.9899999499320984,
        0.9399999976158142,
        0.9399999976158142,
        0.9699999690055847,
        0.9799999594688416,
        0.9599999785423279,
        0.9799999594688416,
        0.9399999976158142,
        0.9399999976158142,
        0.9699999690055847,
        0.9199999570846558,
        0.949999988079071,
        1.0,
        0.9399999976158142,
        0.9899999499320984,
        0.9399999976158142,
        0.9399999976158142,
        0.9899999499320984,
        0.9699999690055847,
        0.9699999690055847,
        0.9300000071525574,
        0.9599999785423279,
        0.949999988079071,
        0.949999988079071,
        0.9799999594688416,
        0.9032257795333862
    ],