{
    "stu_train_loss": [
        0.26697617769241333,
        0.1375436931848526,
        0.1409079134464264,
        0.1659262627363205,
        0.12325667589902878,
        0.24643486738204956,
        0.1397717148065567,
        0.15146420896053314,
        0.12595435976982117,
        0.17080359160900116,
        0.15380118787288666,
        0.23127481341362,
        0.10868193954229355,
        0.2424440234899521,
        0.1115841194987297,
        0.07549262791872025,
        0.15592528879642487,
        0.13844801485538483,
        0.10415888577699661,
        0.15383805334568024,
        0.17091602087020874,
        0.17429861426353455,
        0.19148093461990356,
        0.21034711599349976,
        0.13558286428451538,
        0.16835500299930573,
        0.15216757357120514,
        0.08812915533781052,
        0.1365239918231964,
        0.23359617590904236,
        0.17168255150318146,
        0.13364467024803162,
        0.158408060669899,
        0.1089095026254654,
        0.14465121924877167,
        0.08717913925647736,
        0.1017068400979042,
        0.13595834374427795,
        0.24941551685333252,
        0.10218960791826248,
        0.18507009744644165,
        0.169552281498909,
        0.21599392592906952,
        0.11242757737636566,
        0.23343831300735474,
        0.08509541302919388,
        0.2063818722963333,
        0.08245731145143509
    ],
    "stu_test_loss": [
        0.4584479331970215,
        0.4113541841506958,
        0.41717270016670227,
        0.410880446434021,
        0.5386590957641602,
        0.4739833176136017,
        0.48277223110198975,
        0.43246203660964966,
        0.46136823296546936,
        0.4787546992301941,
        0.4349927306175232,
        0.48611611127853394,
        0.5201075077056885,
        0.4036017954349518,
        0.41031819581985474,
        0.4526146948337555,
        0.47973957657814026,
        0.4874091148376465,
        0.42812567949295044,
        0.5737375020980835,
        0.5012702941894531,
        0.6003564596176147,
        0.5236750841140747,
        0.45582035183906555,
        0.44639432430267334,
        0.551656186580658,
        0.4670272171497345,
        0.4553025960922241,
        0.44641074538230896,
        0.504636824131012,
        0.4799244999885559,
        0.45301690697669983,
        0.4142899811267853,
        0.4667254090309143,
        0.4312261939048767,
        0.46899962425231934,
        0.41440826654434204,
        0.5909727811813354,
        0.5181722640991211,
        0.5019539594650269,
        0.47865429520606995,
        0.46445029973983765,
        0.60124671459198,
        0.4313223958015442,
        0.4658518135547638,
        0.4592348337173462,
        0.4048946499824524,
        0.39218395948410034,
        0.4774767756462097,
        0.4196746349334717,
        0.32888466119766235,
        0.4047752618789673,
        0.3844837546348572,
        0.33122581243515015,
        0.34975120425224304,
        0.3623667359352112,
        0.4912886619567871,
        0.4294927716255188,
        0.3644031882286072,
        0.568671703338623,
        0.4833207130432129,
        0.625393271446228,
        0.3467228412628174,
        0.33985650539398193,
        0.3460365831851959,
        0.7050800323486328,
        0.529001772403717,
        0.43999937176704407,
        0.3469921052455902,
        0.3482452630996704,
        0.31979769468307495,
        0.350504070520401,
        0.39231303334236145,
        0.34531742334365845,
        0.4289379119873047,
        0.3779190182685852,
        0.3468420207500458,
        0.3580145537853241,
        0.38101398944854736,
        0.4106784760951996,
        0.4225836396217346,
        0.4399964511394501,
        0.4773489236831665,
        0.4557088315486908,
        0.37328535318374634,
        0.36074814200401306,
        0.3369038701057434,
        0.3225267231464386,
        0.34074920415878296,
        0.3518163859844208,
        0.5155762434005737,
        0.3463633954524994,
        0.34722965955734253,
        0.351215660572052,
        0.3473379909992218,
        0.37775489687919617,
        0.6854087114334106,
        0.5550466775894165,
        0.37695521116256714,
        0.41349440813064575
    ],
    "stu_train_acc": [
        0.9300000071525574,
        0.949999988079071,
        0.9599999785423279,
        0.9599999785423279,
        0.9599999785423279,
        0.9300000071525574,
        0.9699999690055847,
        0.949999988079071,
        0.9699999690055847,
        0.9399999976158142,
        0.9599999785423279,
        0.9099999666213989,
        0.9599999785423279,
        0.9399999976158142,
        0.9699999690055847,
        0.9899999499320984,
        0.949999988079071,
        0.9599999785423279,
        0.9799999594688416,
        0.9599999785423279,
        0.9399999976158142,
        0.9399999976158142,
        0.9699999690055847,
        0.949999988079071,
        0.9699999690055847,
        0.9599999785423279,
        0.9699999690055847,
        0.9899999499320984,
        0.9699999690055847,
        0.9399999976158142,
        0.9599999785423279,
        0.9799999594688416,
        0.949999988079071,
        0.9899999499320984,
        0.9599999785423279,
        0.9799999594688416,
        0.9699999690055847,
        0.9699999690055847,
        0.9399999976158142,
        0.9699999690055847,
        0.9399999976158142,
        0.9399999976158142,
        0.9599999785423279,
        0.9699999690055847,
        0.9599999785423279,
        0.9799999594688416,
        0.949999988079071,
        1.0
    ],