{
    "stu_train_loss": [
        0.13111448287963867,
        0.16199800372123718,
        0.06746167689561844,
        0.08450478315353394,
        0.0776534378528595,
        0.1900094598531723,
        0.11947332322597504,
        0.07172450423240662,
        0.07482027262449265,
        0.10622129589319229,
        0.05124148353934288,
        0.08276879042387009,
        0.12239514291286469,
        0.22358930110931396,
        0.2761443257331848,
        0.13792455196380615,
        0.15216751396656036,
        0.25378671288490295,
        0.1779540777206421,
        0.1135651096701622,
        0.1235298365354538,
        0.13597945868968964,
        0.216563418507576,
        0.19209598004817963,
        0.12235107272863388,
        0.07333288341760635,
        0.17653746902942657,
        0.13071440160274506,
        0.276724249124527,
        0.090375155210495,
        0.11899401992559433,
        0.17942224442958832,
        0.0898502767086029,
        0.03988649696111679,
        0.1910981684923172,
        0.1140541136264801,
        0.11119017750024796,
        0.10572615265846252,
        0.11334479600191116,
        0.049776941537857056,
        0.1042434424161911,
        0.09970041364431381,
        0.13527405261993408,
        0.10253827273845673,
        0.13751661777496338,
        0.06813433766365051,
        0.06832195073366165,
        0.3263716399669647
    ],
    "stu_test_loss": [
        0.45310544967651367,
        0.432562917470932,
        0.47510868310928345,
        0.41462433338165283,
        0.5012333393096924,
        0.49663203954696655,
        0.4975350499153137,
        0.3929312527179718,
        0.44401314854621887,
        0.5374518036842346,
        0.49108684062957764,
        0.4982118010520935,
        0.5582581758499146,
        0.45292919874191284,
        0.4284941554069519,
        0.4434821605682373,
        0.5214756727218628,
        0.5462450981140137,
        0.4471306800842285,
        0.5345244407653809,
        0.5114842653274536,
        0.6577982902526855,
        0.512586236000061,
        0.4972354769706726,
        0.44842594861984253,
        0.5096123218536377,
        0.43755584955215454,
        0.43880051374435425,
        0.4197257459163666,
        0.4986688494682312,
        0.47650212049484253,
        0.39445820450782776,
        0.44847673177719116,
        0.44563138484954834,
        0.4577448070049286,
        0.4636937975883484,
        0.4223073124885559,
        0.6683362126350403,
        0.5095317959785461,
        0.4736647605895996,
        0.48792564868927,
        0.49557846784591675,
        0.571975588798523,
        0.43670767545700073,
        0.47129595279693604,
        0.45489856600761414,
        0.4293544292449951,
        0.4122300446033478,
        0.5079057812690735,
        0.4312993288040161,
        0.3390187919139862,
        0.39178717136383057,
        0.4219266474246979,
        0.344551146030426,
        0.35581108927726746,
        0.3895983099937439,
        0.47999462485313416,
        0.437961220741272,
        0.3799598813056946,
        0.5122213363647461,
        0.565689206123352,
        0.6929816603660583,
        0.3485047221183777,
        0.3479720950126648,
        0.372000128030777,
        0.6437642574310303,
        0.529686450958252,
        0.47759318351745605,
        0.356145977973938,
        0.3403130769729614,
        0.34144774079322815,
        0.3683687448501587,
        0.40436387062072754,
        0.37138834595680237,
        0.4164555072784424,
        0.38442525267601013,
        0.3476806879043579,
        0.3716278076171875,
        0.4761689305305481,
        0.4453391432762146,
        0.5005929470062256,
        0.4186011850833893,
        0.4440922439098358,
        0.48823750019073486,
        0.39130547642707825,
        0.3668280243873596,
        0.34717291593551636,
        0.3404979109764099,
        0.37357738614082336,
        0.34761402010917664,
        0.5155028104782104,
        0.3811497092247009,
        0.3500743806362152,
        0.35543718934059143,
        0.3630661368370056,
        0.3871091604232788,
        0.6837533712387085,
        0.45802050828933716,
        0.3791927099227905,
        0.3911154270172119
    ],
    "stu_train_acc": [
        0.9599999785423279,
        0.9399999976158142,
        0.9699999690055847,
        0.9799999594688416,
        0.9699999690055847,
        0.949999988079071,
        0.9599999785423279,
        0.9799999594688416,
        0.9899999499320984,
        0.9699999690055847,
        0.9899999499320984,
        0.9799999594688416,
        0.9699999690055847,
        0.9399999976158142,
        0.9300000071525574,
        0.949999988079071,
        0.9399999976158142,
        0.8999999761581421,
        0.9399999976158142,
        0.9599999785423279,
        0.949999988079071,
        0.949999988079071,
        0.9399999976158142,
        0.9699999690055847,
        0.9599999785423279,
        0.9799999594688416,
        0.9699999690055847,
        0.9599999785423279,
        0.9099999666213989,
        0.9699999690055847,
        0.9699999690055847,
        0.9300000071525574,
        0.9799999594688416,
        0.9899999499320984,
        0.9300000071525574,
        0.9799999594688416,
        0.9599999785423279,
        0.9599999785423279,
        0.9599999785423279,
        0.9899999499320984,
        0.9599999785423279,
        0.9799999594688416,
        0.9599999785423279,
        0.9699999690055847,
        0.9699999690055847,
        0.9799999594688416,
        0.9799999594688416,
        0.9516128897666931
    ],