{
    "stu_train_loss": [
        0.15238064527511597,
        0.057466235011816025,
        0.09587948769330978,
        0.11323466897010803,
        0.17742404341697693,
        0.047127865254879,
        0.08734360337257385,
        0.04785976558923721,
        0.043336786329746246,
        0.09699177742004395,
        0.21883781254291534,
        0.1452116221189499,
        0.08871819823980331,
        0.07146424055099487,
        0.0996345579624176,
        0.1386958360671997,
        0.2020205706357956,
        0.31119489669799805,
        0.14425034821033478,
        0.12706352770328522,
        0.16620689630508423,
        0.09924571216106415,
        0.2921261489391327,
        0.20440258085727692,
        0.13576705753803253,
        0.07726588845252991,
        0.0801529809832573,
        0.13399876654148102,
        0.07043895870447159,
        0.13278912007808685,
        0.11088336259126663,
        0.11581772565841675,
        0.14696970582008362,
        0.24008062481880188,
        0.14917828142642975,
        0.142108753323555,
        0.09619056433439255,
        0.1349482387304306,
        0.19238579273223877,
        0.0803898274898529,
        0.11921562254428864,
        0.058860570192337036,
        0.1190783753991127,
        0.08906200528144836,
        0.13768960535526276,
        0.14728376269340515,
        0.03344423696398735,
        0.0989302322268486
    ],
    "stu_test_loss": [
        0.44388458132743835,
        0.43500378727912903,
        0.4454702138900757,
        0.41677623987197876,
        0.5536723136901855,
        0.4918031692504883,
        0.4650205671787262,
        0.4392727017402649,
        0.45726898312568665,
        0.5185317993164062,
        0.45778176188468933,
        0.5194036960601807,
        0.5259299278259277,
        0.4445439279079437,
        0.3954854905605316,
        0.4560292065143585,
        0.48235058784484863,
        0.4515020251274109,
        0.4466589391231537,
        0.5546380281448364,
        0.5482381582260132,
        0.6346986293792725,
        0.46571579575538635,
        0.4563746452331543,
        0.4681178331375122,
        0.5443599820137024,
        0.4389815330505371,
        0.4829275906085968,
        0.4132486581802368,
        0.4516253173351288,
        0.46541857719421387,
        0.40833884477615356,
        0.3951614201068878,
        0.47210535407066345,
        0.4057009518146515,
        0.44007042050361633,
        0.3961790204048157,
        0.6192541122436523,
        0.5160380601882935,
        0.5072279572486877,
        0.4714009761810303,
        0.44881904125213623,
        0.6007676720619202,
        0.39386287331581116,
        0.44202348589897156,
        0.43019407987594604,
        0.4001010060310364,
        0.3982802629470825,
        0.46516793966293335,
        0.3875840902328491,
        0.3347856104373932,
        0.38672715425491333,
        0.38987383246421814,
        0.33840110898017883,
        0.3761668801307678,
        0.3747059106826782,
        0.591283917427063,
        0.4237214922904968,
        0.38645219802856445,
        0.5295653343200684,
        0.4542340040206909,
        0.551404595375061,
        0.34333938360214233,
        0.3477126955986023,
        0.3622029721736908,
        0.6552714109420776,
        0.5390110015869141,
        0.49612993001937866,
        0.3533132076263428,
        0.35003742575645447,
        0.33222243189811707,
        0.3425002992153168,
        0.4063338041305542,
        0.3691977262496948,
        0.41910138726234436,
        0.3671482801437378,
        0.34936580061912537,
        0.38195303082466125,
        0.3796311318874359,
        0.3948887586593628,
        0.43511471152305603,
        0.4089593291282654,
        0.4142121374607086,
        0.49997541308403015,
        0.37555283308029175,
        0.39501869678497314,
        0.3515155017375946,
        0.3348453938961029,
        0.34423044323921204,
        0.3566996455192566,
        0.5093220472335815,
        0.34333282709121704,
        0.362933486700058,
        0.36268848180770874,
        0.3536166250705719,
        0.3729249835014343,
        0.7521783113479614,
        0.4549795389175415,
        0.37872809171676636,
        0.38477689027786255
    ],
    "stu_train_acc": [
        0.9399999976158142,
        0.9799999594688416,
        0.9699999690055847,
        0.9699999690055847,
        0.9599999785423279,
        0.9899999499320984,
        0.9599999785423279,
        0.9899999499320984,
        0.9899999499320984,
        0.9599999785423279,
        0.9399999976158142,
        0.9599999785423279,
        0.9599999785423279,
        0.9799999594688416,
        0.9699999690055847,
        0.949999988079071,
        0.9599999785423279,
        0.9099999666213989,
        0.9699999690055847,
        0.9599999785423279,
        0.9300000071525574,
        0.9799999594688416,
        0.9300000071525574,
        0.9399999976158142,
        0.949999988079071,
        0.9799999594688416,
        0.9699999690055847,
        0.9599999785423279,
        0.9899999499320984,
        0.949999988079071,
        0.9699999690055847,
        0.9599999785423279,
        0.9599999785423279,
        0.949999988079071,
        0.9699999690055847,
        0.949999988079071,
        0.9699999690055847,
        0.9399999976158142,
        0.9399999976158142,
        0.9699999690055847,
        0.949999988079071,
        0.9699999690055847,
        0.9799999594688416,
        0.9899999499320984,
        0.949999988079071,
        0.949999988079071,
        0.9899999499320984,
        0.9677419066429138
    ],