{
    "stu_train_loss": [
        0.02818341739475727,
        0.07682230323553085,
        0.044414401054382324,
        0.06303570419549942,
        0.16171284019947052,
        0.13515977561473846,
        0.026969166472554207,
        0.03469526395201683,
        0.14034701883792877,
        0.08253678679466248,
        0.16875497996807098,
        0.07369076460599899,
        0.22197014093399048,
        0.11622102558612823,
        0.1269962042570114,
        0.11445432901382446,
        0.15929579734802246,
        0.1433916985988617,
        0.08757452666759491,
        0.22960041463375092,
        0.21294298768043518,
        0.11688161641359329,
        0.22196100652217865,
        0.17551229894161224,
        0.08467774093151093,
        0.06645005941390991,
        0.10947193950414658,
        0.12557868659496307,
        0.09405048191547394,
        0.15340767800807953,
        0.11215788871049881,
        0.10397712886333466,
        0.13375826179981232,
        0.11195877194404602,
        0.10278958082199097,
        0.09854397177696228,
        0.07586488872766495,
        0.05557425320148468,
        0.2511904537677765,
        0.09716687351465225,
        0.0462300069630146,
        0.24542735517024994,
        0.13997535407543182,
        0.22693559527397156,
        0.09354567527770996,
        0.1339799463748932,
        0.039197616279125214,
        0.0899612084031105
    ],
    "stu_test_loss": [
        0.4093257188796997,
        0.4518510401248932,
        0.4826101064682007,
        0.4565593898296356,
        0.5814794301986694,
        0.45178189873695374,
        0.49170026183128357,
        0.4195268452167511,
        0.47012144327163696,
        0.4550442099571228,
        0.42841801047325134,
        0.48683732748031616,
        0.4376729726791382,
        0.41110938787460327,
        0.4401683807373047,
        0.45548737049102783,
        0.47500401735305786,
        0.5530214309692383,
        0.42783790826797485,
        0.5676050186157227,
        0.6306759715080261,
        0.6927487254142761,
        0.4491634666919708,
        0.38463887572288513,
        0.471896767616272,
        0.542960524559021,
        0.43670183420181274,
        0.44562309980392456,
        0.37847429513931274,
        0.4053790271282196,
        0.449365496635437,
        0.40789392590522766,
        0.4457744061946869,
        0.4803294241428375,
        0.3884156048297882,
        0.46386295557022095,
        0.44935542345046997,
        0.644919216632843,
        0.5427579283714294,
        0.5609385371208191,
        0.45891883969306946,
        0.4711664319038391,
        0.6148494482040405,
        0.3432811200618744,
        0.43313127756118774,
        0.4161761701107025,
        0.3785853087902069,
        0.3606019616127014,
        0.4638398289680481,
        0.4603152275085449,
        0.3243943452835083,
        0.35825496912002563,
        0.3612924814224243,
        0.31952333450317383,
        0.3792021870613098,
        0.35040855407714844,
        0.6586626172065735,
        0.4123801589012146,
        0.34600284695625305,
        0.5328875184059143,
        0.4507268965244293,
        0.6518353223800659,
        0.31685563921928406,
        0.3222373127937317,
        0.3618120849132538,
        0.5558754205703735,
        0.41815251111984253,
        0.5672140717506409,
        0.33410316705703735,
        0.31237080693244934,
        0.30980706214904785,
        0.3192853331565857,
        0.4013378918170929,
        0.35565102100372314,
        0.374634325504303,
        0.31953758001327515,
        0.32463669776916504,
        0.33334416151046753,
        0.36097872257232666,
        0.44981858134269714,
        0.49934667348861694,
        0.4373810887336731,
        0.37840133905410767,
        0.47429221868515015,
        0.3709257245063782,
        0.3280543088912964,
        0.3223910331726074,
        0.3229227662086487,
        0.32008054852485657,
        0.32534706592559814,
        0.5922971963882446,
        0.3466930091381073,
        0.34906038641929626,
        0.34362107515335083,
        0.3270591199398041,
        0.3606583774089813,
        0.5679134130477905,
        0.486697256565094,
        0.3857235312461853,
        0.3800744414329529
    ],
    "stu_train_acc": [
        0.9899999499320984,
        0.9699999690055847,
        0.9799999594688416,
        0.9799999594688416,
        0.9699999690055847,
        0.9599999785423279,
        0.9899999499320984,
        0.9899999499320984,
        0.9599999785423279,
        0.9899999499320984,
        0.9599999785423279,
        0.9599999785423279,
        0.9300000071525574,
        0.949999988079071,
        0.9599999785423279,
        0.9699999690055847,
        0.9699999690055847,
        0.9599999785423279,
        0.9599999785423279,
        0.9300000071525574,
        0.949999988079071,
        0.9699999690055847,
        0.9199999570846558,
        0.949999988079071,
        0.9799999594688416,
        0.9699999690055847,
        0.9699999690055847,
        0.9599999785423279,
        0.9599999785423279,
        0.9699999690055847,
        0.9699999690055847,
        0.9599999785423279,
        0.9699999690055847,
        0.9399999976158142,
        0.9799999594688416,
        0.9599999785423279,
        0.9799999594688416,
        0.9799999594688416,
        0.9300000071525574,
        0.9899999499320984,
        0.9899999499320984,
        0.9300000071525574,
        0.949999988079071,
        0.9399999976158142,
        0.949999988079071,
        0.9699999690055847,
        0.9899999499320984,
        0.9838709235191345
    ],