{
    "stu_train_loss": [
        0.0695311576128006,
        0.055301882326602936,
        0.08888984471559525,
        0.05687630549073219,
        0.04253540560603142,
        0.20213651657104492,
        0.07632466405630112,
        0.02129318006336689,
        0.08011091500520706,
        0.11466231942176819,
        0.1561053991317749,
        0.14928226172924042,
        0.16482284665107727,
        0.17518316209316254,
        0.03247491270303726,
        0.0762333869934082,
        0.030527954921126366,
        0.1222505122423172,
        0.16023887693881989,
        0.02842223457992077,
        0.14781904220581055,
        0.2613235414028168,
        0.056095656007528305,
        0.14582231640815735,
        0.10704483836889267,
        0.19361227750778198,
        0.23115162551403046,
        0.04890872910618782,
        0.10143798589706421,
        0.12891310453414917,
        0.11717986315488815,
        0.16855579614639282,
        0.05991512909531593,
        0.08432445675134659,
        0.09038693457841873,
        0.07248558849096298,
        0.058487534523010254,
        0.0945446714758873,
        0.1726357489824295,
        0.08557446300983429,
        0.060645610094070435,
        0.0314173549413681,
        0.06519272923469543,
        0.16949394345283508,
        0.3215700387954712,
        0.14253371953964233,
        0.21563859283924103,
        0.22299568355083466
    ],
    "stu_test_loss": [
        0.44446995854377747,
        0.4246925711631775,
        0.45005255937576294,
        0.41913333535194397,
        0.4856353998184204,
        0.5256887078285217,
        0.4664415121078491,
        0.4174007773399353,
        0.5022972226142883,
        0.532881498336792,
        0.4458925724029541,
        0.5581104755401611,
        0.575621485710144,
        0.4326234459877014,
        0.4401336908340454,
        0.4708041846752167,
        0.46445196866989136,
        0.5040090084075928,
        0.40841495990753174,
        0.5112531185150146,
        0.5243033170700073,
        0.546511709690094,
        0.46595674753189087,
        0.438294917345047,
        0.4637613892555237,
        0.4752070903778076,
        0.43572431802749634,
        0.41010868549346924,
        0.4067709445953369,
        0.47561800479888916,
        0.5236549377441406,
        0.38645249605178833,
        0.3885014057159424,
        0.4970768690109253,
        0.43810218572616577,
        0.4719066619873047,
        0.3892383277416229,
        0.5645938515663147,
        0.4913279414176941,
        0.4468379616737366,
        0.45753878355026245,
        0.45239174365997314,
        0.5445653796195984,
        0.44217759370803833,
        0.5050523281097412,
        0.3813573122024536,
        0.4116733968257904,
        0.45043838024139404,
        0.5199896097183228,
        0.4434185028076172,
        0.3493534326553345,
        0.38906487822532654,
        0.39361464977264404,
        0.35259345173835754,
        0.37072136998176575,
        0.38082820177078247,
        0.4829246997833252,
        0.4417721927165985,
        0.3608189821243286,
        0.49964529275894165,
        0.5854786038398743,
        0.71539306640625,
        0.3562985360622406,
        0.35406309366226196,
        0.3719022274017334,
        0.6481446027755737,
        0.5583789348602295,
        0.4576547145843506,
        0.36654922366142273,
        0.3525649905204773,
        0.3450394570827484,
        0.3660683035850525,
        0.4150804877281189,
        0.3861243426799774,
        0.376230388879776,
        0.3731216788291931,
        0.34363898634910583,
        0.3624565303325653,
        0.41307491064071655,
        0.38228368759155273,
        0.5008015632629395,
        0.38041332364082336,
        0.44506973028182983,
        0.46979695558547974,
        0.3801330626010895,
        0.3529316782951355,
        0.36253681778907776,
        0.3582509756088257,
        0.3778207004070282,
        0.35294437408447266,
        0.5134211182594299,
        0.38587719202041626,
        0.3748794496059418,
        0.35491442680358887,
        0.3730200529098511,
        0.3720173239707947,
        0.6786108016967773,
        0.42633309960365295,
        0.3968348801136017,
        0.37173357605934143
    ],
    "stu_train_acc": [
        0.9799999594688416,
        0.9899999499320984,
        0.9699999690055847,
        0.9799999594688416,
        0.9899999499320984,
        0.949999988079071,
        0.9799999594688416,
        0.9899999499320984,
        0.9799999594688416,
        0.9599999785423279,
        0.9599999785423279,
        0.9699999690055847,
        0.9699999690055847,
        0.949999988079071,
        0.9899999499320984,
        0.9599999785423279,
        0.9899999499320984,
        0.9699999690055847,
        0.949999988079071,
        1.0,
        0.949999988079071,
        0.9199999570846558,
        0.9799999594688416,
        0.9699999690055847,
        0.9699999690055847,
        0.949999988079071,
        0.9399999976158142,
        1.0,
        0.9599999785423279,
        0.9699999690055847,
        0.9699999690055847,
        0.9399999976158142,
        0.9799999594688416,
        0.9699999690055847,
        0.9699999690055847,
        0.9799999594688416,
        0.9799999594688416,
        0.9799999594688416,
        0.9300000071525574,
        0.9799999594688416,
        0.9699999690055847,
        0.9899999499320984,
        0.9799999594688416,
        0.9399999976158142,
        0.8999999761581421,
        0.949999988079071,
        0.9300000071525574,
        0.9516128897666931
    ],