{
    "stu_train_loss": [
        1.5202395915985107,
        1.5499759912490845,
        1.483827829360962,
        1.5014179944992065,
        1.537276029586792,
        1.5161269903182983,
        1.5216768980026245,
        1.4847793579101562,
        1.5274962186813354,
        1.475009799003601,
        1.474021553993225,
        1.4713354110717773,
        1.5807511806488037,
        1.451869249343872,
        1.492163062095642,
        1.466439962387085,
        1.461220145225525,
        1.4752671718597412,
        1.4974260330200195,
        1.368685007095337,
        1.4108450412750244,
        1.4004701375961304,
        1.437911868095398,
        1.4327195882797241,
        1.4142478704452515,
        1.428144931793213,
        1.4645750522613525,
        1.4338799715042114,
        1.4212223291397095,
        1.3771580457687378,
        1.3548269271850586,
        1.3676857948303223,
        1.3513331413269043,
        1.3641159534454346,
        1.424046516418457,
        1.437553882598877,
        1.4625887870788574,
        1.4243687391281128,
        1.4469404220581055,
        1.3530114889144897,
        1.3668323755264282,
        1.359694242477417,
        1.4504600763320923,
        1.412086844444275,
        1.3866515159606934,
        1.356154203414917,
        1.3055157661437988,
        1.3956795930862427
    ],
    "stu_test_loss": [
        1.4271494150161743,
        1.439497709274292,
        1.4621230363845825,
        1.4505822658538818,
        1.5009137392044067,
        1.513967514038086,
        1.5335102081298828,
        1.4282268285751343,
        1.5086722373962402,
        1.4760555028915405,
        1.4310784339904785,
        1.5839004516601562,
        1.504288673400879,
        1.453946828842163,
        1.567626953125,
        1.4863083362579346,
        1.4986268281936646,
        1.4202326536178589,
        1.4621398448944092,
        1.5395011901855469,
        1.5277583599090576,
        1.5750467777252197,
        1.4479846954345703,
        1.4199304580688477,
        1.4894390106201172,
        1.5007030963897705,
        1.5046602487564087,
        1.4940223693847656,
        1.453136920928955,
        1.5137947797775269,
        1.4583600759506226,
        1.5365749597549438,
        1.460544228553772,
        1.561609148979187,
        1.4180229902267456,
        1.5363482236862183,
        1.429511308670044,
        1.4847973585128784,
        1.5582269430160522,
        1.5361415147781372,
        1.4465796947479248,
        1.4902799129486084,
        1.5254113674163818,
        1.5023658275604248,
        1.5348237752914429,
        1.5016189813613892,
        1.4837257862091064,
        1.474353551864624,
        1.487725019454956,
        1.4328868389129639,
        1.3819611072540283,
        1.4616893529891968,
        1.4355930089950562,
        1.3907275199890137,
        1.3708183765411377,
        1.3910351991653442,
        1.4387775659561157,
        1.4917153120040894,
        1.4804991483688354,
        1.4936600923538208,
        1.5323601961135864,
        1.4971017837524414,
        1.4255744218826294,
        1.3865159749984741,
        1.4291402101516724,
        1.5810433626174927,
        1.4555987119674683,
        1.5166877508163452,
        1.3868746757507324,
        1.379678726196289,
        1.39541494846344,
        1.417773723602295,
        1.3956661224365234,
        1.4363657236099243,
        1.5239471197128296,
        1.4458335638046265,
        1.4080939292907715,
        1.4804110527038574,
        1.4602657556533813,
        1.488106369972229,
        1.4574613571166992,
        1.4931468963623047,
        1.54275381565094,
        1.5617496967315674,
        1.4469218254089355,
        1.411637783050537,
        1.3857721090316772,
        1.3385834693908691,
        1.4000099897384644,
        1.3741304874420166,
        1.5289857387542725,
        1.4355472326278687,
        1.385183334350586,
        1.4391213655471802,
        1.4322524070739746,
        1.466302752494812,
        1.634495735168457,
        1.5414620637893677,
        1.4795714616775513,
        1.4443012475967407
    ],
    "stu_train_acc": [
        0.699999988079071,
        0.550000011920929,
        0.6599999666213989,
        0.6299999952316284,
        0.5899999737739563,
        0.6599999666213989,
        0.6699999570846558,
        0.6399999856948853,
        0.7199999690055847,
        0.6699999570846558,
        0.7400000095367432,
        0.6499999761581421,
        0.5299999713897705,
        0.5999999642372131,
        0.6699999570846558,
        0.6399999856948853,
        0.7199999690055847,
        0.6399999856948853,
        0.6299999952316284,
        0.7199999690055847,
        0.6899999976158142,
        0.6899999976158142,
        0.6899999976158142,
        0.6899999976158142,
        0.7199999690055847,
        0.6800000071525574,
        0.6599999666213989,
        0.699999988079071,
        0.7299999594688416,
        0.7099999785423279,
        0.7400000095367432,
        0.7599999904632568,
        0.6899999976158142,
        0.7599999904632568,
        0.5899999737739563,
        0.6399999856948853,
        0.5999999642372131,
        0.6100000143051147,
        0.6299999952316284,
        0.6599999666213989,
        0.7199999690055847,
        0.6399999856948853,
        0.5999999642372131,
        0.6299999952316284,
        0.6899999976158142,
        0.75,
        0.7299999594688416,
        0.6612902879714966
    ],