{
    "stu_train_loss": [
        0.11787696182727814,
        0.06929578632116318,
        0.07570108771324158,
        0.11778727173805237,
        0.26616913080215454,
        0.10735655575990677,
        0.08310101181268692,
        0.1262003779411316,
        0.09954802691936493,
        0.07112456113100052,
        0.11931589990854263,
        0.18515056371688843,
        0.0795019268989563,
        0.15924154222011566,
        0.06160499155521393,
        0.19986717402935028,
        0.07854101806879044,
        0.11867529153823853,
        0.1964910924434662,
        0.13573116064071655,
        0.12898117303848267,
        0.13989047706127167,
        0.17426279187202454,
        0.09348711371421814,
        0.150264173746109,
        0.3488447964191437,
        0.12425249814987183,
        0.19107374548912048,
        0.18522486090660095,
        0.11046992242336273,
        0.20096701383590698,
        0.14009718596935272,
        0.1928594708442688,
        0.14656054973602295,
        0.09976028650999069,
        0.1289673000574112,
        0.11097891628742218,
        0.07425369322299957,
        0.14543892443180084,
        0.19375896453857422,
        0.11780264228582382,
        0.13688750565052032,
        0.13961352407932281,
        0.06626005470752716,
        0.13996535539627075,
        0.09807693213224411,
        0.11098486185073853,
        0.2025185078382492
    ],
    "stu_test_loss": [
        0.46628430485725403,
        0.42543405294418335,
        0.41003483533859253,
        0.4133930504322052,
        0.5114890336990356,
        0.44783633947372437,
        0.5066463351249695,
        0.41822096705436707,
        0.4302448630332947,
        0.5546194314956665,
        0.4028511345386505,
        0.4897424876689911,
        0.5399994850158691,
        0.3996985852718353,
        0.4446049630641937,
        0.40669021010398865,
        0.4622136950492859,
        0.474098265171051,
        0.41813158988952637,
        0.5130419731140137,
        0.537440299987793,
        0.6042761206626892,
        0.45888853073120117,
        0.45087873935699463,
        0.46158093214035034,
        0.47340404987335205,
        0.4419189691543579,
        0.4672684669494629,
        0.4207700490951538,
        0.5113913416862488,
        0.4779784679412842,
        0.3801497519016266,
        0.3752199709415436,
        0.47208666801452637,
        0.39688876271247864,
        0.4225270450115204,
        0.40522265434265137,
        0.654705822467804,
        0.4649229049682617,
        0.4968569874763489,
        0.4575323462486267,
        0.4267745316028595,
        0.5629172325134277,
        0.4514878988265991,
        0.432585746049881,
        0.4072895348072052,
        0.41622990369796753,
        0.38235628604888916,
        0.49441125988960266,
        0.40378594398498535,
        0.32860705256462097,
        0.37364476919174194,
        0.37760263681411743,
        0.32576194405555725,
        0.3393656611442566,
        0.39157626032829285,
        0.4672077000141144,
        0.43830305337905884,
        0.36485254764556885,
        0.5403722524642944,
        0.4915422201156616,
        0.6176846027374268,
        0.33197101950645447,
        0.3216853141784668,
        0.3366011381149292,
        0.6060538291931152,
        0.4917188584804535,
        0.4473426640033722,
        0.34252801537513733,
        0.32641133666038513,
        0.3251797556877136,
        0.33985641598701477,
        0.37313684821128845,
        0.3496967554092407,
        0.38116294145584106,
        0.37370890378952026,
        0.3356472849845886,
        0.3457261919975281,
        0.3872449994087219,
        0.38708943128585815,
        0.5186576247215271,
        0.38843995332717896,
        0.4275110065937042,
        0.4280858635902405,
        0.3700864613056183,
        0.3581126034259796,
        0.328901469707489,
        0.3237110674381256,
        0.3313761353492737,
        0.33207178115844727,
        0.5086911916732788,
        0.36238324642181396,
        0.35374653339385986,
        0.34149789810180664,
        0.3365803360939026,
        0.34635525941848755,
        0.7276232242584229,
        0.47683584690093994,
        0.3699437975883484,
        0.4139467477798462
    ],
    "stu_train_acc": [
        0.9699999690055847,
        0.9899999499320984,
        0.9699999690055847,
        0.9599999785423279,
        0.9399999976158142,
        0.949999988079071,
        0.9699999690055847,
        0.9599999785423279,
        0.9599999785423279,
        0.9799999594688416,
        0.9599999785423279,
        0.9399999976158142,
        0.9699999690055847,
        0.9399999976158142,
        0.9799999594688416,
        0.9199999570846558,
        0.9799999594688416,
        0.9799999594688416,
        0.9300000071525574,
        0.9799999594688416,
        0.9699999690055847,
        0.9599999785423279,
        0.9099999666213989,
        0.9599999785423279,
        0.9599999785423279,
        0.9099999666213989,
        0.9699999690055847,
        0.9599999785423279,
        0.949999988079071,
        0.9699999690055847,
        0.9599999785423279,
        0.949999988079071,
        0.949999988079071,
        0.9599999785423279,
        0.9699999690055847,
        0.949999988079071,
        0.9799999594688416,
        0.9799999594688416,
        0.9599999785423279,
        0.9399999976158142,
        0.9699999690055847,
        0.9599999785423279,
        0.9699999690055847,
        0.9899999499320984,
        0.9300000071525574,
        0.9699999690055847,
        0.9599999785423279,
        0.9516128897666931
    ],