{
    "stu_train_loss": [
        0.10103647410869598,
        0.13599979877471924,
        0.17127379775047302,
        0.07563865929841995,
        0.04738551750779152,
        0.026912810280919075,
        0.01652880385518074,
        0.08952177315950394,
        0.17503505945205688,
        0.12840232253074646,
        0.07164441049098969,
        0.058820128440856934,
        0.22552362084388733,
        0.1431584507226944,
        0.019867319613695145,
        0.13095784187316895,
        0.11678626388311386,
        0.18809325993061066,
        0.09896700829267502,
        0.11130939424037933,
        0.059793733060359955,
        0.07646576315164566,
        0.1812181919813156,
        0.07389158010482788,
        0.06729351729154587,
        0.13839861750602722,
        0.19908413290977478,
        0.01562773622572422,
        0.049240779131650925,
        0.09062909334897995,
        0.08700240403413773,
        0.16963912546634674,
        0.09896523505449295,
        0.22937379777431488,
        0.08913415670394897,
        0.11396618187427521,
        0.19151073694229126,
        0.2268473505973816,
        0.19837187230587006,
        0.0651550218462944,
        0.06637798994779587,
        0.09553443640470505,
        0.11927622556686401,
        0.09881589561700821,
        0.08892038464546204,
        0.07607501745223999,
        0.14709988236427307,
        0.08269288390874863
    ],
    "stu_test_loss": [
        0.42812076210975647,
        0.41130027174949646,
        0.42332419753074646,
        0.40235772728919983,
        0.4817562699317932,
        0.3827532231807709,
        0.48806333541870117,
        0.3876153230667114,
        0.4581744074821472,
        0.535728394985199,
        0.48384958505630493,
        0.4563406705856323,
        0.4871523380279541,
        0.3981109857559204,
        0.41837286949157715,
        0.39915376901626587,
        0.5315551161766052,
        0.45247718691825867,
        0.4275321960449219,
        0.5202696323394775,
        0.5363478064537048,
        0.5783885717391968,
        0.48298510909080505,
        0.41482096910476685,
        0.4655109643936157,
        0.42948052287101746,
        0.43853265047073364,
        0.43774646520614624,
        0.3648320138454437,
        0.4053049683570862,
        0.4691283106803894,
        0.35864606499671936,
        0.3761679530143738,
        0.3906784653663635,
        0.3782674968242645,
        0.37198978662490845,
        0.42445439100265503,
        0.5740879774093628,
        0.4683883786201477,
        0.4891369938850403,
        0.41359376907348633,
        0.4471675753593445,
        0.62644362449646,
        0.3994951844215393,
        0.4330306947231293,
        0.4120028614997864,
        0.3756030201911926,
        0.3665788471698761,
        0.47061675786972046,
        0.39040812849998474,
        0.3371727466583252,
        0.3853816092014313,
        0.3965117931365967,
        0.34408313035964966,
        0.388272225856781,
        0.3829808235168457,
        0.5009599924087524,
        0.40575698018074036,
        0.35643628239631653,
        0.5179194808006287,
        0.5381537079811096,
        0.5441867709159851,
        0.34500035643577576,
        0.3430907130241394,
        0.3654830753803253,
        0.6096228361129761,
        0.4350584149360657,
        0.4791085124015808,
        0.344594269990921,
        0.33884191513061523,
        0.3403576910495758,
        0.34917670488357544,
        0.4021490812301636,
        0.3681528568267822,
        0.35902971029281616,
        0.3619639277458191,
        0.34921321272850037,
        0.35816749930381775,
        0.3885539770126343,
        0.3908802568912506,
        0.4649268388748169,
        0.3987833559513092,
        0.4152446389198303,
        0.5322412252426147,
        0.34249770641326904,
        0.3652428388595581,
        0.3456980884075165,
        0.3366921544075012,
        0.3358890414237976,
        0.3481271266937256,
        0.4321634769439697,
        0.3451535701751709,
        0.3683021068572998,
        0.3437439203262329,
        0.3397639989852905,
        0.35869744420051575,
        0.6773155927658081,
        0.4820471704006195,
        0.38730064034461975,
        0.38978469371795654
    ],
    "stu_train_acc": [
        0.9699999690055847,
        0.9599999785423279,
        0.949999988079071,
        0.9699999690055847,
        0.9799999594688416,
        0.9899999499320984,
        1.0,
        0.9699999690055847,
        0.9399999976158142,
        0.9699999690055847,
        0.9699999690055847,
        0.9699999690055847,
        0.949999988079071,
        0.9399999976158142,
        1.0,
        0.9699999690055847,
        0.949999988079071,
        0.9799999594688416,
        0.9699999690055847,
        0.9599999785423279,
        0.9599999785423279,
        0.9599999785423279,
        0.9300000071525574,
        0.9599999785423279,
        0.9899999499320984,
        0.9399999976158142,
        0.949999988079071,
        1.0,
        0.9899999499320984,
        0.9899999499320984,
        0.9799999594688416,
        0.9599999785423279,
        0.9799999594688416,
        0.9199999570846558,
        0.9899999499320984,
        0.9699999690055847,
        0.9399999976158142,
        0.9399999976158142,
        0.949999988079071,
        0.9799999594688416,
        0.9799999594688416,
        0.9699999690055847,
        0.949999988079071,
        0.9599999785423279,
        0.9599999785423279,
        0.9699999690055847,
        0.9699999690055847,
        0.9838709235191345
    ],