{
    "stu_train_loss": [
        0.022427726536989212,
        0.036244794726371765,
        0.09423210471868515,
        0.05856948718428612,
        0.056630734354257584,
        0.11899781972169876,
        0.16510410606861115,
        0.06041690334677696,
        0.2134280800819397,
        0.17271170020103455,
        0.046669140458106995,
        0.3359593152999878,
        0.08661549538373947,
        0.06272903084754944,
        0.26673808693885803,
        0.11639973521232605,
        0.11996443569660187,
        0.08161334693431854,
        0.11196200549602509,
        0.16211527585983276,
        0.04130816459655762,
        0.0655483826994896,
        0.15783199667930603,
        0.14268502593040466,
        0.13711421191692352,
        0.07920614629983902,
        0.04365255683660507,
        0.05697977542877197,
        0.14143440127372742,
        0.0541069358587265,
        0.16930396854877472,
        0.2008933275938034,
        0.15421505272388458,
        0.1751508116722107,
        0.056716930121183395,
        0.17112615704536438,
        0.1531989723443985,
        0.2337208241224289,
        0.3062035143375397,
        0.1389506459236145,
        0.24306447803974152,
        0.19749552011489868,
        0.05585421994328499,
        0.07646825909614563,
        0.13954868912696838,
        0.11145401746034622,
        0.14999471604824066,
        0.12434039264917374
    ],
    "stu_test_loss": [
        0.4637744426727295,
        0.4125160276889801,
        0.41030776500701904,
        0.4269329905509949,
        0.5352180004119873,
        0.4813145399093628,
        0.4631906747817993,
        0.41121527552604675,
        0.47922611236572266,
        0.5715202689170837,
        0.4234434962272644,
        0.5363699197769165,
        0.5836578607559204,
        0.417252779006958,
        0.4280354976654053,
        0.4073100984096527,
        0.5557384490966797,
        0.4509478807449341,
        0.4463459253311157,
        0.46610599756240845,
        0.4734399914741516,
        0.5784993767738342,
        0.4968278408050537,
        0.42960768938064575,
        0.47771209478378296,
        0.4912525415420532,
        0.4540303349494934,
        0.4299333691596985,
        0.44457584619522095,
        0.4943411946296692,
        0.5407687425613403,
        0.3925802707672119,
        0.418127179145813,
        0.4390290677547455,
        0.39704278111457825,
        0.43912169337272644,
        0.42049533128738403,
        0.5982247591018677,
        0.4682794213294983,
        0.4943160116672516,
        0.4812854826450348,
        0.5103076100349426,
        0.5844294428825378,
        0.44653475284576416,
        0.506068766117096,
        0.39423662424087524,
        0.3909866511821747,
        0.3891851603984833,
        0.46684086322784424,
        0.40585771203041077,
        0.3375515341758728,
        0.39330342411994934,
        0.38867342472076416,
        0.3450893461704254,
        0.38180726766586304,
        0.36447805166244507,
        0.4708467125892639,
        0.45419278740882874,
        0.36289069056510925,
        0.48918038606643677,
        0.513776957988739,
        0.5458035469055176,
        0.34122127294540405,
        0.3453766703605652,
        0.36962419748306274,
        0.7192865014076233,
        0.5674734711647034,
        0.4581710994243622,
        0.3567540943622589,
        0.3373650908470154,
        0.331057608127594,
        0.35092735290527344,
        0.39804571866989136,
        0.38627803325653076,
        0.38730597496032715,
        0.3784754276275635,
        0.3427956998348236,
        0.36639204621315,
        0.3690550923347473,
        0.3518906831741333,
        0.4941566586494446,
        0.44102388620376587,
        0.4423055648803711,
        0.4805380702018738,
        0.36366772651672363,
        0.3478963375091553,
        0.34704506397247314,
        0.34235426783561707,
        0.36872899532318115,
        0.347561776638031,
        0.4061320424079895,
        0.3513871133327484,
        0.3525034189224243,
        0.35285791754722595,
        0.35532474517822266,
        0.3870343565940857,
        0.7520138025283813,
        0.4587852358818054,
        0.3808322846889496,
        0.40822577476501465
    ],
    "stu_train_acc": [
        0.9899999499320984,
        0.9899999499320984,
        0.9599999785423279,
        0.9799999594688416,
        0.9799999594688416,
        0.9699999690055847,
        0.9599999785423279,
        0.9899999499320984,
        0.9399999976158142,
        0.949999988079071,
        0.9799999594688416,
        0.9099999666213989,
        0.9699999690055847,
        0.9799999594688416,
        0.9199999570846558,
        0.9699999690055847,
        0.9699999690055847,
        0.9699999690055847,
        0.9699999690055847,
        0.9599999785423279,
        0.9899999499320984,
        0.9699999690055847,
        0.949999988079071,
        0.949999988079071,
        0.9599999785423279,
        0.9699999690055847,
        0.9799999594688416,
        0.9699999690055847,
        0.949999988079071,
        0.9799999594688416,
        0.9699999690055847,
        0.9599999785423279,
        0.9699999690055847,
        0.949999988079071,
        0.9899999499320984,
        0.9399999976158142,
        0.949999988079071,
        0.9300000071525574,
        0.9099999666213989,
        0.9699999690055847,
        0.9399999976158142,
        0.9300000071525574,
        0.9799999594688416,
        0.9799999594688416,
        0.9599999785423279,
        0.9599999785423279,
        0.9399999976158142,
        0.9677419066429138
    ],