{
    "stu_train_loss": [
        0.12486673146486282,
        0.12863163650035858,
        0.13313911855220795,
        0.16008248925209045,
        0.1586918979883194,
        0.15902872383594513,
        0.057705674320459366,
        0.14792293310165405,
        0.08309623599052429,
        0.1487620770931244,
        0.12069778144359589,
        0.08563294261693954,
        0.1155422180891037,
        0.09874472767114639,
        0.23180410265922546,
        0.19088725745677948,
        0.12289192527532578,
        0.2229982316493988,
        0.2766149640083313,
        0.11777587980031967,
        0.11824430525302887,
        0.151108980178833,
        0.2274293303489685,
        0.30430641770362854,
        0.11762069910764694,
        0.1262839436531067,
        0.22715425491333008,
        0.32311564683914185,
        0.11263122409582138,
        0.15384352207183838,
        0.12835793197155,
        0.17981378734111786,
        0.14669117331504822,
        0.17116868495941162,
        0.1567872017621994,
        0.06244325265288353,
        0.1734955608844757,
        0.08893962949514389,
        0.15526749193668365,
        0.17198553681373596,
        0.21888141334056854,
        0.13679957389831543,
        0.0906839370727539,
        0.10349684953689575,
        0.18054458498954773,
        0.19654950499534607,
        0.2822968363761902,
        0.061957020312547684
    ],
    "stu_test_loss": [
        0.43904173374176025,
        0.43288594484329224,
        0.43713510036468506,
        0.4639749825000763,
        0.5051964521408081,
        0.43501731753349304,
        0.5387372970581055,
        0.4584992527961731,
        0.46655571460723877,
        0.5044679045677185,
        0.4183761775493622,
        0.4786829948425293,
        0.5581755638122559,
        0.44684332609176636,
        0.4402770400047302,
        0.42584356665611267,
        0.5216237306594849,
        0.4694640040397644,
        0.44068798422813416,
        0.5558863878250122,
        0.5285356640815735,
        0.5751702785491943,
        0.48840761184692383,
        0.4756184220314026,
        0.4383111298084259,
        0.5075631141662598,
        0.44788432121276855,
        0.46501821279525757,
        0.41937774419784546,
        0.5603498220443726,
        0.4870729148387909,
        0.4519087076187134,
        0.4090167284011841,
        0.48172807693481445,
        0.42509809136390686,
        0.5091891288757324,
        0.41096919775009155,
        0.671781063079834,
        0.520882248878479,
        0.49572861194610596,
        0.45761531591415405,
        0.4578666687011719,
        0.5476599931716919,
        0.4531323313713074,
        0.45318710803985596,
        0.45256999135017395,
        0.4133034944534302,
        0.4507543444633484,
        0.4779350459575653,
        0.43632733821868896,
        0.3362930417060852,
        0.401157021522522,
        0.40648317337036133,
        0.3422076106071472,
        0.34672752022743225,
        0.3612643778324127,
        0.49966397881507874,
        0.40201854705810547,
        0.3865974247455597,
        0.5546064972877502,
        0.495644211769104,
        0.5582702159881592,
        0.34147751331329346,
        0.345618337392807,
        0.3548148572444916,
        0.7094699144363403,
        0.5013223886489868,
        0.43275976181030273,
        0.36172062158584595,
        0.358145147562027,
        0.3402663469314575,
        0.3752760589122772,
        0.4087298512458801,
        0.3748936653137207,
        0.427619993686676,
        0.38982266187667847,
        0.3499523997306824,
        0.37206554412841797,
        0.4084970951080322,
        0.4446355104446411,
        0.4924638569355011,
        0.41313010454177856,
        0.495475709438324,
        0.4463885426521301,
        0.3850526213645935,
        0.3806743323802948,
        0.35373830795288086,
        0.34193897247314453,
        0.3645325005054474,
        0.34479624032974243,
        0.49396634101867676,
        0.3796437084674835,
        0.350552499294281,
        0.3535178303718567,
        0.3716983497142792,
        0.40215378999710083,
        0.6685628890991211,
        0.5267154574394226,
        0.42744994163513184,
        0.39110344648361206
    ],
    "stu_train_acc": [
        0.9899999499320984,
        0.9599999785423279,
        0.9699999690055847,
        0.9599999785423279,
        0.9599999785423279,
        0.949999988079071,
        0.9899999499320984,
        0.949999988079071,
        0.9699999690055847,
        0.949999988079071,
        0.9599999785423279,
        0.9799999594688416,
        0.9799999594688416,
        0.9799999594688416,
        0.9300000071525574,
        0.9300000071525574,
        0.9399999976158142,
        0.9199999570846558,
        0.9099999666213989,
        0.9599999785423279,
        0.9699999690055847,
        0.9599999785423279,
        0.9300000071525574,
        0.8899999856948853,
        0.949999988079071,
        0.949999988079071,
        0.949999988079071,
        0.9399999976158142,
        0.9599999785423279,
        0.949999988079071,
        0.9599999785423279,
        0.949999988079071,
        0.949999988079071,
        0.9399999976158142,
        0.9699999690055847,
        0.9899999499320984,
        0.9599999785423279,
        0.9899999499320984,
        0.949999988079071,
        0.949999988079071,
        0.949999988079071,
        0.9599999785423279,
        0.9799999594688416,
        0.9799999594688416,
        0.9399999976158142,
        0.9399999976158142,
        0.9099999666213989,
        1.0
    ],