{
    "stu_train_loss": [
        2.2761929035186768,
        2.2768702507019043,
        2.273599863052368,
        2.271804094314575,
        2.2747955322265625,
        2.2724671363830566,
        2.2705626487731934,
        2.267550230026245,
        2.2762200832366943,
        2.2729434967041016,
        2.2757492065429688,
        2.2717671394348145,
        2.273193120956421,
        2.2717738151550293,
        2.2714908123016357,
        2.268681049346924,
        2.271728277206421,
        2.263779640197754,
        2.264188289642334,
        2.2704355716705322,
        2.270972728729248
    ],
    "stu_test_loss": [
        2.383711814880371,
        2.389910936355591,
        2.380251884460449,
        2.4046425819396973,
        2.3711202144622803,
        2.3863677978515625,
        2.393821954727173,
        2.367525815963745,
        2.40144944190979,
        2.3846261501312256,
        2.390517473220825,
        2.3719754219055176,
        2.3891520500183105,
        2.3851370811462402,
        2.375495195388794,
        2.3591623306274414,
        2.3807361125946045,
        2.369338274002075,
        2.3884973526000977,
        2.374927520751953,
        2.3747594356536865,
        2.3827757835388184,
        2.371175527572632,
        2.386215925216675,
        2.3830056190490723,
        2.3797943592071533,
        2.377514600753784,
        2.3878562450408936,
        2.394129991531372,
        2.3923513889312744,
        2.38661789894104,
        2.4015393257141113,
        2.405410051345825,
        2.3876137733459473,
        2.383296489715576,
        2.3892996311187744,
        2.394063949584961,
        2.3848111629486084,
        2.39778470993042,
        2.3824989795684814,
        2.376537799835205,
        2.3744301795959473,
        2.378761053085327,
        2.375699043273926,
        2.383833646774292,
        2.376317024230957,
        2.3880112171173096,
        2.391328811645508,
        2.364569902420044,
        2.3923158645629883,
        2.385558843612671,
        2.3652045726776123,
        2.372529983520508,
        2.3897581100463867,
        2.372915267944336,
        2.406134605407715,
        2.3893861770629883,
        2.371140241622925,
        2.3855037689208984,
        2.379119873046875,
        2.384235382080078,
        2.399791955947876,
        2.373776912689209,
        2.3735439777374268,
        2.379326105117798,
        2.3997950553894043,
        2.3882672786712646,
        2.371345043182373,
        2.3640694618225098,
        2.3718819618225098,
        2.3907175064086914,
        2.3882296085357666,
        2.3866021633148193,
        2.3841044902801514,
        2.3947794437408447,
        2.3765296936035156,
        2.3779680728912354,
        2.3787052631378174,
        2.3764243125915527,
        2.3956966400146484,
        2.3902595043182373,
        2.381965398788452,
        2.402139186859131,
        2.3863091468811035,
        2.388545036315918,
        2.4020543098449707,
        2.380690813064575,
        2.3748703002929688,
        2.389817714691162,
        2.3627355098724365,
        2.3927066326141357,
        2.381702184677124,
        2.375587224960327,
        2.377333164215088,
        2.394129514694214,
        2.387557029724121,
        2.395223617553711,
        2.395678758621216,
        2.3674681186676025,
        2.3817663192749023,
        2.3844125270843506,
        2.3769049644470215,
        2.365443706512451,
        2.3869240283966064,
        2.3867571353912354,
        2.3934969902038574,
        2.3769021034240723,
        2.3695530891418457,
        2.376605272293091,
        2.380328416824341,
        2.3857085704803467,
        2.3958067893981934,
        2.3978030681610107,
        2.3962595462799072,
        2.382673978805542,
        2.3744025230407715,
        2.3818459510803223,
        2.3836450576782227,
        2.3786795139312744,
        2.3820910453796387,
        2.3652215003967285,
        2.3759567737579346,
        2.374595880508423,
        2.3642070293426514,
        2.3691012859344482,
        2.3882384300231934,
        2.396571159362793,
        2.3724424839019775,
        2.386850595474243,
        2.390854597091675,
        2.387397527694702,
        2.3936941623687744,
        2.366703987121582,
        2.391028881072998,
        2.3805179595947266,
        2.371645927429199,
        2.3911564350128174,
        2.3880467414855957,
        2.397139310836792,
        2.372939348220825,
        2.39292049407959,
        2.3829033374786377,
        2.3805019855499268,
        2.367021083831787,
        2.3856282234191895,
        2.378910779953003,
        2.371621608734131,
        2.368380069732666,
        2.3989996910095215,
        2.3832497596740723,
        2.3754613399505615,
        2.39076566696167,
        2.397469997406006,
        2.3955347537994385,
        2.3732542991638184,
        2.395449161529541,
        2.384331703186035,
        2.3786392211914062,
        2.3818395137786865,
        2.381804943084717,
        2.3720827102661133,
        2.3843023777008057,
        2.3919527530670166,
        2.3966405391693115,
        2.3975229263305664,
        2.3775410652160645,
        2.3847639560699463,
        2.388829469680786,
        2.3811957836151123,
        2.372333288192749,
        2.389253854751587,
        2.389094352722168,
        2.3903069496154785,
        2.378019094467163,
        2.3787872791290283,
        2.3970370292663574,
        2.3803870677948,
        2.383709192276001,
        2.390854597091675,
        2.3688323497772217,
        2.3777685165405273,
        2.381734848022461,
        2.4072072505950928,
        2.3717098236083984,
        2.3804523944854736,
        2.3863108158111572,
        2.3492186069488525,
        2.392761707305908,
        2.378204107284546,
        2.377725124359131,
        2.3692896366119385,
        2.37683367729187,
        2.377676010131836,
        2.3801918029785156,
        2.382218837738037,
        2.3792784214019775,
        2.3821115493774414,
        2.38440203666687,
        2.392918825149536,
        2.383223295211792,
        2.386246919631958,
        2.387547492980957,
        2.407034158706665,
        2.378322124481201,
        2.384166955947876,
        2.3793156147003174,
        2.3750669956207275,
        2.3668549060821533,
        2.3736162185668945,
        2.4085030555725098,
        2.3878257274627686,
        2.4012320041656494,
        2.3734841346740723,
        2.3984525203704834,
        2.3887693881988525,
        2.4016547203063965,
        2.3904495239257812,
        2.3813514709472656,
        2.399907350540161,
        2.375365734100342,
        2.371724843978882,
        2.3757848739624023,
        2.3865556716918945,
        2.3770787715911865,
        2.3667550086975098,
        2.4106788635253906,
        2.3701038360595703,
        2.3842506408691406,
        2.3787524700164795,
        2.3793017864227295,
        2.3781588077545166,
        2.3849663734436035,
        2.398787498474121,
        2.383681297302246,
        2.396953821182251,
        2.359833240509033,
        2.396383285522461,
        2.383697986602783,
        2.3800997734069824,
        2.3590986728668213,
        2.3754420280456543,
        2.379840850830078,
        2.358187198638916,
        2.3882510662078857,
        2.4036049842834473,
        2.3859565258026123,
        2.3959262371063232,
        2.374361515045166,
        2.4008564949035645,
        2.3718838691711426,
        2.3897135257720947,
        2.3814077377319336,
        2.3589911460876465,
        2.396463632583618,
        2.3760416507720947,
        2.380474805831909,
        2.397907018661499,
        2.38970685005188,
        2.395559072494507,
        2.3943421840667725,
        2.3736870288848877,
        2.377732038497925,
        2.3783392906188965,
        2.3915889263153076,
        2.379768133163452,
        2.3814141750335693,
        2.3907716274261475,
