{
    "stu_train_loss": [
        1.8353261947631836,
        1.860672116279602,
        1.8597962856292725,
        1.887303113937378,
        1.8369232416152954,
        1.8372461795806885,
        1.8886640071868896,
        1.827559232711792,
        1.8483706712722778,
        1.845700740814209,
        1.8598881959915161,
        1.8311738967895508,
        1.858843207359314,
        1.867371678352356,
        1.8816627264022827,
        1.8474631309509277,
        1.8757679462432861,
        1.8348380327224731,
        1.8698360919952393,
        1.827318787574768,
        1.8394794464111328
    ],
    "stu_test_loss": [
        2.0135207176208496,
        1.980823040008545,
        1.966567039489746,
        2.06247615814209,
        1.970055103302002,
        1.893347144126892,
        2.0165839195251465,
        1.9300827980041504,
        1.9617061614990234,
        1.957754135131836,
        1.9968773126602173,
        1.921032190322876,
        1.951699137687683,
        2.0759189128875732,
        2.0484609603881836,
        1.8771134614944458,
        1.9859532117843628,
        1.9044567346572876,
        1.988328218460083,
        1.9801974296569824,
        1.9251517057418823,
        2.0203771591186523,
        1.9827420711517334,
        1.9753717184066772,
        2.03867769241333,
        2.011317014694214,
        1.9744089841842651,
        1.9383395910263062,
        2.0986883640289307,
        2.002364158630371,
        1.914604663848877,
        1.9161686897277832,
        2.0742456912994385,
        1.868096113204956,
        1.9330785274505615,
        1.991782307624817,
        1.894667625427246,
        1.9640403985977173,
        1.9553675651550293,
        1.9653739929199219,
        1.958667278289795,
        1.950892448425293,
        1.9313912391662598,
        1.9950402975082397,
        1.8888756036758423,
        1.9780550003051758,
        1.9873535633087158,
        2.067347526550293,
        1.9825260639190674,
        2.0348615646362305,
        2.06288480758667,
        1.9113410711288452,
        1.9287340641021729,
        1.990814208984375,
        1.8623979091644287,
        2.0197975635528564,
        1.9874478578567505,
        1.9433953762054443,
        2.004251480102539,
        1.9526703357696533,
        2.0117459297180176,
        2.105388879776001,
        1.967264175415039,
        1.8815540075302124,
        1.9368541240692139,
        2.0023820400238037,
        1.9514591693878174,
        1.9716527462005615,
        1.8899346590042114,
        2.0447769165039062,
        1.9574310779571533,
        1.9226572513580322,
        2.0533194541931152,
        2.014935255050659,
        1.8641889095306396,
        1.9783587455749512,
        1.921724796295166,
        1.9678118228912354,
        2.0027151107788086,
        2.063354253768921,
        2.080613374710083,
        2.002999782562256,
        2.0989913940429688,
        2.0468904972076416,
        1.9972089529037476,
        1.9744641780853271,
        2.067845344543457,
        1.932929515838623,
        2.07070255279541,
        2.037837505340576,
        1.9739975929260254,
        1.8736572265625,
        2.043026924133301,
        1.9973372220993042,
        2.016387939453125,
        2.0153396129608154,
        1.9591470956802368,
        2.05114483833313,
        1.787022352218628,
        1.9484097957611084,
        1.99729323387146,
        1.9986352920532227,
        1.9143890142440796,
        2.110889434814453,
        2.0790343284606934,
        1.9851586818695068,
        2.084994316101074,
        1.8888577222824097,
        2.023061752319336,
        1.9242910146713257,
        1.9337537288665771,
        2.0091240406036377,
        2.001376152038574,
        2.031898021697998,
        2.0426273345947266,
        1.9055677652359009,
        2.077925443649292,
        2.0077853202819824,
        2.0021562576293945,
        1.921863079071045,
        1.8706021308898926,
        2.0418591499328613,
        1.9686977863311768,
        1.87612783908844,
        1.9374033212661743,
        2.033881902694702,
        2.118072748184204,
        1.933497428894043,
        2.041280508041382,
        1.933173418045044,
        2.0020861625671387,
        1.968233346939087,
        1.9301435947418213,
        1.9533568620681763,
        1.985713005065918,
        1.8687615394592285,
        1.9290611743927002,
        1.9891668558120728,
        2.0100483894348145,
        1.923248291015625,
        1.9925795793533325,
        1.9749221801757812,
        2.02366042137146,
        1.9779051542282104,
        2.0195629596710205,
        1.9626539945602417,
        1.9697225093841553,
        1.8419675827026367,
        2.1060690879821777,
        2.066110372543335,
        1.954322338104248,
        1.9614567756652832,
        1.9609774351119995,
        2.0134477615356445,
        1.8415981531143188,
        2.0159032344818115,
        2.0894594192504883,
        1.9669394493103027,
        1.9281290769577026,
        1.9588780403137207,
        1.9297302961349487,
        2.0207018852233887,
        2.1098697185516357,
        2.01832914352417,
        2.0245556831359863,
        1.9975507259368896,
        2.0398457050323486,
        2.0160868167877197,
        2.0432052612304688,
        1.8816629648208618,
        2.029128074645996,
        1.9380310773849487,
        2.0706915855407715,
        2.0670650005340576,
        1.9931719303131104,
        2.025148630142212,
        2.064371109008789,
        2.0653436183929443,
        2.001281499862671,
        1.9326587915420532,
        1.944364309310913,
        1.94841730594635,
        2.1509337425231934,
        1.9573084115982056,
        1.9892040491104126,
        2.0435359477996826,
        1.8140679597854614,
        1.9737415313720703,
        1.9448530673980713,
        1.9718579053878784,
        1.9036953449249268,
        1.9935448169708252,
        2.1470465660095215,
        1.939619541168213,
        2.052649974822998,
        2.0452167987823486,
        1.845503330230713,
        2.0398879051208496,
        2.080531358718872,
        1.921432614326477,
        1.9460997581481934,
        1.936092734336853,
        2.065619707107544,
        2.0162978172302246,
        1.9886715412139893,
        1.9096648693084717,
        1.9822578430175781,
        1.903718113899231,
        2.0379276275634766,
        2.046800374984741,
        1.9909356832504272,
        2.0799946784973145,
        1.8523582220077515,
        1.8906644582748413,
        1.9726849794387817,
        2.082169532775879,
        2.02346134185791,
        1.9719610214233398,
        1.9597549438476562,
        1.9574849605560303,
        1.9735894203186035,
        1.967260718345642,
        2.014148473739624,
        1.831368088722229,
        2.003365993499756,
        2.1544511318206787,
        1.928388237953186,
        1.9503766298294067,
        1.9488791227340698,
        2.051292896270752,
        1.986078143119812,
        2.0131092071533203,
        2.022359609603882,
        1.9162874221801758,
        2.0440080165863037,
        1.8903714418411255,
        1.9897629022598267,
        1.9323062896728516,
        2.040376901626587,
        1.975431203842163,
        1.8823437690734863,
        1.9739024639129639,
        1.9216207265853882,
        1.953616738319397,
        2.0161478519439697,
        1.9923025369644165,
        1.9406479597091675,
        2.013517141342163,
        2.0959558486938477,
        1.921881079673767,
        1.9980897903442383,
        1.8785983324050903,
        1.9382529258728027,
        2.0075676441192627,
        1.9051955938339233,
        1.8905221223831177,
        1.976698875427246,
        1.9756615161895752,
        1.925248384475708,
        1.9542418718338013,
        1.9808323383331299,
        2.011141300201416,
        1.9107050895690918,
        2.006103515625,
        2.100895643234253,
        1.9903485774993896,
