{
    "stu_train_loss": [
        2.2632899284362793,
        2.2594611644744873,
        2.266794204711914,
        2.2616734504699707,
        2.2647578716278076,
        2.2606756687164307,
        2.2607414722442627,
        2.2605865001678467,
        2.260535717010498,
        2.2560737133026123,
        2.2630348205566406,
        2.260223865509033,
        2.2616360187530518,
        2.2515392303466797,
        2.2594542503356934,
        2.257575035095215,
        2.25691819190979,
        2.2516512870788574,
        2.2572569847106934,
        2.2580626010894775,
        2.2585525512695312
    ],
    "stu_test_loss": [
        2.378192663192749,
        2.375286340713501,
        2.3596620559692383,
        2.4011523723602295,
        2.3561670780181885,
        2.364901542663574,
        2.377915859222412,
        2.3489885330200195,
        2.3765268325805664,
        2.372154474258423,
        2.373758316040039,
        2.3513662815093994,
        2.3727848529815674,
        2.3700859546661377,
        2.3684935569763184,
        2.337078332901001,
        2.3586556911468506,
        2.3550078868865967,
        2.384031057357788,
        2.3738765716552734,
        2.362236976623535,
        2.3790504932403564,
        2.3611137866973877,
        2.3757057189941406,
        2.3723089694976807,
        2.371253490447998,
        2.3686439990997314,
        2.3777005672454834,
        2.387728691101074,
        2.3832743167877197,
        2.3755199909210205,
        2.3887510299682617,
        2.397796154022217,
        2.3777413368225098,
        2.37235164642334,
        2.3772671222686768,
        2.3776192665100098,
        2.372748851776123,
        2.3807005882263184,
        2.377596378326416,
        2.3526227474212646,
        2.3680362701416016,
        2.358879566192627,
        2.3709969520568848,
        2.364579677581787,
        2.365060567855835,
        2.3802261352539062,
        2.3790106773376465,
        2.3443121910095215,
        2.379697799682617,
        2.378119945526123,
        2.349500894546509,
        2.354363441467285,
        2.3665010929107666,
        2.3763351440429688,
        2.3941407203674316,
        2.378169298171997,
        2.355961561203003,
        2.3827807903289795,
        2.360170364379883,
        2.3803582191467285,
        2.3863983154296875,
        2.370715856552124,
        2.3550939559936523,
        2.36464524269104,
        2.3818166255950928,
        2.377645492553711,
        2.362518072128296,
        2.351167917251587,
        2.367424964904785,
        2.3858673572540283,
        2.369418144226074,
        2.379786729812622,
        2.3827922344207764,
        2.381885528564453,
        2.366912841796875,
        2.366994857788086,
        2.3691487312316895,
        2.3708858489990234,
        2.3846094608306885,
        2.386138439178467,
        2.3643457889556885,
        2.390885829925537,
        2.3792126178741455,
        2.374164581298828,
        2.391639232635498,
        2.373853921890259,
        2.362229108810425,
        2.3880834579467773,
        2.3660600185394287,
        2.380182981491089,
        2.3622920513153076,
        2.369929552078247,
        2.3655893802642822,
        2.3830997943878174,
        2.3782594203948975,
        2.3722710609436035,
        2.383819103240967,
        2.3535494804382324,
        2.3670732975006104,
        2.379338026046753,
        2.3652029037475586,
        2.3514938354492188,
        2.373169422149658,
        2.3831613063812256,
        2.375331401824951,
        2.3695425987243652,
        2.3567378520965576,
        2.3662774562835693,
        2.360774517059326,
        2.3643369674682617,
        2.3774867057800293,
        2.3833422660827637,
        2.3882126808166504,
        2.380225419998169,
        2.361483573913574,
        2.3727164268493652,
        2.376453161239624,
        2.373000144958496,
        2.371028423309326,
        2.3612051010131836,
        2.3651814460754395,
        2.3553338050842285,
        2.3505547046661377,
        2.3564329147338867,
        2.3885581493377686,
        2.3978819847106934,
        2.359847068786621,
        2.379045009613037,
        2.3768582344055176,
        2.3787102699279785,
        2.390645742416382,
        2.3606927394866943,
        2.374222993850708,
        2.368131637573242,
        2.3511829376220703,
        2.3731677532196045,
        2.3786985874176025,
        2.3757729530334473,
        2.361008644104004,
        2.3796048164367676,
        2.3708088397979736,
        2.3731086254119873,
        2.3560774326324463,
        2.376955032348633,
        2.3727715015411377,
        2.3670380115509033,
        2.353745937347412,
        2.3932058811187744,
        2.3723840713500977,
        2.3652048110961914,
        2.3819918632507324,
        2.3881332874298096,
        2.387700080871582,
        2.355017900466919,
        2.3810319900512695,
        2.380756139755249,
        2.3582935333251953,
        2.3681280612945557,
        2.3693413734436035,
        2.351168394088745,
        2.3747904300689697,
        2.3907413482666016,
        2.3870062828063965,
        2.387011766433716,
        2.3622536659240723,
        2.3780553340911865,
        2.3693935871124268,
        2.377275228500366,
        2.359605073928833,
        2.383808135986328,
        2.372563362121582,
        2.37577223777771,
        2.364018440246582,
        2.3678529262542725,
        2.3908815383911133,
        2.3760645389556885,
        2.3789894580841064,
        2.384108066558838,
        2.353639602661133,
        2.360938310623169,
        2.369088649749756,
        2.399101734161377,
        2.35815691947937,
        2.360586643218994,
        2.379584550857544,
        2.3402156829833984,
        2.3760461807250977,
        2.3704023361206055,
        2.365739345550537,
        2.3574845790863037,
        2.3764419555664062,
        2.373351812362671,
        2.363020181655884,
        2.3741002082824707,
        2.3700106143951416,
        2.3627407550811768,
        2.3727757930755615,
        2.3922996520996094,
        2.3704583644866943,
        2.371035099029541,
        2.3740074634552,
        2.394576072692871,
        2.3590950965881348,
        2.382476329803467,
        2.36908221244812,
        2.360769510269165,
        2.3543426990509033,
        2.3678016662597656,
        2.3918139934539795,
        2.3765358924865723,
        2.3891074657440186,
        2.3436625003814697,
        2.37732195854187,
        2.360940456390381,
        2.3888683319091797,
        2.379392147064209,
        2.370002269744873,
        2.3809995651245117,
        2.3600728511810303,
        2.3530118465423584,
        2.3570504188537598,
        2.3685410022735596,
        2.360386848449707,
        2.3493454456329346,
        2.399585008621216,
        2.348081111907959,
        2.3683090209960938,
        2.3610246181488037,
        2.375663995742798,
        2.366837501525879,
        2.3776729106903076,
        2.387528896331787,
        2.363483190536499,
        2.38537335395813,
        2.353654146194458,
        2.396212100982666,
        2.3661434650421143,
        2.3702070713043213,
        2.3595802783966064,
        2.3537070751190186,
        2.369676113128662,
        2.342215061187744,
        2.3814339637756348,
        2.3903939723968506,
        2.377300262451172,
        2.3827965259552,
        2.3651657104492188,
        2.3911194801330566,
        2.359741449356079,
        2.3767614364624023,
        2.3625566959381104,
        2.347109079360962,
        2.3860790729522705,
        2.362807273864746,
        2.368320941925049,
        2.3921241760253906,
        2.3833093643188477,
        2.3774216175079346,
        2.381880283355713,
        2.364888906478882,
        2.375260829925537,
        2.3676400184631348,
        2.3680920600891113,
        2.371021270751953,
        2.3743412494659424,
        2.3759281635284424,
