{
    "stu_train_loss": [
        2.126572608947754,
        2.116774797439575,
        2.123084783554077,
        2.12050724029541,
        2.1141128540039062,
        2.1205644607543945,
        2.109703779220581,
        2.107300043106079,
        2.1246845722198486,
        2.1480486392974854,
        2.1326804161071777,
        2.1184303760528564,
        2.122907876968384,
        2.108598470687866,
        2.1173624992370605,
        2.113537549972534,
        2.107231378555298,
        2.096050977706909,
        2.1011178493499756,
        2.0962910652160645,
        2.10085129737854
    ],
    "stu_test_loss": [
        2.226072311401367,
        2.2239389419555664,
        2.211575984954834,
        2.2965006828308105,
        2.2117223739624023,
        2.197882890701294,
        2.255124807357788,
        2.185877799987793,
        2.228743076324463,
        2.213977575302124,
        2.2423529624938965,
        2.2051618099212646,
        2.2266087532043457,
        2.25506854057312,
        2.2527291774749756,
        2.1830968856811523,
        2.2171757221221924,
        2.2018091678619385,
        2.2545766830444336,
        2.227607250213623,
        2.2059402465820312,
        2.237422466278076,
        2.219237804412842,
        2.235046863555908,
        2.263946056365967,
        2.2300264835357666,
        2.2304160594940186,
        2.231412887573242,
        2.2583723068237305,
        2.2739152908325195,
        2.1901073455810547,
        2.2349462509155273,
        2.268524169921875,
        2.193432331085205,
        2.2092220783233643,
        2.2363624572753906,
        2.2256903648376465,
        2.222388982772827,
        2.2360196113586426,
        2.259161949157715,
        2.2155964374542236,
        2.22188663482666,
        2.220301389694214,
        2.2327990531921387,
        2.1772239208221436,
        2.221804141998291,
        2.243662118911743,
        2.269914150238037,
        2.2131030559539795,
        2.2369425296783447,
        2.265028476715088,
        2.195021867752075,
        2.1866512298583984,
        2.2349979877471924,
        2.1981558799743652,
        2.2813150882720947,
        2.242875814437866,
        2.2024199962615967,
        2.243124008178711,
        2.2102837562561035,
        2.2544331550598145,
        2.2806732654571533,
        2.2136194705963135,
        2.1822056770324707,
        2.220756769180298,
        2.2629342079162598,
        2.23242449760437,
        2.2188966274261475,
        2.1858017444610596,
        2.2441461086273193,
        2.2217841148376465,
        2.214695930480957,
        2.2870137691497803,
        2.254063367843628,
        2.2020463943481445,
        2.226500988006592,
        2.204730987548828,
        2.237278938293457,
        2.2368483543395996,
        2.26110577583313,
        2.282561779022217,
        2.237253427505493,
        2.292046546936035,
        2.259206533432007,
        2.226437568664551,
        2.257601022720337,
        2.2646591663360596,
        2.209641456604004,
        2.2716195583343506,
        2.234666347503662,
        2.2307193279266357,
        2.207791328430176,
        2.2422537803649902,
        2.238506555557251,
        2.2662577629089355,
        2.247281789779663,
        2.2209134101867676,
        2.2701473236083984,
        2.1305103302001953,
        2.221036195755005,
        2.239276170730591,
        2.229830741882324,
        2.196460008621216,
        2.2708795070648193,
        2.2679333686828613,
        2.246772527694702,
        2.257922887802124,
        2.1859238147735596,
        2.2438948154449463,
        2.1955487728118896,
        2.2117412090301514,
        2.2336339950561523,
        2.2389461994171143,
        2.2603321075439453,
        2.2565886974334717,
        2.1828110218048096,
        2.258584976196289,
        2.2393007278442383,
        2.242949962615967,
        2.223395824432373,
        2.180788516998291,
        2.2396488189697266,
        2.2148895263671875,
        2.176518678665161,
        2.1933937072753906,
        2.2667505741119385,
        2.2954578399658203,
        2.2205305099487305,
        2.271904945373535,
        2.2340688705444336,
        2.232714891433716,
        2.238009214401245,
        2.2029964923858643,
        2.229893445968628,
        2.2224276065826416,
        2.1752078533172607,
        2.206014394760132,
        2.2508223056793213,
        2.2469210624694824,
        2.193568706512451,
        2.2520899772644043,
        2.2188024520874023,
        2.2642669677734375,
        2.2169342041015625,
        2.2437968254089355,
        2.2348124980926514,
        2.2217864990234375,
        2.149911880493164,
        2.2933101654052734,
        2.253483295440674,
        2.2321548461914062,
        2.227890729904175,
        2.229062080383301,
        2.2487998008728027,
        2.1546413898468018,
        2.2423620223999023,
        2.2781810760498047,
        2.2178947925567627,
        2.193678140640259,
        2.217439651489258,
        2.193171977996826,
        2.2488291263580322,
        2.2872843742370605,
        2.261967897415161,
        2.2704415321350098,
        2.2235500812530518,
        2.241316795349121,
        2.2502872943878174,
        2.2632524967193604,
        2.1704795360565186,
        2.241302490234375,
        2.2118875980377197,
        2.2446022033691406,
        2.238234281539917,
        2.224886417388916,
        2.2761526107788086,
        2.2612264156341553,
        2.251051187515259,
        2.2592244148254395,
        2.2104647159576416,
        2.208791494369507,
        2.224498987197876,
        2.3200132846832275,
        2.1918625831604004,
        2.232106924057007,
        2.2640087604522705,
        2.132359027862549,
        2.240251302719116,
        2.2330141067504883,
        2.2360706329345703,
        2.1991543769836426,
        2.2409980297088623,
        2.291079521179199,
        2.2041385173797607,
        2.2698001861572266,
        2.246316909790039,
        2.159585952758789,
        2.248892307281494,
        2.2955429553985596,
        2.1977288722991943,
        2.2303881645202637,
        2.231715679168701,
        2.2772865295410156,
        2.2306532859802246,
        2.255021333694458,
        2.202073812484741,
        2.235966444015503,
        2.188769578933716,
        2.239940643310547,
        2.2826645374298096,
        2.227151870727539,
        2.2823078632354736,
        2.165388345718384,
        2.2001335620880127,
        2.2202792167663574,
        2.2804057598114014,
        2.259446144104004,
        2.2119929790496826,
        2.2368969917297363,
        2.2085120677948,
        2.213196277618408,
        2.211167097091675,
        2.226125717163086,
        2.1639397144317627,
        2.230487108230591,
        2.296426296234131,
        2.2168519496917725,
        2.2216546535491943,
        2.2075278759002686,
        2.2588419914245605,
        2.2221148014068604,
        2.2448136806488037,
        2.2525811195373535,
        2.199782371520996,
        2.2678065299987793,
        2.1807234287261963,
        2.256685256958008,
        2.2011473178863525,
        2.22186541557312,
        2.225879192352295,
        2.17814040184021,
        2.224536895751953,
        2.1900668144226074,
        2.2227485179901123,
        2.243217945098877,
        2.238460063934326,
        2.206665277481079,
        2.236316204071045,
        2.2870326042175293,
        2.211117744445801,
        2.245469808578491,
        2.177921772003174,
        2.203119993209839,
        2.2667245864868164,
        2.2082931995391846,
        2.198533535003662,
        2.2496705055236816,
        2.22727370262146,
        2.213771104812622,
        2.230273723602295,
        2.208439350128174,
        2.2441763877868652,
        2.2209649085998535,
        2.24609112739563,
        2.253267526626587,
        2.219961643218994,
        2.2491188049316406,
