{
    "stu_train_loss": [
        1.957359790802002,
        1.9332951307296753,
        1.9590457677841187,
        1.9126605987548828,
        1.9314442873001099,
        1.961641550064087,
        1.9335227012634277,
        1.9389548301696777,
        1.9251465797424316,
        1.950347900390625,
        1.9645155668258667,
        1.9282023906707764,
        1.9804648160934448,
        1.9138119220733643,
        1.9411286115646362,
        1.9080581665039062,
        1.9544330835342407,
        1.9373189210891724,
        1.9273760318756104,
        1.935699462890625,
        1.949985384941101
    ],
    "stu_test_loss": [
        2.091548442840576,
        2.034123659133911,
        2.0563206672668457,
        2.1444735527038574,
        2.032766342163086,
        2.003544569015503,
        2.1023123264312744,
        2.01804256439209,
        2.03943133354187,
        2.022951364517212,
        2.0725510120391846,
        2.0138726234436035,
        2.0338752269744873,
        2.126741886138916,
        2.096924304962158,
        1.9751394987106323,
        2.0483486652374268,
        2.0096755027770996,
        2.0735838413238525,
        2.058467388153076,
        2.005835771560669,
        2.0772643089294434,
        2.060858964920044,
        2.057715654373169,
        2.115244150161743,
        2.0915637016296387,
        2.074610948562622,
        2.0392723083496094,
        2.1381161212921143,
        2.1121513843536377,
        2.0233776569366455,
        2.0222742557525635,
        2.14562726020813,
        1.9777905941009521,
        2.019577980041504,
        2.0705490112304688,
        2.024219036102295,
        2.0487613677978516,
        2.064009428024292,
        2.0799484252929688,
        2.0348613262176514,
        2.0443649291992188,
        2.0265936851501465,
        2.0767476558685303,
        1.9996933937072754,
        2.0561068058013916,
        2.063582181930542,
        2.125070333480835,
        2.0475919246673584,
        2.10361909866333,
        2.1080574989318848,
        1.9969942569732666,
        1.9854589700698853,
        2.058145523071289,
        1.9729024171829224,
        2.0904555320739746,
        2.0737898349761963,
        2.0226659774780273,
        2.095442771911621,
        2.0385122299194336,
        2.0893571376800537,
        2.183150053024292,
        2.0443220138549805,
        1.9687516689300537,
        2.0191490650177,
        2.0961437225341797,
        2.0219454765319824,
        2.060579299926758,
        2.0010175704956055,
        2.1177611351013184,
        2.0401012897491455,
        1.9991399049758911,
        2.146859645843506,
        2.091536283493042,
        1.9793249368667603,
        2.0527684688568115,
        2.011345863342285,
        2.0515031814575195,
        2.0710580348968506,
        2.1513240337371826,
        2.157409906387329,
        2.099583148956299,
        2.165440797805786,
        2.1153039932250977,
        2.0544779300689697,
        2.0776102542877197,
        2.125129222869873,
        2.015329122543335,
        2.1426637172698975,
        2.0750467777252197,
        2.0497872829437256,
        1.9961427450180054,
        2.120699882507324,
        2.078308343887329,
        2.0904862880706787,
        2.09859037399292,
        2.0456316471099854,
        2.1285903453826904,
        1.8760851621627808,
        2.0374631881713867,
        2.075002908706665,
        2.0592947006225586,
        2.0066428184509277,
        2.1543691158294678,
        2.1352245807647705,
        2.074582099914551,
        2.1164655685424805,
        1.9920806884765625,
        2.0840306282043457,
        2.0212881565093994,
        2.034569025039673,
        2.0889689922332764,
        2.087440252304077,
        2.1081855297088623,
        2.1158511638641357,
        1.9901272058486938,
        2.113398551940918,
        2.0834531784057617,
        2.0737826824188232,
        2.0234463214874268,
        1.977156162261963,
        2.1030707359313965,
        2.0280373096466064,
        1.9796525239944458,
        2.030902624130249,
        2.1058640480041504,
        2.1893110275268555,
        2.0455305576324463,
        2.118950605392456,
        2.042463779449463,
        2.0732643604278564,
        2.063506603240967,
        2.017510414123535,
        2.035428047180176,
        2.0730438232421875,
        1.9552409648895264,
        2.0318844318389893,
        2.0691399574279785,
        2.085465908050537,
        2.0117688179016113,
        2.0770578384399414,
        2.0584659576416016,
        2.0951318740844727,
        2.049180269241333,
        2.113521099090576,
        2.042656183242798,
        2.0547373294830322,
        1.9372987747192383,
        2.192666530609131,
        2.1296777725219727,
        2.0521585941314697,
        2.0628721714019775,
        2.061245918273926,
        2.0740630626678467,
        1.9340455532073975,
        2.076331853866577,
        2.148084878921509,
        2.040151834487915,
        2.007988452911377,
        2.0326905250549316,
        2.0065195560455322,
        2.108858585357666,
        2.175309419631958,
        2.091917037963867,
        2.110531806945801,
        2.0690224170684814,
        2.109003782272339,
        2.082752227783203,
        2.1201834678649902,
        1.9586515426635742,
        2.1100754737854004,
        2.0336763858795166,
        2.10868763923645,
        2.1286489963531494,
        2.057093381881714,
        2.116013526916504,
        2.124330759048462,
        2.1358516216278076,
        2.1055595874786377,
        2.026306629180908,
        2.023228168487549,
        2.048100471496582,
        2.216413974761963,
        2.0127618312835693,
        2.057013750076294,
        2.1084611415863037,
        1.9285657405853271,
        2.0884971618652344,
        2.0666213035583496,
        2.075523853302002,
        2.0156610012054443,
        2.071404457092285,
        2.21120285987854,
        2.013660192489624,
        2.1382408142089844,
        2.113563299179077,
        1.9464211463928223,
        2.135399103164673,
        2.1559879779815674,
        1.9994560480117798,
        2.05315899848938,
        2.036419153213501,
        2.1458728313446045,
        2.073990821838379,
        2.0876927375793457,
        2.006267786026001,
        2.0635619163513184,
        2.0101563930511475,
        2.0978267192840576,
        2.1382291316986084,
        2.057612895965576,
        2.168461561203003,
        1.9580872058868408,
        1.9886853694915771,
        2.043098211288452,
        2.1632730960845947,
        2.107076644897461,
        2.0547823905944824,
        2.042013645172119,
        2.052981376647949,
        2.0435943603515625,
        2.0617406368255615,
        2.081328868865967,
        1.9542171955108643,
        2.070964813232422,
        2.1937716007232666,
        2.0257985591888428,
        2.0486955642700195,
        2.0321221351623535,
        2.1121954917907715,
        2.0668728351593018,
        2.078718423843384,
        2.091289520263672,
        1.9992823600769043,
        2.1250312328338623,
        1.9786765575408936,
        2.0955514907836914,
        2.033377170562744,
        2.0809357166290283,
        2.0549256801605225,
        1.9807190895080566,
        2.0686542987823486,
        1.9992644786834717,
        2.071767807006836,
        2.0732474327087402,
        2.0668041706085205,
        2.0315613746643066,
        2.0647706985473633,
        2.1655361652374268,
        2.0147578716278076,
        2.088259696960449,
        1.9823178052902222,
        2.0321648120880127,
        2.0976145267486572,
        2.005213737487793,
        2.003889560699463,
        2.0518312454223633,
        2.082211494445801,
        2.0180580615997314,
        2.0396010875701904,
        2.062157154083252,
        2.098726272583008,
        2.0159337520599365,
        2.0677287578582764,
        2.1339035034179688,
        2.0542826652526855,
