{
    "stu_train_loss": [
        2.307299852371216,
        2.3049330711364746,
        2.3115286827087402,
        2.3090484142303467,
        2.3033928871154785,
        2.3097047805786133,
        2.3093841075897217,
        2.300187349319458,
        2.3086092472076416,
        2.305070638656616,
        2.31154465675354,
        2.3159520626068115,
        2.304966688156128,
        2.3074779510498047,
        2.3057799339294434,
        2.307300329208374,
        2.3060622215270996,
        2.306917667388916,
        2.303748607635498,
        2.3045687675476074,
        2.307080030441284
    ],
    "stu_test_loss": [
        2.419632911682129,
        2.4185292720794678,
        2.4148635864257812,
        2.4284486770629883,
        2.4059531688690186,
        2.4028170108795166,
        2.4022278785705566,
        2.402775526046753,
        2.4246480464935303,
        2.423455238342285,
        2.4199154376983643,
        2.406360387802124,
        2.426363468170166,
        2.4242751598358154,
        2.410785675048828,
        2.377943754196167,
        2.4087514877319336,
        2.4226348400115967,
        2.4125492572784424,
        2.403975486755371,
        2.4110615253448486,
        2.4138286113739014,
        2.393541097640991,
        2.4389967918395996,
        2.414670467376709,
        2.421722412109375,
        2.4186573028564453,
        2.42756724357605,
        2.4264285564422607,
        2.4311110973358154,
        2.4172635078430176,
        2.4271726608276367,
        2.444103717803955,
        2.4210398197174072,
        2.4197616577148438,
        2.41723895072937,
        2.4330337047576904,
        2.417926549911499,
        2.421750068664551,
        2.4138147830963135,
        2.3966290950775146,
        2.4154467582702637,
        2.398350715637207,
        2.428420066833496,
        2.4084620475769043,
        2.4131743907928467,
        2.422484874725342,
        2.4130759239196777,
        2.3953404426574707,
        2.429600954055786,
        2.408463954925537,
        2.4059808254241943,
        2.407729387283325,
        2.4107327461242676,
        2.4155759811401367,
        2.4355976581573486,
        2.4054882526397705,
        2.4062840938568115,
        2.429950475692749,
        2.391552209854126,
        2.4217748641967773,
        2.436047315597534,
        2.4076569080352783,
        2.408313751220703,
        2.408554792404175,
        2.4366540908813477,
        2.417093276977539,
        2.4165596961975098,
        2.3950610160827637,
        2.412287950515747,
        2.4176018238067627,
        2.4088034629821777,
        2.431068181991577,
        2.4163622856140137,
        2.412411689758301,
        2.4011871814727783,
        2.409573554992676,
        2.4102694988250732,
        2.405609607696533,
        2.4123928546905518,
        2.4144153594970703,
        2.4078245162963867,
        2.429483413696289,
        2.4311864376068115,
        2.4053940773010254,
        2.4336795806884766,
        2.4205713272094727,
        2.4174065589904785,
        2.423309087753296,
        2.3971519470214844,
        2.424797296524048,
        2.419609546661377,
        2.4075021743774414,
        2.4044480323791504,
        2.4205431938171387,
        2.4122610092163086,
        2.4186692237854004,
        2.415647268295288,
        2.397921562194824,
        2.422229290008545,
        2.417959690093994,
        2.4259204864501953,
        2.3996829986572266,
        2.4100089073181152,
        2.4182662963867188,
        2.4150466918945312,
        2.406742572784424,
        2.4024853706359863,
        2.4263076782226562,
        2.4132652282714844,
        2.413123607635498,
        2.428795576095581,
        2.434844970703125,
        2.4186174869537354,
        2.4217965602874756,
        2.3997466564178467,
        2.423511505126953,
        2.4084808826446533,
        2.4175212383270264,
        2.407627582550049,
        2.3970420360565186,
        2.4228672981262207,
        2.4195756912231445,
        2.3909912109375,
        2.423424482345581,
        2.404221534729004,
        2.4413483142852783,
        2.413400650024414,
        2.4071927070617676,
        2.4118683338165283,
        2.4267358779907227,
        2.4044458866119385,
        2.3967673778533936,
        2.4143877029418945,
        2.414104461669922,
        2.40130877494812,
        2.427820920944214,
        2.419003963470459,
        2.430917739868164,
        2.4140713214874268,
        2.431124687194824,
        2.398911714553833,
        2.4161696434020996,
        2.4012949466705322,
        2.418973207473755,
        2.4255220890045166,
        2.4028189182281494,
        2.4083333015441895,
        2.4313786029815674,
        2.414907455444336,
        2.4136345386505127,
        2.4262139797210693,
        2.4205923080444336,
        2.4419307708740234,
        2.409945011138916,
        2.427178382873535,
        2.426544427871704,
        2.4018747806549072,
        2.4129021167755127,
        2.417555093765259,
        2.4104154109954834,
        2.4267148971557617,
        2.412294864654541,
        2.423637628555298,
        2.41451096534729,
        2.4114725589752197,
        2.4156339168548584,
        2.425865650177002,
        2.416252851486206,
        2.428518056869507,
        2.427367925643921,
        2.434507369995117,
        2.4313998222351074,
        2.4146342277526855,
        2.4238264560699463,
        2.4070563316345215,
        2.394754409790039,
        2.431562662124634,
        2.4359498023986816,
        2.4047160148620605,
        2.42402982711792,
        2.416783094406128,
        2.42579984664917,
        2.4110851287841797,
        2.4024317264556885,
        2.405442237854004,
        2.389627456665039,
        2.411386489868164,
        2.4092249870300293,
        2.402625322341919,
        2.4177350997924805,
        2.4059627056121826,
        2.4134232997894287,
        2.4120163917541504,
        2.43113374710083,
        2.4026098251342773,
        2.4278624057769775,
        2.4236514568328857,
        2.4285292625427246,
        2.4134531021118164,
        2.4057395458221436,
        2.403942823410034,
        2.4218807220458984,
        2.413489818572998,
        2.424588441848755,
        2.413785934448242,
        2.408766508102417,
        2.3986992835998535,
        2.401388645172119,
        2.4343769550323486,
        2.4186689853668213,
        2.4172136783599854,
        2.4164838790893555,
        2.4306514263153076,
        2.4063494205474854,
        2.4336562156677246,
        2.4183349609375,
        2.4109129905700684,
        2.4165773391723633,
        2.422339677810669,
        2.4050209522247314,
        2.4115872383117676,
        2.4185712337493896,
        2.413255214691162,
        2.3995182514190674,
        2.445183515548706,
        2.3875386714935303,
        2.427846908569336,
        2.409632444381714,
        2.416954755783081,
        2.414865255355835,
        2.4076058864593506,
        2.431699752807617,
        2.4136335849761963,
        2.4320201873779297,
        2.386118173599243,
        2.413872241973877,
        2.420673370361328,
        2.4099133014678955,
        2.4068078994750977,
        2.40874981880188,
        2.4149389266967773,
        2.4032254219055176,
        2.417684555053711,
        2.431053400039673,
        2.4224178791046143,
        2.42978835105896,
        2.41146183013916,
        2.42633318901062,
        2.4096384048461914,
        2.418147563934326,
        2.408064126968384,
        2.401625633239746,
        2.4226012229919434,
        2.4097816944122314,
        2.419503688812256,
        2.4420406818389893,
        2.4212329387664795,
        2.4184648990631104,
        2.4208953380584717,
        2.4162755012512207,
        2.4223310947418213,
        2.4084889888763428,
        2.414475440979004,
        2.40568208694458,
        2.416996479034424,
        2.4038915634155273,
