{
    "stu_train_loss": 0.1279046928246926,
    "mentor_train_loss": 0.10193745782624651,
    "stu_test_loss": 0.11003967980369211,
    "mentor_test_loss": 0.09496871091592045,
    "stu_train_acc": 0.9872071842077366,
    "mentor_train_acc": 0.9932140491675803,
    "stu_test_acc": 0.990814696485623,
    "mentor_test_acc": 0.9939097444089456
}