{
    "stu_train_loss": 0.13360844436940064,
    "mentor_train_loss": 0.12450690494225956,
    "stu_test_loss": 0.12083937184879193,
    "mentor_test_loss": 0.1071861764898125,
    "stu_train_acc": 0.987707756232687,
    "mentor_train_acc": 0.9909106648199446,
    "stu_test_acc": 0.989117412140575,
    "mentor_test_acc": 0.9938099041533547
}