{
    "stu_train_loss": 0.12189665358317525,
    "mentor_train_loss": 0.10051713294641133,
    "stu_test_loss": 0.1182615804715088,
    "mentor_test_loss": 0.11988444412097382,
    "stu_train_acc": 0.987760448059547,
    "mentor_train_acc": 0.9922091412742382,
    "stu_test_acc": 0.9898162939297125,
    "mentor_test_acc": 0.9906150159744409
}