{
    "stu_train_loss": 0.1509051663476014,
    "mentor_train_loss": 0.13325797545612683,
    "stu_test_loss": 0.124440668942258,
    "mentor_test_loss": 0.12736040126449003,
    "stu_train_acc": 0.9857167590027701,
    "mentor_train_acc": 0.9922957063711911,
    "stu_test_acc": 0.9874201277955271,
    "mentor_test_acc": 0.9898162939297125
}