{
    "stu_train_loss": 0.13147478571311258,
    "mentor_train_loss": 0.11629199256238185,
    "stu_test_loss": 0.13333824826791263,
    "mentor_test_loss": 0.11136955258469232,
    "stu_train_acc": 0.9877943213296398,
    "mentor_train_acc": 0.9923822714681441,
    "stu_test_acc": 0.9864217252396166,
    "mentor_test_acc": 0.9923123003194888
}