{
    "stu_train_loss": 0.14058495890813522,
    "mentor_train_loss": 0.12458043813787999,
    "stu_test_loss": 0.13844853299208723,
    "mentor_test_loss": 0.1259141949276193,
    "stu_train_acc": 0.9876211911357341,
    "mentor_train_acc": 0.9922091412742382,
    "stu_test_acc": 0.987120607028754,
    "mentor_test_acc": 0.9911142172523961
}