{
    "stu_train_loss": 0.1426197465952909,
    "mentor_train_loss": 0.12412753153251808,
    "stu_test_loss": 0.12803543096009534,
    "mentor_test_loss": 0.12238588982734817,
    "stu_train_acc": 0.9873276225747825,
    "mentor_train_acc": 0.9923822714681441,
    "stu_test_acc": 0.9906150159744409,
    "mentor_test_acc": 0.9911142172523961
}