{
    "stu_train_loss": 0.12636645081507203,
    "mentor_train_loss": 0.09812682174620867,
    "stu_test_loss": 0.1323724201264473,
    "mentor_test_loss": 0.11492518410562708,
    "stu_train_acc": 0.987707756232687,
    "mentor_train_acc": 0.9925554016620498,
    "stu_test_acc": 0.989117412140575,
    "mentor_test_acc": 0.9928115015974441
}