{
    "stu_train_loss": 0.1650297981054829,
    "mentor_train_loss": 0.15202677126076083,
    "stu_test_loss": 0.1479272279924097,
    "mentor_test_loss": 0.13522487966873395,
    "stu_train_acc": 0.9834321932119016,
    "mentor_train_acc": 0.9892320547077464,
    "stu_test_acc": 0.9873202875399361,
    "mentor_test_acc": 0.9901158146964856
}