{
    "stu_train_loss": 0.13073897730156656,
    "mentor_train_loss": 0.10673471099575801,
    "stu_test_loss": 0.15368638560175896,
    "mentor_test_loss": 0.10340003099161596,
    "stu_train_acc": 0.9878808864265928,
    "mentor_train_acc": 0.992468836565097,
    "stu_test_acc": 0.9867212460063898,
    "mentor_test_acc": 0.9949081469648562
}