{
    "stu_train_loss": 0.3640573134547786,
    "stu_test_loss": 0.8890906536579132,
    "stu_train_acc": 0.8742850124835968,
    "stu_test_acc": 0.8193999803066254
}