{
    "stu_train_loss": 0.3897650041862538,
    "stu_test_loss": 0.9136801946163178,
    "stu_train_acc": 0.8629692251745024,
    "stu_test_acc": 0.8159999763965606
}