{
    "stu_train_loss": 0.37175582937504115,
    "stu_test_loss": 0.938981996178627,
    "stu_train_acc": 0.8730976338449278,
    "stu_test_acc": 0.8144999808073043
}