{
    "stu_train_loss": 0.36970261817699984,
    "stu_test_loss": 0.8950000357627869,
    "stu_train_acc": 0.8736540737905001,
    "stu_test_acc": 0.8192999804019928
}