{
    "stu_train_loss": 0.4917057858485925,
    "stu_test_loss": 1.0034510642290115,
    "stu_train_acc": 0.830675311778721,
    "stu_test_acc": 0.7808999806642533
}