{
    "stu_train_loss": 0.37527885836990255,
    "stu_test_loss": 0.9255788135528564,
    "stu_train_acc": 0.8664679550810864,
    "stu_test_acc": 0.8146999824047089
}