{
    "stu_train_loss": 0.407293504594188,
    "stu_test_loss": 0.9266319453716279,
    "stu_train_acc": 0.8574698606604024,
    "stu_test_acc": 0.8034999781847
}