{
    "stu_train_loss": 0.3774663774590743,
    "stu_test_loss": 0.9491603022813797,
    "stu_train_acc": 0.8682831141509508,
    "stu_test_acc": 0.8086999773979187
}