{
    "stu_train_loss": 0.10326784537282101,
    "mentor_train_loss": 0.11202539010994458,
    "stu_test_loss": 0.46966285441820615,
    "mentor_test_loss": 0.41617871989933447,
    "stu_train_acc": 0.9962624584717608,
    "mentor_train_acc": 0.9932516611295681,
    "stu_test_acc": 0.8968650159744409,
    "mentor_test_acc": 0.9156349840255591
}