{
    "stu_train_loss": 0.08650644632223436,
    "mentor_train_loss": 0.11587105700096419,
    "stu_test_loss": 0.5146884767296976,
    "mentor_test_loss": 0.42551502237876004,
    "stu_train_acc": 0.9968853820598007,
    "mentor_train_acc": 0.9922134551495017,
    "stu_test_acc": 0.8948682108626198,
    "mentor_test_acc": 0.9151357827476039
}