{
    "stu_train_loss": 0.08708555144923073,
    "mentor_train_loss": 0.09583337911933759,
    "stu_test_loss": 0.5057153618707063,
    "mentor_test_loss": 0.3968451977633059,
    "stu_train_acc": 0.9969892026578073,
    "mentor_train_acc": 0.9949127906976745,
    "stu_test_acc": 0.8961661341853036,
    "mentor_test_acc": 0.9193290734824281
}