{
    "stu_train_loss": 0.1074260208149289,
    "mentor_train_loss": 0.11983624110586223,
    "stu_test_loss": 0.4795042328036631,
    "mentor_test_loss": 0.3915780291627771,
    "stu_train_acc": 0.9958471760797342,
    "mentor_train_acc": 0.9927957533205862,
    "stu_test_acc": 0.8959664536741214,
    "mentor_test_acc": 0.919029552715655
}