{
    "stu_train_loss": 0.14193184188632077,
    "mentor_train_loss": 0.15244048905630048,
    "stu_test_loss": 0.422699629903411,
    "mentor_test_loss": 0.3552018756778857,
    "stu_train_acc": 0.9885797342192691,
    "mentor_train_acc": 0.9857765780730897,
    "stu_test_acc": 0.8949680511182109,
    "mentor_test_acc": 0.9201277955271565
}