{
    "stu_train_loss": 0.10089206503722754,
    "mentor_train_loss": 0.13756177310779244,
    "stu_test_loss": 0.4851947561525308,
    "mentor_test_loss": 0.4063438991911876,
    "stu_train_acc": 0.996781561461794,
    "mentor_train_acc": 0.9917981727574751,
    "stu_test_acc": 0.8983626198083067,
    "mentor_test_acc": 0.9186301916932907
}