{
    "stu_train_loss": 0.12164576467980578,
    "mentor_train_loss": 0.12786084470459788,
    "stu_test_loss": 0.4499950894532493,
    "mentor_test_loss": 0.38524997548554274,
    "stu_train_acc": 0.9930033945165996,
    "mentor_train_acc": 0.991965188536533,
    "stu_test_acc": 0.8947683706070287,
    "mentor_test_acc": 0.9178314696485623
}