{
    "stu_train_loss": 1.710464005239282,
    "mentor_train_loss": 1.1595768138611606,
    "stu_test_loss": 1.680797644697439,
    "mentor_test_loss": 1.166247005660694,
    "stu_train_acc": 0.4130622837370242,
    "mentor_train_acc": 0.670090830449827,
    "stu_test_acc": 0.4248202875399361,
    "mentor_test_acc": 0.6738218849840255
}