{
    "stu_train_loss": 2.165125190180478,
    "mentor_train_loss": 1.8292310972114747,
    "stu_test_loss": 2.0733770059701353,
    "mentor_test_loss": 1.7936929772837094,
    "stu_train_acc": 0.29898356401384085,
    "mentor_train_acc": 0.41295415224913495,
    "stu_test_acc": 0.3189896166134185,
    "mentor_test_acc": 0.44658546325878595
}