{
    "stu_train_loss": 2.347787281221172,
    "mentor_train_loss": 2.346466548715083,
    "stu_test_loss": 2.3427498553888486,
    "mentor_test_loss": 2.3411982265143347,
    "stu_train_acc": 0.1354887543252595,
    "mentor_train_acc": 0.12716262975778547,
    "stu_test_acc": 0.13827875399361023,
    "mentor_test_acc": 0.12320287539936102
}