{
    "stu_train_loss": 1.7625462819135724,
    "mentor_train_loss": 1.2607987071403584,
    "stu_test_loss": 1.756211669300311,
    "mentor_test_loss": 1.2582713689286107,
    "stu_train_acc": 0.39792387543252594,
    "mentor_train_acc": 0.6381920415224913,
    "stu_test_acc": 0.4012579872204473,
    "mentor_test_acc": 0.6417731629392971
}