{
    "stu_train_loss": [
        2.286268472671509,
        2.296570301055908,
        2.291243314743042,
        2.291964530944824,
        2.2939658164978027,
        2.291327953338623,
        2.290213108062744
    ],
    "stu_test_loss": [
        2.404904842376709,
        2.4050848484039307,
        2.396695137023926,
        2.4178948402404785,
        2.3920021057128906,
        2.4001548290252686,
        2.401270866394043,
        2.395439386367798,
        2.417933702468872,
        2.405270576477051,
        2.4118731021881104,
        2.3893444538116455,
        2.4159140586853027,
        2.400369882583618,
        2.3938751220703125,
        2.3709466457366943,
        2.3985860347747803,
        2.395352363586426,
        2.4013099670410156,
        2.3984780311584473,
        2.3929827213287354,
        2.3960630893707275,
        2.385108470916748,
        2.404113531112671,
        2.401090383529663,
        2.400897741317749,
        2.3961217403411865,
        2.4134509563446045,
        2.4142556190490723,
        2.4137332439422607,
        2.4033963680267334,
        2.4217069149017334,
        2.429184675216675,
        2.402615785598755,
        2.4061312675476074,
        2.404176950454712,
        2.425872802734375,
        2.4082529544830322,
        2.4092397689819336,
        2.401862382888794,
        2.397359848022461,
        2.39265775680542,
        2.394023895263672,
        2.400648832321167,
        2.3989789485931396,
        2.398477792739868,
        2.4091193675994873,
        2.4060235023498535,
        2.382115364074707,
        2.3998658657073975,
        2.4024345874786377,
        2.3929100036621094,
        2.3902974128723145,
        2.4103782176971436,
        2.400519371032715,
        2.427999258041382,
        2.399036169052124,
        2.387223482131958,
        2.4038777351379395,
        2.3902060985565186,
        2.402312755584717,
        2.41329288482666,
        2.3956263065338135,
        2.3928275108337402,
        2.3964948654174805,
        2.416184425354004,
        2.4140756130218506,
        2.3968088626861572,
        2.3963818550109863,
        2.397034168243408,
        2.403078079223633,
        2.4042611122131348,
        2.4097235202789307,
        2.405444383621216,
        2.4054293632507324,
        2.390835762023926,
        2.396124839782715,
        2.399594783782959,
        2.3984103202819824,
        2.4071762561798096,
        2.3992457389831543,
        2.397996187210083,
        2.4131643772125244,
        2.4115090370178223,
        2.394325017929077,
        2.42199444770813,
        2.399909734725952,
        2.400830030441284,
        2.410224437713623,
        2.389942169189453,
        2.4085686206817627,
        2.406008720397949,
        2.395883560180664,
        2.3992793560028076,
        2.408721685409546,
        2.4080348014831543,
        2.4129104614257812,
        2.4080770015716553,
        2.391772508621216,
        2.4007771015167236,
        2.4113171100616455,
        2.403961658477783,
        2.384244680404663,
        2.4008092880249023,
        2.402862548828125,
        2.4049324989318848,
        2.3982810974121094,
        2.3922617435455322,
        2.403855800628662,
        2.4086995124816895,
        2.4020192623138428,
        2.4152979850769043,
        2.412104606628418,
        2.412320852279663,
        2.40647029876709,
        2.3997676372528076,
        2.3998003005981445,
        2.403465747833252,
        2.402512311935425,
        2.400921106338501,
        2.389843702316284,
        2.3987796306610107,
        2.402076244354248,
        2.388862133026123,
        2.3944122791290283,
        2.400406837463379,
        2.417449474334717,
        2.4080557823181152,
        2.397292137145996,
        2.405092477798462,
        2.4116344451904297,
        2.40590500831604,
        2.3892853260040283,
        2.4005720615386963,
        2.3980228900909424,
        2.3904740810394287,
        2.417001247406006,
        2.405019521713257,
        2.4156081676483154,
        2.402625322341919,
        2.415830373764038,
        2.3913156986236572,
        2.4021854400634766,
        2.3933870792388916,
        2.4063282012939453,
        2.4077343940734863,
        2.393540382385254,
        2.402346611022949,
        2.4193222522735596,
        2.4002673625946045,
        2.3935673236846924,
        2.4149842262268066,
        2.4086544513702393,
        2.4184746742248535,
        2.3892264366149902,
        2.411519765853882,
        2.405799150466919,
        2.39603590965271,
        2.413830280303955,
        2.3947131633758545,
        2.3940467834472656,
        2.404782772064209,
        2.4047276973724365,
        2.414933443069458,
        2.403435707092285,
        2.3972883224487305,
        2.3989107608795166,
        2.4098737239837646,
        2.410933017730713,
        2.4034180641174316,
        2.414644479751587,
        2.4107229709625244,
        2.406188726425171,
        2.3999547958374023,
        2.4059367179870605,
        2.402909994125366,
        2.3944263458251953,
        2.4076507091522217,
        2.4160819053649902,
        2.4022462368011475,
        2.3954453468322754,
        2.407195806503296,
        2.4126908779144287,
        2.3990092277526855,
        2.3942904472351074,
        2.3977348804473877,
        2.376350164413452,
        2.398477792739868,
        2.3928112983703613,
        2.3852360248565674,
        2.3960511684417725,
        2.396165132522583,
        2.4008278846740723,
        2.3983047008514404,
        2.4042582511901855,
        2.3901185989379883,
        2.405618667602539,
        2.40405535697937,
        2.411125659942627,
        2.3960120677948,
        2.3972506523132324,
        2.3977131843566895,
        2.4235916137695312,
        2.3918678760528564,
        2.410330295562744,
        2.397818088531494,
        2.39664888381958,
        2.3904032707214355,
        2.3962278366088867,
        2.42344069480896,
        2.411426544189453,
        2.412688970565796,
        2.399575710296631,
        2.4195809364318848,
        2.3938889503479004,
        2.4210891723632812,
        2.4095332622528076,
        2.400144100189209,
        2.408567190170288,
        2.406000852584839,
        2.3939015865325928,
        2.3976290225982666,
        2.4072577953338623,
        2.4029831886291504,
        2.3904364109039307,
        2.4180679321289062,
        2.388439655303955,
        2.414968967437744,
        2.397006034851074,
        2.4059455394744873,
        2.396735191345215,
        2.4002747535705566,
        2.4160244464874268,
        2.4091882705688477,
        2.409748077392578,
        2.378009557723999,
        2.415374755859375,
        2.409196376800537,
        2.4062719345092773,
        2.3901453018188477,
        2.3990955352783203,
        2.4053938388824463,
        2.3839211463928223,
        2.4009504318237305,
        2.414339542388916,
        2.4102561473846436,
        2.4234707355499268,
        2.403012990951538,
        2.418548822402954,
        2.3927738666534424,
        2.410433292388916,
        2.3988687992095947,
        2.387047052383423,
        2.4162251949310303,
        2.3980867862701416,
        2.405059576034546,
        2.427189588546753,
        2.4092283248901367,
        2.415165662765503,
        2.401625394821167,
        2.3983776569366455,
        2.4018919467926025,
        2.402117967605591,
        2.398466110229492,
        2.39449405670166,
        2.4033689498901367,
        2.398966073989868,
        2.4175446033477783,
        2.438601493835449,
        2.3956491947174072,
        2.401547431945801,
        2.397047996520996,
        2.397174835205078,
        2.420048713684082,
        2.3998422622680664,
        2.4048495292663574,
        2.400418996810913,
        2.385716438293457,
        2.383298397064209,
        2.3986809253692627,
        2.3933677673339844,
        2.4002931118011475,
