{
    "stu_train_loss": [
        2.2635560035705566,
        2.2603302001953125,
        2.2579307556152344,
        2.255509376525879,
        2.261162042617798,
        2.259486198425293,
        2.2645325660705566
    ],
    "stu_test_loss": [
        2.3822579383850098,
        2.3762640953063965,
        2.3765151500701904,
        2.403503894805908,
        2.366436004638672,
        2.3786239624023438,
        2.3815107345581055,
        2.3660807609558105,
        2.385422706604004,
        2.379747152328491,
        2.388498544692993,
        2.3657066822052,
        2.3842854499816895,
        2.376836061477661,
        2.3679089546203613,
        2.347062349319458,
        2.371671676635742,
        2.3693747520446777,
        2.3798232078552246,
        2.3794798851013184,
        2.376842737197876,
        2.3747406005859375,
        2.362058162689209,
        2.3754608631134033,
        2.3777191638946533,
        2.3756470680236816,
        2.369295120239258,
        2.3849194049835205,
        2.3895983695983887,
        2.392515182495117,
        2.3773012161254883,
        2.39371657371521,
        2.4023680686950684,
        2.3749802112579346,
        2.3763017654418945,
        2.372943639755249,
        2.383932590484619,
        2.3798084259033203,
        2.3899893760681152,
        2.387054204940796,
        2.371422052383423,
        2.3740715980529785,
        2.361344814300537,
        2.377645969390869,
        2.371596574783325,
        2.3747429847717285,
        2.3831329345703125,
        2.3847947120666504,
        2.355621099472046,
        2.3879928588867188,
        2.3772060871124268,
        2.3644649982452393,
        2.364074945449829,
        2.3763723373413086,
        2.375368595123291,
        2.3943891525268555,
        2.3809170722961426,
        2.3556952476501465,
        2.382866621017456,
        2.365169048309326,
        2.3891777992248535,
        2.3932576179504395,
        2.3786706924438477,
        2.362367868423462,
        2.3728344440460205,
        2.3874380588531494,
        2.376943349838257,
        2.3741776943206787,
        2.3640427589416504,
        2.368725538253784,
        2.3862130641937256,
        2.3813092708587646,
        2.3831775188446045,
        2.380009412765503,
        2.3843350410461426,
        2.3678371906280518,
        2.370772361755371,
        2.368997573852539,
        2.3801538944244385,
        2.3898894786834717,
        2.378951072692871,
        2.3689117431640625,
        2.39453387260437,
        2.3815648555755615,
        2.381010055541992,
        2.403597831726074,
        2.3836522102355957,
        2.36690616607666,
        2.394439697265625,
        2.36909556388855,
        2.386610269546509,
        2.3815693855285645,
        2.3661110401153564,
        2.378586530685425,
        2.3962481021881104,
        2.3872604370117188,
        2.37801194190979,
        2.3852386474609375,
        2.354768991470337,
        2.37628173828125,
        2.3833067417144775,
        2.3703653812408447,
        2.3551337718963623,
        2.3872323036193848,
        2.38328218460083,
        2.3839259147644043,
        2.3757882118225098,
        2.361997365951538,
        2.369685173034668,
        2.379011631011963,
        2.368767023086548,
        2.391392946243286,
        2.3890366554260254,
        2.3923327922821045,
        2.3860840797424316,
        2.3650741577148438,
        2.3809521198272705,
        2.3809518814086914,
        2.3691749572753906,
        2.373168468475342,
        2.3605611324310303,
        2.3721022605895996,
        2.3670425415039062,
        2.35542631149292,
        2.3528006076812744,
        2.386749029159546,
        2.4011855125427246,
        2.3702147006988525,
        2.37838077545166,
        2.376068115234375,
        2.3785970211029053,
        2.3893768787384033,
        2.3645105361938477,
        2.3764474391937256,
        2.3737876415252686,
        2.3645377159118652,
        2.3848047256469727,
        2.3778481483459473,
        2.387728214263916,
        2.3740694522857666,
        2.387871026992798,
        2.3719265460968018,
        2.3784706592559814,
        2.3648505210876465,
        2.3815042972564697,
        2.375757932662964,
        2.3688058853149414,
        2.363661527633667,
        2.4000444412231445,
        2.3767035007476807,
        2.372274398803711,
        2.3834383487701416,
        2.3886382579803467,
        2.399747133255005,
        2.368096351623535,
        2.39152455329895,
        2.379689931869507,
        2.3760123252868652,
        2.3698151111602783,
        2.3708558082580566,
        2.3602259159088135,
        2.383840799331665,
        2.3894455432891846,
        2.393601179122925,
        2.384997606277466,
        2.3636043071746826,
        2.373762369155884,
        2.3810999393463135,
        2.3901801109313965,
        2.363311529159546,
        2.381272554397583,
        2.3801186084747314,
        2.3760030269622803,
        2.3654093742370605,
        2.378223180770874,
        2.379664897918701,
        2.3856799602508545,
        2.3828561305999756,
        2.3913912773132324,
        2.3625845909118652,
        2.3698410987854004,
        2.3778531551361084,
        2.3978710174560547,
        2.3628427982330322,
        2.3708813190460205,
        2.3816494941711426,
        2.3364875316619873,
        2.3796048164367676,
        2.3703837394714355,
        2.3712613582611084,
        2.3691532611846924,
        2.3789782524108887,
        2.3822450637817383,
        2.3785560131073,
        2.381803274154663,
        2.3712902069091797,
        2.3769431114196777,
        2.375843048095703,
        2.403364419937134,
        2.3705615997314453,
        2.3771417140960693,
        2.389932632446289,
        2.401249885559082,
        2.367227792739868,
        2.384178400039673,
        2.3733036518096924,
        2.3708276748657227,
        2.361238479614258,
        2.369842529296875,
        2.409771680831909,
        2.3829612731933594,
        2.3948922157287598,
        2.361117362976074,
        2.3940770626068115,
        2.3703715801239014,
        2.3946948051452637,
        2.389981269836426,
        2.372408151626587,
        2.3912408351898193,
        2.3749046325683594,
        2.365849494934082,
        2.363101005554199,
        2.371807813644409,
        2.3692550659179688,
        2.360734224319458,
        2.4027230739593506,
        2.367419958114624,
        2.3821613788604736,
        2.3603992462158203,
        2.36773681640625,
        2.3743977546691895,
        2.3847432136535645,
        2.3921236991882324,
        2.3764290809631348,
        2.386929750442505,
        2.3600587844848633,
        2.388986110687256,
        2.3710246086120605,
        2.377858877182007,
        2.3628926277160645,
        2.3610990047454834,
        2.379941701889038,
        2.3521807193756104,
        2.382371664047241,
        2.397840738296509,
        2.387493133544922,
        2.39052414894104,
        2.375204563140869,
        2.396097183227539,
        2.361628770828247,
        2.382047653198242,
        2.3689723014831543,
        2.3581836223602295,
        2.3891732692718506,
        2.369568347930908,
        2.382800340652466,
        2.4010519981384277,
        2.379354953765869,
        2.3905482292175293,
        2.3878467082977295,
        2.368661403656006,
        2.3793909549713135,
        2.38114333152771,
        2.387556314468384,
        2.377747058868408,
        2.381385087966919,
        2.378662347793579,
        2.3952574729919434,
        2.414285182952881,
        2.374588966369629,
        2.383570909500122,
        2.3602561950683594,
        2.3641371726989746,
        2.3978075981140137,
        2.3710777759552,
        2.3849503993988037,
        2.372710704803467,
        2.3667163848876953,
        2.3521299362182617,
        2.3831021785736084,
        2.361725330352783,
