{
    "stu_train_loss": [
        2.2434613704681396,
        2.2469611167907715,
        2.2428767681121826,
        2.2489535808563232,
        2.245558023452759,
        2.2470450401306152,
        2.2489519119262695
    ],
    "stu_test_loss": [
        2.3620707988739014,
        2.35984468460083,
        2.3646397590637207,
        2.396190643310547,
        2.3480024337768555,
        2.3526203632354736,
        2.3718438148498535,
        2.3449740409851074,
        2.368455410003662,
        2.3703176975250244,
        2.370049238204956,
        2.341421365737915,
        2.3645238876342773,
        2.36370587348938,
        2.350698709487915,
        2.3360369205474854,
        2.3534860610961914,
        2.350586175918579,
        2.367961883544922,
        2.373249053955078,
        2.3573060035705566,
        2.366544246673584,
        2.3610846996307373,
        2.361687421798706,
        2.3661484718322754,
        2.3663125038146973,
        2.364306926727295,
        2.368142604827881,
        2.3781557083129883,
        2.378882646560669,
        2.356705665588379,
        2.3910064697265625,
        2.401614189147949,
        2.3700203895568848,
        2.3710756301879883,
        2.3742127418518066,
        2.370727777481079,
        2.3668980598449707,
        2.3780648708343506,
        2.3747472763061523,
        2.354597806930542,
        2.3558359146118164,
        2.350778818130493,
        2.3621037006378174,
        2.3659510612487793,
        2.365182399749756,
        2.368656635284424,
        2.3755123615264893,
        2.3394603729248047,
        2.3672404289245605,
        2.368285655975342,
        2.3414127826690674,
        2.345022201538086,
        2.352083683013916,
        2.365351438522339,
        2.3797340393066406,
        2.377709150314331,
        2.3534932136535645,
        2.3704473972320557,
        2.354367733001709,
        2.3703737258911133,
        2.3817341327667236,
        2.3699350357055664,
        2.3511054515838623,
        2.363363265991211,
        2.3687384128570557,
        2.3587231636047363,
        2.3617818355560303,
        2.3362948894500732,
        2.3608381748199463,
        2.3621180057525635,
        2.3645284175872803,
        2.369584560394287,
        2.3715360164642334,
        2.3688063621520996,
        2.3566322326660156,
        2.3605682849884033,
        2.3634133338928223,
        2.36922025680542,
        2.374396324157715,
        2.3754374980926514,
        2.359379291534424,
        2.385585308074951,
        2.365316390991211,
        2.357746124267578,
        2.387453556060791,
        2.3597240447998047,
        2.3540072441101074,
        2.3828983306884766,
        2.3630387783050537,
        2.3681814670562744,
        2.356292963027954,
        2.3503763675689697,
        2.363396644592285,
        2.3830559253692627,
        2.3757855892181396,
        2.362201690673828,
        2.3738343715667725,
        2.348525285720825,
        2.3586723804473877,
        2.370769500732422,
        2.354163646697998,
        2.3473188877105713,
        2.3660597801208496,
        2.376079559326172,
        2.374507427215576,
        2.3676202297210693,
        2.345064878463745,
        2.3628997802734375,
        2.36611008644104,
        2.367213249206543,
        2.368130922317505,
        2.366770029067993,
        2.3918755054473877,
        2.374288320541382,
        2.3492541313171387,
        2.3641419410705566,
        2.3735711574554443,
        2.360917091369629,
        2.3659934997558594,
        2.350712537765503,
        2.3536453247070312,
        2.349188804626465,
        2.3350374698638916,
        2.341050148010254,
        2.3825998306274414,
        2.385533571243286,
        2.3579540252685547,
        2.372720718383789,
        2.3773910999298096,
        2.3674817085266113,
        2.3774373531341553,
        2.356884002685547,
        2.362856388092041,
        2.3639938831329346,
        2.353154420852661,
        2.3713278770446777,
        2.3702104091644287,
        2.371161460876465,
        2.3463938236236572,
        2.372241258621216,
        2.360027551651001,
        2.363466739654541,
        2.356414794921875,
        2.370647430419922,
        2.358585834503174,
        2.350081443786621,
        2.348083734512329,
        2.3944153785705566,
        2.3694028854370117,
        2.3518686294555664,
        2.362272024154663,
        2.3727142810821533,
        2.3910231590270996,
        2.3438432216644287,
        2.370863437652588,
        2.3673012256622314,
        2.3469722270965576,
        2.3529703617095947,
        2.365907669067383,
        2.3453257083892822,
        2.3715670108795166,
        2.384831428527832,
        2.3786585330963135,
        2.37982439994812,
        2.344566583633423,
        2.3634138107299805,
        2.3671295642852783,
        2.3660643100738525,
        2.3436193466186523,
        2.3703699111938477,
        2.3712282180786133,
        2.3639492988586426,
        2.348930835723877,
        2.3610358238220215,
        2.3813316822052,
        2.366943120956421,
        2.3696553707122803,
        2.384021520614624,
        2.345475673675537,
        2.353572368621826,
        2.360710620880127,
        2.397737979888916,
        2.345839500427246,
        2.357062578201294,
        2.36253023147583,
        2.3163981437683105,
        2.3660662174224854,
        2.3592257499694824,
        2.3608391284942627,
        2.3457679748535156,
        2.3764288425445557,
        2.370711326599121,
        2.362607717514038,
        2.370479106903076,
        2.3614413738250732,
        2.350560188293457,
        2.365750789642334,
        2.382054567337036,
        2.3625221252441406,
        2.366692066192627,
        2.3745782375335693,
        2.383930206298828,
        2.358351945877075,
        2.370901584625244,
        2.364326238632202,
        2.3624377250671387,
        2.3301944732666016,
        2.354407787322998,
        2.3944449424743652,
        2.3622820377349854,
        2.3838682174682617,
        2.3388168811798096,
        2.3715920448303223,
        2.357445001602173,
        2.3873934745788574,
        2.3805458545684814,
        2.3542582988739014,
        2.3747451305389404,
        2.35917329788208,
        2.344099521636963,
        2.3477799892425537,
        2.351520299911499,
        2.3467462062835693,
        2.352856397628784,
        2.3990728855133057,
        2.3519957065582275,
        2.3645989894866943,
        2.343735694885254,
        2.361725330352783,
        2.3520092964172363,
        2.3714053630828857,
        2.3796274662017822,
        2.356412172317505,
        2.3775436878204346,
        2.341745615005493,
        2.379488468170166,
        2.356358528137207,
        2.3596670627593994,
        2.349578380584717,
        2.345844030380249,
        2.3565526008605957,
        2.334170341491699,
        2.3718056678771973,
        2.385096549987793,
        2.3639650344848633,
        2.3718416690826416,
        2.3579607009887695,
        2.383315324783325,
        2.350132942199707,
        2.3663930892944336,
        2.348250150680542,
        2.344965934753418,
        2.385425090789795,
        2.34321928024292,
        2.3575291633605957,
        2.3828237056732178,
        2.3702425956726074,
        2.3707571029663086,
        2.369373321533203,
        2.3423244953155518,
        2.3632352352142334,
        2.361807107925415,
        2.3681042194366455,
        2.3637607097625732,
        2.3657748699188232,
        2.362138032913208,
        2.384103298187256,
        2.406222105026245,
        2.3606584072113037,
        2.36836838722229,
        2.3377490043640137,
        2.3607375621795654,
        2.3891780376434326,
        2.3529701232910156,
        2.3663253784179688,
        2.3607289791107178,
        2.356309652328491,
        2.335200548171997,
        2.3801708221435547,
        2.3544673919677734,
