{
    "stu_train_loss": [
        2.1877009868621826,
        2.1911942958831787,
        2.199164628982544,
        2.1839804649353027,
        2.1946401596069336,
        2.193018913269043,
        2.202667713165283
    ],
    "stu_test_loss": [
        2.313451051712036,
        2.309574842453003,
        2.3133013248443604,
        2.3657639026641846,
        2.303279161453247,
        2.3036117553710938,
        2.3363189697265625,
        2.294450044631958,
        2.31021785736084,
        2.305694818496704,
        2.32798171043396,
        2.2912373542785645,
        2.313990831375122,
        2.3174006938934326,
        2.324882984161377,
        2.2786033153533936,
        2.3050904273986816,
        2.2950663566589355,
        2.332681179046631,
        2.312575578689575,
        2.302009105682373,
        2.3263320922851562,
        2.306790351867676,
        2.311163902282715,
        2.3274145126342773,
        2.3181257247924805,
        2.319939613342285,
        2.3198306560516357,
        2.333634614944458,
        2.332615375518799,
        2.303532361984253,
        2.325559139251709,
        2.356853723526001,
        2.2997477054595947,
        2.2959275245666504,
        2.3196065425872803,
        2.3231983184814453,
        2.314314603805542,
        2.339553117752075,
        2.340147018432617,
        2.305047035217285,
        2.3013861179351807,
        2.31121563911438,
        2.314077854156494,
        2.2988572120666504,
        2.311323881149292,
        2.3221004009246826,
        2.3410894870758057,
        2.2966134548187256,
        2.3203353881835938,
        2.329129695892334,
        2.2858893871307373,
        2.2888216972351074,
        2.3149514198303223,
        2.3023245334625244,
        2.3479807376861572,
        2.32303786277771,
        2.29215931892395,
        2.3307056427001953,
        2.3060810565948486,
        2.342771053314209,
        2.3390181064605713,
        2.3033440113067627,
        2.2833306789398193,
        2.309654474258423,
        2.3348569869995117,
        2.3143794536590576,
        2.303635835647583,
        2.2778992652893066,
        2.3263604640960693,
        2.3142716884613037,
        2.3111934661865234,
        2.350736379623413,
        2.334611415863037,
        2.31028151512146,
        2.308865547180176,
        2.2994894981384277,
        2.32271409034729,
        2.3095285892486572,
        2.3329432010650635,
        2.3377785682678223,
        2.3228812217712402,
        2.34944748878479,
        2.322310209274292,
        2.326029062271118,
        2.341017007827759,
        2.325115919113159,
        2.2959091663360596,
        2.3489105701446533,
        2.306150197982788,
        2.31423020362854,
        2.294818639755249,
        2.3183753490448,
        2.3108291625976562,
        2.3354744911193848,
        2.334913969039917,
        2.307511568069458,
        2.3456685543060303,
        2.2677183151245117,
        2.3132317066192627,
        2.3259754180908203,
        2.308330535888672,
        2.286959648132324,
        2.3284971714019775,
        2.3283281326293945,
        2.3294219970703125,
        2.3395798206329346,
        2.2883877754211426,
        2.305241107940674,
        2.3053529262542725,
        2.3064441680908203,
        2.313157081604004,
        2.3199923038482666,
        2.333742618560791,
        2.3292577266693115,
        2.2921040058135986,
        2.324902057647705,
        2.319638252258301,
        2.3192269802093506,
        2.3199875354766846,
        2.292320728302002,
        2.318765163421631,
        2.3032920360565186,
        2.2754809856414795,
        2.2805418968200684,
        2.342052936553955,
        2.3483898639678955,
        2.2968218326568604,
        2.3391809463500977,
        2.3209855556488037,
        2.3195362091064453,
        2.3333237171173096,
        2.2894492149353027,
        2.321274757385254,
        2.3109827041625977,
        2.2812740802764893,
        2.2982587814331055,
        2.3198654651641846,
        2.326036214828491,
        2.293105363845825,
        2.3363149166107178,
        2.3168036937713623,
        2.3261280059814453,
        2.3056721687316895,
        2.3236753940582275,
        2.3189761638641357,
        2.3035707473754883,
        2.270007371902466,
        2.352914571762085,
        2.330482006072998,
        2.3044135570526123,
        2.320962429046631,
        2.321733236312866,
        2.336411952972412,
        2.274136543273926,
        2.326190710067749,
        2.3243186473846436,
        2.293593406677246,
        2.29081130027771,
        2.306227445602417,
        2.291034460067749,
        2.3289175033569336,
        2.3468117713928223,
        2.334604263305664,
        2.3427464962005615,
        2.2958643436431885,
        2.3130404949188232,
        2.318835496902466,
        2.3284716606140137,
        2.2702832221984863,
        2.3153696060180664,
        2.3132035732269287,
        2.3126916885375977,
        2.311692237854004,
        2.3021864891052246,
        2.346679210662842,
        2.331791877746582,
        2.328552722930908,
        2.3335273265838623,
        2.3033740520477295,
        2.3071861267089844,
        2.3102145195007324,
        2.3592758178710938,
        2.28852915763855,
        2.313978672027588,
        2.3292744159698486,
        2.240368127822876,
        2.327749490737915,
        2.3102900981903076,
        2.323606252670288,
        2.2839019298553467,
        2.3249380588531494,
        2.3383331298828125,
        2.300987482070923,
        2.3387298583984375,
        2.3219614028930664,
        2.2869324684143066,
        2.322436809539795,
        2.357987642288208,
        2.299229145050049,
        2.326592206954956,
        2.3192989826202393,
        2.350107192993164,
        2.3175883293151855,
        2.3265812397003174,
        2.300309658050537,
        2.3078436851501465,
        2.2761952877044678,
        2.305715322494507,
        2.361628770828247,
        2.327813148498535,
        2.3505313396453857,
        2.2732861042022705,
        2.3102643489837646,
        2.3065550327301025,
        2.3470945358276367,
        2.338705062866211,
        2.3160252571105957,
        2.317348003387451,
        2.30107045173645,
        2.2981648445129395,
        2.306978940963745,
        2.3137879371643066,
        2.285308361053467,
        2.3048813343048096,
        2.367464303970337,
        2.2994184494018555,
        2.3174304962158203,
        2.296121835708618,
        2.325302839279175,
        2.3058595657348633,
        2.3339881896972656,
        2.3318591117858887,
        2.299931287765503,
        2.338870048522949,
        2.2865803241729736,
        2.339484214782715,
        2.2983641624450684,
        2.3126256465911865,
        2.306596517562866,
        2.2879281044006348,
        2.304018497467041,
        2.278587818145752,
        2.316183090209961,
        2.3286499977111816,
        2.3143012523651123,
        2.3190252780914307,
        2.314697504043579,
        2.3520963191986084,
        2.297907829284668,
        2.331049919128418,
        2.2985010147094727,
        2.291468858718872,
        2.333970785140991,
        2.303205966949463,
        2.2883260250091553,
        2.344755172729492,
        2.3211324214935303,
        2.3184540271759033,
        2.3249707221984863,
        2.2908687591552734,
        2.3244478702545166,
        2.315063714981079,
        2.3322718143463135,
        2.3343746662139893,
        2.32198166847229,
        2.3255159854888916,
        2.3383629322052,
        2.371368646621704,
        2.308567523956299,
        2.3213508129119873,
        2.290092706680298,
        2.3101260662078857,
        2.343266010284424,
        2.2894082069396973,
        2.3183882236480713,
        2.312624454498291,
        2.2940258979797363,
        2.2926204204559326,
        2.325483798980713,
        2.3014214038848877,
        2.317539691925049,
