{
    "stu_train_loss": [
        2.3049731254577637,
        2.3019466400146484,
        2.3040294647216797,
        2.306828498840332,
        2.303833246231079,
        2.302110433578491,
        2.3078203201293945
    ],
    "stu_test_loss": [
        2.41632342338562,
        2.4172329902648926,
        2.415003776550293,
        2.4260988235473633,
        2.4007651805877686,
        2.4021050930023193,
        2.408534526824951,
        2.3988006114959717,
        2.430305004119873,
        2.416417360305786,
        2.4275784492492676,
        2.406830310821533,
        2.4284002780914307,
        2.4109463691711426,
        2.409917116165161,
        2.374950647354126,
        2.411098003387451,
        2.412663698196411,
        2.407196283340454,
        2.409066915512085,
        2.411835193634033,
        2.410658359527588,
        2.393685817718506,
        2.4236724376678467,
        2.4164481163024902,
        2.4186017513275146,
        2.4214932918548584,
        2.4257123470306396,
        2.423849105834961,
        2.425523519515991,
        2.410275459289551,
        2.428278684616089,
        2.4386861324310303,
        2.4157726764678955,
        2.414011001586914,
        2.4161436557769775,
        2.42714262008667,
        2.423271894454956,
        2.4246599674224854,
        2.410019636154175,
        2.398085832595825,
        2.409289836883545,
        2.3984413146972656,
        2.4193406105041504,
        2.4093148708343506,
        2.4090423583984375,
        2.42097806930542,
        2.4115066528320312,
        2.392256021499634,
        2.4189798831939697,
        2.4066128730773926,
        2.3955483436584473,
        2.4023871421813965,
        2.4077165126800537,
        2.4063796997070312,
        2.4333488941192627,
        2.4088196754455566,
        2.398496389389038,
        2.4225378036499023,
        2.3946568965911865,
        2.4139747619628906,
        2.4276139736175537,
        2.4069557189941406,
        2.404782295227051,
        2.4047443866729736,
        2.4265551567077637,
        2.417710304260254,
        2.412336587905884,
        2.396912097930908,
        2.409475088119507,
        2.4210705757141113,
        2.4098191261291504,
        2.4266467094421387,
        2.4159750938415527,
        2.4064252376556396,
        2.4017159938812256,
        2.415665626525879,
        2.397742986679077,
        2.402384042739868,
        2.4080309867858887,
        2.401505947113037,
        2.4069645404815674,
        2.424147367477417,
        2.4245123863220215,
        2.403078556060791,
        2.4305920600891113,
        2.4191668033599854,
        2.414260149002075,
        2.430232524871826,
        2.397118091583252,
        2.4230127334594727,
        2.4174046516418457,
        2.403472900390625,
        2.405832529067993,
        2.420630693435669,
        2.4103939533233643,
        2.420724630355835,
        2.4130029678344727,
        2.400561809539795,
        2.418067216873169,
        2.4182779788970947,
        2.4185950756073,
        2.399599075317383,
        2.4106931686401367,
        2.4150354862213135,
        2.4152462482452393,
        2.4076924324035645,
        2.400944232940674,
        2.4247446060180664,
        2.4088642597198486,
        2.4038217067718506,
        2.423213481903076,
        2.4332125186920166,
        2.4144771099090576,
        2.41581392288208,
        2.4025635719299316,
        2.419562578201294,
        2.413113594055176,
        2.421924352645874,
        2.402712106704712,
        2.3985912799835205,
        2.423941135406494,
        2.4187800884246826,
        2.3930702209472656,
        2.4145755767822266,
        2.4049875736236572,
        2.4430088996887207,
        2.415544271469116,
        2.3981618881225586,
        2.4110658168792725,
        2.4203453063964844,
        2.4078023433685303,
        2.3946008682250977,
        2.405139684677124,
        2.4157156944274902,
        2.4083168506622314,
        2.420565605163574,
        2.4146788120269775,
        2.4229912757873535,
        2.4060182571411133,
        2.429058313369751,
        2.4023241996765137,
        2.4077324867248535,
        2.4024791717529297,
        2.4260683059692383,
        2.4181201457977295,
        2.4072585105895996,
        2.4040675163269043,
        2.4263739585876465,
        2.415415048599243,
        2.4095470905303955,
        2.4218690395355225,
        2.4168453216552734,
        2.4360179901123047,
        2.4068074226379395,
        2.4294774532318115,
        2.4249441623687744,
        2.4098424911499023,
        2.4141054153442383,
        2.4166951179504395,
        2.407738208770752,
        2.4196510314941406,
        2.4100241661071777,
        2.4262373447418213,
        2.4107108116149902,
        2.4076099395751953,
        2.411656379699707,
        2.4266958236694336,
        2.4109325408935547,
        2.4244112968444824,
        2.4300551414489746,
        2.424368143081665,
        2.4298808574676514,
        2.4096031188964844,
        2.4199447631835938,
        2.4035587310791016,
        2.396591901779175,
        2.4216370582580566,
        2.4327759742736816,
        2.399796962738037,
        2.4167206287384033,
        2.4130873680114746,
        2.4319560527801514,
        2.4100334644317627,
        2.403545379638672,
        2.406121253967285,
        2.379303455352783,
        2.406320571899414,
        2.408306837081909,
        2.3997719287872314,
        2.4108798503875732,
        2.401010036468506,
        2.408442497253418,
        2.4022889137268066,
        2.4174294471740723,
        2.3989531993865967,
        2.417109727859497,
        2.4201221466064453,
        2.4262731075286865,
        2.4134020805358887,
        2.4044227600097656,
        2.4094371795654297,
        2.4194352626800537,
        2.4089901447296143,
        2.419555902481079,
        2.410614252090454,
        2.4030532836914062,
        2.394460916519165,
        2.404474973678589,
        2.4303700923919678,
        2.419599771499634,
        2.4151313304901123,
        2.406749963760376,
        2.431180000305176,
        2.394162654876709,
        2.434546709060669,
        2.41853404045105,
        2.4044880867004395,
        2.418938159942627,
        2.426147222518921,
        2.4063258171081543,
        2.4105567932128906,
        2.4157636165618896,
        2.4046220779418945,
        2.3976144790649414,
        2.4367008209228516,
        2.387770652770996,
        2.4253556728363037,
        2.403777837753296,
        2.413555145263672,
        2.419553518295288,
        2.3985671997070312,
        2.4251790046691895,
        2.4125704765319824,
        2.42594575881958,
        2.388808488845825,
        2.4176719188690186,
        2.4260807037353516,
        2.4140164852142334,
        2.40588641166687,
        2.4039018154144287,
        2.4168882369995117,
        2.4131500720977783,
        2.412295341491699,
        2.434272050857544,
        2.4240882396698,
        2.4314205646514893,
        2.4079675674438477,
        2.4238386154174805,
        2.4113919734954834,
        2.418592929840088,
        2.414177656173706,
        2.3991456031799316,
        2.427048683166504,
        2.403449535369873,
        2.4189066886901855,
        2.43752121925354,
        2.4109389781951904,
        2.4160399436950684,
        2.418928623199463,
        2.4126040935516357,
        2.417762517929077,
        2.4135549068450928,
        2.4099879264831543,
        2.4040164947509766,
        2.4123644828796387,
        2.414294481277466,
        2.421597719192505,
        2.43764328956604,
        2.4157774448394775,
        2.409961700439453,
        2.4042465686798096,
        2.420537233352661,
        2.427187204360962,
        2.4089460372924805,
        2.422787666320801,
        2.410379648208618,
        2.390634536743164,
        2.3935115337371826,
        2.4137022495269775,
        2.404648542404175,
