{
    "stu_train_loss": [
        1.957606315612793,
        1.9588209390640259,
        1.9478434324264526,
        1.9371768236160278,
        1.9664393663406372,
        1.9192818403244019,
        1.943392276763916
    ],
    "stu_test_loss": [
        2.0960962772369385,
        2.072676658630371,
        2.05940842628479,
        2.16856050491333,
        2.056901693344116,
        2.029268503189087,
        2.1229844093322754,
        2.026806592941284,
        2.070920944213867,
        2.047931432723999,
        2.0908772945404053,
        2.0261101722717285,
        2.0673577785491943,
        2.1445693969726562,
        2.1334545612335205,
        2.0040950775146484,
        2.0670154094696045,
        2.028657913208008,
        2.1051743030548096,
        2.0614562034606934,
        2.0364315509796143,
        2.1038904190063477,
        2.07814621925354,
        2.0769457817077637,
        2.1368248462677,
        2.118260145187378,
        2.107924461364746,
        2.057323694229126,
        2.1436209678649902,
        2.1371877193450928,
        2.0191140174865723,
        2.043947696685791,
        2.1605024337768555,
        2.0293571949005127,
        2.037444591522217,
        2.0999820232391357,
        2.037872314453125,
        2.0879175662994385,
        2.0847229957580566,
        2.1158406734466553,
        2.0592031478881836,
        2.0913987159729004,
        2.0567448139190674,
        2.0955700874328613,
        2.014845848083496,
        2.0764360427856445,
        2.084446907043457,
        2.1599016189575195,
        2.0719873905181885,
        2.1185290813446045,
        2.134166717529297,
        2.0198895931243896,
        2.0382447242736816,
        2.06554913520813,
        2.0052225589752197,
        2.1392741203308105,
        2.1040151119232178,
        2.0433783531188965,
        2.1117043495178223,
        2.0784878730773926,
        2.1142735481262207,
        2.168804883956909,
        2.0559840202331543,
        2.0166664123535156,
        2.0600504875183105,
        2.104177474975586,
        2.052163600921631,
        2.080907106399536,
        2.0206053256988525,
        2.131805419921875,
        2.052605390548706,
        2.0295770168304443,
        2.1609749794006348,
        2.1224026679992676,
        2.0105538368225098,
        2.0653295516967773,
        2.0264995098114014,
        2.0769457817077637,
        2.0848641395568848,
        2.1400864124298096,
        2.1636853218078613,
        2.118596076965332,
        2.181781053543091,
        2.1176388263702393,
        2.0862832069396973,
        2.0892226696014404,
        2.1399059295654297,
        2.0458316802978516,
        2.1594438552856445,
        2.0928196907043457,
        2.0725622177124023,
        2.0221407413482666,
        2.1214284896850586,
        2.091951608657837,
        2.1128108501434326,
        2.1101553440093994,
        2.0868654251098633,
        2.1714274883270264,
        1.8998011350631714,
        2.0541374683380127,
        2.0675978660583496,
        2.094789505004883,
        2.0434327125549316,
        2.1742234230041504,
        2.1677396297454834,
        2.0905086994171143,
        2.1401329040527344,
        2.0214860439300537,
        2.1141486167907715,
        2.035835027694702,
        2.0460269451141357,
        2.0930697917938232,
        2.099491596221924,
        2.126951217651367,
        2.121652126312256,
        2.0284974575042725,
        2.1402134895324707,
        2.1315600872039795,
        2.1039888858795166,
        2.0747087001800537,
        1.9864742755889893,
        2.1299057006835938,
        2.0776567459106445,
        1.9859592914581299,
        2.040788412094116,
        2.116946220397949,
        2.2064881324768066,
        2.0693626403808594,
        2.126159191131592,
        2.065373420715332,
        2.0930027961730957,
        2.073413610458374,
        2.05920672416687,
        2.049851417541504,
        2.077273368835449,
        1.983238697052002,
        2.053589344024658,
        2.092397451400757,
        2.117009401321411,
        2.038289785385132,
        2.108409881591797,
        2.0734128952026367,
        2.1166393756866455,
        2.0748918056488037,
        2.1200618743896484,
        2.075083017349243,
        2.0923678874969482,
        1.9636006355285645,
        2.1797945499420166,
        2.173276424407959,
        2.070651054382324,
        2.059527635574341,
        2.071591854095459,
        2.123915910720825,
        1.9674257040023804,
        2.0905990600585938,
        2.178581953048706,
        2.054384231567383,
        2.037343740463257,
        2.0542619228363037,
        2.0382866859436035,
        2.130556583404541,
        2.1815884113311768,
        2.1227378845214844,
        2.129268169403076,
        2.066209554672241,
        2.1180710792541504,
        2.115128755569458,
        2.132570266723633,
        1.992927074432373,
        2.105452299118042,
        2.0483810901641846,
        2.135124683380127,
        2.1381571292877197,
        2.0754036903381348,
        2.1448159217834473,
        2.147244453430176,
        2.153585195541382,
        2.122962474822998,
        2.049316644668579,
        2.047942876815796,
        2.078336715698242,
        2.2327687740325928,
        2.055053949356079,
        2.099374532699585,
        2.1196303367614746,
        1.9574787616729736,
        2.0895135402679443,
        2.0740509033203125,
        2.0875906944274902,
        2.0299739837646484,
        2.097379446029663,
        2.2214057445526123,
        2.047332763671875,
        2.1646053791046143,
        2.1164348125457764,
        1.976815104484558,
        2.1597137451171875,
        2.183314800262451,
        2.0437283515930176,
        2.0594091415405273,
        2.0615994930267334,
        2.1632823944091797,
        2.0979831218719482,
        2.1218812465667725,
        2.0416297912597656,
        2.086228609085083,
        2.0194106101989746,
        2.129507541656494,
        2.14587140083313,
        2.070974111557007,
        2.176204204559326,
        1.998302698135376,
        2.0114927291870117,
        2.0727922916412354,
        2.1853795051574707,
        2.1194162368774414,
        2.0556893348693848,
        2.0664167404174805,
        2.053629159927368,
        2.063241720199585,
        2.080517053604126,
        2.090973377227783,
        1.9677488803863525,
        2.0903475284576416,
        2.211643695831299,
        2.036707878112793,
        2.0848653316497803,
        2.050428628921509,
        2.139890193939209,
        2.094066858291626,
        2.1143922805786133,
        2.1190922260284424,
        2.0475213527679443,
        2.1336185932159424,
        2.0085906982421875,
        2.109457015991211,
        2.0349581241607666,
        2.1013829708099365,
        2.0651633739471436,
        1.9978300333023071,
        2.072963237762451,
        2.0212209224700928,
        2.083312749862671,
        2.1024813652038574,
        2.0737175941467285,
        2.0652220249176025,
        2.0883495807647705,
        2.1824984550476074,
        2.0491364002227783,
        2.1114325523376465,
        2.003873348236084,
        2.0554585456848145,
        2.1165475845336914,
        2.0158345699310303,
        2.0319650173187256,
        2.084940195083618,
        2.0866565704345703,
        2.0423707962036133,
        2.057990312576294,
        2.051217555999756,
        2.1144912242889404,
        2.0512590408325195,
        2.1041271686553955,
        2.140674352645874,
        2.0917887687683105,
        2.0922906398773193,
        2.1246888637542725,
        2.1562440395355225,
        2.1051156520843506,
        2.1181464195251465,
        2.044114828109741,
        2.0845208168029785,
        2.1339240074157715,
        2.0633859634399414,
        2.11844801902771,
        2.0809855461120605,
        2.0162205696105957,
        2.026207447052002,
        2.1422033309936523,
