{
    "stu_train_loss": [
        2.29692006111145,
        2.2934443950653076,
        2.2973361015319824,
        2.299492835998535,
        2.294433355331421,
        2.299664258956909,
        2.286684036254883
    ],
    "stu_test_loss": [
        2.4115121364593506,
        2.4110264778137207,
        2.407343864440918,
        2.4260661602020264,
        2.3946406841278076,
        2.3965535163879395,
        2.399258852005005,
        2.399111270904541,
        2.418370246887207,
        2.4108526706695557,
        2.4095308780670166,
        2.402773857116699,
        2.4120419025421143,
        2.40608549118042,
        2.401181936264038,
        2.3825180530548096,
        2.394571304321289,
        2.403341770172119,
        2.4012293815612793,
        2.402916431427002,
        2.4067728519439697,
        2.401963472366333,
        2.3961129188537598,
        2.4157960414886475,
        2.4088711738586426,
        2.4037821292877197,
        2.4080357551574707,
        2.417691469192505,
        2.417663812637329,
        2.419564723968506,
        2.4093775749206543,
        2.4246575832366943,
        2.4287526607513428,
        2.4117579460144043,
        2.407628059387207,
        2.406289577484131,
        2.4154045581817627,
        2.4064223766326904,
        2.4164185523986816,
        2.404834270477295,
        2.3974056243896484,
        2.4020180702209473,
        2.395987033843994,
        2.408292531967163,
        2.408867359161377,
        2.4047067165374756,
        2.411424160003662,
        2.40576171875,
        2.378660202026367,
        2.4133081436157227,
        2.4051504135131836,
        2.393833637237549,
        2.3898234367370605,
        2.410273551940918,
        2.407466411590576,
        2.4229576587677,
        2.4102423191070557,
        2.397282838821411,
        2.41412353515625,
        2.389753580093384,
        2.4043712615966797,
        2.422679901123047,
        2.396364212036133,
        2.3921477794647217,
        2.39469051361084,
        2.4149229526519775,
        2.4096245765686035,
        2.4084584712982178,
        2.3942461013793945,
        2.400946855545044,
        2.414569854736328,
        2.400981903076172,
        2.4114794731140137,
        2.410037040710449,
        2.4086050987243652,
        2.392709255218506,
        2.4002137184143066,
        2.3998398780822754,
        2.397118330001831,
        2.404555082321167,
        2.399343252182007,
        2.3944356441497803,
        2.4176955223083496,
        2.409381151199341,
        2.4028472900390625,
        2.4230189323425293,
        2.41270112991333,
        2.410210132598877,
        2.4135208129882812,
        2.387946844100952,
        2.412947654724121,
        2.412482738494873,
        2.3985483646392822,
        2.394166946411133,
        2.410646438598633,
        2.4062509536743164,
        2.41385555267334,
        2.407599449157715,
        2.398271322250366,
        2.4046363830566406,
        2.409322500228882,
        2.4077019691467285,
        2.3939740657806396,
        2.402585983276367,
        2.4062695503234863,
        2.413367748260498,
        2.405177593231201,
        2.3983020782470703,
        2.4105963706970215,
        2.4074461460113525,
        2.4052505493164062,
        2.418120861053467,
        2.4191641807556152,
        2.4062769412994385,
        2.4049620628356934,
        2.405355215072632,
        2.4121410846710205,
        2.4054620265960693,
        2.412810802459717,
        2.406909465789795,
        2.3936116695404053,
        2.412266969680786,
        2.4023349285125732,
        2.389655590057373,
        2.407891035079956,
        2.4056475162506104,
        2.4297609329223633,
        2.405137062072754,
        2.399243116378784,
        2.40799617767334,
        2.415003538131714,
        2.4066765308380127,
        2.3922643661499023,
        2.403557777404785,
        2.3988029956817627,
        2.4021546840667725,
        2.426180839538574,
        2.409783363342285,
        2.4214224815368652,
        2.4043495655059814,
        2.4231855869293213,
        2.39501690864563,
        2.4015984535217285,
        2.392618417739868,
        2.411316156387329,
        2.4144115447998047,
        2.393414258956909,
        2.403071641921997,
        2.419464111328125,
        2.402343273162842,
        2.402771472930908,
        2.424562931060791,
        2.4125382900238037,
        2.424635410308838,
        2.3995859622955322,
        2.4152727127075195,
        2.414865255355835,
        2.3977785110473633,
        2.4061434268951416,
        2.404433012008667,
        2.3985204696655273,
        2.411208152770996,
        2.403775930404663,
        2.4160799980163574,
        2.4085147380828857,
        2.396185874938965,
        2.402635335922241,
        2.410144329071045,
        2.4092278480529785,
        2.4171736240386963,
        2.4144318103790283,
        2.4166150093078613,
        2.417459011077881,
        2.4055283069610596,
        2.41058087348938,
        2.40421986579895,
        2.398885726928711,
        2.41593599319458,
        2.4209823608398438,
        2.395735263824463,
        2.400519847869873,
        2.4058356285095215,
        2.426586627960205,
        2.4012718200683594,
        2.3977675437927246,
        2.399547815322876,
        2.380749464035034,
        2.4014768600463867,
        2.397401809692383,
        2.3979485034942627,
        2.4054152965545654,
        2.4032516479492188,
        2.4047536849975586,
        2.4041671752929688,
        2.4102768898010254,
        2.394322633743286,
        2.412735939025879,
        2.4111580848693848,
        2.4112370014190674,
        2.401724100112915,
        2.4036946296691895,
        2.3992695808410645,
        2.4173831939697266,
        2.403186082839966,
        2.4138736724853516,
        2.4025092124938965,
        2.400026559829712,
        2.3946611881256104,
        2.4041059017181396,
        2.419609785079956,
        2.4065539836883545,
        2.410039186477661,
        2.4079086780548096,
        2.4247870445251465,
        2.3994624614715576,
        2.4215333461761475,
        2.408412456512451,
        2.4004933834075928,
        2.4187467098236084,
        2.4089951515197754,
        2.3949131965637207,
        2.397904872894287,
        2.4072506427764893,
        2.4001405239105225,
        2.3952629566192627,
        2.427354097366333,
        2.388401508331299,
        2.4110021591186523,
        2.3948535919189453,
        2.3991851806640625,
        2.4105236530303955,
        2.4003987312316895,
        2.4209086894989014,
        2.4060823917388916,
        2.423460006713867,
        2.381537675857544,
        2.412111282348633,
        2.417156457901001,
        2.4077932834625244,
        2.396263837814331,
        2.403771162033081,
        2.412825584411621,
        2.393526554107666,
        2.402515172958374,
        2.4176673889160156,
        2.410820484161377,
        2.420118570327759,
        2.398390769958496,
        2.4174320697784424,
        2.4011197090148926,
        2.41558837890625,
        2.4034531116485596,
        2.3889729976654053,
        2.4101531505584717,
        2.3987488746643066,
        2.4042751789093018,
        2.430934429168701,
        2.408463954925537,
        2.4173598289489746,
        2.412932872772217,
        2.4009063243865967,
        2.401803970336914,
        2.4062113761901855,
        2.4015157222747803,
        2.4009957313537598,
        2.4120192527770996,
        2.4007835388183594,
        2.4162395000457764,
        2.4330544471740723,
        2.3972887992858887,
        2.4010825157165527,
        2.402876377105713,
        2.408074140548706,
        2.420067310333252,
        2.396912097930908,
        2.408444881439209,
        2.4046101570129395,
        2.3890299797058105,
        2.38952898979187,
        2.4087395668029785,
        2.39896821975708,
        2.4004604816436768,
