{
    "stu_train_loss": [
        1.887912631034851,
        1.9186173677444458,
        1.8559972047805786,
        1.9248063564300537,
        1.9024958610534668,
        1.8842463493347168,
        1.9438092708587646
    ],
    "stu_test_loss": [
        2.0422699451446533,
        2.0546867847442627,
        2.022000312805176,
        2.124675750732422,
        2.0143814086914062,
        1.9664125442504883,
        2.0775535106658936,
        2.017106533050537,
        2.0348730087280273,
        2.016847848892212,
        2.035834550857544,
        1.9883767366409302,
        2.0167014598846436,
        2.1010632514953613,
        2.098067283630371,
        1.945818543434143,
        2.0166988372802734,
        1.9719505310058594,
        2.041806221008301,
        2.036926031112671,
        1.9892534017562866,
        2.052729368209839,
        2.0374536514282227,
        2.0403785705566406,
        2.1054670810699463,
        2.0852622985839844,
        2.0445351600646973,
        2.0257070064544678,
        2.1169984340667725,
        2.1088597774505615,
        1.9582960605621338,
        1.972543478012085,
        2.1217594146728516,
        1.9559955596923828,
        1.9787181615829468,
        2.058638572692871,
        1.9976245164871216,
        2.0426971912384033,
        2.0523314476013184,
        2.0614001750946045,
        2.0077965259552,
        2.033701181411743,
        2.0020430088043213,
        2.052194356918335,
        1.9619321823120117,
        2.048358678817749,
        2.03436279296875,
        2.119138479232788,
        2.010248899459839,
        2.0995678901672363,
        2.1154074668884277,
        1.9769525527954102,
        1.9740982055664062,
        2.041792392730713,
        1.9486064910888672,
        2.0801475048065186,
        2.058011770248413,
        2.0050339698791504,
        2.068756341934204,
        2.025014877319336,
        2.0580625534057617,
        2.1666576862335205,
        2.004986047744751,
        1.9699903726577759,
        2.001291036605835,
        2.0726876258850098,
        2.0030288696289062,
        2.0319995880126953,
        1.9630706310272217,
        2.0986640453338623,
        2.018775224685669,
        1.988642930984497,
        2.1222071647644043,
        2.077993631362915,
        1.9663043022155762,
        2.0244059562683105,
        2.0006985664367676,
        2.0341339111328125,
        2.051126480102539,
        2.1149656772613525,
        2.1288678646087646,
        2.067739725112915,
        2.155726909637451,
        2.080868721008301,
        2.0335514545440674,
        2.061159133911133,
        2.1118595600128174,
        1.9915294647216797,
        2.136730432510376,
        2.0722575187683105,
        2.0395686626434326,
        1.9923280477523804,
        2.0920000076293945,
        2.055450916290283,
        2.089397668838501,
        2.0646214485168457,
        2.0259313583374023,
        2.106635093688965,
        1.8534444570541382,
        2.01450777053833,
        2.038296937942505,
        2.0539817810058594,
        1.9979182481765747,
        2.1396584510803223,
        2.122814893722534,
        2.050358533859253,
        2.1154372692108154,
        1.9811960458755493,
        2.0664002895355225,
        1.9870765209197998,
        2.0175580978393555,
        2.087691307067871,
        2.081026315689087,
        2.090237617492676,
        2.077631711959839,
        1.9737831354141235,
        2.0887863636016846,
        2.076016902923584,
        2.0602548122406006,
        2.0035083293914795,
        1.9455410242080688,
        2.083240270614624,
        2.0465445518493652,
        1.9451887607574463,
        2.0094761848449707,
        2.0924577713012695,
        2.192575693130493,
        2.02573299407959,
        2.091765880584717,
        2.032973527908325,
        2.0489020347595215,
        2.0514280796051025,
        2.0004618167877197,
        2.029165744781494,
        2.03121280670166,
        1.9491090774536133,
        1.9971400499343872,
        2.043215751647949,
        2.0647146701812744,
        1.9783356189727783,
        2.0563201904296875,
        2.0209453105926514,
        2.0894837379455566,
        2.026397228240967,
        2.091270923614502,
        2.0286993980407715,
        2.0355679988861084,
        1.9104030132293701,
        2.1541318893432617,
        2.097296953201294,
        2.0314674377441406,
        2.0490243434906006,
        2.0356874465942383,
        2.077582359313965,
        1.924977421760559,
        2.0552263259887695,
        2.143782615661621,
        2.039198637008667,
        1.9782661199569702,
        2.0242977142333984,
        1.9686226844787598,
        2.0792953968048096,
        2.1773500442504883,
        2.080366611480713,
        2.0879862308502197,
        2.035508632659912,
        2.0961954593658447,
        2.0789711475372314,
        2.109144449234009,
        1.9445136785507202,
        2.0809857845306396,
        2.008654832839966,
        2.1031734943389893,
        2.1047348976135254,
        2.0502326488494873,
        2.106552839279175,
        2.1238040924072266,
        2.1315298080444336,
        2.0742788314819336,
        2.0087108612060547,
        2.010606288909912,
        2.033987045288086,
        2.2087316513061523,
        2.0084500312805176,
        2.026639223098755,
        2.0945851802825928,
        1.9090312719345093,
        2.0523362159729004,
        2.04449725151062,
        2.069542646408081,
        1.9861226081848145,
        2.043911933898926,
        2.182924509048462,
        1.9983205795288086,
        2.132181167602539,
        2.082155466079712,
        1.9152237176895142,
        2.1075587272644043,
        2.1503753662109375,
        1.9851986169815063,
        2.019678831100464,
        2.0147545337677,
        2.0924160480499268,
        2.074432849884033,
        2.077674627304077,
        1.9975615739822388,
        2.0455784797668457,
        1.964621663093567,
        2.074526071548462,
        2.126405954360962,
        2.0482828617095947,
        2.1535391807556152,
        1.917997121810913,
        1.9723726511001587,
        2.007913112640381,
        2.141439199447632,
        2.0851354598999023,
        2.021946430206299,
        2.012213706970215,
        2.0206634998321533,
        2.0302371978759766,
        2.032327175140381,
        2.0514063835144043,
        1.9128832817077637,
        2.045768976211548,
        2.1838431358337402,
        2.00249981880188,
        2.0303359031677246,
        2.017969846725464,
        2.1117961406707764,
        2.0357584953308105,
        2.059616804122925,
        2.0591025352478027,
        1.9895575046539307,
        2.112190008163452,
        1.9560141563415527,
        2.056335926055908,
        1.999003529548645,
        2.0626308917999268,
        2.030280113220215,
        1.9327348470687866,
        2.0399105548858643,
        1.9825435876846313,
        2.0479278564453125,
        2.063282012939453,
        2.0558018684387207,
        2.007063865661621,
        2.0437746047973633,
        2.1486854553222656,
        1.9935811758041382,
        2.0712692737579346,
        1.9596670866012573,
        2.0107502937316895,
        2.0785012245178223,
        1.9938105344772339,
        1.9819244146347046,
        2.033989429473877,
        2.0474627017974854,
        1.9930403232574463,
        2.0099539756774902,
        2.034390449523926,
        2.079315185546875,
        1.9950214624404907,
        2.069766044616699,
        2.099536418914795,
        2.049429416656494,
        2.05397629737854,
        2.081568956375122,
        2.1194069385528564,
        2.068504810333252,
        2.078188896179199,
        1.9878780841827393,
        2.0582330226898193,
        2.0886099338531494,
        2.00492525100708,
        2.0819766521453857,
        2.0621092319488525,
        1.9552985429763794,
        1.9712872505187988,
        2.1057119369506836,
        2.0074589252471924,
