{
    "stu_train_loss": 2.3422087044046638,
    "mentor_train_loss": 2.291754040801734,
    "stu_test_loss": 2.341138693471305,
    "mentor_test_loss": 2.2487733539300985,
    "stu_train_acc": 0.19427083334640452,
    "mentor_train_acc": 0.29714912280701755,
    "stu_test_acc": 0.19259185303514376,
    "mentor_test_acc": 0.32927316293929715
}