{
    "stu_train_loss": 2.0200413575297906,
    "mentor_train_loss": 1.6084847000607274,
    "stu_test_loss": 2.0014450420586827,
    "mentor_test_loss": 1.568971981255772,
    "stu_train_acc": 0.3302631579470216,
    "mentor_train_acc": 0.48410087719298245,
    "stu_test_acc": 0.3257787539936102,
    "mentor_test_acc": 0.49900159744408945
}