{
    "stu_train_loss": 2.335445319351397,
    "mentor_train_loss": 2.187498508838185,
    "stu_test_loss": 2.3342989717428675,
    "mentor_test_loss": 2.1078456156550884,
    "stu_train_acc": 0.21348684215754793,
    "mentor_train_acc": 0.32735745615342204,
    "stu_test_acc": 0.22274361022364217,
    "mentor_test_acc": 0.3246805111821086
}