{
    "stu_train_loss": 2.349793739486159,
    "mentor_train_loss": 2.3362204683454415,
    "stu_test_loss": 2.346641968614377,
    "mentor_test_loss": 2.3204897394576394,
    "stu_train_acc": 0.1683388157960093,
    "mentor_train_acc": 0.216584429831097,
    "stu_test_acc": 0.17951277955271566,
    "mentor_test_acc": 0.2551916932907348
}