{
    "stu_train_loss": 0.8280566307454328,
    "mentor_train_loss": 0.3545550747829325,
    "stu_test_loss": 0.8751141709831957,
    "mentor_test_loss": 0.7942029545291925,
    "stu_train_acc": 0.7890406165247649,
    "mentor_train_acc": 0.9521961562773761,
    "stu_test_acc": 0.7397164536741214,
    "mentor_test_acc": 0.7745607028753994
}