{
    "stu_train_loss": 0.8181889025993596,
    "mentor_train_loss": 0.32567769785722095,
    "stu_test_loss": 0.8571105558460894,
    "mentor_test_loss": 0.7444341750190662,
    "stu_train_acc": 0.7845763306991727,
    "mentor_train_acc": 0.9569814037653356,
    "stu_test_acc": 0.7490015974440895,
    "mentor_test_acc": 0.7862420127795527
}