{
    "stu_train_loss": 0.8041269161732368,
    "mentor_train_loss": 0.31340813032941883,
    "stu_test_loss": 0.8386650660548347,
    "mentor_test_loss": 0.7197367361368844,
    "stu_train_acc": 0.7960336913470349,
    "mentor_train_acc": 0.9507664177152846,
    "stu_test_acc": 0.7526956869009584,
    "mentor_test_acc": 0.796026357827476
}