{
    "stu_train_loss": 0.8663469050444809,
    "mentor_train_loss": 0.40043383641959795,
    "stu_test_loss": 0.8671710769208475,
    "mentor_test_loss": 0.8923659379870746,
    "stu_train_acc": 0.7714849831232058,
    "mentor_train_acc": 0.9500369593208912,
    "stu_test_acc": 0.7341253993610224,
    "mentor_test_acc": 0.7319289137380192
}