{
    "stu_train_loss": 0.8016492114737143,
    "mentor_train_loss": 0.3264507110796723,
    "stu_test_loss": 0.8478705134635536,
    "mentor_test_loss": 0.8273890229840629,
    "stu_train_acc": 0.7907815906736586,
    "mentor_train_acc": 0.9559698880108354,
    "stu_test_acc": 0.7548921725239617,
    "mentor_test_acc": 0.7575878594249201
}