{
    "stu_train_loss": 1.0490108334940242,
    "mentor_train_loss": 0.4913851098687041,
    "stu_test_loss": 0.9641411367315835,
    "mentor_test_loss": 0.9234131999290027,
    "stu_train_acc": 0.6964772024185829,
    "mentor_train_acc": 0.9217631497414284,
    "stu_test_acc": 0.6890974440894568,
    "mentor_test_acc": 0.7283346645367412
}