{
    "stu_train_loss": 0.7829123791915918,
    "mentor_train_loss": 0.29083658404210033,
    "stu_test_loss": 0.8251326882991546,
    "mentor_test_loss": 0.7238574871620812,
    "stu_train_acc": 0.7972980862349467,
    "mentor_train_acc": 0.9573899004973617,
    "stu_test_acc": 0.7586861022364217,
    "mentor_test_acc": 0.7903354632587859
}