{
    "stu_train_loss": 0.802593768616907,
    "mentor_train_loss": 0.30438078667213714,
    "stu_test_loss": 0.875914245463027,
    "mentor_test_loss": 0.7655241044755942,
    "stu_train_acc": 0.7892545909663431,
    "mentor_train_acc": 0.9556586524240331,
    "stu_test_acc": 0.7527955271565495,
    "mentor_test_acc": 0.7814496805111821
}