{
    "stu_train_loss": 0.3986110935608546,
    "stu_test_loss": 0.9818303352594375,
    "stu_train_acc": 0.8599482413494226,
    "stu_test_acc": 0.7989999777078629
}