{
    "stu_train_loss": 0.4028219296173616,
    "stu_test_loss": 0.9450022095441818,
    "stu_train_acc": 0.8634441765871915,
    "stu_test_acc": 0.8025999820232391
}