{
    "stu_train_loss": 0.41301713342016394,
    "stu_test_loss": 0.9472571277618408,
    "stu_train_acc": 0.8602069255077478,
    "stu_test_acc": 0.8087999784946441
}