{
    "stu_train_loss": 0.3985396217216145,
    "stu_test_loss": 1.003051745891571,
    "stu_train_acc": 0.859467827912533,
    "stu_test_acc": 0.7819999778270721
}