{
    "stu_train_loss": 0.40725425517920294,
    "stu_test_loss": 0.9280286383628845,
    "stu_train_acc": 0.8641832850196145,
    "stu_test_acc": 0.7980999797582626
}