{
    "stu_train_loss": 0.4031796238639138,
    "stu_test_loss": 0.9139386111497879,
    "stu_train_acc": 0.8600738897468104,
    "stu_test_acc": 0.8065999829769135
}