{
    "stu_train_loss": 0.9290438402782787,
    "stu_test_loss": 1.3428283822536469,
    "stu_train_acc": 0.6717072996226224,
    "stu_test_acc": 0.6403999853134156
}