{
    "stu_train_loss": 0.4015185514501497,
    "stu_test_loss": 0.9036997091770173,
    "stu_train_acc": 0.8657562826194015,
    "stu_test_acc": 0.8225999790430069
}