{
    "stu_train_loss": 0.39301886058905544,
    "stu_test_loss": 0.9193576973676681,
    "stu_train_acc": 0.8636398794604283,
    "stu_test_acc": 0.8276999789476395
}