{
    "stu_train_loss": 0.3883102850294581,
    "stu_test_loss": 0.8046924513578415,
    "stu_train_acc": 0.8690258124295402,
    "stu_test_acc": 0.8256999784708023
}