{
    "stu_train_loss": 0.42426275622610954,
    "stu_test_loss": 0.8775426852703094,
    "stu_train_acc": 0.853737921107049,
    "stu_test_acc": 0.8121999764442444
}