{
    "stu_train_loss": 0.40883598242904623,
    "stu_test_loss": 0.9142917305231094,
    "stu_train_acc": 0.8625381057168923,
    "stu_test_acc": 0.8129999786615372
}