{
    "stu_train_loss": 0.40128055945330976,
    "stu_test_loss": 0.8321189403533935,
    "stu_train_acc": 0.8631839185368781,
    "stu_test_acc": 0.8260999780893326
}