{
    "stu_train_loss": [
        2.2628371715545654,
        2.2619900703430176,
        2.2623958587646484,
        2.262503147125244,
        2.259953737258911,
        2.265197277069092
    ],
    "stu_test_loss": [
        2.381915330886841,
        2.374190092086792,
        2.373091220855713,
        2.4052999019622803,
        2.3694965839385986,
        2.373112440109253,
        2.3829681873321533,
        2.36305832862854,
        2.3911993503570557,
        2.38466215133667,
        2.389958381652832,
        2.364954710006714,
        2.3839473724365234,
        2.3828554153442383,
        2.3736648559570312,
        2.3513071537017822,
        2.3751587867736816,
        2.3655476570129395,
        2.3829753398895264,
        2.3718087673187256,
        2.3780677318573,
        2.3784055709838867,
        2.3671414852142334,
        2.3875627517700195,
        2.3815126419067383,
        2.3778955936431885,
        2.3743557929992676,
        2.383788824081421,
        2.394829750061035,
        2.397873640060425,
        2.3842833042144775,
        2.399465322494507,
        2.4085474014282227,
        2.379143238067627,
        2.380995750427246,
        2.3826394081115723,
        2.3883578777313232,
        2.380587339401245,
        2.387711524963379,
        2.380661725997925,
        2.3612685203552246,
        2.3740572929382324,
        2.3718369007110596,
        2.3763587474823,
        2.375516176223755,
        2.3814291954040527,
        2.385852098464966,
        2.3931217193603516,
        2.3516550064086914,
        2.382176399230957,
        2.3802459239959717,
        2.3648247718811035,
        2.3598289489746094,
        2.377082109451294,
        2.3734683990478516,
        2.4059503078460693,
        2.3786656856536865,
        2.3727540969848633,
        2.386502504348755,
        2.368147134780884,
        2.3834168910980225,
        2.3909311294555664,
        2.3758912086486816,
        2.3651328086853027,
        2.370987892150879,
        2.388033866882324,
        2.3825838565826416,
        2.3705084323883057,
        2.3607406616210938,
        2.367719888687134,
        2.3867037296295166,
        2.3824381828308105,
        2.3884665966033936,
        2.3879919052124023,
        2.3842341899871826,
        2.370131731033325,
        2.3751890659332275,
        2.3728725910186768,
        2.3784592151641846,
        2.386669874191284,
        2.392862319946289,
        2.3761847019195557,
        2.4008703231811523,
        2.379932403564453,
        2.3751492500305176,
        2.3947229385375977,
        2.377124309539795,
        2.3640213012695312,
        2.390127658843994,
        2.3649466037750244,
        2.3884220123291016,
        2.3771467208862305,
        2.3820343017578125,
        2.372586488723755,
        2.3894245624542236,
        2.383131742477417,
        2.3839690685272217,
        2.3919517993927,
        2.359776258468628,
        2.382301092147827,
        2.3872311115264893,
        2.365511417388916,
        2.355055809020996,
        2.3772475719451904,
        2.386119842529297,
        2.389299154281616,
        2.376561164855957,
        2.3657193183898926,
        2.3710551261901855,
        2.3729968070983887,
        2.3800160884857178,
        2.388096809387207,
        2.384901762008667,
        2.393277168273926,
        2.3865816593170166,
        2.367110252380371,
        2.3772988319396973,
        2.3835270404815674,
        2.3778204917907715,
        2.3805785179138184,
        2.358919858932495,
        2.3695945739746094,
        2.3646562099456787,
        2.353090763092041,
        2.370295524597168,
        2.3895061016082764,
        2.3936309814453125,
        2.358126401901245,
        2.387514114379883,
        2.379328489303589,
        2.3817386627197266,
        2.401766061782837,
        2.3663415908813477,
        2.380584955215454,
        2.379650115966797,
        2.360309600830078,
        2.39064359664917,
        2.383160352706909,
        2.3990535736083984,
        2.3696608543395996,
        2.384910821914673,
        2.3702266216278076,
        2.380948781967163,
        2.3627099990844727,
        2.38615345954895,
        2.367011070251465,
        2.3702120780944824,
        2.353940010070801,
        2.404144763946533,
        2.3797178268432617,
        2.365811824798584,
        2.3860363960266113,
        2.3889870643615723,
        2.3920350074768066,
        2.364431619644165,
        2.391160726547241,
        2.3869636058807373,
        2.3631021976470947,
        2.3734281063079834,
        2.366521120071411,
        2.362025499343872,
        2.380657911300659,
        2.3904709815979004,
        2.3980071544647217,
        2.3906056880950928,
        2.372605562210083,
        2.3821585178375244,
        2.3832857608795166,
        2.3844006061553955,
        2.370297908782959,
        2.384932279586792,
        2.383716583251953,
        2.3787682056427,
        2.3718996047973633,
        2.3826589584350586,
        2.39235520362854,
        2.380202054977417,
        2.378887891769409,
        2.3959896564483643,
        2.361860990524292,
        2.367382526397705,
        2.3838720321655273,
        2.394334077835083,
        2.36365008354187,
        2.3782036304473877,
        2.3829174041748047,
        2.336789131164551,
        2.3839592933654785,
        2.375763416290283,
        2.375372886657715,
        2.367335557937622,
        2.3816373348236084,
        2.3775625228881836,
        2.374788761138916,
        2.379509687423706,
        2.3722453117370605,
        2.3704118728637695,
        2.3798208236694336,
        2.3985631465911865,
        2.3719770908355713,
        2.388338804244995,
        2.3866078853607178,
        2.4064579010009766,
        2.373892068862915,
        2.3869197368621826,
        2.3674216270446777,
        2.3740410804748535,
        2.3546855449676514,
        2.368302583694458,
        2.4059038162231445,
        2.3742151260375977,
        2.3927347660064697,
        2.3581042289733887,
        2.3943374156951904,
        2.3738996982574463,
        2.3972206115722656,
        2.3841569423675537,
        2.37630295753479,
        2.384701728820801,
        2.379573345184326,
        2.364100456237793,
        2.3690547943115234,
        2.3790130615234375,
        2.368486166000366,
        2.368220329284668,
        2.4056222438812256,
        2.3628571033477783,
        2.3826708793640137,
        2.3651692867279053,
        2.372671365737915,
        2.3731188774108887,
        2.3890178203582764,
        2.3917202949523926,
        2.3805713653564453,
        2.3858084678649902,
        2.3605544567108154,
        2.4041430950164795,
        2.380540370941162,
        2.381775379180908,
        2.360517740249634,
        2.3752567768096924,
        2.379073143005371,
        2.3535282611846924,
        2.3781230449676514,
        2.396270275115967,
        2.375905752182007,
        2.3843166828155518,
        2.3773038387298584,
        2.396594762802124,
        2.3618533611297607,
        2.387599229812622,
        2.3687307834625244,
        2.3590240478515625,
        2.3997015953063965,
        2.3685624599456787,
        2.3815078735351562,
        2.399813413619995,
        2.376631021499634,
        2.3841943740844727,
        2.3826518058776855,
        2.3626832962036133,
        2.38114857673645,
        2.371234655380249,
        2.3776283264160156,
        2.377032518386841,
        2.381162643432617,
        2.3746957778930664,
        2.394259452819824,
        2.418093681335449,
        2.368262529373169,
        2.38349986076355,
        2.360213041305542,
        2.370858669281006,
        2.3914883136749268,
        2.3740110397338867,
        2.380539894104004,
        2.3712410926818848,
        2.3710832595825195,
        2.360945701599121,
        2.3818559646606445,
        2.3626575469970703,
        2.3728132247924805,
