{
    "stu_train_loss": [
        2.1524572372436523,
        2.153164863586426,
        2.1450483798980713,
        2.1777095794677734,
        2.157471179962158,
        2.1720829010009766
    ],
    "stu_test_loss": [
        2.281743288040161,
        2.2767746448516846,
        2.2756593227386475,
        2.3390865325927734,
        2.2710983753204346,
        2.2760281562805176,
        2.3012502193450928,
        2.256138563156128,
        2.278674364089966,
        2.2631802558898926,
        2.286308765411377,
        2.2572684288024902,
        2.2893946170806885,
        2.298207998275757,
        2.284721612930298,
        2.230943441390991,
        2.2688636779785156,
        2.2560486793518066,
        2.3011274337768555,
        2.2935853004455566,
        2.264155864715576,
        2.2959210872650146,
        2.284034490585327,
        2.2861883640289307,
        2.3120083808898926,
        2.2982091903686523,
        2.292787551879883,
        2.2961795330047607,
        2.308619737625122,
        2.3144404888153076,
        2.2559127807617188,
        2.2952897548675537,
        2.3285505771636963,
        2.2697134017944336,
        2.2776854038238525,
        2.300412178039551,
        2.271493434906006,
        2.279682159423828,
        2.2983450889587402,
        2.311809778213501,
        2.2680277824401855,
        2.272261142730713,
        2.276754140853882,
        2.2779617309570312,
        2.2563164234161377,
        2.282487154006958,
        2.2965006828308105,
        2.3165740966796875,
        2.2570934295654297,
        2.293365955352783,
        2.3017587661743164,
        2.2397916316986084,
        2.2455432415008545,
        2.285160779953003,
        2.2645275592803955,
        2.3207180500030518,
        2.295374870300293,
        2.2637767791748047,
        2.2983052730560303,
        2.264594078063965,
        2.3100409507751465,
        2.3240411281585693,
        2.2698934078216553,
        2.2476255893707275,
        2.278660535812378,
        2.306635856628418,
        2.2805590629577637,
        2.273578643798828,
        2.241987705230713,
        2.299666166305542,
        2.285930871963501,
        2.2786920070648193,
        2.326842784881592,
        2.3074896335601807,
        2.2806994915008545,
        2.2766058444976807,
        2.2743782997131348,
        2.291358470916748,
        2.2853970527648926,
        2.304802656173706,
        2.3112878799438477,
        2.286736249923706,
        2.3324801921844482,
        2.300736904144287,
        2.2855770587921143,
        2.3129842281341553,
        2.3231513500213623,
        2.2619056701660156,
        2.3233630657196045,
        2.2686142921447754,
        2.285512685775757,
        2.2607994079589844,
        2.2840404510498047,
        2.2817065715789795,
        2.304680109024048,
        2.303893804550171,
        2.278158664703369,
        2.3169074058532715,
        2.2177019119262695,
        2.282503604888916,
        2.286940813064575,
        2.2748401165008545,
        2.247023344039917,
        2.305511951446533,
        2.3098394870758057,
        2.3058648109436035,
        2.2937612533569336,
        2.249176502227783,
        2.284795045852661,
        2.2713704109191895,
        2.27545428276062,
        2.28739070892334,
        2.2980241775512695,
        2.306466817855835,
        2.2973756790161133,
        2.254420757293701,
        2.3037850856781006,
        2.292678117752075,
        2.2965662479400635,
        2.2690513134002686,
        2.256462574005127,
        2.2839226722717285,
        2.271385669708252,
        2.239478826522827,
        2.2601709365844727,
        2.309800148010254,
        2.3181750774383545,
        2.271116018295288,
        2.308873414993286,
        2.278292655944824,
        2.295503616333008,
        2.2942581176757812,
        2.2636170387268066,
        2.277606725692749,
        2.2865426540374756,
        2.2510969638824463,
        2.2658512592315674,
        2.287167549133301,
        2.3042190074920654,
        2.264477014541626,
        2.306711196899414,
        2.2930963039398193,
        2.2909317016601562,
        2.2641794681549072,
        2.2986419200897217,
        2.2895240783691406,
        2.2786881923675537,
        2.2238097190856934,
        2.3284716606140137,
        2.3022825717926025,
        2.28096866607666,
        2.2820003032684326,
        2.2954113483428955,
        2.308600425720215,
        2.2404117584228516,
        2.2963457107543945,
        2.3239428997039795,
        2.267601728439331,
        2.2542316913604736,
        2.263618230819702,
        2.254723072052002,
        2.307109832763672,
        2.3287365436553955,
        2.314552068710327,
        2.319206714630127,
        2.2755818367004395,
        2.2889468669891357,
        2.2873291969299316,
        2.306175470352173,
        2.234846830368042,
        2.283287525177002,
        2.2800326347351074,
        2.2878432273864746,
        2.293543815612793,
        2.269888401031494,
        2.3338396549224854,
        2.323578357696533,
        2.3096015453338623,
        2.3118302822113037,
        2.2771966457366943,
        2.2612485885620117,
        2.285982608795166,
        2.3491857051849365,
        2.2428078651428223,
        2.2884833812713623,
        2.3040287494659424,
        2.2102599143981934,
        2.300372362136841,
        2.278059720993042,
        2.286121129989624,
        2.253852128982544,
        2.302790403366089,
        2.3033840656280518,
        2.264885902404785,
        2.3205175399780273,
        2.2910525798797607,
        2.2470507621765137,
        2.2999720573425293,
        2.3236100673675537,
        2.2747390270233154,
        2.2873265743255615,
        2.273836135864258,
        2.3379528522491455,
        2.2881200313568115,
        2.3087985515594482,
        2.2673237323760986,
        2.279841423034668,
        2.245898485183716,
        2.2859015464782715,
        2.325960874557495,
        2.284207344055176,
        2.324604034423828,
        2.2367799282073975,
        2.275871515274048,
        2.278329372406006,
        2.32460880279541,
        2.310742139816284,
        2.2709856033325195,
        2.289358615875244,
        2.2714474201202393,
        2.2747251987457275,
        2.266974687576294,
        2.286109447479248,
        2.2486703395843506,
        2.2795419692993164,
        2.354153633117676,
        2.273263692855835,
        2.2863895893096924,
        2.269998550415039,
        2.299013376235962,
        2.2769763469696045,
        2.2931861877441406,
        2.3032236099243164,
        2.2556395530700684,
        2.3189034461975098,
        2.2595701217651367,
        2.3102450370788574,
        2.263066291809082,
        2.286374807357788,
        2.274357557296753,
        2.253587484359741,
        2.2727670669555664,
        2.251556873321533,
        2.2854902744293213,
        2.3004696369171143,
        2.2847437858581543,
        2.2708945274353027,
        2.2884461879730225,
        2.331813335418701,
        2.265373468399048,
        2.295112133026123,
        2.256683588027954,
        2.2596049308776855,
        2.31485915184021,
        2.261610984802246,
        2.2659783363342285,
        2.2964603900909424,
        2.291184186935425,
        2.2774479389190674,
        2.2901389598846436,
        2.255965232849121,
        2.287074089050293,
        2.274691581726074,
        2.297257661819458,
        2.3065884113311768,
        2.2817397117614746,
        2.294074535369873,
        2.3192410469055176,
        2.346928358078003,
        2.2778007984161377,
        2.296222686767578,
        2.251088857650757,
        2.283905506134033,
        2.3179712295532227,
        2.261502504348755,
        2.293839693069458,
        2.2934203147888184,
        2.263019323348999,
        2.25799298286438,
        2.2987751960754395,
        2.2705838680267334,
        2.293126344680786,
