{
    "stu_train_loss": [
        2.3052685260772705,
        2.301649332046509,
        2.303562879562378,
        2.2982845306396484,
        2.297748565673828,
        2.29978609085083
    ],
    "stu_test_loss": [
        2.4164016246795654,
        2.4093472957611084,
        2.4100427627563477,
        2.4234747886657715,
        2.399966239929199,
        2.395620107650757,
        2.401581287384033,
        2.406050205230713,
        2.4191102981567383,
        2.4138128757476807,
        2.4078097343444824,
        2.40048885345459,
        2.422379970550537,
        2.405224561691284,
        2.404728412628174,
        2.3742077350616455,
        2.4070885181427,
        2.405428647994995,
        2.4077889919281006,
        2.405323028564453,
        2.407909393310547,
        2.4032344818115234,
        2.390491247177124,
        2.423273801803589,
        2.412161111831665,
        2.410876750946045,
        2.4109139442443848,
        2.419527053833008,
        2.4147326946258545,
        2.4230198860168457,
        2.4135522842407227,
        2.4203896522521973,
        2.4356565475463867,
        2.408266305923462,
        2.4205830097198486,
        2.407775640487671,
        2.4252920150756836,
        2.418325662612915,
        2.4135470390319824,
        2.4067282676696777,
        2.3927903175354004,
        2.4022216796875,
        2.3978617191314697,
        2.410461902618408,
        2.4029347896575928,
        2.4085514545440674,
        2.419232130050659,
        2.416607618331909,
        2.3870697021484375,
        2.4223456382751465,
        2.4055662155151367,
        2.403229236602783,
        2.405898332595825,
        2.407396078109741,
        2.4068901538848877,
        2.4317634105682373,
        2.4058761596679688,
        2.394963264465332,
        2.4171910285949707,
        2.3921265602111816,
        2.407831907272339,
        2.428248167037964,
        2.408543109893799,
        2.3942418098449707,
        2.4032645225524902,
        2.41994047164917,
        2.4071640968322754,
        2.4094386100769043,
        2.400486946105957,
        2.4003264904022217,
        2.4143497943878174,
        2.408870220184326,
        2.4217441082000732,
        2.4070231914520264,
        2.4118754863739014,
        2.395965337753296,
        2.401665449142456,
        2.4053611755371094,
        2.400664806365967,
        2.406867742538452,
        2.4027292728424072,
        2.4036223888397217,
        2.4227113723754883,
        2.42498517036438,
        2.403777837753296,
        2.4273993968963623,
        2.4091405868530273,
        2.418755054473877,
        2.4209587574005127,
        2.4000401496887207,
        2.4240920543670654,
        2.4120571613311768,
        2.4025142192840576,
        2.3961524963378906,
        2.4204556941986084,
        2.4119369983673096,
        2.415569543838501,
        2.4152536392211914,
        2.3995046615600586,
        2.4142889976501465,
        2.413233757019043,
        2.4096262454986572,
        2.3952431678771973,
        2.402062177658081,
        2.4146926403045654,
        2.4093017578125,
        2.397066831588745,
        2.3926985263824463,
        2.4150967597961426,
        2.409484386444092,
        2.4056835174560547,
        2.422689914703369,
        2.429811716079712,
        2.41140079498291,
        2.4140264987945557,
        2.4021637439727783,
        2.4133002758026123,
        2.410222053527832,
        2.4110708236694336,
        2.406923770904541,
        2.3990795612335205,
        2.4133996963500977,
        2.4112377166748047,
        2.391266107559204,
        2.416813373565674,
        2.404094696044922,
        2.437999725341797,
        2.4105868339538574,
        2.4006030559539795,
        2.4079530239105225,
        2.41849946975708,
        2.4068901538848877,
        2.394620418548584,
        2.4129340648651123,
        2.403618335723877,
        2.3979721069335938,
        2.4194178581237793,
        2.41192626953125,
        2.4273488521575928,
        2.402891159057617,
        2.423367500305176,
        2.3983442783355713,
        2.406247615814209,
        2.3981246948242188,
        2.4130568504333496,
        2.4154539108276367,
        2.3964996337890625,
        2.404557943344116,
        2.422538995742798,
        2.4089651107788086,
        2.4124858379364014,
        2.4193058013916016,
        2.419013023376465,
        2.4249863624572754,
        2.3946828842163086,
        2.418823003768921,
        2.420403480529785,
        2.409463882446289,
        2.406843900680542,
        2.4057517051696777,
        2.3979296684265137,
        2.41640043258667,
        2.405155897140503,
        2.4247000217437744,
        2.4100899696350098,
        2.4036989212036133,
        2.4092977046966553,
        2.4177451133728027,
        2.4077858924865723,
        2.4127936363220215,
        2.4212827682495117,
        2.4222636222839355,
        2.416764974594116,
        2.4080734252929688,
        2.4176037311553955,
        2.404907464981079,
        2.395069122314453,
        2.4213356971740723,
        2.427582263946533,
        2.4007320404052734,
        2.4128146171569824,
        2.413731575012207,
        2.4206202030181885,
        2.400801420211792,
        2.4034225940704346,
        2.403257369995117,
        2.378896951675415,
        2.4050426483154297,
        2.4011781215667725,
        2.3978209495544434,
        2.409883737564087,
        2.407572031021118,
        2.4112353324890137,
        2.3919448852539062,
        2.411301374435425,
        2.3962690830230713,
        2.4197511672973633,
        2.4194297790527344,
        2.4207394123077393,
        2.410702705383301,
        2.402283191680908,
        2.405574321746826,
        2.4173312187194824,
        2.398815155029297,
        2.414486885070801,
        2.4109597206115723,
        2.3990731239318848,
        2.3884239196777344,
        2.3986659049987793,
        2.424027442932129,
        2.4136016368865967,
        2.413506507873535,
        2.4025838375091553,
        2.4263899326324463,
        2.397961139678955,
        2.4230594635009766,
        2.41190505027771,
        2.403749465942383,
        2.4089584350585938,
        2.4167773723602295,
        2.4012980461120605,
        2.401851177215576,
        2.4126317501068115,
        2.4074699878692627,
        2.3994438648223877,
        2.4366250038146973,
        2.389941453933716,
        2.414964437484741,
        2.40075945854187,
        2.409735679626465,
        2.410099983215332,
        2.4021899700164795,
        2.4239468574523926,
        2.4062294960021973,
        2.4229929447174072,
        2.3869881629943848,
        2.415499210357666,
        2.419351816177368,
        2.413078546524048,
        2.402597665786743,
        2.4053239822387695,
        2.410182476043701,
        2.3937230110168457,
        2.412482976913452,
        2.4279086589813232,
        2.4220149517059326,
        2.424771785736084,
        2.4070229530334473,
        2.4215025901794434,
        2.404808282852173,
        2.4148666858673096,
        2.410720109939575,
        2.388479471206665,
        2.4144515991210938,
        2.398437023162842,
        2.4114980697631836,
        2.427518129348755,
        2.4088714122772217,
        2.4149725437164307,
        2.412691354751587,
        2.4020144939422607,
        2.4108171463012695,
        2.4081180095672607,
        2.4074604511260986,
        2.405751943588257,
        2.4133214950561523,
        2.4025306701660156,
        2.4240331649780273,
        2.4363625049591064,
        2.4136552810668945,
        2.405900239944458,
        2.40006160736084,
        2.4131524562835693,
        2.425182342529297,
        2.398808240890503,
        2.4162213802337646,
        2.406109094619751,
        2.39923095703125,
        2.3900182247161865,
        2.4170329570770264,
        2.4035420417785645,
        2.4053525924682617,
