{
    "stu_train_loss": [
        2.0277748107910156,
        2.064478874206543,
        2.036484479904175,
        2.0344104766845703,
        2.0427582263946533,
        2.0215609073638916
    ],
    "stu_test_loss": [
        2.1785848140716553,
        2.1623544692993164,
        2.1550331115722656,
        2.2380805015563965,
        2.1473803520202637,
        2.122835874557495,
        2.2004194259643555,
        2.1242897510528564,
        2.156111717224121,
        2.1528618335723877,
        2.171574592590332,
        2.142761468887329,
        2.152848243713379,
        2.2103567123413086,
        2.2034313678741455,
        2.0955355167388916,
        2.151521682739258,
        2.117502212524414,
        2.1902971267700195,
        2.156125783920288,
        2.1386632919311523,
        2.184037685394287,
        2.1652262210845947,
        2.1723010540008545,
        2.2058279514312744,
        2.196904182434082,
        2.1756691932678223,
        2.1669702529907227,
        2.213960886001587,
        2.2231409549713135,
        2.1276166439056396,
        2.15173602104187,
        2.236812114715576,
        2.1229825019836426,
        2.1455435752868652,
        2.1800570487976074,
        2.1599185466766357,
        2.155348777770996,
        2.1668691635131836,
        2.182713747024536,
        2.1474533081054688,
        2.1658666133880615,
        2.1436808109283447,
        2.1695189476013184,
        2.1209449768066406,
        2.1730549335479736,
        2.1685092449188232,
        2.220247507095337,
        2.1508216857910156,
        2.1921541690826416,
        2.2119786739349365,
        2.1188011169433594,
        2.1139862537384033,
        2.169154644012451,
        2.12992787361145,
        2.227618455886841,
        2.192986011505127,
        2.133425712585449,
        2.196913957595825,
        2.1550910472869873,
        2.1935389041900635,
        2.2317161560058594,
        2.1581623554229736,
        2.0980656147003174,
        2.1523444652557373,
        2.198099374771118,
        2.1575427055358887,
        2.1586356163024902,
        2.123148202896118,
        2.2079830169677734,
        2.1552212238311768,
        2.1332945823669434,
        2.2271010875701904,
        2.199794054031372,
        2.1315083503723145,
        2.158932685852051,
        2.1431117057800293,
        2.170084238052368,
        2.185441255569458,
        2.2179527282714844,
        2.2258334159851074,
        2.184556484222412,
        2.245509386062622,
        2.1993024349212646,
        2.1635756492614746,
        2.19638729095459,
        2.21938419342041,
        2.1283605098724365,
        2.2314822673797607,
        2.1770377159118652,
        2.1660332679748535,
        2.127875328063965,
        2.2015976905822754,
        2.1805784702301025,
        2.219352960586548,
        2.1891860961914062,
        2.1659703254699707,
        2.2206711769104004,
        2.0605785846710205,
        2.163700580596924,
        2.1758155822753906,
        2.1730592250823975,
        2.141688346862793,
        2.237360954284668,
        2.2200615406036377,
        2.1861395835876465,
        2.204136848449707,
        2.117016315460205,
        2.18511700630188,
        2.140683650970459,
        2.1458981037139893,
        2.1820287704467773,
        2.1850039958953857,
        2.2036287784576416,
        2.199334144592285,
        2.12239670753479,
        2.207364320755005,
        2.1866981983184814,
        2.1896958351135254,
        2.156106948852539,
        2.1119794845581055,
        2.1991336345672607,
        2.15727162361145,
        2.094278335571289,
        2.1321208477020264,
        2.200773000717163,
        2.2531027793884277,
        2.1488659381866455,
        2.212709426879883,
        2.156290292739868,
        2.1804895401000977,
        2.1702892780303955,
        2.1454567909240723,
        2.154249429702759,
        2.1576991081237793,
        2.0949039459228516,
        2.1475234031677246,
        2.181894302368164,
        2.1836209297180176,
        2.1283915042877197,
        2.203425407409668,
        2.1717753410339355,
        2.1937270164489746,
        2.145052433013916,
        2.199162006378174,
        2.1706252098083496,
        2.1614773273468018,
        2.078314781188965,
        2.2474570274353027,
        2.205165147781372,
        2.163541793823242,
        2.1657183170318604,
        2.175122022628784,
        2.20648193359375,
        2.075226068496704,
        2.2023398876190186,
        2.237772226333618,
        2.147423267364502,
        2.132070779800415,
        2.147644519805908,
        2.1138193607330322,
        2.183537244796753,
        2.249864339828491,
        2.21075439453125,
        2.207500457763672,
        2.1612250804901123,
        2.196139335632324,
        2.1965067386627197,
        2.2114756107330322,
        2.1064469814300537,
        2.1779069900512695,
        2.1492350101470947,
        2.1985936164855957,
        2.1991958618164062,
        2.1606810092926025,
        2.233642339706421,
        2.221372365951538,
        2.2247838973999023,
        2.2104992866516113,
        2.1400363445281982,
        2.144428253173828,
        2.1700425148010254,
        2.2722036838531494,
        2.135237216949463,
        2.1806623935699463,
        2.2007553577423096,
        2.0488121509552,
        2.191135883331299,
        2.185185194015503,
        2.1936702728271484,
        2.1315863132476807,
        2.1717689037323,
        2.270092487335205,
        2.147010564804077,
        2.2306807041168213,
        2.186044692993164,
        2.0765023231506348,
        2.2159767150878906,
        2.264139175415039,
        2.1354517936706543,
        2.160271406173706,
        2.1669235229492188,
        2.2294344902038574,
        2.1796772480010986,
        2.198884963989258,
        2.144692897796631,
        2.1764614582061768,
        2.1105501651763916,
        2.1850271224975586,
        2.2308270931243896,
        2.1784815788269043,
        2.237114191055298,
        2.097954034805298,
        2.1293704509735107,
        2.153489112854004,
        2.228067636489868,
        2.203824043273926,
        2.170407772064209,
        2.1531901359558105,
        2.1632580757141113,
        2.1379899978637695,
        2.164048671722412,
        2.1827011108398438,
        2.0962159633636475,
        2.173969268798828,
        2.276651620864868,
        2.1449027061462402,
        2.164961814880371,
        2.143423080444336,
        2.2063629627227783,
        2.1773688793182373,
        2.1825950145721436,
        2.188053846359253,
        2.1444168090820312,
        2.207458972930908,
        2.1057281494140625,
        2.2033205032348633,
        2.1346664428710938,
        2.1798505783081055,
        2.150994300842285,
        2.111989974975586,
        2.1662206649780273,
        2.120445966720581,
        2.177499771118164,
        2.1809027194976807,
        2.1870522499084473,
        2.151839256286621,
        2.17305850982666,
        2.256647825241089,
        2.141357421875,
        2.1971023082733154,
        2.1252541542053223,
        2.1470065116882324,
        2.201242446899414,
        2.129807233810425,
        2.123774290084839,
        2.1733531951904297,
        2.172091484069824,
        2.1467013359069824,
        2.1626298427581787,
        2.1480226516723633,
        2.1907739639282227,
        2.144305467605591,
        2.1784582138061523,
        2.21943998336792,
        2.1540756225585938,
        2.176823139190674,
        2.2105367183685303,
        2.2194082736968994,
        2.1806182861328125,
        2.1999917030334473,
        2.121633529663086,
        2.177438735961914,
        2.2122764587402344,
        2.136483907699585,
        2.180163860321045,
        2.1828458309173584,
        2.1173901557922363,
        2.1134862899780273,
        2.2065463066101074,
        2.1435704231262207,
        2.183016300201416,
