{
    "stu_train_loss": [
        2.3045730590820312,
        2.301503896713257,
        2.3021509647369385,
        2.3086862564086914,
        2.3010919094085693,
        2.307748317718506
    ],
    "stu_test_loss": [
        2.420118570327759,
        2.4174580574035645,
        2.412598133087158,
        2.4326701164245605,
        2.406583547592163,
        2.407991647720337,
        2.409728527069092,
        2.407651662826538,
        2.4230690002441406,
        2.415292739868164,
        2.414548635482788,
        2.4031755924224854,
        2.424314260482788,
        2.419699192047119,
        2.407557249069214,
        2.383195400238037,
        2.411180019378662,
        2.4142990112304688,
        2.4097323417663574,
        2.4091005325317383,
        2.4113729000091553,
        2.4086718559265137,
        2.3951776027679443,
        2.425368309020996,
        2.415806531906128,
        2.4182937145233154,
        2.4201297760009766,
        2.4247868061065674,
        2.418062448501587,
        2.425672769546509,
        2.417015790939331,
        2.4287095069885254,
        2.439734935760498,
        2.4202451705932617,
        2.4135241508483887,
        2.415630578994751,
        2.4289939403533936,
        2.4204471111297607,
        2.4211742877960205,
        2.4111392498016357,
        2.4009547233581543,
        2.405930280685425,
        2.3978922367095947,
        2.4168169498443604,
        2.407677412033081,
        2.4113059043884277,
        2.4198338985443115,
        2.411012649536133,
        2.392571449279785,
        2.4229190349578857,
        2.4075145721435547,
        2.40252685546875,
        2.4017136096954346,
        2.411316394805908,
        2.41432523727417,
        2.434046506881714,
        2.4093239307403564,
        2.398697853088379,
        2.424424648284912,
        2.3944647312164307,
        2.4146888256073,
        2.4376399517059326,
        2.403970241546631,
        2.4084110260009766,
        2.4035491943359375,
        2.4262256622314453,
        2.4174678325653076,
        2.417374610900879,
        2.3961784839630127,
        2.4148356914520264,
        2.4165420532226562,
        2.4088287353515625,
        2.427842617034912,
        2.419567346572876,
        2.412950277328491,
        2.403186559677124,
        2.407240867614746,
        2.407200574874878,
        2.4031741619110107,
        2.4113762378692627,
        2.417097330093384,
        2.3990209102630615,
        2.4308359622955322,
        2.4295449256896973,
        2.4056951999664307,
        2.4309942722320557,
        2.420393466949463,
        2.416266918182373,
        2.430307626724243,
        2.3975024223327637,
        2.4256627559661865,
        2.417358875274658,
        2.3989503383636475,
        2.4072158336639404,
        2.418025016784668,
        2.408250331878662,
        2.4166173934936523,
        2.4173882007598877,
        2.3963332176208496,
        2.4167635440826416,
        2.418825626373291,
        2.4167213439941406,
        2.398725986480713,
        2.4099631309509277,
        2.414029121398926,
        2.4179227352142334,
        2.4068996906280518,
        2.409712791442871,
        2.421640396118164,
        2.408759593963623,
        2.410848379135132,
        2.4210100173950195,
        2.434781312942505,
        2.4161078929901123,
        2.419339656829834,
        2.402125597000122,
        2.4192264080047607,
        2.4106976985931396,
        2.41288161277771,
        2.4066121578216553,
        2.400249719619751,
        2.4263741970062256,
        2.414886713027954,
        2.388207197189331,
        2.4152588844299316,
        2.4080450534820557,
        2.4410088062286377,
        2.4157159328460693,
        2.399009943008423,
        2.4117932319641113,
        2.4123642444610596,
        2.406001329421997,
        2.386854887008667,
        2.4139773845672607,
        2.413788318634033,
        2.40400767326355,
        2.4187827110290527,
        2.418860912322998,
        2.4276325702667236,
        2.4101059436798096,
        2.425457239151001,
        2.3964178562164307,
        2.411987781524658,
        2.397090435028076,
        2.425452470779419,
        2.4292798042297363,
        2.4066147804260254,
        2.4021544456481934,
        2.430279016494751,
        2.4060542583465576,
        2.4078142642974854,
        2.4281210899353027,
        2.420464277267456,
        2.4358596801757812,
        2.3991007804870605,
        2.4241256713867188,
        2.4245214462280273,
        2.408064842224121,
        2.4127144813537598,
        2.414473056793213,
        2.404588460922241,
        2.4143779277801514,
        2.4112942218780518,
        2.4232406616210938,
        2.4142966270446777,
        2.4021809101104736,
        2.410867691040039,
        2.4254987239837646,
        2.4178965091705322,
        2.4199674129486084,
        2.428311347961426,
        2.4272656440734863,
        2.42648983001709,
        2.416170835494995,
        2.4117157459259033,
        2.411233425140381,
        2.3997437953948975,
        2.4282870292663574,
        2.433901071548462,
        2.405677080154419,
        2.4127235412597656,
        2.4116971492767334,
        2.422802209854126,
        2.413999557495117,
        2.4070701599121094,
        2.404789924621582,
        2.385641098022461,
        2.4012701511383057,
        2.405026435852051,
        2.3966944217681885,
        2.413062334060669,
        2.4062352180480957,
        2.413369655609131,
        2.406198501586914,
        2.4216208457946777,
        2.4001221656799316,
        2.418564558029175,
        2.424896001815796,
        2.4205894470214844,
        2.418365955352783,
        2.407435178756714,
        2.4136288166046143,
        2.4187252521514893,
        2.405670404434204,
        2.424733877182007,
        2.407771110534668,
        2.401139497756958,
        2.3966712951660156,
        2.4085395336151123,
        2.429511308670044,
        2.4121689796447754,
        2.413863182067871,
        2.413175582885742,
        2.426391124725342,
        2.3969292640686035,
        2.4318742752075195,
        2.4184279441833496,
        2.4009037017822266,
        2.419525623321533,
        2.4243686199188232,
        2.3974146842956543,
        2.4101333618164062,
        2.4157698154449463,
        2.4159555435180664,
        2.396702289581299,
        2.4361624717712402,
        2.3923020362854004,
        2.4277195930480957,
        2.4029629230499268,
        2.4094576835632324,
        2.4164540767669678,
        2.397221088409424,
        2.4279861450195312,
        2.4169809818267822,
        2.425279140472412,
        2.3908002376556396,
        2.4190189838409424,
        2.420351505279541,
        2.410595178604126,
        2.4013350009918213,
        2.40928053855896,
        2.4118387699127197,
        2.3985755443573,
        2.4185240268707275,
        2.4303810596466064,
        2.4266369342803955,
        2.4327943325042725,
        2.410172462463379,
        2.419891595840454,
        2.4090399742126465,
        2.4199328422546387,
        2.4124577045440674,
        2.398029327392578,
        2.421992301940918,
        2.4098544120788574,
        2.412755250930786,
        2.4398508071899414,
        2.409637928009033,
        2.416099786758423,
        2.4177260398864746,
        2.413518190383911,
        2.415673017501831,
        2.411325693130493,
        2.415300130844116,
        2.399850368499756,
        2.4095458984375,
        2.4054529666900635,
        2.425020456314087,
        2.4406168460845947,
        2.4215261936187744,
        2.4095373153686523,
        2.4042556285858154,
        2.4258224964141846,
        2.42980694770813,
        2.4135825634002686,
        2.4187004566192627,
        2.4087822437286377,
        2.3895938396453857,
        2.3952267169952393,
        2.4185798168182373,
        2.4066689014434814,
        2.412611722946167,
