{
    "stu_train_loss": [
        2.298862934112549,
        2.2968547344207764,
        2.2987451553344727,
        2.2974236011505127,
        2.29396915435791,
        2.29723858833313
    ],
    "stu_test_loss": [
        2.4121105670928955,
        2.4137723445892334,
        2.409597396850586,
        2.4240050315856934,
        2.398320436477661,
        2.4011294841766357,
        2.4083006381988525,
        2.398958444595337,
        2.4158849716186523,
        2.4105236530303955,
        2.4057044982910156,
        2.401404857635498,
        2.4113948345184326,
        2.4080278873443604,
        2.3993043899536133,
        2.376225709915161,
        2.400627851486206,
        2.4019927978515625,
        2.405305862426758,
        2.398855209350586,
        2.403421401977539,
        2.3926055431365967,
        2.3925423622131348,
        2.4218549728393555,
        2.412365674972534,
        2.404402256011963,
        2.4086661338806152,
        2.4179837703704834,
        2.415161609649658,
        2.4215495586395264,
        2.4108405113220215,
        2.4189412593841553,
        2.4289252758026123,
        2.4098246097564697,
        2.4065237045288086,
        2.403888463973999,
        2.423962116241455,
        2.415684223175049,
        2.411444902420044,
        2.408701181411743,
        2.389348268508911,
        2.393475294113159,
        2.3896491527557373,
        2.4061787128448486,
        2.409675121307373,
        2.3994507789611816,
        2.4107377529144287,
        2.4026803970336914,
        2.3855650424957275,
        2.411729574203491,
        2.402923107147217,
        2.3935275077819824,
        2.3982319831848145,
        2.406876564025879,
        2.4060847759246826,
        2.423774003982544,
        2.4070379734039307,
        2.4023189544677734,
        2.4138243198394775,
        2.392396926879883,
        2.40213680267334,
        2.4171619415283203,
        2.4045794010162354,
        2.3987269401550293,
        2.398782253265381,
        2.412123918533325,
        2.4113101959228516,
        2.403301477432251,
        2.390935182571411,
        2.4023826122283936,
        2.4076056480407715,
        2.4028239250183105,
        2.417045831680298,
        2.4114978313446045,
        2.410895347595215,
        2.4040000438690186,
        2.4022955894470215,
        2.3982908725738525,
        2.4020817279815674,
        2.405261278152466,
        2.4021666049957275,
        2.401630163192749,
        2.4204421043395996,
        2.4172070026397705,
        2.399846076965332,
        2.4259936809539795,
        2.4013209342956543,
        2.410320281982422,
        2.409247398376465,
        2.386958122253418,
        2.419048309326172,
        2.4090840816497803,
        2.3983235359191895,
        2.4016711711883545,
        2.4128000736236572,
        2.405301094055176,
        2.418541431427002,
        2.4080677032470703,
        2.3915891647338867,
        2.404449701309204,
        2.405773878097534,
        2.4093246459960938,
        2.389922857284546,
        2.4027276039123535,
        2.403465986251831,
        2.4121577739715576,
        2.404675006866455,
        2.3921964168548584,
        2.4089183807373047,
        2.409586191177368,
        2.4092671871185303,
        2.423811435699463,
        2.4201669692993164,
        2.411177396774292,
        2.4055378437042236,
        2.395807981491089,
        2.4149093627929688,
        2.407510995864868,
        2.405531644821167,
        2.4071617126464844,
        2.3997528553009033,
        2.4105539321899414,
        2.410865306854248,
        2.3884074687957764,
        2.408113718032837,
        2.4064180850982666,
        2.427288055419922,
        2.4038145542144775,
        2.4015238285064697,
        2.4110708236694336,
        2.4124722480773926,
        2.4087116718292236,
        2.385983943939209,
        2.4084863662719727,
        2.4083616733551025,
        2.39273738861084,
        2.4215188026428223,
        2.413273334503174,
        2.415565252304077,
        2.3995041847229004,
        2.4167513847351074,
        2.396728277206421,
        2.4046971797943115,
        2.3956139087677,
        2.4146888256073,
        2.411195993423462,
        2.3977742195129395,
        2.4060559272766113,
        2.417677164077759,
        2.402426242828369,
        2.4022209644317627,
        2.4157145023345947,
        2.417252779006958,
        2.4252688884735107,
        2.40362811088562,
        2.411661386489868,
        2.4121036529541016,
        2.400066614151001,
        2.409684419631958,
        2.406175136566162,
        2.396810531616211,
        2.408022165298462,
        2.4042584896087646,
        2.420306921005249,
        2.4078168869018555,
        2.401944160461426,
        2.405787229537964,
        2.4145476818084717,
        2.41082501411438,
        2.4089910984039307,
        2.415717124938965,
        2.419100284576416,
        2.411054849624634,
        2.404299259185791,
        2.41623854637146,
        2.404913902282715,
        2.387356758117676,
        2.416734457015991,
        2.421994686126709,
        2.399534225463867,
        2.399251699447632,
        2.404073476791382,
        2.4143223762512207,
        2.4008970260620117,
        2.3998565673828125,
        2.391707181930542,
        2.381716251373291,
        2.4016623497009277,
        2.4004688262939453,
        2.388150930404663,
        2.4035592079162598,
        2.4027955532073975,
        2.3993453979492188,
        2.3931968212127686,
        2.4083826541900635,
        2.4000327587127686,
        2.414079189300537,
        2.4181551933288574,
        2.4162840843200684,
        2.410503625869751,
        2.403795003890991,
        2.4032998085021973,
        2.419778823852539,
        2.399031639099121,
        2.412198066711426,
        2.4106667041778564,
        2.398632526397705,
        2.3920888900756836,
        2.3936209678649902,
        2.4241175651550293,
        2.412966251373291,
        2.411432981491089,
        2.4036355018615723,
        2.4187281131744385,
        2.3938498497009277,
        2.4211690425872803,
        2.4063096046447754,
        2.4010636806488037,
        2.4091074466705322,
        2.406606912612915,
        2.3944969177246094,
        2.4029924869537354,
        2.4083828926086426,
        2.4019217491149902,
        2.392922878265381,
        2.4261958599090576,
        2.3892621994018555,
        2.4104292392730713,
        2.398996353149414,
        2.3965816497802734,
        2.4065139293670654,
        2.3998637199401855,
        2.418893814086914,
        2.407288074493408,
        2.4209961891174316,
        2.382755994796753,
        2.412515640258789,
        2.414041042327881,
        2.4037177562713623,
        2.3994014263153076,
        2.399275779724121,
        2.4115121364593506,
        2.3849639892578125,
        2.401700973510742,
        2.4216415882110596,
        2.4197962284088135,
        2.421639919281006,
        2.3953402042388916,
        2.4192957878112793,
        2.3957056999206543,
        2.4125242233276367,
        2.402965545654297,
        2.3919949531555176,
        2.4138498306274414,
        2.3969805240631104,
        2.406856060028076,
        2.4238157272338867,
        2.4114577770233154,
        2.417023181915283,
        2.4069371223449707,
        2.403517246246338,
        2.412504196166992,
        2.404402494430542,
        2.40622615814209,
        2.3915932178497314,
        2.409600019454956,
        2.4027247428894043,
        2.4141345024108887,
        2.4353768825531006,
        2.4060850143432617,
        2.397763967514038,
        2.396214485168457,
        2.4069454669952393,
        2.4208247661590576,
        2.4069581031799316,
        2.4108633995056152,
        2.409705638885498,
        2.391634941101074,
        2.3873984813690186,
        2.4045581817626953,
        2.4059793949127197,
        2.4014732837677,
