{
    "stu_train_loss": [
        1.9361205101013184,
        1.9558436870574951,
        1.9477436542510986,
        1.9404550790786743,
        1.937434434890747,
        1.9612797498703003
    ],
    "stu_test_loss": [
        2.0870983600616455,
        2.0836613178253174,
        2.0700247287750244,
        2.182488441467285,
        2.0557265281677246,
        2.0188307762145996,
        2.115985631942749,
        2.046983242034912,
        2.080559253692627,
        2.0742390155792236,
        2.0980007648468018,
        2.046787977218628,
        2.0487558841705322,
        2.156055212020874,
        2.119704008102417,
        1.9977258443832397,
        2.0661370754241943,
        2.0320005416870117,
        2.100858449935913,
        2.070988416671753,
        2.0425758361816406,
        2.097792148590088,
        2.0776262283325195,
        2.087717056274414,
        2.1453816890716553,
        2.1208512783050537,
        2.0935282707214355,
        2.065563440322876,
        2.1426479816436768,
        2.14593243598938,
        2.0283384323120117,
        2.038729667663574,
        2.159475326538086,
        2.006519317626953,
        2.0364818572998047,
        2.1007697582244873,
        2.052382469177246,
        2.0727694034576416,
        2.0727169513702393,
        2.1201815605163574,
        2.0647523403167725,
        2.0806121826171875,
        2.0431900024414062,
        2.0917959213256836,
        2.0075149536132812,
        2.098433017730713,
        2.0853283405303955,
        2.154512643814087,
        2.0613083839416504,
        2.1155753135681152,
        2.149294137954712,
        2.017078161239624,
        2.029515504837036,
        2.07499623298645,
        2.006009578704834,
        2.1455280780792236,
        2.107780933380127,
        2.0564050674438477,
        2.1078543663024902,
        2.0713603496551514,
        2.116304874420166,
        2.1893227100372314,
        2.0530543327331543,
        2.0124683380126953,
        2.0571651458740234,
        2.1228339672088623,
        2.0574092864990234,
        2.08455228805542,
        2.0246965885162354,
        2.125401258468628,
        2.0681872367858887,
        2.0487570762634277,
        2.1615750789642334,
        2.1241536140441895,
        2.0319602489471436,
        2.082815647125244,
        2.0428643226623535,
        2.078963279724121,
        2.079369068145752,
        2.1395137310028076,
        2.165842056274414,
        2.1131808757781982,
        2.182857036590576,
        2.1134893894195557,
        2.0835249423980713,
        2.0946383476257324,
        2.155106544494629,
        2.042069911956787,
        2.159320592880249,
        2.0824291706085205,
        2.078657865524292,
        2.014744281768799,
        2.129140853881836,
        2.1191108226776123,
        2.123870849609375,
        2.113032341003418,
        2.080019474029541,
        2.1504805088043213,
        1.912898302078247,
        2.0619113445281982,
        2.0921692848205566,
        2.092175245285034,
        2.045790672302246,
        2.173096179962158,
        2.172241449356079,
        2.0992658138275146,
        2.1415700912475586,
        2.0270962715148926,
        2.1073734760284424,
        2.039843797683716,
        2.0524489879608154,
        2.1044723987579346,
        2.0990421772003174,
        2.1225457191467285,
        2.1185553073883057,
        2.0162572860717773,
        2.1330673694610596,
        2.1120457649230957,
        2.1012022495269775,
        2.044675827026367,
        1.9956313371658325,
        2.113572835922241,
        2.083977699279785,
        2.001514434814453,
        2.045910596847534,
        2.1257224082946777,
        2.224764347076416,
        2.0674288272857666,
        2.125247001647949,
        2.06254506111145,
        2.093012809753418,
        2.073857069015503,
        2.045170545578003,
        2.065636157989502,
        2.0855801105499268,
        1.9841463565826416,
        2.047762870788574,
        2.0998151302337646,
        2.11527156829834,
        2.029189348220825,
        2.0953216552734375,
        2.0827128887176514,
        2.126232624053955,
        2.06564998626709,
        2.126291275024414,
        2.0856332778930664,
        2.086388349533081,
        1.955406665802002,
        2.1844401359558105,
        2.1260972023010254,
        2.076007127761841,
        2.082674741744995,
        2.0843865871429443,
        2.1080729961395264,
        1.9678846597671509,
        2.1045916080474854,
        2.1727685928344727,
        2.064152717590332,
        2.033235788345337,
        2.0659306049346924,
        2.0352981090545654,
        2.1226909160614014,
        2.177765369415283,
        2.1293785572052,
        2.136122465133667,
        2.0910496711730957,
        2.121497392654419,
        2.121427297592163,
        2.1335651874542236,
        1.9883278608322144,
        2.116093873977661,
        2.042839765548706,
        2.1432673931121826,
        2.1415786743164062,
        2.08540678024292,
        2.1391031742095947,
        2.1565089225769043,
        2.1364731788635254,
        2.1280124187469482,
        2.056558132171631,
        2.0568125247955322,
        2.080584764480591,
        2.230877637863159,
        2.0487351417541504,
        2.0956389904022217,
        2.1484365463256836,
        1.9587961435317993,
        2.118155002593994,
        2.0836546421051025,
        2.106663465499878,
        2.049607515335083,
        2.1007161140441895,
        2.2004153728485107,
        2.0540316104888916,
        2.1604340076446533,
        2.1244277954101562,
        1.9758371114730835,
        2.152709722518921,
        2.1899681091308594,
        2.035747766494751,
        2.056440830230713,
        2.059518575668335,
        2.1451938152313232,
        2.1093270778656006,
        2.1163840293884277,
        2.0518906116485596,
        2.088425874710083,
        2.008195400238037,
        2.1035940647125244,
        2.153097629547119,
        2.0678584575653076,
        2.1630043983459473,
        1.9796754121780396,
        2.030280113220215,
        2.0776259899139404,
        2.184938430786133,
        2.1205203533172607,
        2.073784828186035,
        2.0722975730895996,
        2.0662078857421875,
        2.0614004135131836,
        2.0746684074401855,
        2.091737985610962,
        1.9768259525299072,
        2.086970806121826,
        2.205286979675293,
        2.033170223236084,
        2.0698177814483643,
        2.0635669231414795,
        2.1361515522003174,
        2.087695360183716,
        2.116030693054199,
        2.1045215129852295,
        2.0213332176208496,
        2.142646074295044,
        2.0164074897766113,
        2.1074962615966797,
        2.034926652908325,
        2.104421615600586,
        2.0784289836883545,
        1.9900014400482178,
        2.0912656784057617,
        2.0293521881103516,
        2.0924322605133057,
        2.1120095252990723,
        2.091261863708496,
        2.0526771545410156,
        2.0918736457824707,
        2.182206153869629,
        2.0521817207336426,
        2.112344741821289,
        2.018085241317749,
        2.0544984340667725,
        2.1164751052856445,
        2.020238161087036,
        2.035710334777832,
        2.083939790725708,
        2.0897934436798096,
        2.052112102508545,
        2.06001353263855,
        2.0622692108154297,
        2.1127829551696777,
        2.051631212234497,
        2.1072349548339844,
        2.1530847549438477,
        2.0948939323425293,
        2.103900671005249,
        2.1232821941375732,
        2.1450061798095703,
        2.0979628562927246,
        2.1213057041168213,
        2.0457913875579834,
        2.0832369327545166,
        2.1419992446899414,
        2.0514438152313232,
        2.111239194869995,
        2.096883773803711,
        2.017162799835205,
        2.018543243408203,
        2.158220052719116,
        2.060544013977051,
        2.074735164642334,
