{
    "stu_train_loss": [
        2.0002665519714355,
        2.0089800357818604,
        1.9798389673233032,
        2.005894422531128,
        1.9798740148544312,
        1.967336654663086
    ],
    "stu_test_loss": [
        2.1383233070373535,
        2.1153371334075928,
        2.107689142227173,
        2.2008607387542725,
        2.100511074066162,
        2.066697359085083,
        2.161834955215454,
        2.0715787410736084,
        2.114123821258545,
        2.111133575439453,
        2.116305351257324,
        2.096001625061035,
        2.1077158451080322,
        2.179932117462158,
        2.162616014480591,
        2.0497488975524902,
        2.1010074615478516,
        2.0823397636413574,
        2.150064706802368,
        2.1262404918670654,
        2.09570574760437,
        2.14615797996521,
        2.12140154838562,
        2.1289052963256836,
        2.166767120361328,
        2.1438214778900146,
        2.143336296081543,
        2.112863779067993,
        2.1890709400177,
        2.166325330734253,
        2.066236972808838,
        2.091553211212158,
        2.1983442306518555,
        2.0638790130615234,
        2.09317684173584,
        2.135939359664917,
        2.11372447013855,
        2.110727548599243,
        2.122073173522949,
        2.147510051727295,
        2.097715377807617,
        2.1319057941436768,
        2.1082184314727783,
        2.132395029067993,
        2.081841230392456,
        2.113739490509033,
        2.1293694972991943,
        2.1828665733337402,
        2.109776020050049,
        2.1451008319854736,
        2.1601266860961914,
        2.080841541290283,
        2.0599703788757324,
        2.1252613067626953,
        2.070913553237915,
        2.173471450805664,
        2.1278233528137207,
        2.093686103820801,
        2.1455459594726562,
        2.1003334522247314,
        2.1471846103668213,
        2.2178192138671875,
        2.0965521335601807,
        2.0504701137542725,
        2.105879306793213,
        2.1675913333892822,
        2.11519193649292,
        2.122044563293457,
        2.069762945175171,
        2.1699204444885254,
        2.1094141006469727,
        2.092183828353882,
        2.19828724861145,
        2.1551015377044678,
        2.070136308670044,
        2.1107943058013916,
        2.0751218795776367,
        2.130403757095337,
        2.1340651512145996,
        2.1755425930023193,
        2.2016196250915527,
        2.1506941318511963,
        2.2196998596191406,
        2.161914587020874,
        2.1102781295776367,
        2.1449620723724365,
        2.183959722518921,
        2.091534376144409,
        2.190481185913086,
        2.1386539936065674,
        2.1236572265625,
        2.077113151550293,
        2.1587915420532227,
        2.1315088272094727,
        2.1641368865966797,
        2.149188995361328,
        2.122258424758911,
        2.192638397216797,
        1.984617829322815,
        2.097184658050537,
        2.143265962600708,
        2.123915672302246,
        2.0926785469055176,
        2.199693202972412,
        2.1928629875183105,
        2.1442067623138428,
        2.1676981449127197,
        2.0740714073181152,
        2.1495790481567383,
        2.0888967514038086,
        2.102548837661743,
        2.140538454055786,
        2.135889768600464,
        2.1769583225250244,
        2.1790523529052734,
        2.0715723037719727,
        2.1823315620422363,
        2.161639451980591,
        2.1361336708068848,
        2.1026358604431152,
        2.04596209526062,
        2.154611349105835,
        2.1159462928771973,
        2.0320143699645996,
        2.086371898651123,
        2.1804258823394775,
        2.2336995601654053,
        2.1130332946777344,
        2.175809144973755,
        2.1188395023345947,
        2.1415300369262695,
        2.1387200355529785,
        2.1022605895996094,
        2.111321210861206,
        2.1270592212677,
        2.0319175720214844,
        2.0980069637298584,
        2.134366512298584,
        2.152811288833618,
        2.0832555294036865,
        2.1415231227874756,
        2.120924234390259,
        2.1534202098846436,
        2.1137216091156006,
        2.1668541431427,
        2.1282296180725098,
        2.120574951171875,
        2.0177667140960693,
        2.2187647819519043,
        2.1852893829345703,
        2.1218667030334473,
        2.117044687271118,
        2.1272878646850586,
        2.162649631500244,
        2.02864933013916,
        2.150625467300415,
        2.2076072692871094,
        2.117753028869629,
        2.083974599838257,
        2.106797218322754,
        2.0886523723602295,
        2.1388325691223145,
        2.2125320434570312,
        2.1670773029327393,
        2.1856303215026855,
        2.125091314315796,
        2.1490702629089355,
        2.1523289680480957,
        2.1539316177368164,
        2.0507311820983887,
        2.1590867042541504,
        2.111072063446045,
        2.174882411956787,
        2.1621124744415283,
        2.117778778076172,
        2.1893982887268066,
        2.1844418048858643,
        2.1824891567230225,
        2.162127733230591,
        2.0923550128936768,
        2.0997090339660645,
        2.1158061027526855,
        2.250044107437134,
        2.0934810638427734,
        2.1256346702575684,
        2.1498515605926514,
        1.9913221597671509,
        2.1617119312286377,
        2.130215644836426,
        2.147472858428955,
        2.085688829421997,
        2.138690948486328,
        2.2374958992004395,
        2.1039929389953613,
        2.2036147117614746,
        2.1562328338623047,
        2.0297629833221436,
        2.192884922027588,
        2.2169244289398193,
        2.0857224464416504,
        2.1110146045684814,
        2.11423921585083,
        2.190603733062744,
        2.148296356201172,
        2.1578850746154785,
        2.0911784172058105,
        2.1359963417053223,
        2.064828395843506,
        2.1661829948425293,
        2.189237117767334,
        2.1288340091705322,
        2.2034101486206055,
        2.032034397125244,
        2.075377941131592,
        2.113565683364868,
        2.2140097618103027,
        2.148521900177002,
        2.118164300918579,
        2.113089084625244,
        2.1209871768951416,
        2.11074161529541,
        2.1115562915802,
        2.1347806453704834,
        2.0263590812683105,
        2.1408867835998535,
        2.243162155151367,
        2.10202693939209,
        2.1261701583862305,
        2.0967206954956055,
        2.172213554382324,
        2.1307313442230225,
        2.1505603790283203,
        2.152182102203369,
        2.0908730030059814,
        2.183286190032959,
        2.06135630607605,
        2.154895305633545,
        2.087646007537842,
        2.143479347229004,
        2.124269485473633,
        2.0479354858398438,
        2.125135660171509,
        2.0751965045928955,
        2.131166934967041,
        2.151911497116089,
        2.1348443031311035,
        2.0983028411865234,
        2.1335043907165527,
        2.2218666076660156,
        2.1015493869781494,
        2.154844045639038,
        2.0589654445648193,
        2.0952019691467285,
        2.1650021076202393,
        2.082836389541626,
        2.0825231075286865,
        2.136582374572754,
        2.1202688217163086,
        2.0986411571502686,
        2.1008431911468506,
        2.1176929473876953,
        2.1553056240081787,
        2.0836021900177,
        2.148002862930298,
        2.1914849281311035,
        2.130779981613159,
        2.1307713985443115,
        2.1586525440216064,
        2.1785459518432617,
        2.1418771743774414,
        2.1598920822143555,
        2.088134288787842,
        2.135819673538208,
        2.1757237911224365,
        2.0933525562286377,
        2.1460678577423096,
        2.126999855041504,
        2.07487154006958,
        2.0725038051605225,
        2.1867709159851074,
        2.089409828186035,
        2.14909291267395,
        2.160910129547119,
