{
    "stu_train_loss": [
        2.120182514190674,
        2.120060920715332,
        2.128537178039551,
        2.125408887863159,
        2.1156065464019775,
        2.1183016300201416
    ],
    "stu_test_loss": [
        2.2492473125457764,
        2.2394702434539795,
        2.2442028522491455,
        2.305344581604004,
        2.238837957382202,
        2.228325366973877,
        2.268239736557007,
        2.214500904083252,
        2.2424917221069336,
        2.233774185180664,
        2.2407338619232178,
        2.2255096435546875,
        2.2418086528778076,
        2.273493766784668,
        2.265925407409668,
        2.194429874420166,
        2.236107110977173,
        2.2189226150512695,
        2.2708377838134766,
        2.2393970489501953,
        2.225515842437744,
        2.26047420501709,
        2.248318910598755,
        2.2489709854125977,
        2.265373706817627,
        2.26062273979187,
        2.2537243366241455,
        2.2547011375427246,
        2.2714521884918213,
        2.2834198474884033,
        2.218111038208008,
        2.2470436096191406,
        2.295325756072998,
        2.225691556930542,
        2.2337236404418945,
        2.24790096282959,
        2.241565227508545,
        2.252429962158203,
        2.2571399211883545,
        2.263068437576294,
        2.234539031982422,
        2.242525815963745,
        2.228118896484375,
        2.2320809364318848,
        2.212503671646118,
        2.237419843673706,
        2.2641167640686035,
        2.2861573696136475,
        2.22269868850708,
        2.2558765411376953,
        2.2732625007629395,
        2.2056868076324463,
        2.2121667861938477,
        2.254593849182129,
        2.229555130004883,
        2.2942099571228027,
        2.2606148719787598,
        2.2045929431915283,
        2.272345542907715,
        2.2239348888397217,
        2.27329683303833,
        2.2868964672088623,
        2.231337785720825,
        2.215329885482788,
        2.2497918605804443,
        2.2691917419433594,
        2.238158941268921,
        2.2478787899017334,
        2.205547332763672,
        2.270886182785034,
        2.2473790645599365,
        2.234233856201172,
        2.2959816455841064,
        2.287045478820801,
        2.2219409942626953,
        2.2438478469848633,
        2.2272934913635254,
        2.2560431957244873,
        2.2532360553741455,
        2.2821786403656006,
        2.2879745960235596,
        2.2512547969818115,
        2.3095507621765137,
        2.2846667766571045,
        2.2550134658813477,
        2.275540590286255,
        2.2849225997924805,
        2.2250306606292725,
        2.2955503463745117,
        2.236403465270996,
        2.253369092941284,
        2.234133720397949,
        2.2576775550842285,
        2.2640445232391357,
        2.287036418914795,
        2.2706639766693115,
        2.23962140083313,
        2.2962872982025146,
        2.1563572883605957,
        2.23941969871521,
        2.254753828048706,
        2.2452898025512695,
        2.214210271835327,
        2.2829294204711914,
        2.2760350704193115,
        2.268353223800659,
        2.2834627628326416,
        2.209674835205078,
        2.2589313983917236,
        2.2326414585113525,
        2.236018657684326,
        2.2401366233825684,
        2.257922649383545,
        2.279754400253296,
        2.275409698486328,
        2.2188029289245605,
        2.272322177886963,
        2.2658607959747314,
        2.258694648742676,
        2.24422550201416,
        2.2020559310913086,
        2.251638650894165,
        2.233189105987549,
        2.1956160068511963,
        2.2165727615356445,
        2.288362979888916,
        2.3098666667938232,
        2.2426486015319824,
        2.285362720489502,
        2.2513976097106934,
        2.253321409225464,
        2.2528607845306396,
        2.232557773590088,
        2.2449145317077637,
        2.2439517974853516,
        2.2031409740448,
        2.231843948364258,
        2.2632148265838623,
        2.261671781539917,
        2.227454900741577,
        2.2719247341156006,
        2.256934642791748,
        2.2722327709198,
        2.2391037940979004,
        2.2663381099700928,
        2.256357431411743,
        2.240293264389038,
        2.1824095249176025,
        2.3068156242370605,
        2.2810258865356445,
        2.252781391143799,
        2.2507472038269043,
        2.257847547531128,
        2.2775614261627197,
        2.179598808288574,
        2.2582969665527344,
        2.2866063117980957,
        2.2357959747314453,
        2.21793794631958,
        2.240107774734497,
        2.2022817134857178,
        2.2685742378234863,
        2.3071930408477783,
        2.28698992729187,
        2.288278102874756,
        2.2379798889160156,
        2.264983892440796,
        2.2635905742645264,
        2.271141529083252,
        2.194761276245117,
        2.268096446990967,
        2.2407798767089844,
        2.2570137977600098,
        2.265244483947754,
        2.2490663528442383,
        2.2954025268554688,
        2.285234212875366,
        2.2770204544067383,
        2.280792236328125,
        2.2455222606658936,
        2.226546287536621,
        2.2486002445220947,
        2.328094959259033,
        2.2027790546417236,
        2.245330810546875,
        2.2643959522247314,
        2.166759729385376,
        2.263226270675659,
        2.241706371307373,
        2.2550160884857178,
        2.224973440170288,
        2.2642128467559814,
        2.302429676055908,
        2.2211737632751465,
        2.2902824878692627,
        2.259665012359619,
        2.189276933670044,
        2.2675576210021973,
        2.3111448287963867,
        2.228055953979492,
        2.2540817260742188,
        2.2488510608673096,
        2.2930715084075928,
        2.2513349056243896,
        2.273951768875122,
        2.222999095916748,
        2.257122039794922,
        2.2024898529052734,
        2.2560393810272217,
        2.307307004928589,
        2.2615749835968018,
        2.294644832611084,
        2.1848831176757812,
        2.23620867729187,
        2.2534029483795166,
        2.3027498722076416,
        2.2873265743255615,
        2.243591547012329,
        2.2469077110290527,
        2.226170778274536,
        2.2308497428894043,
        2.2302515506744385,
        2.247075080871582,
        2.20373797416687,
        2.244344472885132,
        2.3208818435668945,
        2.238248109817505,
        2.2507376670837402,
        2.232367992401123,
        2.2690722942352295,
        2.238633155822754,
        2.271894693374634,
        2.26991605758667,
        2.2211031913757324,
        2.275425910949707,
        2.2046585083007812,
        2.2864668369293213,
        2.223552703857422,
        2.2589550018310547,
        2.248833417892456,
        2.2020347118377686,
        2.243527412414551,
        2.207676887512207,
        2.2436747550964355,
        2.2693140506744385,
        2.262066125869751,
        2.242959499359131,
        2.264064073562622,
        2.3053979873657227,
        2.227816343307495,
        2.250396728515625,
        2.2071173191070557,
        2.230576753616333,
        2.275958776473999,
        2.210874557495117,
        2.2208750247955322,
        2.274970769882202,
        2.2603888511657715,
        2.231013774871826,
        2.261594533920288,
        2.2263131141662598,
        2.2687125205993652,
        2.2348108291625977,
        2.2727859020233154,
        2.277449369430542,
        2.249694585800171,
        2.257378101348877,
        2.279805898666382,
        2.3057591915130615,
        2.2501306533813477,
        2.2602736949920654,
        2.2206830978393555,
        2.257284641265869,
        2.28924298286438,
        2.2284817695617676,
        2.2584147453308105,
        2.251262664794922,
        2.228134870529175,
        2.221242666244507,
        2.2680246829986572,
        2.224602699279785,
        2.247302532196045,
        2.270847797393799,
