{
    "stu_train_loss": [
        1.9189140796661377,
        1.9017761945724487,
        1.8762987852096558,
        1.9254378080368042,
        1.9087002277374268,
        1.8723909854888916
    ],
    "stu_test_loss": [
        2.063366174697876,
        2.032886028289795,
        2.0156009197235107,
        2.1196134090423584,
        2.0136489868164062,
        1.980031132698059,
        2.08976149559021,
        1.9830098152160645,
        2.029550790786743,
        2.0336461067199707,
        2.0590124130249023,
        1.9853039979934692,
        2.0115087032318115,
        2.123210906982422,
        2.0943825244903564,
        1.9463871717453003,
        2.045344591140747,
        1.9810960292816162,
        2.0635263919830322,
        2.044799327850342,
        1.9967952966690063,
        2.071755886077881,
        2.0193769931793213,
        2.0469887256622314,
        2.109004259109497,
        2.0756735801696777,
        2.0637989044189453,
        2.025782823562622,
        2.1151888370513916,
        2.0864360332489014,
        1.967042088508606,
        1.987658977508545,
        2.1253697872161865,
        1.9576404094696045,
        1.9933266639709473,
        2.0693259239196777,
        1.99600088596344,
        2.030461311340332,
        2.040940284729004,
        2.0475234985351562,
        2.027479648590088,
        2.0280838012695312,
        1.9997398853302002,
        2.0532877445220947,
        1.9603451490402222,
        2.028082847595215,
        2.040286064147949,
        2.1218912601470947,
        2.0276131629943848,
        2.0859620571136475,
        2.1039578914642334,
        1.9798537492752075,
        1.9918689727783203,
        2.042208433151245,
        1.9566620588302612,
        2.0930635929107666,
        2.0691866874694824,
        2.0190203189849854,
        2.089085340499878,
        2.029788017272949,
        2.068061351776123,
        2.1549997329711914,
        1.998589277267456,
        1.9641770124435425,
        1.991278052330017,
        2.0664777755737305,
        2.0035998821258545,
        2.0252037048339844,
        1.9642865657806396,
        2.1114346981048584,
        2.0289103984832764,
        1.9918856620788574,
        2.116769552230835,
        2.073563814163208,
        1.9759223461151123,
        2.0301713943481445,
        1.9928549528121948,
        2.0271823406219482,
        2.053593635559082,
        2.1057419776916504,
        2.1298656463623047,
        2.056144952774048,
        2.15425705909729,
        2.078949213027954,
        2.042562246322632,
        2.0633444786071777,
        2.1152634620666504,
        2.002552032470703,
        2.1367695331573486,
        2.059100866317749,
        2.044013261795044,
        1.974622368812561,
        2.120372772216797,
        2.056204319000244,
        2.080228805541992,
        2.0618605613708496,
        2.0374526977539062,
        2.0998919010162354,
        1.8508696556091309,
        2.0007755756378174,
        2.052318572998047,
        2.054028272628784,
        1.9974093437194824,
        2.158914089202881,
        2.1490585803985596,
        2.0385167598724365,
        2.094785451889038,
        1.9712146520614624,
        2.072053909301758,
        1.9955883026123047,
        2.003389596939087,
        2.071202039718628,
        2.0697295665740967,
        2.0873920917510986,
        2.065300941467285,
        1.9906939268112183,
        2.106173276901245,
        2.0820460319519043,
        2.0719549655914307,
        1.9944859743118286,
        1.9502229690551758,
        2.093984365463257,
        2.0469987392425537,
        1.9530222415924072,
        1.9922211170196533,
        2.0810959339141846,
        2.1901695728302,
        2.0270047187805176,
        2.0781900882720947,
        2.036789655685425,
        2.0575168132781982,
        2.0363895893096924,
        2.014126777648926,
        2.0062484741210938,
        2.03989315032959,
        1.935229778289795,
        2.0089871883392334,
        2.068229913711548,
        2.0845470428466797,
        1.984851360321045,
        2.0635061264038086,
        2.033637285232544,
        2.0882983207702637,
        2.026024580001831,
        2.098724603652954,
        2.0343403816223145,
        2.0708515644073486,
        1.9156794548034668,
        2.151632785797119,
        2.120500326156616,
        2.02901029586792,
        2.0392656326293945,
        2.0435523986816406,
        2.085345506668091,
        1.9058990478515625,
        2.046172618865967,
        2.144104242324829,
        2.0267951488494873,
        1.9893134832382202,
        2.009272336959839,
        1.9962234497070312,
        2.0925843715667725,
        2.161729335784912,
        2.0889344215393066,
        2.1019091606140137,
        2.0345520973205566,
        2.088686943054199,
        2.0860378742218018,
        2.0912230014801025,
        1.9342235326766968,
        2.0825891494750977,
        2.0032312870025635,
        2.10992693901062,
        2.0929501056671143,
        2.0448122024536133,
        2.1037306785583496,
        2.120241641998291,
        2.1183760166168213,
        2.0842180252075195,
        2.007387399673462,
        2.011871099472046,
        2.0331242084503174,
        2.2324676513671875,
        2.0116524696350098,
        2.0465247631073,
        2.0888147354125977,
        1.8943488597869873,
        2.056978225708008,
        2.054762840270996,
        2.0428102016448975,
        1.9727057218551636,
        2.052949905395508,
        2.197096347808838,
        2.0034496784210205,
        2.1321864128112793,
        2.1033520698547363,
        1.9267425537109375,
        2.1149063110351562,
        2.162639856338501,
        1.9982190132141113,
        2.002181053161621,
        2.01598858833313,
        2.1211161613464355,
        2.099027156829834,
        2.06978702545166,
        1.9971660375595093,
        2.044835329055786,
        1.961793065071106,
        2.087841272354126,
        2.1164379119873047,
        2.037543773651123,
        2.1382904052734375,
        1.9211395978927612,
        1.9707428216934204,
        2.009955883026123,
        2.1510958671569824,
        2.0760345458984375,
        2.014737367630005,
        2.035984754562378,
        2.0314981937408447,
        2.0476033687591553,
        2.0311167240142822,
        2.047506332397461,
        1.9242956638336182,
        2.036968231201172,
        2.180340528488159,
        2.0147922039031982,
        2.0300230979919434,
        2.022352695465088,
        2.1049351692199707,
        2.0574469566345215,
        2.0600948333740234,
        2.062716484069824,
        1.9726907014846802,
        2.103577136993408,
        1.9615468978881836,
        2.062577247619629,
        1.9943102598190308,
        2.0664000511169434,
        2.026419162750244,
        1.9571341276168823,
        2.036648988723755,
        1.9941165447235107,
        2.0450756549835205,
        2.073399543762207,
        2.0639095306396484,
        2.0054893493652344,
        2.0552892684936523,
        2.1626036167144775,
        2.009290933609009,
        2.0680627822875977,
        1.9659801721572876,
        2.007685899734497,
        2.0860254764556885,
        1.9675785303115845,
        1.9755007028579712,
        2.0322062969207764,
        2.040691614151001,
        1.994002342224121,
        2.008157730102539,
        2.022686004638672,
        2.0926673412323,
        1.9962105751037598,
        2.0508148670196533,
        2.1228108406066895,
        2.037368059158325,
        2.051513195037842,
        2.0880825519561768,
        2.098679780960083,
        2.059335231781006,
        2.08768892288208,
        1.972501516342163,
        2.046712636947632,
        2.0814671516418457,
        2.018496513366699,
        2.088383913040161,
        2.057835340499878,
        1.9465652704238892,
        1.9684581756591797,
        2.1184754371643066,
        1.9845502376556396,
        2.036649227142334,
