{
    "stu_train_loss": [
        2.278674840927124,
        2.2728846073150635,
        2.275753974914551,
        2.27470064163208,
        2.2688770294189453,
        2.277261257171631
    ],
    "stu_test_loss": [
        2.388838052749634,
        2.387071132659912,
        2.3804256916046143,
        2.4118340015411377,
        2.379767656326294,
        2.3745481967926025,
        2.392962694168091,
        2.3767249584198,
        2.402040719985962,
        2.4007604122161865,
        2.3925704956054688,
        2.370549201965332,
        2.389373779296875,
        2.3924906253814697,
        2.3827590942382812,
        2.3520429134368896,
        2.382939338684082,
        2.377352476119995,
        2.388235330581665,
        2.3814170360565186,
        2.386920690536499,
        2.3901209831237793,
        2.373431921005249,
        2.3887999057769775,
        2.3897690773010254,
        2.383894920349121,
        2.389892101287842,
        2.396430015563965,
        2.391517400741577,
        2.39941668510437,
        2.389246702194214,
        2.408900260925293,
        2.4206039905548096,
        2.3969311714172363,
        2.3895630836486816,
        2.392991542816162,
        2.399038553237915,
        2.3885304927825928,
        2.39011287689209,
        2.3957409858703613,
        2.3807647228240967,
        2.378941774368286,
        2.3724770545959473,
        2.3885579109191895,
        2.3941478729248047,
        2.3923685550689697,
        2.3894846439361572,
        2.394904136657715,
        2.3673532009124756,
        2.396590232849121,
        2.3910140991210938,
        2.3720901012420654,
        2.3735158443450928,
        2.3939859867095947,
        2.3806416988372803,
        2.408635377883911,
        2.391948699951172,
        2.372053623199463,
        2.3875229358673096,
        2.3797123432159424,
        2.391496181488037,
        2.4009623527526855,
        2.379655361175537,
        2.3763175010681152,
        2.3715789318084717,
        2.4053614139556885,
        2.3954086303710938,
        2.37587308883667,
        2.3715882301330566,
        2.372720718383789,
        2.395353078842163,
        2.3932926654815674,
        2.3891501426696777,
        2.3914525508880615,
        2.3933262825012207,
        2.3854711055755615,
        2.3904638290405273,
        2.3901009559631348,
        2.3872313499450684,
        2.394399642944336,
        2.386509895324707,
        2.3802223205566406,
        2.4046084880828857,
        2.390814781188965,
        2.3850510120391846,
        2.4049336910247803,
        2.386484146118164,
        2.381047010421753,
        2.400973081588745,
        2.3760199546813965,
        2.3933730125427246,
        2.383774518966675,
        2.388009548187256,
        2.3836967945098877,
        2.3968050479888916,
        2.38706111907959,
        2.3963003158569336,
        2.392948627471924,
        2.366591691970825,
        2.381324291229248,
        2.390907049179077,
        2.3801491260528564,
        2.356663703918457,
        2.3902902603149414,
        2.387786865234375,
        2.3941454887390137,
        2.3855230808258057,
        2.378220796585083,
        2.385605812072754,
        2.39141583442688,
        2.3881995677948,
        2.3900887966156006,
        2.398125171661377,
        2.3955061435699463,
        2.390713691711426,
        2.3730034828186035,
        2.3882298469543457,
        2.388530731201172,
        2.381586790084839,
        2.3816192150115967,
        2.3748860359191895,
        2.387131452560425,
        2.3809196949005127,
        2.3760480880737305,
        2.3769309520721436,
        2.3971917629241943,
        2.404567241668701,
        2.3761813640594482,
        2.3904736042022705,
        2.390523672103882,
        2.394582986831665,
        2.4012820720672607,
        2.3795995712280273,
        2.3917953968048096,
        2.388200044631958,
        2.372642755508423,
        2.393427848815918,
        2.3913724422454834,
        2.3989346027374268,
        2.3763933181762695,
        2.3976857662200928,
        2.382122039794922,
        2.3883121013641357,
        2.375974655151367,
        2.3928236961364746,
        2.3838114738464355,
        2.3746049404144287,
        2.371685743331909,
        2.4016828536987305,
        2.3840928077697754,
        2.3895888328552246,
        2.391401767730713,
        2.3950490951538086,
        2.401188373565674,
        2.377394199371338,
        2.3990728855133057,
        2.394819974899292,
        2.381199359893799,
        2.3848133087158203,
        2.386836528778076,
        2.380790948867798,
        2.3900513648986816,
        2.400193214416504,
        2.403390407562256,
        2.3980889320373535,
        2.3857007026672363,
        2.3827056884765625,
        2.386594533920288,
        2.398106098175049,
        2.379700183868408,
        2.3990471363067627,
        2.393881320953369,
        2.394448757171631,
        2.3805487155914307,
        2.3897135257720947,
        2.4006621837615967,
        2.3798561096191406,
        2.3898026943206787,
        2.403470039367676,
        2.3789350986480713,
        2.385195255279541,
        2.3905606269836426,
        2.408802032470703,
        2.375227451324463,
        2.3873860836029053,
        2.3898439407348633,
        2.3551173210144043,
        2.3841443061828613,
        2.374451160430908,
        2.3790948390960693,
        2.375659227371216,
        2.386868476867676,
        2.3845152854919434,
        2.3835673332214355,
        2.389657974243164,
        2.3787992000579834,
        2.3934030532836914,
        2.3918282985687256,
        2.405167579650879,
        2.3909759521484375,
        2.3883512020111084,
        2.3905720710754395,
        2.40344500541687,
        2.370797872543335,
        2.3917834758758545,
        2.387413263320923,
        2.3840901851654053,
        2.37127685546875,
        2.3842146396636963,
        2.4029159545898438,
        2.398183822631836,
        2.4029290676116943,
        2.3707435131073,
        2.394289493560791,
        2.3805766105651855,
        2.4080703258514404,
        2.38604474067688,
        2.3805813789367676,
        2.3918981552124023,
        2.3846848011016846,
        2.371415138244629,
        2.3802812099456787,
        2.3857202529907227,
        2.3842668533325195,
        2.3796236515045166,
        2.409342050552368,
        2.3760311603546143,
        2.395214080810547,
        2.368752956390381,
        2.381575107574463,
        2.382042407989502,
        2.392693042755127,
        2.4046213626861572,
        2.3803205490112305,
        2.397484302520752,
        2.3679165840148926,
        2.4022862911224365,
        2.3903987407684326,
        2.3886964321136475,
        2.365199565887451,
        2.3779730796813965,
        2.3917500972747803,
        2.3646862506866455,
        2.393080234527588,
        2.4065117835998535,
        2.3960890769958496,
        2.3950226306915283,
        2.3810644149780273,
        2.406919240951538,
        2.3804991245269775,
        2.399909734725952,
        2.3824715614318848,
        2.361863613128662,
        2.401146411895752,
        2.387601613998413,
        2.388146162033081,
        2.406453847885132,
        2.3978676795959473,
        2.3985629081726074,
        2.3919076919555664,
        2.369943618774414,
        2.3887088298797607,
        2.384965658187866,
        2.384885311126709,
        2.3834214210510254,
        2.3952748775482178,
        2.3839290142059326,
        2.4011666774749756,
        2.4172964096069336,
        2.3791799545288086,
        2.3812003135681152,
        2.382181167602539,
        2.382113218307495,
        2.410100221633911,
        2.3817458152770996,
        2.393028736114502,
        2.386641025543213,
        2.3857483863830566,
        2.3692986965179443,
        2.3859174251556396,
        2.3788888454437256,
        2.382190227508545,
