{
    "stu_train_loss": [
        2.249321937561035,
        2.2448832988739014,
        2.2472500801086426,
        2.247889280319214,
        2.2433695793151855,
        2.2496471405029297
    ],
    "stu_test_loss": [
        2.3639228343963623,
        2.3584096431732178,
        2.3661282062530518,
        2.389613389968872,
        2.3485043048858643,
        2.353991746902466,
        2.3653883934020996,
        2.349695920944214,
        2.376586675643921,
        2.3654041290283203,
        2.37174129486084,
        2.3473777770996094,
        2.3693783283233643,
        2.367391586303711,
        2.3591501712799072,
        2.3342041969299316,
        2.366950511932373,
        2.3487327098846436,
        2.380951404571533,
        2.362344980239868,
        2.3520305156707764,
        2.36811900138855,
        2.357605457305908,
        2.3660888671875,
        2.370126247406006,
        2.363337516784668,
        2.360340118408203,
        2.3713455200195312,
        2.379704713821411,
        2.37701153755188,
        2.3585000038146973,
        2.3833632469177246,
        2.3949544429779053,
        2.3642122745513916,
        2.3582680225372314,
        2.3692290782928467,
        2.3721237182617188,
        2.369333267211914,
        2.3775558471679688,
        2.377593755722046,
        2.348637580871582,
        2.3624207973480225,
        2.3569300174713135,
        2.3675379753112793,
        2.3534820079803467,
        2.365931987762451,
        2.3763208389282227,
        2.3736531734466553,
        2.3378336429595947,
        2.3725569248199463,
        2.3631482124328613,
        2.344574451446533,
        2.3468263149261475,
        2.365931510925293,
        2.3541932106018066,
        2.386533260345459,
        2.372105598449707,
        2.344860792160034,
        2.374752998352051,
        2.3523404598236084,
        2.3754711151123047,
        2.378995656967163,
        2.3596408367156982,
        2.353712558746338,
        2.3624494075775146,
        2.3730576038360596,
        2.370866537094116,
        2.345428943634033,
        2.3411314487457275,
        2.3582468032836914,
        2.372972249984741,
        2.3620734214782715,
        2.3784451484680176,
        2.366940498352051,
        2.3653175830841064,
        2.353954553604126,
        2.356738805770874,
        2.3563249111175537,
        2.361417531967163,
        2.3755860328674316,
        2.372371196746826,
        2.3668909072875977,
        2.3928797245025635,
        2.3674163818359375,
        2.3609917163848877,
        2.385251522064209,
        2.357750654220581,
        2.3510138988494873,
        2.3837814331054688,
        2.3578672409057617,
        2.365079164505005,
        2.3590211868286133,
        2.369380235671997,
        2.366147994995117,
        2.379951000213623,
        2.374004364013672,
        2.3660759925842285,
        2.3821702003479004,
        2.3475921154022217,
        2.3656063079833984,
        2.364143133163452,
        2.351560592651367,
        2.343876361846924,
        2.372898817062378,
        2.3700480461120605,
        2.379912853240967,
        2.369849443435669,
        2.341395854949951,
        2.361264705657959,
        2.358597755432129,
        2.356616735458374,
        2.3670568466186523,
        2.372605562210083,
        2.384040117263794,
        2.3782401084899902,
        2.3506851196289062,
        2.371922492980957,
        2.3610036373138428,
        2.3681654930114746,
        2.36525297164917,
        2.3447399139404297,
        2.358549118041992,
        2.3484785556793213,
        2.3417415618896484,
        2.3464548587799072,
        2.381730556488037,
        2.386384963989258,
        2.342341423034668,
        2.3744916915893555,
        2.3617563247680664,
        2.375223159790039,
        2.3816559314727783,
        2.3467307090759277,
        2.365628242492676,
        2.36297607421875,
        2.339834690093994,
        2.365267515182495,
        2.378994941711426,
        2.3748021125793457,
        2.3558361530303955,
        2.380049467086792,
        2.3592758178710938,
        2.3707377910614014,
        2.3452157974243164,
        2.3765196800231934,
        2.357792615890503,
        2.3647208213806152,
        2.3461532592773438,
        2.3925774097442627,
        2.3716022968292236,
        2.349231243133545,
        2.3712375164031982,
        2.3730673789978027,
        2.3880739212036133,
        2.350987195968628,
        2.376311779022217,
        2.37580943107605,
        2.352987051010132,
        2.352924346923828,
        2.3561697006225586,
        2.3530168533325195,
        2.366668462753296,
        2.3842389583587646,
        2.3819987773895264,
        2.381201982498169,
        2.350761651992798,
        2.361250638961792,
        2.3708457946777344,
        2.3791706562042236,
        2.3391740322113037,
        2.3677096366882324,
        2.363132953643799,
        2.3664801120758057,
        2.3501570224761963,
        2.362112283706665,
        2.3865973949432373,
        2.360095262527466,
        2.369166851043701,
        2.3861136436462402,
        2.356147289276123,
        2.343197822570801,
        2.3670852184295654,
        2.4035000801086426,
        2.3487839698791504,
        2.3586180210113525,
        2.3753771781921387,
        2.3120007514953613,
        2.3666770458221436,
        2.3537957668304443,
        2.3571279048919678,
        2.3474624156951904,
        2.374741792678833,
        2.3689236640930176,
        2.3648529052734375,
        2.370429754257202,
        2.355663776397705,
        2.355379819869995,
        2.366159200668335,
        2.3973336219787598,
        2.3600401878356934,
        2.371534824371338,
        2.3701443672180176,
        2.389124631881714,
        2.362154006958008,
        2.367109775543213,
        2.35977840423584,
        2.356815814971924,
        2.34104061126709,
        2.356222152709961,
        2.391700506210327,
        2.374417304992676,
        2.3962628841400146,
        2.340322732925415,
        2.3702874183654785,
        2.3563623428344727,
        2.386718511581421,
        2.373467445373535,
        2.3533332347869873,
        2.381862163543701,
        2.3598339557647705,
        2.349597454071045,
        2.341306209564209,
        2.359264850616455,
        2.3521881103515625,
        2.3570451736450195,
        2.3961191177368164,
        2.3440537452697754,
        2.3646388053894043,
        2.3487772941589355,
        2.3692686557769775,
        2.3516921997070312,
        2.3728058338165283,
        2.379761219024658,
        2.356106758117676,
        2.3736307621002197,
        2.346005916595459,
        2.382657766342163,
        2.355048179626465,
        2.356252670288086,
        2.3521695137023926,
        2.3494858741760254,
        2.3639626502990723,
        2.331146001815796,
        2.371171236038208,
        2.3832387924194336,
        2.369144916534424,
        2.369314193725586,
        2.352501153945923,
        2.3859798908233643,
        2.3503706455230713,
        2.3722527027130127,
        2.3436617851257324,
        2.3345439434051514,
        2.3760721683502197,
        2.3524010181427,
        2.364304304122925,
        2.390585422515869,
        2.3678998947143555,
        2.371690511703491,
        2.377622604370117,
        2.3482284545898438,
        2.359698534011841,
        2.3598215579986572,
        2.3630809783935547,
        2.3706295490264893,
        2.3616812229156494,
        2.370063066482544,
        2.386645555496216,
        2.401625871658325,
        2.3561878204345703,
        2.3646609783172607,
        2.346703052520752,
        2.366676092147827,
        2.3801040649414062,
        2.356888771057129,
        2.3684535026550293,
        2.3612351417541504,
        2.3542356491088867,
        2.3468430042266846,
        2.3765225410461426,
        2.3543477058410645,
        2.3606414794921875,
