{
    "stu_train_loss": [
        2.200418710708618,
        2.193995475769043,
        2.1871020793914795,
        2.1925902366638184,
        2.1944780349731445,
        2.197736978530884
    ],
    "stu_test_loss": [
        2.3116095066070557,
        2.3175182342529297,
        2.3184139728546143,
        2.355891227722168,
        2.3082404136657715,
        2.3039309978485107,
        2.329951047897339,
        2.288140296936035,
        2.327639579772949,
        2.3147106170654297,
        2.3306493759155273,
        2.2882885932922363,
        2.3132169246673584,
        2.331294059753418,
        2.3230981826782227,
        2.2713944911956787,
        2.3045990467071533,
        2.2976632118225098,
        2.3271734714508057,
        2.3200366497039795,
        2.295667886734009,
        2.319551944732666,
        2.3118529319763184,
        2.319072723388672,
        2.3273415565490723,
        2.3171472549438477,
        2.321589708328247,
        2.324214220046997,
        2.3365671634674072,
        2.3379287719726562,
        2.300793409347534,
        2.327824831008911,
        2.3490538597106934,
        2.3083646297454834,
        2.3083527088165283,
        2.3239383697509766,
        2.318352222442627,
        2.31768798828125,
        2.332029342651367,
        2.3361780643463135,
        2.297626256942749,
        2.308455228805542,
        2.312650680541992,
        2.3083980083465576,
        2.2950356006622314,
        2.3130741119384766,
        2.3319833278656006,
        2.343228340148926,
        2.2924938201904297,
        2.324507236480713,
        2.337794303894043,
        2.2865867614746094,
        2.287348747253418,
        2.3188438415527344,
        2.299316167831421,
        2.339369535446167,
        2.3269448280334473,
        2.2895219326019287,
        2.327392578125,
        2.297384023666382,
        2.3478808403015137,
        2.3441269397735596,
        2.2986814975738525,
        2.279508590698242,
        2.3148562908172607,
        2.331174373626709,
        2.3119587898254395,
        2.313070774078369,
        2.2851340770721436,
        2.31270432472229,
        2.3201210498809814,
        2.306065320968628,
        2.3467800617218018,
        2.330709218978882,
        2.3101961612701416,
        2.311821699142456,
        2.3064815998077393,
        2.3215949535369873,
        2.311048746109009,
        2.3326237201690674,
        2.3463096618652344,
        2.330638885498047,
        2.352073907852173,
        2.328145742416382,
        2.3211166858673096,
        2.350712299346924,
        2.3236489295959473,
        2.3005406856536865,
        2.3471171855926514,
        2.301745653152466,
        2.3244311809539795,
        2.305999517440796,
        2.3095953464508057,
        2.3204779624938965,
        2.3403706550598145,
        2.3319475650787354,
        2.312706470489502,
        2.3446333408355713,
        2.264539957046509,
        2.314976215362549,
        2.3223342895507812,
        2.310214042663574,
        2.2885499000549316,
        2.336613655090332,
        2.335878372192383,
        2.3350348472595215,
        2.325775623321533,
        2.2932217121124268,
        2.308701992034912,
        2.2996721267700195,
        2.313382863998413,
        2.3183135986328125,
        2.3246757984161377,
        2.3389923572540283,
        2.3314313888549805,
        2.2972471714019775,
        2.3304388523101807,
        2.3224124908447266,
        2.3199844360351562,
        2.312511920928955,
        2.295701265335083,
        2.3110973834991455,
        2.3001699447631836,
        2.276308059692383,
        2.2854530811309814,
        2.3459067344665527,
        2.3467400074005127,
        2.3084025382995605,
        2.337857961654663,
        2.3252084255218506,
        2.315854549407959,
        2.3385090827941895,
        2.293147087097168,
        2.311598300933838,
        2.320436477661133,
        2.278621196746826,
        2.3054232597351074,
        2.328354835510254,
        2.328793525695801,
        2.308513641357422,
        2.3317763805389404,
        2.3094654083251953,
        2.32346510887146,
        2.3051273822784424,
        2.3256301879882812,
        2.315220355987549,
        2.298029661178589,
        2.2836287021636963,
        2.353520154953003,
        2.326725959777832,
        2.300814390182495,
        2.3148715496063232,
        2.3199026584625244,
        2.3404769897460938,
        2.2786474227905273,
        2.323209762573242,
        2.3350284099578857,
        2.2976977825164795,
        2.292461633682251,
        2.308180570602417,
        2.280637502670288,
        2.3292107582092285,
        2.3489935398101807,
        2.33518648147583,
        2.337460994720459,
        2.3075966835021973,
        2.3167412281036377,
        2.3209354877471924,
        2.330493927001953,
        2.2746315002441406,
        2.3206281661987305,
        2.319593667984009,
        2.3124427795410156,
        2.3158178329467773,
        2.309008836746216,
        2.344599485397339,
        2.3292274475097656,
        2.3281736373901367,
        2.3476271629333496,
        2.30247163772583,
        2.3042242527008057,
        2.3231329917907715,
        2.3684356212615967,
        2.2864878177642822,
        2.3142669200897217,
        2.335369825363159,
        2.2494397163391113,
        2.3343615531921387,
        2.3070812225341797,
        2.3156328201293945,
        2.2974371910095215,
        2.3286142349243164,
        2.334156036376953,
        2.304668426513672,
        2.340334892272949,
        2.316598415374756,
        2.284151315689087,
        2.3230130672454834,
        2.3521530628204346,
        2.3040459156036377,
        2.3176920413970947,
        2.3262271881103516,
        2.349381685256958,
        2.3206443786621094,
        2.3248651027679443,
        2.296984910964966,
        2.3113441467285156,
        2.2810325622558594,
        2.318788528442383,
        2.364501476287842,
        2.321223497390747,
        2.348686456680298,
        2.276711940765381,
        2.3061347007751465,
        2.3198978900909424,
        2.3493335247039795,
        2.3407185077667236,
        2.302307605743408,
        2.328518867492676,
        2.306365489959717,
        2.2908854484558105,
        2.30077862739563,
        2.3156046867370605,
        2.286818027496338,
        2.303285837173462,
        2.373295783996582,
        2.303626537322998,
        2.322350263595581,
        2.29518723487854,
        2.3211989402770996,
        2.300820827484131,
        2.3196768760681152,
        2.3336222171783447,
        2.3024327754974365,
        2.3377339839935303,
        2.284641742706299,
        2.344341516494751,
        2.293026924133301,
        2.3188529014587402,
        2.306973695755005,
        2.2895936965942383,
        2.3131051063537598,
        2.274493455886841,
        2.3293087482452393,
        2.332048177719116,
        2.3246405124664307,
        2.314042806625366,
        2.316434860229492,
        2.350290298461914,
        2.292692184448242,
        2.3211283683776855,
        2.294074535369873,
        2.2893195152282715,
        2.3345530033111572,
        2.299278974533081,
        2.3087451457977295,
        2.3413949012756348,
        2.325838088989258,
        2.314751625061035,
        2.326012372970581,
        2.285992383956909,
        2.3290793895721436,
        2.3168187141418457,
        2.332026958465576,
        2.331202745437622,
        2.313814401626587,
        2.3275978565216064,
        2.3368494510650635,
        2.3635454177856445,
        2.3049707412719727,
        2.3257405757904053,
        2.287368059158325,
        2.3238892555236816,
        2.3516271114349365,
        2.3007259368896484,
        2.323187828063965,
        2.322805166244507,
        2.305128812789917,
        2.2740533351898193,
        2.3226397037506104,
        2.2999603748321533,
        2.3155593872070312,
