{
    "stu_train_loss": [
        1.3534902334213257,
        1.3569200038909912,
        1.3303881883621216,
        1.3247660398483276,
        1.3478456735610962,
        1.289959192276001,
        1.348565936088562,
        1.3332958221435547,
        1.3038195371627808,
        1.3366739749908447
    ],
    "stu_test_loss": [
        1.2913975715637207,
        1.4278109073638916,
        1.481224775314331,
        1.394323468208313,
        1.4736530780792236,
        1.3449419736862183,
        1.479871392250061,
        1.4081885814666748,
        1.4553900957107544,
        1.4715031385421753,
        1.4902143478393555,
        1.4091318845748901,
        1.445101022720337,
        1.4554535150527954,
        1.5942851305007935,
        1.441699743270874,
        1.4607406854629517,
        1.530620813369751,
        1.5807688236236572,
        1.6085829734802246,
        1.4515812397003174,
        1.416136384010315,
        1.4343053102493286,
        1.3727720975875854,
        1.4243720769882202,
        1.3827667236328125,
        1.4005835056304932,
        1.621161699295044,
        1.443333387374878,
        1.5092471837997437,
        1.402264952659607,
        1.3873817920684814,
        1.4377152919769287,
        1.4613614082336426,
        1.5458674430847168,
        1.4955859184265137,
        1.5116673707962036,
        1.5243349075317383,
        1.5468015670776367,
        1.4685577154159546,
        1.4487148523330688,
        1.359423041343689,
        1.5098780393600464,
        1.5625905990600586,
        1.4759081602096558,
        1.5888153314590454,
        1.5007535219192505,
        1.5132346153259277,
        1.4660241603851318,
        1.5088855028152466,
        1.5253984928131104,
        1.4160219430923462,
        1.5164920091629028,
        1.4545427560806274,
        1.4745062589645386,
        1.3283154964447021,
        1.576056957244873,
        1.3652160167694092,
        1.3889131546020508,
        1.573103427886963,
        1.5308424234390259,
        1.5103076696395874,
        1.3503553867340088,
        1.5050662755966187,
        1.5822696685791016,
        1.5757454633712769,
        1.6322470903396606,
        1.3506922721862793,
        1.5955888032913208,
        1.4287446737289429,
        1.4309074878692627,
        1.4159173965454102,
        1.3802762031555176,
        1.3653233051300049,
        1.4794707298278809,
        1.4015471935272217,
        1.566538691520691,
        1.49862802028656,
        1.4452438354492188,
        1.535730004310608,
        1.492782711982727,
        1.4942052364349365,
        1.5240058898925781,
        1.4110283851623535,
        1.3961923122406006,
        1.5870774984359741,
        1.4668099880218506,
        1.4421995878219604,
        1.4949536323547363,
        1.4516304731369019,
        1.3822966814041138,
        1.6102039813995361,
        1.4800689220428467,
        1.4860244989395142,
        1.3982244729995728,
        1.497894525527954,
        1.4326021671295166,
        1.561668872833252,
        1.494163990020752,
        1.4903796911239624,
        1.4500782489776611,
        1.4666976928710938,
        1.3828880786895752,
        1.4709094762802124,
        1.617231845855713,
        1.5156302452087402,
        1.4625695943832397,
        1.4097328186035156,
        1.3310437202453613,
        1.5193992853164673,
        1.4550758600234985,
        1.5959244966506958,
        1.3814483880996704,
        1.4368197917938232,
        1.3803008794784546,
        1.5126255750656128,
        1.4991896152496338,
        1.4771926403045654,
        1.479193925857544,
        1.6132659912109375,
        1.5011488199234009,
        1.460843563079834,
        1.5716692209243774,
        1.5369126796722412,
        1.42072331905365,
        1.4266406297683716,
        1.3427824974060059,
        1.4311809539794922,
        1.564574122428894,
        1.5499011278152466,
        1.3755325078964233,
        1.5757642984390259,
        1.572524905204773,
        1.3843988180160522,
        1.391101598739624,
        1.478017807006836,
        1.5314358472824097,
        1.4895849227905273,
        1.5661325454711914,
        1.4927455186843872,
        1.6045304536819458,
        1.4270224571228027,
        1.549120306968689,
        1.3515353202819824,
        1.5575811862945557,
        1.459640622138977,
        1.463496446609497,
        1.4015016555786133,
        1.5252788066864014,
        1.4534850120544434,
        1.531143069267273,
        1.4147019386291504,
        1.4143599271774292,
        1.3713481426239014,
        1.435736894607544,
        1.4526541233062744,
        1.3798243999481201,
        1.320251226425171,
        1.406045913696289,
        1.3712849617004395,
        1.398502230644226,
        1.5186381340026855,
        1.3842685222625732,
        1.4928088188171387,
        1.401517391204834,
        1.4289462566375732,
        1.313271403312683,
        1.3187533617019653,
        1.4372968673706055,
        1.3918828964233398,
        1.3728229999542236,
        1.3431370258331299,
        1.3602194786071777,
        1.4062126874923706,
        1.3654453754425049,
        1.405836820602417,
        1.541043758392334,
        1.374855875968933,
        1.3995009660720825,
        1.5878452062606812,
        1.4796805381774902,
        1.4068434238433838,
        1.4965711832046509,
        1.4522252082824707,
        1.4330568313598633,
        1.4769145250320435,
        1.5683796405792236,
        1.4383795261383057,
        1.5419491529464722,
        1.4892518520355225,
        1.496185064315796,
        1.523886799812317,
        1.5542545318603516,
        1.4377347230911255,
        1.3587017059326172,
        1.4160356521606445,
        1.423261046409607,
        1.328052282333374,
        1.3826735019683838,
        1.362465500831604,
        1.4227038621902466,
        1.3662470579147339,
        1.3876827955245972,
        1.411136507987976,
        1.558093547821045,
        1.7450720071792603,
        1.6380202770233154,
        1.4877028465270996,
        1.3599767684936523,
        1.394211769104004,
        1.3682252168655396,
        1.6426359415054321,
        1.3973383903503418,
        1.4229435920715332,
        1.2449102401733398,
        1.4250061511993408,
        1.345961093902588,
        1.3687396049499512,
        1.4207162857055664,
        1.448623776435852,
        1.3961385488510132,
        1.2547166347503662,
        1.4832154512405396,
        1.391371250152588,
        1.3369219303131104,
        1.3830373287200928,
        1.427488088607788,
        1.3932121992111206,
        1.3622510433197021,
        1.481176495552063,
        1.4045236110687256,
        1.4061616659164429,
        1.5901530981063843,
        1.5063729286193848,
        1.4307211637496948,
        1.4933017492294312,
        1.3517738580703735,
        1.43123197555542,
        1.3266799449920654,
        1.3729610443115234,
        1.4259490966796875,
        1.4582599401474,
        1.4902122020721436,
        1.4648158550262451,
        1.3737750053405762,
        1.5484905242919922,
        1.4443658590316772,
        1.5350323915481567,
        1.3976695537567139,
        1.4620386362075806,
        1.4963430166244507,
        1.4808099269866943,
        1.4151078462600708,
        1.5173691511154175,
        1.4140926599502563,
        1.4531607627868652,
        1.5036168098449707,
        1.487616777420044,
        1.6321662664413452,
        1.477020025253296,
        1.6920799016952515,
        1.556071162223816,
        1.4433043003082275,
        1.4035730361938477,
        1.4631998538970947,
        1.445289134979248,
        1.388848066329956,
        1.3707470893859863,
        1.3795924186706543,
        1.3855962753295898,
        1.3420405387878418,
        1.3581748008728027,
        1.3137145042419434,
        1.3605557680130005,
        1.323088526725769,
        1.437563419342041,
