{
    "stu_train_loss": [
        1.9485609531402588,
        1.9523937702178955,
        1.9814401865005493,
        1.925084114074707,
        1.9368807077407837,
        1.9691518545150757,
        1.9505890607833862,
        1.9351812601089478,
        1.9640902280807495,
        1.9105663299560547
    ],
    "stu_test_loss": [
        1.9739043712615967,
        2.0020296573638916,
        2.0583302974700928,
        2.0553016662597656,
        2.063201665878296,
        1.9605847597122192,
        2.0393054485321045,
        2.026958703994751,
        2.0447607040405273,
        2.044172763824463,
        2.0045039653778076,
        2.0122156143188477,
        2.026578903198242,
        2.0346803665161133,
        2.115414619445801,
        2.0206828117370605,
        2.073335886001587,
        2.1227095127105713,
        2.12204909324646,
        2.122589111328125,
        2.0456302165985107,
        2.0212178230285645,
        2.0432705879211426,
        1.9866243600845337,
        1.9972771406173706,
        2.0061917304992676,
        2.014397144317627,
        2.1448025703430176,
        2.0131709575653076,
        2.0741477012634277,
        1.9774564504623413,
        2.0134503841400146,
        2.0081865787506104,
        2.056421995162964,
        2.0981953144073486,
        2.032114267349243,
        2.10652494430542,
        2.035698652267456,
        2.087338447570801,
        2.0828630924224854,
        2.0455398559570312,
        1.9922748804092407,
        2.016327381134033,
        2.118126153945923,
        2.0797102451324463,
        2.136737585067749,
        2.074899673461914,
        2.0653433799743652,
        2.0309698581695557,
        2.1062824726104736,
        2.054197311401367,
        2.0089123249053955,
        2.0701780319213867,
        2.0428080558776855,
        2.0395045280456543,
        1.9695823192596436,
        2.136659860610962,
        1.969773530960083,
        2.013101577758789,
        2.1044554710388184,
        2.070279598236084,
        2.138263463973999,
        1.9774703979492188,
        2.020019054412842,
        2.1075663566589355,
        2.1294844150543213,
        2.1178834438323975,
        1.9983875751495361,
        2.129011869430542,
        2.0315988063812256,
        2.011488437652588,
        1.9819362163543701,
        2.018124580383301,
        1.999413013458252,
        2.089768886566162,
        2.012441873550415,
        2.100417137145996,
        2.117396354675293,
        2.022066354751587,
        2.0852200984954834,
        2.054107427597046,
        2.080275774002075,
        2.1183793544769287,
        2.022458553314209,
        2.0106070041656494,
        2.1290535926818848,
        2.0771572589874268,
        2.026710033416748,
        2.046495199203491,
        2.0719566345214844,
        2.0309300422668457,
        2.0956432819366455,
        2.0612683296203613,
        2.0770561695098877,
        1.992282748222351,
        2.1001393795013428,
        2.0096821784973145,
        2.068082332611084,
        2.0716099739074707,
        2.087761640548706,
        2.030147075653076,
        2.0183968544006348,
        1.995733618736267,
        2.060518980026245,
        2.139131546020508,
        2.0820202827453613,
        2.0706605911254883,
        1.983532190322876,
        2.0020291805267334,
        2.1080029010772705,
        2.062080144882202,
        2.132344961166382,
        1.993310809135437,
        2.0372354984283447,
        1.974564552307129,
        2.1246838569641113,
        2.075349807739258,
        2.0563435554504395,
        2.0583386421203613,
        2.102297306060791,
        2.0860652923583984,
        2.089919090270996,
        2.067068099975586,
        2.098701238632202,
        2.05979585647583,
        1.9857710599899292,
        1.9936323165893555,
        2.068326950073242,
        2.1112942695617676,
        2.1136281490325928,
        1.9391990900039673,
        2.091092109680176,
        2.15783429145813,
        2.004221200942993,
        1.9960167407989502,
        2.0600109100341797,
        2.1249921321868896,
        2.114341974258423,
        2.1479244232177734,
        2.11289644241333,
        2.1064417362213135,
        2.0014829635620117,
        2.1052939891815186,
        1.9600991010665894,
        2.1372034549713135,
        2.0067684650421143,
        2.050814151763916,
        1.9911870956420898,
        2.110117197036743,
        2.0715830326080322,
        2.0924887657165527,
        2.0312294960021973,
        2.003072738647461,
        2.0003581047058105,
        2.0204408168792725,
        2.0740163326263428,
        2.0527238845825195,
        1.9875658750534058,
        2.057046413421631,
        1.9896259307861328,
        2.03231143951416,
        2.083574056625366,
        1.9864685535430908,
        2.101853847503662,
        2.035305976867676,
        2.0717484951019287,
        1.9576188325881958,
        1.9849828481674194,
        2.065737247467041,
        2.0256547927856445,
        1.9802982807159424,
        1.988800048828125,
        1.9633240699768066,
        2.0144858360290527,
        2.0232160091400146,
        2.0081305503845215,
        2.0535686016082764,
        2.0298120975494385,
        2.0342044830322266,
        2.099419593811035,
        2.0336215496063232,
        2.0351288318634033,
        2.0802838802337646,
        2.058117628097534,
        2.017090082168579,
        2.0482780933380127,
        2.074244976043701,
        2.0041000843048096,
        2.0898079872131348,
        2.0258729457855225,
        2.016649007797241,
        2.0628573894500732,
        2.064072608947754,
        2.0192179679870605,
        2.009357452392578,
        2.0377511978149414,
        2.0456156730651855,
        1.9763317108154297,
        2.0151305198669434,
        2.0111711025238037,
        2.0507142543792725,
        2.004662275314331,
        2.007951498031616,
        2.002181053161621,
        2.045430898666382,
        2.1630005836486816,
        2.1130497455596924,
        2.075303554534912,
        1.991732120513916,
        2.031467914581299,
        1.961460828781128,
        2.1437973976135254,
        2.0300040245056152,
        2.0658135414123535,
        1.9376665353775024,
        2.03206729888916,
        1.984470009803772,
        2.0094759464263916,
        2.0052127838134766,
        2.0356593132019043,
        2.0390477180480957,
        1.9645707607269287,
        2.093824863433838,
        2.010934591293335,
        2.0032808780670166,
        2.0119643211364746,
        2.0502119064331055,
        2.010417938232422,
        1.98160719871521,
        2.0380959510803223,
        2.031374931335449,
        1.9732635021209717,
        2.100862979888916,
        2.0655453205108643,
        2.0576601028442383,
        2.1168975830078125,
        1.981425166130066,
        2.0363965034484863,
        1.9712824821472168,
        2.021165132522583,
        2.0795249938964844,
        2.023449659347534,
        2.0663883686065674,
        2.031501054763794,
        1.9779618978500366,
        2.102067708969116,
        2.03633189201355,
        2.067091464996338,
        2.0226197242736816,
        2.0081887245178223,
        2.058694839477539,
        2.0565345287323,
        2.0180890560150146,
        2.089231014251709,
        2.034505844116211,
        2.0590858459472656,
        2.112091064453125,
        2.0797269344329834,
        2.117135524749756,
        2.0591554641723633,
        2.166022777557373,
        2.082634210586548,
        2.0541961193084717,
        2.018929958343506,
        2.0585103034973145,
        2.0035197734832764,
        2.0133678913116455,
        2.0104949474334717,
        2.000624656677246,
        2.049762725830078,
        2.0196533203125,
        1.990233302116394,
        1.9683860540390015,
        1.994936466217041,
        1.9908666610717773,
        2.061662435531616,
        2.0246548652648926,
        2.010270833969116,
