{
    "stu_train_loss": [
        1.4309810400009155,
        1.4434549808502197,
        1.4611165523529053,
        1.4827425479888916,
        1.4287056922912598,
        1.4623205661773682,
        1.4768568277359009,
        1.4831568002700806,
        1.4685189723968506,
        1.4644525051116943
    ],
    "stu_test_loss": [
        1.4356728792190552,
        1.5256288051605225,
        1.592745065689087,
        1.546379566192627,
        1.5934252738952637,
        1.4934498071670532,
        1.5855977535247803,
        1.5444365739822388,
        1.5797878503799438,
        1.597858190536499,
        1.5593845844268799,
        1.5286494493484497,
        1.5493764877319336,
        1.5546085834503174,
        1.73262619972229,
        1.5658786296844482,
        1.584778070449829,
        1.668209195137024,
        1.6611911058425903,
        1.7179670333862305,
        1.581057071685791,
        1.5411463975906372,
        1.5453532934188843,
        1.5018086433410645,
        1.5515451431274414,
        1.5282421112060547,
        1.5340546369552612,
        1.7448650598526,
        1.557637333869934,
        1.653910517692566,
        1.5150431394577026,
        1.531553030014038,
        1.5466477870941162,
        1.603558897972107,
        1.6513023376464844,
        1.5948227643966675,
        1.6380667686462402,
        1.6167656183242798,
        1.689211130142212,
        1.6182317733764648,
        1.54595148563385,
        1.476810336112976,
        1.6069154739379883,
        1.6793570518493652,
        1.605520248413086,
        1.7373557090759277,
        1.6170940399169922,
        1.62160062789917,
        1.5780701637268066,
        1.6061404943466187,
        1.616376519203186,
        1.547182321548462,
        1.6399338245391846,
        1.577057123184204,
        1.5668151378631592,
        1.4572035074234009,
        1.7074170112609863,
        1.5101605653762817,
        1.5314605236053467,
        1.6961174011230469,
        1.6469810009002686,
        1.6590322256088257,
        1.4901397228240967,
        1.5969228744506836,
        1.6609030961990356,
        1.6892240047454834,
        1.7381116151809692,
        1.4970735311508179,
        1.6941680908203125,
        1.5580743551254272,
        1.5459363460540771,
        1.5320711135864258,
        1.4946343898773193,
        1.5046303272247314,
        1.6235322952270508,
        1.5451607704162598,
        1.6801644563674927,
        1.6734141111373901,
        1.566934585571289,
        1.645535945892334,
        1.5911263227462769,
        1.6358590126037598,
        1.6522741317749023,
        1.5574421882629395,
        1.5054123401641846,
        1.7222169637680054,
        1.6037555932998657,
        1.5409812927246094,
        1.594662070274353,
        1.5816422700881958,
        1.5175565481185913,
        1.688550591468811,
        1.5996617078781128,
        1.6179347038269043,
        1.5058120489120483,
        1.649269700050354,
        1.512626051902771,
        1.639304757118225,
        1.617919683456421,
        1.605391502380371,
        1.5868418216705322,
        1.559657335281372,
        1.5287264585494995,
        1.5947456359863281,
        1.7617499828338623,
        1.6502130031585693,
        1.592641830444336,
        1.5135903358459473,
        1.4520771503448486,
        1.6513617038726807,
        1.5946698188781738,
        1.7488813400268555,
        1.5371843576431274,
        1.561392068862915,
        1.4883501529693604,
        1.6523613929748535,
        1.6202642917633057,
        1.611097812652588,
        1.5923645496368408,
        1.6911379098892212,
        1.63029146194458,
        1.621152400970459,
        1.6854957342147827,
        1.6692485809326172,
        1.581844687461853,
        1.5461008548736572,
        1.4773889780044556,
        1.586641788482666,
        1.6735104322433472,
        1.6858137845993042,
        1.4536432027816772,
        1.6940253973007202,
        1.6913790702819824,
        1.5300986766815186,
        1.529502511024475,
        1.5883598327636719,
        1.664206862449646,
        1.6265015602111816,
        1.69781494140625,
        1.622998833656311,
        1.7139782905578613,
        1.518815517425537,
        1.6701359748840332,
        1.4681509733200073,
        1.7085156440734863,
        1.56480073928833,
        1.611086368560791,
        1.495924949645996,
        1.6778041124343872,
        1.561797022819519,
        1.66091787815094,
        1.5291917324066162,
        1.5635826587677002,
        1.5008028745651245,
        1.5601270198822021,
        1.594146728515625,
        1.5274507999420166,
        1.4566012620925903,
        1.545177936553955,
        1.5221329927444458,
        1.5364181995391846,
        1.6160483360290527,
        1.4954043626785278,
        1.6157276630401611,
        1.5318572521209717,
        1.5843250751495361,
        1.4343878030776978,
        1.4678800106048584,
        1.6010205745697021,
        1.5114216804504395,
        1.5029144287109375,
        1.4830906391143799,
        1.461713194847107,
        1.5156278610229492,
        1.5125465393066406,
        1.5395698547363281,
        1.6498979330062866,
        1.506268858909607,
        1.5657024383544922,
        1.6856317520141602,
        1.579040765762329,
        1.56492280960083,
        1.6246192455291748,
        1.5488115549087524,
        1.5261330604553223,
        1.6178661584854126,
        1.6708682775497437,
        1.5587184429168701,
        1.6442958116531372,
        1.5864564180374146,
        1.5860815048217773,
        1.6365551948547363,
        1.6661062240600586,
        1.5817337036132812,
        1.5098938941955566,
        1.5248304605484009,
        1.563813328742981,
        1.4584394693374634,
        1.5089445114135742,
        1.506286859512329,
        1.6035816669464111,
        1.4992799758911133,
        1.5198254585266113,
        1.5208353996276855,
        1.658604383468628,
        1.8314869403839111,
        1.7291741371154785,
        1.6108795404434204,
        1.501251459121704,
        1.5396573543548584,
        1.4862464666366577,
        1.7841596603393555,
        1.5354740619659424,
        1.5849764347076416,
        1.37843918800354,
        1.5551851987838745,
        1.4548187255859375,
        1.512752652168274,
        1.5438107252120972,
        1.5714439153671265,
        1.5457649230957031,
        1.403011441230774,
        1.6262785196304321,
        1.5261061191558838,
        1.475691795349121,
        1.507394552230835,
        1.553518533706665,
        1.5095683336257935,
        1.4930839538574219,
        1.6124871969223022,
        1.545192003250122,
        1.5249197483062744,
        1.7042787075042725,
        1.67405366897583,
        1.5509891510009766,
        1.6628780364990234,
        1.4752086400985718,
        1.5546942949295044,
        1.4653828144073486,
        1.4955929517745972,
        1.57521653175354,
        1.575427770614624,
        1.5772144794464111,
        1.5627286434173584,
        1.4790853261947632,
        1.6525944471359253,
        1.5770756006240845,
        1.6504913568496704,
        1.5395591259002686,
        1.5560681819915771,
        1.614783763885498,
        1.5854434967041016,
        1.555562138557434,
        1.6302769184112549,
        1.5424302816390991,
        1.591143250465393,
        1.6283432245254517,
        1.6091701984405518,
        1.731093406677246,
        1.6043448448181152,
        1.8092172145843506,
        1.6508599519729614,
        1.576430082321167,
        1.5272523164749146,
        1.6018399000167847,
        1.547403335571289,
        1.53505539894104,
        1.5137165784835815,
        1.5015891790390015,
        1.526979923248291,
        1.4808826446533203,
        1.4767674207687378,
        1.4422037601470947,
        1.493307113647461,
        1.449899673461914,
        1.5775622129440308,
        1.5186442136764526,
