{
    "stu_train_loss": [
        1.8208694458007812,
        1.8516815900802612,
        1.8556674718856812,
        1.8768287897109985,
        1.8401038646697998,
        1.8594614267349243,
        1.7910228967666626,
        1.8059002161026,
        1.826338768005371,
        1.8662813901901245
    ],
    "stu_test_loss": [
        1.851365327835083,
        1.868545413017273,
        1.957617163658142,
        1.940322995185852,
        1.9542105197906494,
        1.8455815315246582,
        1.9291926622390747,
        1.9321513175964355,
        1.92726469039917,
        1.9443296194076538,
        1.9095187187194824,
        1.8964574337005615,
        1.8998948335647583,
        1.9416148662567139,
        2.0232222080230713,
        1.9228543043136597,
        1.9628865718841553,
        2.038839340209961,
        2.0075314044952393,
        2.031343936920166,
        1.9281336069107056,
        1.9242583513259888,
        1.925086498260498,
        1.8650918006896973,
        1.8922436237335205,
        1.8879575729370117,
        1.9004608392715454,
        2.0499110221862793,
        1.9040111303329468,
        1.9723255634307861,
        1.8738069534301758,
        1.8942559957504272,
        1.8806825876235962,
        1.955202579498291,
        2.0211498737335205,
        1.9394114017486572,
        1.9947113990783691,
        1.946466326713562,
        2.000993013381958,
        1.9818732738494873,
        1.9230480194091797,
        1.8817250728607178,
        1.9066886901855469,
        2.017392873764038,
        1.975764513015747,
        2.047175884246826,
        1.9761173725128174,
        1.9585689306259155,
        1.945564866065979,
        2.0037548542022705,
        1.9574799537658691,
        1.9045543670654297,
        1.9819512367248535,
        1.9572306871414185,
        1.9219940900802612,
        1.8443042039871216,
        2.0442261695861816,
        1.8564963340759277,
        1.9022334814071655,
        2.0155346393585205,
        1.9778988361358643,
        2.0316011905670166,
        1.8549224138259888,
        1.9287407398223877,
        2.0177559852600098,
        2.0337443351745605,
        2.0289440155029297,
        1.8721214532852173,
        2.0568437576293945,
        1.9346321821212769,
        1.9219168424606323,
        1.8852391242980957,
        1.912074089050293,
        1.8702354431152344,
        1.9962491989135742,
        1.9027906656265259,
        2.0096757411956787,
        2.0214507579803467,
        1.9155324697494507,
        1.9843498468399048,
        1.9540207386016846,
        1.9834250211715698,
        2.0109457969665527,
        1.90455162525177,
        1.8849687576293945,
        2.01767635345459,
        1.9819010496139526,
        1.9127339124679565,
        1.9560352563858032,
        1.98398756980896,
        1.9104658365249634,
        2.009737730026245,
        1.9750374555587769,
        1.9667692184448242,
        1.8860396146774292,
        1.9923760890960693,
        1.8901450634002686,
        1.9551630020141602,
        1.9633156061172485,
        1.9756252765655518,
        1.9306451082229614,
        1.9035130739212036,
        1.8804699182510376,
        1.9707822799682617,
        2.05429744720459,
        1.9751359224319458,
        1.9654004573822021,
        1.856479287147522,
        1.8739309310913086,
        1.99882173538208,
        1.947805404663086,
        2.0459024906158447,
        1.8814021348953247,
        1.9211947917938232,
        1.8855401277542114,
        2.0307793617248535,
        1.9932093620300293,
        1.9520057439804077,
        1.9462708234786987,
        2.0087220668792725,
        1.9682517051696777,
        1.9829601049423218,
        1.9732718467712402,
        1.9995973110198975,
        1.9565259218215942,
        1.8927828073501587,
        1.8594027757644653,
        1.9496755599975586,
        2.0292551517486572,
        2.0210916996002197,
        1.8058459758758545,
        1.9946457147598267,
        2.071624755859375,
        1.8980590105056763,
        1.881912350654602,
        1.9425065517425537,
        2.0166068077087402,
        2.004380941390991,
        2.0561516284942627,
        1.9951589107513428,
        2.0189096927642822,
        1.8831636905670166,
        1.9916770458221436,
        1.8475091457366943,
        2.0385396480560303,
        1.900551199913025,
        1.948127269744873,
        1.8647692203521729,
        1.993074893951416,
        1.9612082242965698,
        1.9945635795593262,
        1.9111263751983643,
        1.9069175720214844,
        1.881464958190918,
        1.8886375427246094,
        1.9697359800338745,
        1.9432430267333984,
        1.8705799579620361,
        1.9349294900894165,
        1.8767956495285034,
        1.926998496055603,
        1.9762156009674072,
        1.8749914169311523,
        1.9942262172698975,
        1.9181468486785889,
        1.970380425453186,
        1.8193519115447998,
        1.8554388284683228,
        1.9744596481323242,
        1.9162893295288086,
        1.8716572523117065,
        1.8736634254455566,
        1.832354187965393,
        1.9013853073120117,
        1.9109587669372559,
        1.9087752103805542,
        1.9518922567367554,
        1.9153823852539062,
        1.9268182516098022,
        1.9982984066009521,
        1.9406954050064087,
        1.9195332527160645,
        1.977735996246338,
        1.9463419914245605,
        1.8980066776275635,
        1.9474788904190063,
        1.9713841676712036,
        1.8841713666915894,
        1.9939931631088257,
        1.9197754859924316,
        1.9091347455978394,
        1.9597512483596802,
        1.9728617668151855,
        1.9235783815383911,
        1.8766087293624878,
        1.9374134540557861,
        1.9482542276382446,
        1.8527312278747559,
        1.9058953523635864,
        1.8998314142227173,
        1.9683196544647217,
        1.883087158203125,
        1.9013174772262573,
        1.9014972448349,
        1.947793960571289,
        2.086542844772339,
        2.034158706665039,
        1.983627200126648,
        1.8680665493011475,
        1.9183359146118164,
        1.8543155193328857,
        2.064117193222046,
        1.9080822467803955,
        1.9580743312835693,
        1.8164830207824707,
        1.9265977144241333,
        1.859002947807312,
        1.9003711938858032,
        1.898392915725708,
        1.9439561367034912,
        1.9242305755615234,
        1.8491793870925903,
        1.9745795726776123,
        1.8965349197387695,
        1.8688167333602905,
        1.8960130214691162,
        1.9347773790359497,
        1.889372706413269,
        1.8412160873413086,
        1.9443080425262451,
        1.9320508241653442,
        1.8587538003921509,
        2.01011061668396,
        2.002373456954956,
        1.9485719203948975,
        2.0280723571777344,
        1.8637093305587769,
        1.9394408464431763,
        1.8628243207931519,
        1.896438479423523,
        1.9738200902938843,
        1.91926908493042,
        1.980914831161499,
        1.9247897863388062,
        1.881191611289978,
        2.0226669311523438,
        1.9364991188049316,
        1.9773324728012085,
        1.9149739742279053,
        1.88385808467865,
        1.9608018398284912,
        1.9493619203567505,
        1.8940337896347046,
        1.9879953861236572,
        1.9255108833312988,
        1.9519013166427612,
        2.012017250061035,
        1.9637831449508667,
        2.0384955406188965,
        1.9632463455200195,
        2.067228078842163,
        1.9783527851104736,
        1.9438714981079102,
        1.8939508199691772,
        1.9641950130462646,
        1.8906883001327515,
        1.9027738571166992,
        1.8855618238449097,
        1.88715660572052,
        1.938099980354309,
        1.8908166885375977,
        1.8812077045440674,
        1.855669379234314,
        1.8808242082595825,
        1.8525354862213135,
        1.9472272396087646,
