{
    "stu_train_loss": 2.0673757685555354,
    "mentor_train_loss": 2.3004832956526013,
    "stu_test_loss": 2.054509185754453,
    "mentor_test_loss": 2.299535879311851,
    "stu_train_acc": 0.30694444444444446,
    "mentor_train_acc": 0.1798611111111111,
    "stu_test_acc": 0.3129992012779553,
    "mentor_test_acc": 0.17092651757188498
}