{
    "stu_train_loss": 2.3252636856502957,
    "mentor_train_loss": 2.3294181717766658,
    "stu_test_loss": 2.3218858295355362,
    "mentor_test_loss": 2.3288934962056316,
    "stu_train_acc": 0.22152777777777777,
    "mentor_train_acc": 0.16527777777777777,
    "stu_test_acc": 0.23991613418530353,
    "mentor_test_acc": 0.14826277955271566
}