{
    "stu_train_loss": 0.7715086513183441,
    "mentor_train_loss": 0.610434405827443,
    "stu_test_loss": 0.7362016829819725,
    "mentor_test_loss": 0.6133664697884752,
    "stu_train_acc": 0.9305033945165996,
    "mentor_train_acc": 0.9595325365415047,
    "stu_test_acc": 0.942991214057508,
    "mentor_test_acc": 0.9548722044728435
}