{
    "stu_train_loss": 0.8330814779002801,
    "mentor_train_loss": 0.6206493357883339,
    "stu_test_loss": 0.8140835057432279,
    "mentor_test_loss": 0.6265587126865936,
    "stu_train_acc": 0.9212859310581043,
    "mentor_train_acc": 0.9572078579684032,
    "stu_test_acc": 0.9267172523961661,
    "mentor_test_acc": 0.9511781150159745
}