{
    "stu_train_loss": 1.1551369088036674,
    "mentor_train_loss": 0.7466175710640081,
    "stu_test_loss": 1.1387382243007136,
    "mentor_test_loss": 0.7215578346587599,
    "stu_train_acc": 0.8298199842142504,
    "mentor_train_acc": 0.9276189875365096,
    "stu_test_acc": 0.8407547923322684,
    "mentor_test_acc": 0.9328075079872205
}