{
    "stu_train_loss": 2.353290322611102,
    "mentor_train_loss": 1.7827553994631846,
    "stu_test_loss": 2.3542926958955515,
    "mentor_test_loss": 1.6952663538174126,
    "stu_train_acc": 0.13741333238112174,
    "mentor_train_acc": 0.55115195722675,
    "stu_test_acc": 0.13238817891373802,
    "mentor_test_acc": 0.5936501597444089
}