{
    "stu_train_loss": 1.0950336505804348,
    "mentor_train_loss": 0.6999898212296622,
    "stu_test_loss": 1.0793280915711254,
    "mentor_test_loss": 0.6820488480714183,
    "stu_train_acc": 0.8548001229168964,
    "mentor_train_acc": 0.9376263903621027,
    "stu_test_acc": 0.8570287539936102,
    "mentor_test_acc": 0.9372004792332268
}