{
    "stu_train_loss": 0.0897297480056972,
    "stu_test_loss": 0.2914319855336564,
    "stu_train_acc": 0.9774709302325582,
    "stu_test_acc": 0.9734424920127795
}