{
    "stu_train_loss": 0.0740889141032862,
    "stu_test_loss": 0.2163040498003792,
    "stu_train_acc": 0.9821947674418605,
    "stu_test_acc": 0.9782348242811502
}