{
    "stu_train_loss": 0.07851483315218587,
    "stu_test_loss": 0.12398885327358596,
    "stu_train_acc": 0.9869186046511628,
    "stu_test_acc": 0.9847244408945687
}