{
    "stu_train_loss": 0.07863179770525718,
    "stu_test_loss": 0.14540607847582798,
    "stu_train_acc": 0.9851017441860465,
    "stu_test_acc": 0.9806309904153354
}