{
    "stu_train_loss": 0.10134035786938701,
    "stu_test_loss": 0.2291309105131192,
    "stu_train_acc": 0.9771075581395349,
    "stu_test_acc": 0.9786341853035144
}