{
    "stu_train_loss": 0.07079707683594681,
    "stu_test_loss": 0.19384113187416674,
    "stu_train_acc": 0.984375,
    "stu_test_acc": 0.9810303514376997
}