{
    "stu_train_loss": 0.08791328453036501,
    "stu_test_loss": 0.1521411122986303,
    "stu_train_acc": 0.9807412790697675,
    "stu_test_acc": 0.9821285942492013
}