{
    "stu_train_loss": 0.7984532022563666,
    "mentor_train_loss": 0.30733372933334774,
    "stu_test_loss": 0.8185536779534702,
    "mentor_test_loss": 0.3605049435323039,
    "stu_train_acc": 0.7780570727099413,
    "mentor_train_acc": 0.9775822713689984,
    "stu_test_acc": 0.7657747603833865,
    "mentor_test_acc": 0.935702875399361
}