{
    "stu_train_loss": 0.7192299673392338,
    "mentor_train_loss": 0.25963087387742234,
    "stu_test_loss": 0.7625408862916806,
    "mentor_test_loss": 0.31544503317282985,
    "stu_train_acc": 0.8036504882686543,
    "mentor_train_acc": 0.9775719270891113,
    "stu_test_acc": 0.7919329073482428,
    "mentor_test_acc": 0.9420926517571885
}