{
    "stu_train_loss": 0.8151705945750203,
    "mentor_train_loss": 0.31637282352465,
    "stu_test_loss": 0.8465713572959168,
    "mentor_test_loss": 0.3746779316816086,
    "stu_train_acc": 0.7728246027443644,
    "mentor_train_acc": 0.9783580906111239,
    "stu_test_acc": 0.7578873801916933,
    "mentor_test_acc": 0.9366014376996805
}