{
    "stu_train_loss": 0.780638490301758,
    "mentor_train_loss": 0.2978435400209587,
    "stu_test_loss": 0.7990916521785358,
    "mentor_test_loss": 0.34611408364848967,
    "stu_train_acc": 0.7825861332051659,
    "mentor_train_acc": 0.9768409329140462,
    "stu_test_acc": 0.7741613418530351,
    "mentor_test_acc": 0.9380990415335463
}