{
    "stu_train_loss": 0.7286074004708096,
    "mentor_train_loss": 0.2605698352027489,
    "stu_test_loss": 0.7780627859667086,
    "mentor_test_loss": 0.311567793258082,
    "stu_train_acc": 0.8009351208899755,
    "mentor_train_acc": 0.9746134696016772,
    "stu_test_acc": 0.7945287539936102,
    "mentor_test_acc": 0.9425918530351438
}