{
    "stu_train_loss": 0.7404947843816545,
    "mentor_train_loss": 0.2778061734711599,
    "stu_test_loss": 0.7888724674432042,
    "mentor_test_loss": 0.33621937902971577,
    "stu_train_acc": 0.7924993793544529,
    "mentor_train_acc": 0.9776374407159457,
    "stu_test_acc": 0.7810503194888179,
    "mentor_test_acc": 0.9361022364217252
}