{
    "stu_train_loss": 0.73630927642124,
    "mentor_train_loss": 0.25984793657776695,
    "stu_test_loss": 0.8242781300323839,
    "mentor_test_loss": 0.32219283225627754,
    "stu_train_acc": 0.8002213670772577,
    "mentor_train_acc": 0.9743841719077568,
    "stu_test_acc": 0.7817492012779552,
    "mentor_test_acc": 0.9366014376996805
}