{
    "stu_train_loss": 0.9090618261779521,
    "mentor_train_loss": 1.5470702794824114,
    "stu_test_loss": 0.8398889129915939,
    "mentor_test_loss": 1.4990250934808018,
    "stu_train_acc": 0.879929022082019,
    "mentor_train_acc": 0.5723186120249871,
    "stu_test_acc": 0.9065495207667732,
    "mentor_test_acc": 0.5920527156549521
}