{
    "stu_train_loss": 0.9894164845770466,
    "mentor_train_loss": 1.6168733398997068,
    "stu_test_loss": 0.9637848807219118,
    "mentor_test_loss": 1.5469466798221723,
    "stu_train_acc": 0.8678233439237913,
    "mentor_train_acc": 0.5408517350721811,
    "stu_test_acc": 0.8717052715654952,
    "mentor_test_acc": 0.5682907348242812
}