{
    "stu_train_loss": 0.6522408520761724,
    "mentor_train_loss": 1.1314758037919126,
    "stu_test_loss": 0.6361936511703954,
    "mentor_test_loss": 1.105183379909101,
    "stu_train_acc": 0.9404968453882621,
    "mentor_train_acc": 0.7202484227881447,
    "stu_test_acc": 0.9488817891373802,
    "mentor_test_acc": 0.7166533546325878
}