{
    "stu_train_loss": [
        0.0411456935107708,
        0.0906689465045929,
        0.07470668852329254,
        0.06705537438392639,
        0.15726879239082336,
        0.16287583112716675,
        0.038427021354436874,
        0.15071333944797516,
        0.14420616626739502,
        0.06384343653917313,
        0.058584414422512054,
        0.08572009950876236,
        0.10209591686725616,
        0.059016428887844086,
        0.16947665810585022,
        0.05713553726673126,
        0.09545467048883438,
        0.05187634006142616,
        0.0911899283528328,
        0.029942240566015244,
        0.03436247259378433,
        0.1195862665772438,
        0.0478750504553318,
        0.16721342504024506,
        0.08385399729013443,
        0.10856038331985474,
        0.06140267476439476,
        0.015269008465111256,
        0.09592971950769424,
        0.06464041024446487,
        0.10717069357633591,
        0.14372456073760986,
        0.10515566915273666,
        0.14256738126277924,
        0.02353665977716446,
        0.2635582983493805,
        0.13138534128665924,
        0.05158473551273346,
        0.3942403495311737,
        0.06994640082120895,
        0.10835801064968109,
        0.11493049561977386,
        0.13575425744056702,
        0.1698276549577713,
        0.06629190593957901,
        0.09796534478664398,
        0.06729164719581604,
        0.09544307738542557,
        0.17513683438301086,
        0.05962776765227318,
        0.12586377561092377,
        0.15846431255340576,
        0.23046205937862396,
        0.040572699159383774,
        0.050969548523426056,
        0.1535680890083313,
        0.05430306866765022,
        0.15636885166168213,
        0.06049157306551933,
        0.05474558472633362,
        0.047629695385694504,
        0.14195731282234192,
        0.15661682188510895,
        0.13614363968372345,
        0.029791928827762604,
        0.12241466343402863,
        0.0225400160998106,
        0.08020851761102676,
        0.050606101751327515,
        0.20907209813594818,
        0.1193908229470253,
        0.12030454725027084
    ],
    "stu_test_loss": [
        0.4641118049621582,
        0.43410199880599976,
        0.4132276475429535,
        0.4406029284000397,
        0.5481228232383728,
        0.45045992732048035,
        0.4428172707557678,
        0.37799835205078125,
        0.49284613132476807,
        0.5236998200416565,
        0.4386773705482483,
        0.46899133920669556,
        0.5067574977874756,
        0.43838781118392944,
        0.4248899221420288,
        0.488910049200058,
        0.5960217714309692,
        0.4923393428325653,
        0.4273747503757477,
        0.562584400177002,
        0.5278512239456177,
        0.5515257716178894,
        0.5663540363311768,
        0.48537367582321167,
        0.5493173003196716,
        0.5129678845405579,
        0.4770374894142151,
        0.44800329208374023,
        0.36912789940834045,
        0.4726055860519409,
        0.5031261444091797,
        0.38850051164627075,
        0.38850152492523193,
        0.4535309970378876,
        0.3831900954246521,
        0.45693954825401306,
        0.4485233426094055,
        0.5183526277542114,
        0.5397564172744751,
        0.4649063050746918,
        0.5292007923126221,
        0.4348389506340027,
        0.647407591342926,
        0.412849485874176,
        0.4947180151939392,
        0.4425027370452881,
        0.4187856912612915,
        0.4509428143501282,
        0.49779653549194336,
        0.38228559494018555,
        0.35281607508659363,
        0.4269335865974426,
        0.3933464586734772,
        0.35823383927345276,
        0.37580764293670654,
        0.3839564323425293,
        0.4475879967212677,
        0.4674190282821655,
        0.3860076069831848,
        0.506874680519104,
        0.6096304059028625,
        0.8272249698638916,
        0.36536529660224915,
        0.3678717315196991,
        0.3747793436050415,
        0.6279662251472473,
        0.5912681221961975,
        0.5114094614982605,
        0.37305888533592224,
        0.35303303599357605,
        0.3554419279098511,
        0.36146262288093567,
        0.4353755712509155,
        0.3754330575466156,
        0.3993222117424011,
        0.3718084394931793,
        0.3691829442977905,
        0.3709353804588318,
        0.4655466675758362,
        0.4298015534877777,
        0.41332143545150757,
        0.39431652426719666,
        0.5179687142372131,
        0.5178087949752808,
        0.3534291088581085,
        0.35388851165771484,
        0.3609674572944641,
        0.3569225072860718,
        0.3749065101146698,
        0.3627164661884308,
        0.5059299468994141,
        0.36748823523521423,
        0.36400648951530457,
        0.3585129678249359,
        0.36484330892562866,
        0.3849601149559021,
        0.7608299255371094,
        0.4687035083770752,
        0.39246320724487305,
        0.4167400598526001
    ],
    "stu_train_acc": [
        0.9899999499320984,
        0.9799999594688416,
        0.9899999499320984,
        0.9799999594688416,
        0.949999988079071,
        0.9699999690055847,
        0.9899999499320984,
        0.9599999785423279,
        0.9699999690055847,
        0.9699999690055847,
        0.9799999594688416,
        0.9699999690055847,
        0.949999988079071,
        0.9799999594688416,
        0.949999988079071,
        0.9899999499320984,
        0.9799999594688416,
        0.9899999499320984,
        0.9699999690055847,
        0.9899999499320984,
        0.9899999499320984,
        0.9599999785423279,
        0.9799999594688416,
        0.9599999785423279,
        0.9699999690055847,
        0.9699999690055847,
        0.9699999690055847,
        1.0,
        0.9599999785423279,
        0.9699999690055847,
        0.9699999690055847,
        0.949999988079071,
        0.949999988079071,
        0.9799999594688416,
        1.0,
        0.9199999570846558,
        0.949999988079071,
        0.9899999499320984,
        0.9300000071525574,
        0.9799999594688416,
        0.949999988079071,
        0.949999988079071,
        0.949999988079071,
        0.9699999690055847,
        0.9799999594688416,
        0.9699999690055847,
        0.9699999690055847,
        0.9799999594688416,
        0.9399999976158142,
        0.9799999594688416,
        0.9699999690055847,
        0.9399999976158142,
        0.9599999785423279,
        0.9799999594688416,
        0.9899999499320984,
        0.9699999690055847,
        0.9899999499320984,
        0.949999988079071,
        0.9799999594688416,
        0.9899999499320984,
        0.9799999594688416,
        0.949999988079071,
        0.9399999976158142,
        0.949999988079071,
        0.9899999499320984,
        0.9799999594688416,
        1.0,
        0.9799999594688416,
        0.9799999594688416,
        0.949999988079071,
        0.949999988079071,
        0.9574467539787292
    ],