{
    "stu_train_loss": [
        0.1424054652452469,
        0.06917921453714371,
        0.019695470109581947,
        0.06716380268335342,
        0.1351165920495987,
        0.08071088045835495,
        0.08309712260961533,
        0.049286384135484695,
        0.0548747293651104,
        0.09423358738422394,
        0.13967184722423553,
        0.0657745897769928,
        0.08960185945034027,
        0.07977093756198883,
        0.16012033820152283,
        0.19707106053829193,
        0.19270938634872437,
        0.030569588765501976,
        0.17449478805065155,
        0.1451515555381775,
        0.12235209345817566,
        0.0795411616563797,
        0.048630401492118835,
        0.09096464514732361,
        0.15455442667007446,
        0.10412123799324036,
        0.14318342506885529,
        0.06691371649503708,
        0.08797293901443481,
        0.14372007548809052,
        0.09391944110393524,
        0.06160435825586319,
        0.11502084881067276,
        0.05944792926311493,
        0.13945738971233368,
        0.17915016412734985,
        0.08745691925287247,
        0.16473186016082764,
        0.1311974823474884,
        0.04794701188802719,
        0.12356709688901901,
        0.2255133092403412,
        0.15677575767040253,
        0.06501349061727524,
        0.08737720549106598,
        0.1043008491396904,
        0.14032839238643646,
        0.15043391287326813,
        0.20826545357704163,
        0.11228621751070023,
        0.06362229585647583,
        0.09990337491035461,
        0.15399962663650513,
        0.25456735491752625,
        0.06449007987976074,
        0.17131254076957703,
        0.09361964464187622,
        0.08613085001707077,
        0.03975699841976166,
        0.1883997917175293,
        0.1158064678311348,
        0.08375273644924164,
        0.12024401873350143,
        0.12618562579154968,
        0.08505936712026596,
        0.06241270527243614,
        0.14080959558486938,
        0.08157399296760559,
        0.0973498597741127,
        0.14756660163402557,
        0.078111931681633,
        0.17673341929912567
    ],
    "stu_test_loss": [
        0.43679729104042053,
        0.42580491304397583,
        0.38730189204216003,
        0.4314851760864258,
        0.522122323513031,
        0.40731656551361084,
        0.5090546607971191,
        0.42283666133880615,
        0.4127041697502136,
        0.5010467767715454,
        0.4122442603111267,
        0.44646987318992615,
        0.5135684013366699,
        0.4192606210708618,
        0.41846656799316406,
        0.3838060200214386,
        0.4933377504348755,
        0.45105791091918945,
        0.4008592367172241,
        0.47905367612838745,
        0.5732613205909729,
        0.562025249004364,
        0.41916587948799133,
        0.40363413095474243,
        0.4713512659072876,
        0.5071983933448792,
        0.4488527774810791,
        0.4452178478240967,
        0.444193959236145,
        0.42389219999313354,
        0.4698745608329773,
        0.40020376443862915,
        0.41169196367263794,
        0.4051288366317749,
        0.3899706304073334,
        0.4286379814147949,
        0.36636868119239807,
        0.5839099884033203,
        0.47600221633911133,
        0.5055294632911682,
        0.4018031358718872,
        0.4434565603733063,
        0.6245323419570923,
        0.3909129202365875,
        0.45712703466415405,
        0.405033677816391,
        0.4042551517486572,
        0.3551589548587799,
        0.45107948780059814,
        0.42694318294525146,
        0.3220788836479187,
        0.37578994035720825,
        0.360305517911911,
        0.3196714222431183,
        0.38086408376693726,
        0.3467382490634918,
        0.500984787940979,
        0.42412295937538147,
        0.4020429253578186,
        0.5690518617630005,
        0.42071786522865295,
        0.4997309148311615,
        0.3137339651584625,
        0.3460184931755066,
        0.340530663728714,
        0.6708275675773621,
        0.5651133060455322,
        0.42388400435447693,
        0.3347455561161041,
        0.3245183229446411,
        0.32085293531417847,
        0.3427830934524536,
        0.3842121660709381,
        0.3301958441734314,
        0.3971789479255676,
        0.35184746980667114,
        0.34720683097839355,
        0.3491203188896179,
        0.3494735360145569,
        0.3396494686603546,
        0.45395106077194214,
        0.3620547354221344,
        0.41296154260635376,
        0.386616051197052,
        0.34337106347084045,
        0.3750312328338623,
        0.33909982442855835,
        0.3213702440261841,
        0.3243618905544281,
        0.33109739422798157,
        0.36315178871154785,
        0.33617547154426575,
        0.3359162509441376,
        0.32972559332847595,
        0.3442395031452179,
        0.3853567838668823,
        0.8291087746620178,
        0.5597984790802002,
        0.41950371861457825,
        0.40792182087898254
    ],
    "stu_train_acc": [
        0.9599999785423279,
        0.9799999594688416,
        1.0,
        0.9799999594688416,
        0.9599999785423279,
        0.9899999499320984,
        0.9799999594688416,
        0.9899999499320984,
        0.9799999594688416,
        0.9799999594688416,
        0.9699999690055847,
        0.9699999690055847,
        0.9799999594688416,
        0.9799999594688416,
        0.9399999976158142,
        0.949999988079071,
        0.9399999976158142,
        0.9899999499320984,
        0.9399999976158142,
        0.9699999690055847,
        0.9699999690055847,
        0.9699999690055847,
        0.9899999499320984,
        0.9599999785423279,
        0.9599999785423279,
        0.9599999785423279,
        0.9699999690055847,
        0.9799999594688416,
        0.9699999690055847,
        0.9699999690055847,
        0.9699999690055847,
        0.9899999499320984,
        0.9699999690055847,
        0.9799999594688416,
        0.9599999785423279,
        0.949999988079071,
        0.9599999785423279,
        0.9399999976158142,
        0.9699999690055847,
        0.9799999594688416,
        0.9699999690055847,
        0.9399999976158142,
        0.9599999785423279,
        0.9799999594688416,
        0.9699999690055847,
        0.9799999594688416,
        0.9699999690055847,
        0.9399999976158142,
        0.949999988079071,
        0.9399999976158142,
        0.9799999594688416,
        0.9699999690055847,
        0.9399999976158142,
        0.9199999570846558,
        0.9799999594688416,
        0.9599999785423279,
        0.9799999594688416,
        0.9799999594688416,
        0.9899999499320984,
        0.9399999976158142,
        0.9599999785423279,
        0.9699999690055847,
        0.949999988079071,
        0.9699999690055847,
        0.9799999594688416,
        0.9699999690055847,
        0.9699999690055847,
        0.9599999785423279,
        0.9799999594688416,
        0.9699999690055847,
        0.9799999594688416,
        0.9574467539787292
    ],