{
    "stu_train_loss": [
        2.159079074859619,
        2.154263734817505,
        2.1371676921844482,
        2.1434319019317627,
        2.1471822261810303,
        2.1460890769958496,
        2.1502726078033447,
        2.1574552059173584,
        2.176149845123291,
        2.135913133621216,
        2.1374082565307617,
        2.144589900970459,
        2.1424388885498047,
        2.1218645572662354,
        2.129856824874878,
        2.10477876663208,
        2.1169590950012207,
        2.142129898071289,
        2.1172902584075928,
        2.123629570007324,
        2.10335373878479,
        2.1520469188690186,
        2.1093294620513916,
        2.1174166202545166,
        2.101262331008911,
        2.1181821823120117,
        2.112300157546997,
        2.09964656829834,
        2.0838680267333984,
        2.0816104412078857,
        2.0943973064422607,
        2.088421106338501,
        2.0801331996917725,
        2.0845460891723633,
        2.094365358352661,
        2.083428144454956,
        2.0897228717803955,
        2.08248233795166,
        2.081465721130371,
        2.0803894996643066,
        2.09340500831604,
        2.038940668106079,
        2.0480525493621826,
        2.065943956375122,
        2.064361572265625,
        2.0668697357177734,
        2.0562682151794434,
        2.0461089611053467,
        2.031728744506836,
        2.052853584289551,
        2.0399603843688965,
        2.0373129844665527,
        2.0425002574920654,
        2.061776638031006,
        2.046243667602539,
        2.0224084854125977,
        2.023188591003418,
        1.9985467195510864,
        2.041259288787842,
        1.9984478950500488,
        2.0390093326568604,
        2.024822473526001,
        1.9834612607955933,
        1.929414987564087,
        1.9380155801773071,
        1.9670584201812744,
        1.995679497718811,
        1.9269331693649292,
        1.9834121465682983,
        2.0213704109191895,
        1.9455289840698242,
        1.9848788976669312
    ],
    "stu_test_loss": [
        2.041722297668457,
        2.045029640197754,
        2.0690484046936035,
        2.044156074523926,
        2.0948355197906494,
        2.0935158729553223,
        2.102109670639038,
        2.0346739292144775,
        2.0900700092315674,
        2.0359129905700684,
        2.056563377380371,
        2.110919952392578,
        2.0956287384033203,
        2.045846462249756,
        2.125256299972534,
        2.098360776901245,
        2.0867936611175537,
        2.0415546894073486,
        2.057265520095825,
        2.1054959297180176,
        2.0842082500457764,
        2.1223843097686768,
        2.046717405319214,
        2.0600929260253906,
        2.0962090492248535,
        2.0830533504486084,
        2.1006405353546143,
        2.0818729400634766,
        2.0743889808654785,
        2.102759599685669,
        2.064446449279785,
        2.086177349090576,
        2.0302252769470215,
        2.125927686691284,
        2.0376017093658447,
        2.103969097137451,
        2.052037239074707,
        2.090709924697876,
        2.1339542865753174,
        2.0866191387176514,
        2.0400495529174805,
        2.070704698562622,
        2.099130630493164,
        2.103583574295044,
        2.1384084224700928,
        2.0660400390625,
        2.0635766983032227,
        2.0912368297576904,
        2.078028440475464,
        2.0501842498779297,
        2.039975643157959,
        2.068662643432617,
        2.0590250492095947,
        2.0471746921539307,
        2.0142605304718018,
        2.0252864360809326,
        2.0515756607055664,
        2.090658664703369,
        2.0790441036224365,
        2.079730272293091,
        2.079359292984009,
        2.0572657585144043,
        2.04582142829895,
        2.0361013412475586,
        2.0569467544555664,
        2.097853899002075,
        2.063040256500244,
        2.071338653564453,
        2.0516810417175293,
        2.0344951152801514,
        2.040930986404419,
        2.0506906509399414,
        2.0453925132751465,
        2.041809320449829,
        2.087054491043091,
        2.0695931911468506,
        2.050441026687622,
        2.0742621421813965,
        2.0569605827331543,
        2.052685499191284,
        2.0635673999786377,
        2.091083526611328,
        2.1103618144989014,
        2.095086097717285,
        2.0574305057525635,
        2.049936532974243,
        2.034173011779785,
        2.008598804473877,
        2.0580289363861084,
        2.0439562797546387,
        2.089275598526001,
        2.0538723468780518,
        2.0515618324279785,
        2.052961826324463,
        2.0531930923461914,
        2.045454978942871,
        2.1092543601989746,
        2.0761446952819824,
        2.077378988265991,
        2.059800148010254
    ],
    "stu_train_acc": [
        0.3400000035762787,
        0.3100000023841858,
        0.41999998688697815,
        0.44999998807907104,
        0.4399999976158142,
        0.41999998688697815,
        0.3799999952316284,
        0.38999998569488525,
        0.3499999940395355,
        0.4099999964237213,
        0.4599999785423279,
        0.35999998450279236,
        0.429999977350235,
        0.47999998927116394,
        0.4099999964237213,
        0.5099999904632568,
        0.4699999988079071,
        0.4399999976158142,
        0.429999977350235,
        0.41999998688697815,
        0.47999998927116394,
        0.3499999940395355,
        0.47999998927116394,
        0.41999998688697815,
        0.41999998688697815,
        0.429999977350235,
        0.3499999940395355,
        0.4699999988079071,
        0.5199999809265137,
        0.429999977350235,
        0.4699999988079071,
        0.44999998807907104,
        0.3999999761581421,
        0.4399999976158142,
        0.5099999904632568,
        0.429999977350235,
        0.3999999761581421,
        0.4699999988079071,
        0.4599999785423279,
        0.44999998807907104,
        0.4599999785423279,
        0.550000011920929,
        0.44999998807907104,
        0.44999998807907104,
        0.4599999785423279,
        0.4699999988079071,
        0.4899999797344208,
        0.429999977350235,
        0.4899999797344208,
        0.3999999761581421,
        0.5399999618530273,
        0.4399999976158142,
        0.5,
        0.5199999809265137,
        0.4599999785423279,
        0.4899999797344208,
        0.5,
        0.5099999904632568,
        0.4399999976158142,
        0.550000011920929,
        0.429999977350235,
        0.4699999988079071,
        0.5399999618530273,
        0.5600000023841858,
        0.5199999809265137,
        0.5399999618530273,
        0.4699999988079071,
        0.6299999952316284,
        0.5,
        0.429999977350235,
        0.5899999737739563,
        0.542553186416626
    ],