{
    "stu_train_loss": [
        0.08736869692802429,
        0.11787114292383194,
        0.111229807138443,
        0.0696919783949852,
        0.1630241572856903,
        0.027963556349277496,
        0.0446748249232769,
        0.2390620857477188,
        0.17534519731998444,
        0.1680629700422287,
        0.07439645379781723,
        0.06842304021120071,
        0.1250239908695221,
        0.1478554755449295,
        0.03403015434741974,
        0.09991784393787384,
        0.10234828293323517,
        0.02390408329665661,
        0.17521068453788757,
        0.196827232837677,
        0.1484169214963913,
        0.05690407752990723,
        0.10705161094665527,
        0.16208729147911072,
        0.08231160789728165,
        0.25469082593917847,
        0.12357998639345169,
        0.09912343323230743,
        0.10007090866565704,
        0.11180271208286285,
        0.13579988479614258,
        0.11351147294044495,
        0.1780683398246765,
        0.1609112024307251,
        0.04701092094182968,
        0.08173353970050812,
        0.04835604131221771,
        0.11724237352609634,
        0.08953030407428741,
        0.07270598411560059,
        0.07172460854053497,
        0.11635266244411469,
        0.19354988634586334,
        0.1757890284061432,
        0.15694300830364227,
        0.0875057503581047,
        0.20031028985977173,
        0.12761856615543365,
        0.0549846887588501,
        0.07972793281078339,
        0.24227899312973022,
        0.1025761067867279,
        0.0681859478354454,
        0.13222675025463104,
        0.15081869065761566,
        0.12314708530902863,
        0.037854887545108795,
        0.07974245399236679,
        0.07834283262491226,
        0.19210515916347504,
        0.06925893574953079,
        0.16412000358104706,
        0.12537933886051178,
        0.03238212689757347,
        0.09395758807659149,
        0.035308588296175,
        0.15175360441207886,
        0.032266050577163696,
        0.08172506093978882,
        0.12432362884283066,
        0.056494660675525665,
        0.10802924633026123
    ],
    "stu_test_loss": [
        0.501703143119812,
        0.4614342749118805,
        0.4301302433013916,
        0.4510418474674225,
        0.4928455948829651,
        0.49706897139549255,
        0.4540891647338867,
        0.41630110144615173,
        0.5273044109344482,
        0.47839459776878357,
        0.4454111158847809,
        0.5354634523391724,
        0.5523033142089844,
        0.44060033559799194,
        0.43131279945373535,
        0.4943963885307312,
        0.5079345107078552,
        0.502782940864563,
        0.45061853528022766,
        0.5471321940422058,
        0.5516554117202759,
        0.6295336484909058,
        0.5278376340866089,
        0.4775334298610687,
        0.505363941192627,
        0.5342817902565002,
        0.47005176544189453,
        0.43006670475006104,
        0.3925063908100128,
        0.4927161931991577,
        0.5219545364379883,
        0.4014684855937958,
        0.36205509305000305,
        0.4859429597854614,
        0.4258238971233368,
        0.4461085796356201,
        0.46105021238327026,
        0.5334293842315674,
        0.5514018535614014,
        0.4890974760055542,
        0.46753281354904175,
        0.4656231701374054,
        0.6612926721572876,
        0.41379475593566895,
        0.4896696209907532,
        0.45049571990966797,
        0.4747254252433777,
        0.4542563557624817,
        0.47331029176712036,
        0.43799805641174316,
        0.33573710918426514,
        0.4226617217063904,
        0.37421584129333496,
        0.33375102281570435,
        0.37226003408432007,
        0.37996038794517517,
        0.5359547138214111,
        0.43068334460258484,
        0.3786918520927429,
        0.5125105381011963,
        0.574116051197052,
        0.7893184423446655,
        0.34333425760269165,
        0.3474389314651489,
        0.37763309478759766,
        0.8056454658508301,
        0.6595288515090942,
        0.4803435206413269,
        0.3663710057735443,
        0.34431594610214233,
        0.3347715735435486,
        0.3547629117965698,
        0.41960301995277405,
        0.384803831577301,
        0.3955531120300293,
        0.373899906873703,
        0.35694193840026855,
        0.3651283085346222,
        0.41605621576309204,
        0.380540132522583,
        0.41974931955337524,
        0.41785305738449097,
        0.5044792890548706,
        0.5252422094345093,
        0.36741840839385986,
        0.3455831706523895,
        0.3455618917942047,
        0.33818572759628296,
        0.3629170060157776,
        0.35099637508392334,
        0.45006871223449707,
        0.35202935338020325,
        0.36734887957572937,
        0.3538285493850708,
        0.3540198802947998,
        0.4225546717643738,
        0.811469554901123,
        0.46384191513061523,
        0.3817717432975769,
        0.4090542197227478
    ],
    "stu_train_acc": [
        0.9599999785423279,
        0.9599999785423279,
        0.9799999594688416,
        0.9599999785423279,
        0.9399999976158142,
        0.9899999499320984,
        0.9899999499320984,
        0.9399999976158142,
        0.9599999785423279,
        0.949999988079071,
        0.9799999594688416,
        0.9799999594688416,
        0.949999988079071,
        0.9699999690055847,
        1.0,
        0.9799999594688416,
        0.9599999785423279,
        1.0,
        0.9399999976158142,
        0.9399999976158142,
        0.9599999785423279,
        0.9799999594688416,
        0.9699999690055847,
        0.949999988079071,
        0.9699999690055847,
        0.9199999570846558,
        0.9599999785423279,
        0.9699999690055847,
        0.9799999594688416,
        0.9699999690055847,
        0.9599999785423279,
        0.9599999785423279,
        0.949999988079071,
        0.9799999594688416,
        0.9899999499320984,
        0.9699999690055847,
        0.9799999594688416,
        0.949999988079071,
        0.9799999594688416,
        0.9699999690055847,
        0.9899999499320984,
        0.9599999785423279,
        0.9199999570846558,
        0.949999988079071,
        0.9699999690055847,
        0.9799999594688416,
        0.9699999690055847,
        0.9699999690055847,
        0.9799999594688416,
        0.9799999594688416,
        0.949999988079071,
        0.9699999690055847,
        0.9699999690055847,
        0.9799999594688416,
        0.949999988079071,
        0.9599999785423279,
        0.9899999499320984,
        0.9899999499320984,
        0.9799999594688416,
        0.949999988079071,
        0.9799999594688416,
        0.949999988079071,
        0.9699999690055847,
        1.0,
        0.9699999690055847,
        0.9899999499320984,
        0.9399999976158142,
        1.0,
        0.9699999690055847,
        0.9399999976158142,
        0.9699999690055847,
        0.9787233471870422
    ],