{
    "stu_train_loss": [
        0.048909250646829605,
        0.11839213222265244,
        0.07297906279563904,
        0.09727010875940323,
        0.14677734673023224,
        0.08620482683181763,
        0.07560542225837708,
        0.14836034178733826,
        0.0776657983660698,
        0.0680675208568573,
        0.1319371461868286,
        0.09813011437654495,
        0.10565106570720673,
        0.09548436105251312,
        0.10274993628263474,
        0.08334959298372269,
        0.0868537649512291,
        0.24153143167495728,
        0.18841782212257385,
        0.10824090242385864,
        0.10583231598138809,
        0.049934111535549164,
        0.1612507700920105,
        0.1632757931947708,
        0.13730083405971527,
        0.1788010597229004,
        0.135401651263237,
        0.1449047476053238,
        0.13368509709835052,
        0.3313465118408203,
        0.17914821207523346,
        0.11674080789089203,
        0.17664657533168793,
        0.07901909202337265,
        0.18872027099132538,
        0.14814642071723938,
        0.18442659080028534,
        0.24392208456993103,
        0.10768014937639236,
        0.09490109235048294,
        0.12128563225269318,
        0.1766950488090515,
        0.2691439986228943,
        0.18430115282535553,
        0.14748750627040863,
        0.1336328387260437,
        0.23315873742103577,
        0.07946912199258804,
        0.11178593337535858,
        0.174923375248909,
        0.16186966001987457,
        0.1716313362121582,
        0.11751113086938858,
        0.2417803555727005,
        0.12483393400907516,
        0.09164989739656448,
        0.1650915890932083,
        0.13961055874824524,
        0.0674702599644661,
        0.0797094851732254,
        0.0961981937289238,
        0.09754765778779984,
        0.17280079424381256,
        0.07796292752027512,
        0.170252725481987,
        0.05845332145690918,
        0.10800530761480331,
        0.04582524299621582,
        0.11495722085237503,
        0.11097001284360886,
        0.046910759061574936,
        0.1376192718744278
    ],
    "stu_test_loss": [
        0.43162137269973755,
        0.39757871627807617,
        0.4075370132923126,
        0.39660215377807617,
        0.49541714787483215,
        0.4096915125846863,
        0.48042500019073486,
        0.38068825006484985,
        0.4677446484565735,
        0.5198275446891785,
        0.41514158248901367,
        0.42041128873825073,
        0.519238293170929,
        0.4052446186542511,
        0.3909580409526825,
        0.39689069986343384,
        0.5129704475402832,
        0.4654797315597534,
        0.3912551999092102,
        0.5212177038192749,
        0.4995623826980591,
        0.5712183713912964,
        0.46720075607299805,
        0.42285165190696716,
        0.46852317452430725,
        0.46315711736679077,
        0.4242106080055237,
        0.42917048931121826,
        0.37295418977737427,
        0.46413689851760864,
        0.4665423035621643,
        0.41248825192451477,
        0.3949027359485626,
        0.46891289949417114,
        0.3844608962535858,
        0.4218999147415161,
        0.3715299367904663,
        0.5346918702125549,
        0.49792054295539856,
        0.46075209975242615,
        0.45737677812576294,
        0.4209851920604706,
        0.5617490410804749,
        0.4137811064720154,
        0.4237724840641022,
        0.4175177216529846,
        0.4014829397201538,
        0.3881847858428955,
        0.4739009737968445,
        0.38377898931503296,
        0.32173070311546326,
        0.3730469346046448,
        0.36769381165504456,
        0.3307623267173767,
        0.3452230393886566,
        0.3339002728462219,
        0.4421497881412506,
        0.4151635468006134,
        0.4042726755142212,
        0.5813727974891663,
        0.4640752971172333,
        0.5461247563362122,
        0.3351076543331146,
        0.3353692293167114,
        0.34027838706970215,
        0.6984344720840454,
        0.5656449794769287,
        0.4196530878543854,
        0.3533795177936554,
        0.33590248227119446,
        0.3217138350009918,
        0.3348986804485321,
        0.37386375665664673,
        0.3479333519935608,
        0.38882195949554443,
        0.3592025637626648,
        0.34326112270355225,
        0.36630529165267944,
        0.38114696741104126,
        0.3871128559112549,
        0.45036500692367554,
        0.3820679783821106,
        0.4503951072692871,
        0.4545459747314453,
        0.35855281352996826,
        0.3512508273124695,
        0.339362233877182,
        0.3289230763912201,
        0.3513934910297394,
        0.33562713861465454,
        0.44293513894081116,
        0.3526569902896881,
        0.34349122643470764,
        0.35096275806427,
        0.33808693289756775,
        0.36522769927978516,
        0.6862847805023193,
        0.5092554092407227,
        0.38318532705307007,
        0.3991714417934418
    ],
    "stu_train_acc": [
        0.9799999594688416,
        0.9799999594688416,
        0.9799999594688416,
        0.9699999690055847,
        0.949999988079071,
        0.9699999690055847,
        0.9699999690055847,
        0.9699999690055847,
        0.9799999594688416,
        0.9799999594688416,
        0.9699999690055847,
        0.9699999690055847,
        0.9300000071525574,
        0.9599999785423279,
        0.9799999594688416,
        0.9799999594688416,
        0.9799999594688416,
        0.949999988079071,
        0.9399999976158142,
        0.9699999690055847,
        0.9699999690055847,
        0.9899999499320984,
        0.9300000071525574,
        0.949999988079071,
        0.9599999785423279,
        0.9300000071525574,
        0.9399999976158142,
        0.9699999690055847,
        0.9699999690055847,
        0.9099999666213989,
        0.949999988079071,
        0.9599999785423279,
        0.9699999690055847,
        0.9699999690055847,
        0.949999988079071,
        0.949999988079071,
        0.9399999976158142,
        0.9300000071525574,
        0.9599999785423279,
        0.9699999690055847,
        0.9599999785423279,
        0.9599999785423279,
        0.9399999976158142,
        0.9599999785423279,
        0.9300000071525574,
        0.9799999594688416,
        0.9599999785423279,
        0.9799999594688416,
        0.9699999690055847,
        0.9399999976158142,
        0.949999988079071,
        0.9399999976158142,
        0.9799999594688416,
        0.9399999976158142,
        0.9699999690055847,
        0.9899999499320984,
        0.9199999570846558,
        0.9599999785423279,
        0.9899999499320984,
        0.9799999594688416,
        0.9699999690055847,
        0.9699999690055847,
        0.9599999785423279,
        0.9799999594688416,
        0.9399999976158142,
        0.9899999499320984,
        0.9699999690055847,
        1.0,
        0.9799999594688416,
        0.9699999690055847,
        0.9899999499320984,
        0.9680850505828857
    ],