{
    "stu_train_loss": [
        0.18018068373203278,
        0.13817410171031952,
        0.04207862541079521,
        0.11491116881370544,
        0.03311729058623314,
        0.15296314656734467,
        0.1343701332807541,
        0.07803045958280563,
        0.08051857352256775,
        0.03466133028268814,
        0.1298963874578476,
        0.06258386373519897,
        0.1480032354593277,
        0.10023340582847595,
        0.04376837611198425,
        0.12863606214523315,
        0.09433852881193161,
        0.2164812833070755,
        0.08956926316022873,
        0.2547938823699951,
        0.19568471610546112,
        0.1404227763414383,
        0.03906978294253349,
        0.06338915973901749,
        0.19469209015369415,
        0.13455627858638763,
        0.17596538364887238,
        0.13095590472221375,
        0.036886874586343765,
        0.12611965835094452,
        0.05029377341270447,
        0.08221526443958282,
        0.03982466831803322,
        0.09027786552906036,
        0.13708238303661346,
        0.12114869803190231,
        0.060992222279310226,
        0.05280125141143799,
        0.03956739977002144,
        0.1371384561061859,
        0.16091229021549225,
        0.16343915462493896,
        0.08059453964233398,
        0.021651770919561386,
        0.048377491533756256,
        0.06404951959848404,
        0.13033251464366913,
        0.11214116215705872,
        0.039225444197654724,
        0.05642743408679962,
        0.11572985351085663,
        0.12617000937461853,
        0.10529746860265732,
        0.07767705619335175,
        0.07031185179948807,
        0.06758414953947067,
        0.11622197926044464,
        0.14647118747234344,
        0.07293270528316498,
        0.14654096961021423,
        0.07641918212175369,
        0.10804227739572525,
        0.13151532411575317,
        0.17512668669223785,
        0.08539721369743347,
        0.09712643921375275,
        0.03742646053433418,
        0.08979225158691406,
        0.0636630430817604,
        0.19911150634288788,
        0.044173210859298706,
        0.12251491844654083
    ],
    "stu_test_loss": [
        0.49562764167785645,
        0.41282016038894653,
        0.4970305562019348,
        0.4554564356803894,
        0.5570701360702515,
        0.4688437581062317,
        0.5079190135002136,
        0.39644187688827515,
        0.4590594172477722,
        0.5314880609512329,
        0.4432581067085266,
        0.5298811197280884,
        0.5404402017593384,
        0.4233148992061615,
        0.4551096260547638,
        0.4309382736682892,
        0.5469433069229126,
        0.5208219289779663,
        0.3926459550857544,
        0.5003267526626587,
        0.5618971586227417,
        0.5945574045181274,
        0.43441078066825867,
        0.4366351068019867,
        0.527803897857666,
        0.5335546135902405,
        0.446346640586853,
        0.41218990087509155,
        0.42335978150367737,
        0.48333680629730225,
        0.4695814847946167,
        0.4274190664291382,
        0.48510316014289856,
        0.46892717480659485,
        0.39928102493286133,
        0.4228942394256592,
        0.38533222675323486,
        0.5885879993438721,
        0.5262213349342346,
        0.43517032265663147,
        0.47242334485054016,
        0.5271775722503662,
        0.5663698315620422,
        0.4713550806045532,
        0.4950353503227234,
        0.4203028380870819,
        0.4152545630931854,
        0.43288454413414,
        0.4750046730041504,
        0.4328458905220032,
        0.33398228883743286,
        0.3968755006790161,
        0.3796941339969635,
        0.3329913318157196,
        0.40743762254714966,
        0.36147353053092957,
        0.42360183596611023,
        0.4343807101249695,
        0.414109468460083,
        0.6235496997833252,
        0.5364910364151001,
        0.6182529926300049,
        0.3317365348339081,
        0.34671083092689514,
        0.3529297411441803,
        0.7708001136779785,
        0.5900163054466248,
        0.4531480073928833,
        0.3653032183647156,
        0.3259143531322479,
        0.33032429218292236,
        0.37370675802230835,
        0.3897154927253723,
        0.3451220691204071,
        0.36585861444473267,
        0.3592450022697449,
        0.38304436206817627,
        0.356801837682724,
        0.39649373292922974,
        0.3670731782913208,
        0.5308871269226074,
        0.4066771864891052,
        0.46305733919143677,
        0.4503708481788635,
        0.35394495725631714,
        0.37033525109291077,
        0.3633534610271454,
        0.33398646116256714,
        0.3476741909980774,
        0.3375745713710785,
        0.39254340529441833,
        0.3550014793872833,
        0.34554851055145264,
        0.34373801946640015,
        0.3657514750957489,
        0.5027128458023071,
        0.9401139616966248,
        0.5447344779968262,
        0.45862066745758057,
        0.44238346815109253
    ],
    "stu_train_acc": [
        0.9399999976158142,
        0.9599999785423279,
        0.9799999594688416,
        0.9599999785423279,
        1.0,
        0.9399999976158142,
        0.9599999785423279,
        0.9599999785423279,
        0.9599999785423279,
        0.9899999499320984,
        0.9799999594688416,
        0.9899999499320984,
        0.9699999690055847,
        0.9699999690055847,
        0.9799999594688416,
        0.9599999785423279,
        0.9699999690055847,
        0.9599999785423279,
        0.9799999594688416,
        0.9399999976158142,
        0.9599999785423279,
        0.9599999785423279,
        0.9899999499320984,
        0.9799999594688416,
        0.949999988079071,
        0.9799999594688416,
        0.9399999976158142,
        0.9699999690055847,
        0.9899999499320984,
        0.949999988079071,
        0.9899999499320984,
        0.9799999594688416,
        0.9799999594688416,
        0.9699999690055847,
        0.9399999976158142,
        0.9599999785423279,
        0.9899999499320984,
        0.9799999594688416,
        0.9899999499320984,
        0.9399999976158142,
        0.9399999976158142,
        0.949999988079071,
        0.9799999594688416,
        1.0,
        0.9899999499320984,
        0.9699999690055847,
        0.949999988079071,
        0.9699999690055847,
        0.9899999499320984,
        1.0,
        0.9799999594688416,
        0.9799999594688416,
        0.9699999690055847,
        0.9799999594688416,
        0.9799999594688416,
        0.9899999499320984,
        0.9699999690055847,
        0.9599999785423279,
        0.9799999594688416,
        0.949999988079071,
        0.9799999594688416,
        0.9799999594688416,
        0.949999988079071,
        0.9399999976158142,
        0.9899999499320984,
        0.9599999785423279,
        1.0,
        0.9799999594688416,
        0.9799999594688416,
        0.9399999976158142,
        0.9799999594688416,
        0.9680850505828857
    ],