{
    "stu_train_loss": [
        0.014352584257721901,
        0.0843985453248024,
        0.14099374413490295,
        0.0701807513833046,
        0.12462238222360611,
        0.10326000303030014,
        0.014813294634222984,
        0.15010665357112885,
        0.13205446302890778,
        0.06220991909503937,
        0.046625398099422455,
        0.058320727199316025,
        0.128467857837677,
        0.23555095493793488,
        0.07939454913139343,
        0.02877761423587799,
        0.185734823346138,
        0.150788351893425,
        0.1587236523628235,
        0.1282888948917389,
        0.1444949507713318,
        0.07639224827289581,
        0.1993575245141983,
        0.11167378723621368,
        0.16427528858184814,
        0.13126778602600098,
        0.0832698792219162,
        0.11042159050703049,
        0.06429773569107056,
        0.05084240436553955,
        0.18252906203269958,
        0.14844532310962677,
        0.07471588999032974,
        0.026299025863409042,
        0.0755724310874939,
        0.1883021742105484,
        0.29420605301856995,
        0.2060951292514801,
        0.06813596189022064,
        0.12431240826845169,
        0.11352855712175369,
        0.30158859491348267,
        0.08303125202655792,
        0.06806440651416779,
        0.12376564741134644,
        0.18116918206214905,
        0.09007535874843597,
        0.11113271117210388,
        0.13348449766635895,
        0.28774967789649963,
        0.18581286072731018,
        0.09317237883806229,
        0.11802097409963608,
        0.13052254915237427,
        0.161970317363739,
        0.11468515545129776,
        0.04291912168264389,
        0.0957193374633789,
        0.09350643306970596,
        0.056428708136081696,
        0.07688453048467636,
        0.06192515790462494,
        0.08432988822460175,
        0.08274779468774796,
        0.07254787534475327,
        0.04551369696855545,
        0.038028325885534286,
        0.12269680202007294,
        0.08407776057720184,
        0.0870923325419426,
        0.04060977324843407,
        0.14557690918445587
    ],
    "stu_test_loss": [
        0.4197404682636261,
        0.4238208830356598,
        0.40516147017478943,
        0.4377354383468628,
        0.5260971188545227,
        0.41213828325271606,
        0.4799118936061859,
        0.38939663767814636,
        0.4623056948184967,
        0.5240107178688049,
        0.3908807933330536,
        0.4547676742076874,
        0.4779368042945862,
        0.40536028146743774,
        0.3915359377861023,
        0.41668006777763367,
        0.5187939405441284,
        0.4718335270881653,
        0.3687911033630371,
        0.49689173698425293,
        0.5367021560668945,
        0.49400636553764343,
        0.5055680871009827,
        0.41268259286880493,
        0.49564987421035767,
        0.4499235153198242,
        0.37708979845046997,
        0.41364431381225586,
        0.3437750041484833,
        0.40149742364883423,
        0.438495397567749,
        0.3930545449256897,
        0.4238588213920593,
        0.42814376950263977,
        0.3714308738708496,
        0.4063524603843689,
        0.37158864736557007,
        0.5519275665283203,
        0.5290857553482056,
        0.442047655582428,
        0.42166587710380554,
        0.4181644916534424,
        0.5565906167030334,
        0.4429108500480652,
        0.4731437861919403,
        0.38696154952049255,
        0.389132022857666,
        0.4040027856826782,
        0.4582453966140747,
        0.3761432468891144,
        0.33226504921913147,
        0.3656902313232422,
        0.3706775903701782,
        0.3393724262714386,
        0.3526760935783386,
        0.3537597060203552,
        0.4235832989215851,
        0.3542216718196869,
        0.39817214012145996,
        0.6362000703811646,
        0.48893672227859497,
        0.5158190131187439,
        0.3377774655818939,
        0.3703787624835968,
        0.3549240827560425,
        0.6484212875366211,
        0.4980923533439636,
        0.3895867168903351,
        0.35889458656311035,
        0.3333418071269989,
        0.3348298966884613,
        0.33270353078842163,
        0.38150113821029663,
        0.36827337741851807,
        0.3388395607471466,
        0.3610914945602417,
        0.34723761677742004,
        0.3523809313774109,
        0.37361377477645874,
        0.42963409423828125,
        0.4985836148262024,
        0.3497367203235626,
        0.42618098855018616,
        0.4302513897418976,
        0.3389102816581726,
        0.3387072682380676,
        0.3680838644504547,
        0.34142741560935974,
        0.3587196469306946,
        0.34070855379104614,
        0.3983924388885498,
        0.36262133717536926,
        0.35079044103622437,
        0.35276901721954346,
        0.3453231751918793,
        0.351306676864624,
        0.663537323474884,
        0.5436679720878601,
        0.3850506544113159,
        0.40719074010849
    ],
    "stu_train_acc": [
        1.0,
        0.9799999594688416,
        0.9599999785423279,
        0.9799999594688416,
        0.9699999690055847,
        0.9599999785423279,
        1.0,
        0.9699999690055847,
        0.9699999690055847,
        0.9699999690055847,
        0.9899999499320984,
        0.9699999690055847,
        0.9799999594688416,
        0.9300000071525574,
        0.9799999594688416,
        0.9899999499320984,
        0.9599999785423279,
        0.9699999690055847,
        0.9699999690055847,
        0.9699999690055847,
        0.9399999976158142,
        0.9899999499320984,
        0.9300000071525574,
        0.9599999785423279,
        0.9599999785423279,
        0.9899999499320984,
        0.9799999594688416,
        0.9799999594688416,
        0.9799999594688416,
        0.9899999499320984,
        0.9399999976158142,
        0.9399999976158142,
        0.9799999594688416,
        1.0,
        0.9699999690055847,
        0.9599999785423279,
        0.9099999666213989,
        0.9300000071525574,
        0.9799999594688416,
        0.949999988079071,
        0.9799999594688416,
        0.8999999761581421,
        0.9799999594688416,
        0.9899999499320984,
        0.949999988079071,
        0.9599999785423279,
        0.9599999785423279,
        0.949999988079071,
        0.9699999690055847,
        0.9599999785423279,
        0.949999988079071,
        0.9599999785423279,
        0.9799999594688416,
        0.9799999594688416,
        0.9399999976158142,
        0.9399999976158142,
        0.9899999499320984,
        0.9899999499320984,
        0.9799999594688416,
        0.9799999594688416,
        0.9699999690055847,
        0.9899999499320984,
        0.9699999690055847,
        0.9699999690055847,
        0.9699999690055847,
        0.9799999594688416,
        0.9899999499320984,
        0.949999988079071,
        0.9799999594688416,
        0.9599999785423279,
        0.9899999499320984,
        0.9468084573745728
    ],