{
    "stu_train_loss": [
        2.272274971008301,
        2.273967981338501,
        2.2797651290893555,
        2.279555320739746,
        2.2782247066497803,
        2.2806928157806396,
        2.284973382949829,
        2.278815507888794,
        2.2793266773223877,
        2.2701776027679443,
        2.284313678741455,
        2.2720046043395996,
        2.2714645862579346,
        2.275738477706909,
        2.281540632247925,
        2.2712273597717285,
        2.2715566158294678,
        2.281188488006592,
        2.2709875106811523,
        2.2671005725860596,
        2.2731587886810303,
        2.271853446960449,
        2.280731201171875,
        2.275522232055664,
        2.2670223712921143,
        2.266308546066284,
        2.2704994678497314,
        2.2716920375823975,
        2.2679152488708496,
        2.263169288635254,
        2.2605764865875244,
        2.2685678005218506,
        2.269487142562866,
        2.264172315597534,
        2.258535861968994,
        2.2615625858306885,
        2.250927686691284,
        2.252612829208374,
        2.263946533203125,
        2.2523136138916016,
        2.251574993133545,
        2.2542169094085693,
        2.2462215423583984,
        2.2547709941864014,
        2.2455453872680664,
        2.261841058731079,
        2.2437562942504883,
        2.2480766773223877,
        2.2400612831115723,
        2.2426202297210693,
        2.2511985301971436,
        2.2326269149780273,
        2.2353079319000244,
        2.2425146102905273,
        2.233543634414673,
        2.243347644805908,
        2.238563299179077,
        2.2271928787231445,
        2.2385377883911133,
        2.2492377758026123,
        2.217090129852295,
        2.215219736099243,
        2.233762264251709,
        2.2199251651763916,
        2.2288122177124023,
        2.226331949234009,
        2.2325844764709473,
        2.2190358638763428,
        2.205406904220581,
        2.2047781944274902,
        2.210158348083496,
        2.2103965282440186
    ],
    "stu_test_loss": [
        2.2939584255218506,
        2.299802780151367,
        2.309890031814575,
        2.3035480976104736,
        2.3160650730133057,
        2.327794075012207,
        2.32090425491333,
        2.2943947315216064,
        2.320319890975952,
        2.300516128540039,
        2.303739309310913,
        2.324697971343994,
        2.31890606880188,
        2.298130750656128,
        2.3303565979003906,
        2.304490089416504,
        2.3223791122436523,
        2.3002164363861084,
        2.307126522064209,
        2.3203728199005127,
        2.3182504177093506,
        2.332987070083618,
        2.294313907623291,
        2.2914927005767822,
        2.3180601596832275,
        2.316932439804077,
        2.3204522132873535,
        2.3101234436035156,
        2.3064191341400146,
        2.324676275253296,
        2.3072476387023926,
        2.3259501457214355,
        2.2911696434020996,
        2.324868679046631,
        2.2906150817871094,
        2.321697235107422,
        2.302586555480957,
        2.326291561126709,
        2.334587335586548,
        2.3153436183929443,
        2.30302095413208,
        2.306898832321167,
        2.3158881664276123,
        2.3282384872436523,
        2.327949285507202,
        2.3032584190368652,
        2.2983040809631348,
        2.32250714302063,
        2.31803560256958,
        2.297222852706909,
        2.286670207977295,
        2.3108112812042236,
        2.3000435829162598,
        2.284801721572876,
        2.285041570663452,
        2.291773557662964,
        2.3018102645874023,
        2.3070898056030273,
        2.3123960494995117,
        2.302349328994751,
        2.313093900680542,
        2.3006255626678467,
        2.294527053833008,
        2.292287588119507,
        2.289339303970337,
        2.3157799243927,
        2.2927446365356445,
        2.303701639175415,
        2.296251058578491,
        2.2833034992218018,
        2.286623954772949,
        2.296154737472534,
        2.2939066886901855,
        2.2888200283050537,
        2.302557945251465,
        2.307145595550537,
        2.3083603382110596,
        2.3054394721984863,
        2.2953197956085205,
        2.3028030395507812,
        2.2963850498199463,
        2.3108317852020264,
        2.316927671432495,
        2.3105263710021973,
        2.3073043823242188,
        2.3012924194335938,
        2.3002049922943115,
        2.2789580821990967,
        2.3003509044647217,
        2.3011045455932617,
        2.3070991039276123,
        2.311772108078003,
        2.3023128509521484,
        2.305325746536255,
        2.3046720027923584,
        2.301910877227783,
        2.309861660003662,
        2.3129618167877197,
        2.3056881427764893,
        2.298060894012451
    ],
    "stu_train_acc": [
        0.22999998927116394,
        0.22999998927116394,
        0.17999999225139618,
        0.19999998807907104,
        0.1899999976158142,
        0.17000000178813934,
        0.14000000059604645,
        0.1899999976158142,
        0.17000000178813934,
        0.26999998092651367,
        0.14999999105930328,
        0.17000000178813934,
        0.1899999976158142,
        0.14000000059604645,
        0.1599999964237213,
        0.26999998092651367,
        0.22999998927116394,
        0.14000000059604645,
        0.19999998807907104,
        0.22999998927116394,
        0.23999999463558197,
        0.17999999225139618,
        0.20999999344348907,
        0.22999998927116394,
        0.2800000011920929,
        0.25,
        0.20999999344348907,
        0.22999998927116394,
        0.2800000011920929,
        0.25999999046325684,
        0.25999999046325684,
        0.29999998211860657,
        0.26999998092651367,
        0.3100000023841858,
        0.28999999165534973,
        0.23999999463558197,
        0.3400000035762787,
        0.3499999940395355,
        0.2800000011920929,
        0.3499999940395355,
        0.29999998211860657,
        0.3199999928474426,
        0.3700000047683716,
        0.29999998211860657,
        0.26999998092651367,
        0.26999998092651367,
        0.3400000035762787,
        0.28999999165534973,
        0.3799999952316284,
        0.3100000023841858,
        0.25,
        0.38999998569488525,
        0.32999998331069946,
        0.32999998331069946,
        0.28999999165534973,
        0.2199999988079071,
        0.2800000011920929,
        0.3400000035762787,
        0.23999999463558197,
        0.25,
        0.3400000035762787,
        0.35999998450279236,
        0.2800000011920929,
        0.3199999928474426,
        0.3700000047683716,
        0.29999998211860657,
        0.28999999165534973,
        0.3799999952316284,
        0.41999998688697815,
        0.4599999785423279,
        0.3700000047683716,
        0.3404255211353302
    ],