{
    "stu_train_loss": [
        1.5715757608413696,
        1.4994333982467651,
        1.4706528186798096,
        1.4648207426071167,
        1.4915515184402466,
        1.4916937351226807,
        1.5329430103302002,
        1.489630103111267,
        1.5077494382858276,
        1.4816550016403198,
        1.4874588251113892,
        1.4333926439285278,
        1.4891291856765747,
        1.3929188251495361,
        1.3950471878051758,
        1.5542088747024536,
        1.4517124891281128,
        1.4702210426330566,
        1.530480146408081,
        1.483654499053955,
        1.4907816648483276,
        1.4285811185836792,
        1.4508147239685059,
        1.4098762273788452,
        1.4632563591003418,
        1.5179722309112549,
        1.44342839717865,
        1.4591238498687744,
        1.460976004600525,
        1.4441403150558472,
        1.4676792621612549,
        1.3392318487167358,
        1.4172793626785278,
        1.3502436876296997,
        1.414017677307129,
        1.3648271560668945,
        1.376389980316162,
        1.4450874328613281,
        1.3937296867370605,
        1.3652209043502808,
        1.4006329774856567,
        1.3704278469085693,
        1.3460242748260498,
        1.3687738180160522,
        1.3877736330032349,
        1.2744309902191162,
        1.3856532573699951,
        1.3488950729370117,
        1.362155795097351,
        1.3152412176132202,
        1.2871463298797607,
        1.3513067960739136,
        1.3276774883270264,
        1.3706823587417603,
        1.3291016817092896,
        1.4006139039993286,
        1.3584861755371094,
        1.3229055404663086,
        1.3172813653945923,
        1.2595295906066895,
        1.343256950378418,
        1.3955274820327759,
        1.2199537754058838,
        1.2408968210220337,
        1.2328509092330933,
        1.30327570438385,
        1.2363263368606567,
        1.2562744617462158,
        1.2808685302734375,
        1.1813682317733765,
        1.2321175336837769,
        1.3269366025924683
    ],
    "stu_test_loss": [
        1.314292550086975,
        1.324242353439331,
        1.3940556049346924,
        1.347336769104004,
        1.4095231294631958,
        1.4246885776519775,
        1.4489184617996216,
        1.3266173601150513,
        1.4037785530090332,
        1.3720135688781738,
        1.3444501161575317,
        1.4646103382110596,
        1.4269646406173706,
        1.3529601097106934,
        1.4843426942825317,
        1.3922717571258545,
        1.401000738143921,
        1.3246095180511475,
        1.3801411390304565,
        1.4395818710327148,
        1.4307852983474731,
        1.4815268516540527,
        1.3499025106430054,
        1.3181300163269043,
        1.3997950553894043,
        1.4270745515823364,
        1.4071694612503052,
        1.409181833267212,
        1.3493478298187256,
        1.4286799430847168,
        1.3752213716506958,
        1.4150397777557373,
        1.337019920349121,
        1.475915551185608,
        1.3220614194869995,
        1.450821876525879,
        1.3419567346572876,
        1.3891350030899048,
        1.4820494651794434,
        1.4206234216690063,
        1.3526263236999512,
        1.4208768606185913,
        1.461672306060791,
        1.4020357131958008,
        1.442015290260315,
        1.425186038017273,
        1.3869240283966064,
        1.3944023847579956,
        1.3986648321151733,
        1.3409456014633179,
        1.2527294158935547,
        1.3736118078231812,
        1.3254085779190063,
        1.2576674222946167,
        1.2642498016357422,
        1.271667242050171,
        1.3267037868499756,
        1.4335237741470337,
        1.3755241632461548,
        1.4084498882293701,
        1.4258620738983154,
        1.4110174179077148,
        1.3224633932113647,
        1.264954924583435,
        1.3205697536468506,
        1.5425084829330444,
        1.386541724205017,
        1.4505339860916138,
        1.2864488363265991,
        1.2800768613815308,
        1.3071439266204834,
        1.3108972311019897,
        1.3065882921218872,
        1.3040415048599243,
        1.4807649850845337,
        1.3758156299591064,
        1.2961112260818481,
        1.3650974035263062,
        1.3464604616165161,
        1.3565917015075684,
        1.355940818786621,
        1.3996484279632568,
        1.531798005104065,
        1.5019763708114624,
        1.3708425760269165,
        1.3135178089141846,
        1.2744194269180298,
        1.236771821975708,
        1.2983455657958984,
        1.2922812700271606,
        1.4411214590072632,
        1.3280909061431885,
        1.2762359380722046,
        1.34250009059906,
        1.3142287731170654,
        1.3790076971054077,
        1.6105787754058838,
        1.44222891330719,
        1.362330675125122,
        1.3272724151611328
    ],
    "stu_train_acc": [
        0.5600000023841858,
        0.6200000047683716,
        0.6899999976158142,
        0.6599999666213989,
        0.6299999952316284,
        0.6899999976158142,
        0.6299999952316284,
        0.6200000047683716,
        0.5799999833106995,
        0.5699999928474426,
        0.6299999952316284,
        0.6899999976158142,
        0.6800000071525574,
        0.7699999809265137,
        0.6899999976158142,
        0.6299999952316284,
        0.7400000095367432,
        0.75,
        0.6399999856948853,
        0.7099999785423279,
        0.6499999761581421,
        0.6399999856948853,
        0.6699999570846558,
        0.7400000095367432,
        0.7400000095367432,
        0.6100000143051147,
        0.699999988079071,
        0.5799999833106995,
        0.7099999785423279,
        0.6499999761581421,
        0.6200000047683716,
        0.7199999690055847,
        0.6699999570846558,
        0.5999999642372131,
        0.6899999976158142,
        0.6899999976158142,
        0.6800000071525574,
        0.6499999761581421,
        0.6699999570846558,
        0.7400000095367432,
        0.6800000071525574,
        0.699999988079071,
        0.7199999690055847,
        0.7899999618530273,
        0.6499999761581421,
        0.8100000023841858,
        0.6800000071525574,
        0.7199999690055847,
        0.7199999690055847,
        0.75,
        0.7999999523162842,
        0.7199999690055847,
        0.7199999690055847,
        0.699999988079071,
        0.7099999785423279,
        0.6200000047683716,
        0.6800000071525574,
        0.699999988079071,
        0.7699999809265137,
        0.7199999690055847,
        0.6499999761581421,
        0.5999999642372131,
        0.7599999904632568,
        0.7099999785423279,
        0.75,
        0.699999988079071,
        0.7299999594688416,
        0.7599999904632568,
        0.7199999690055847,
        0.7599999904632568,
        0.7299999594688416,
        0.7446808218955994
    ],