{
    "stu_train_loss": [
        0.11848002672195435,
        0.04153983294963837,
        0.08251526206731796,
        0.10670480877161026,
        0.029186958447098732,
        0.09485095739364624,
        0.04295847937464714,
        0.11783859133720398,
        0.03771605342626572,
        0.047934990376234055,
        0.06892550736665726,
        0.04117458313703537,
        0.11189225316047668,
        0.1579529047012329,
        0.04517597332596779,
        0.09924474358558655,
        0.07905712723731995,
        0.20893514156341553,
        0.1493912786245346,
        0.09928905218839645,
        0.21126529574394226,
        0.09291883558034897,
        0.27280741930007935,
        0.09187516570091248,
        0.05952702835202217,
        0.1829235851764679,
        0.15390875935554504,
        0.03653474897146225,
        0.2427169233560562,
        0.06988023221492767,
        0.055348560214042664,
        0.16518618166446686,
        0.14784424006938934,
        0.2824436128139496,
        0.052579473704099655,
        0.14579185843467712,
        0.03316745162010193,
        0.21161316335201263,
        0.19838112592697144,
        0.09795982390642166,
        0.13305620849132538,
        0.07066633552312851,
        0.13029709458351135,
        0.09204411506652832,
        0.1312345564365387,
        0.08918578177690506,
        0.10697393119335175,
        0.2489270269870758,
        0.07823818922042847,
        0.06289632618427277,
        0.09671831130981445,
        0.198445126414299,
        0.1314104050397873,
        0.07063007354736328,
        0.05796397104859352,
        0.07075801491737366,
        0.1514890491962433,
        0.20441138744354248,
        0.09177598357200623,
        0.12073472887277603,
        0.07730609178543091,
        0.17450948059558868,
        0.08698450773954391,
        0.10241570323705673,
        0.06287122517824173,
        0.04617536440491676,
        0.1663777232170105,
        0.03648290038108826,
        0.17424507439136505,
        0.1359155774116516,
        0.1565118134021759,
        0.07810074090957642
    ],
    "stu_test_loss": [
        0.43379974365234375,
        0.4067351222038269,
        0.4059397578239441,
        0.45285487174987793,
        0.5356099605560303,
        0.41617345809936523,
        0.5295879244804382,
        0.4351961612701416,
        0.45845121145248413,
        0.4610136151313782,
        0.3770562708377838,
        0.4303482174873352,
        0.48457860946655273,
        0.4154663681983948,
        0.4506461024284363,
        0.4417375922203064,
        0.5158863067626953,
        0.5033732652664185,
        0.39802467823028564,
        0.49037647247314453,
        0.5201897621154785,
        0.6253242492675781,
        0.46122488379478455,
        0.40080732107162476,
        0.44960230588912964,
        0.46427351236343384,
        0.41870683431625366,
        0.45726221799850464,
        0.3863411247730255,
        0.43095535039901733,
        0.4193655252456665,
        0.3905162513256073,
        0.4379708170890808,
        0.4426440894603729,
        0.40664607286453247,
        0.44515442848205566,
        0.41626614332199097,
        0.5761340856552124,
        0.5721614360809326,
        0.4829438328742981,
        0.44844987988471985,
        0.5254631638526917,
        0.6177667379379272,
        0.43331313133239746,
        0.4593183398246765,
        0.39198654890060425,
        0.40546807646751404,
        0.3907740116119385,
        0.43137529492378235,
        0.3894515335559845,
        0.32623860239982605,
        0.4018055498600006,
        0.34733912348747253,
        0.3268517255783081,
        0.35268694162368774,
        0.35628217458724976,
        0.5214502215385437,
        0.3957054316997528,
        0.41590172052383423,
        0.646674633026123,
        0.430793821811676,
        0.47518137097358704,
        0.33260613679885864,
        0.34751614928245544,
        0.368085652589798,
        0.6824471950531006,
        0.5007941722869873,
        0.43560707569122314,
        0.35350292921066284,
        0.3277229368686676,
        0.31236714124679565,
        0.3222709894180298,
        0.40794262290000916,
        0.3801560401916504,
        0.3495537340641022,
        0.3581985533237457,
        0.3578837811946869,
        0.3461397588253021,
        0.3618134558200836,
        0.40215787291526794,
        0.5206199884414673,
        0.39072486758232117,
        0.4539129436016083,
        0.47595134377479553,
        0.35037168860435486,
        0.34960442781448364,
        0.3432026505470276,
        0.3192470967769623,
        0.3324185609817505,
        0.3321413993835449,
        0.41294899582862854,
        0.34038060903549194,
        0.3389417827129364,
        0.3738483190536499,
        0.3423612117767334,
        0.3998444378376007,
        0.6834549903869629,
        0.5621374845504761,
        0.4067654609680176,
        0.4113438129425049
    ],
    "stu_train_acc": [
        0.9699999690055847,
        0.9899999499320984,
        0.9699999690055847,
        0.9799999594688416,
        1.0,
        0.9899999499320984,
        0.9899999499320984,
        0.9599999785423279,
        0.9899999499320984,
        0.9899999499320984,
        0.9799999594688416,
        0.9899999499320984,
        0.9599999785423279,
        0.9699999690055847,
        0.9899999499320984,
        0.9799999594688416,
        0.9699999690055847,
        0.9399999976158142,
        0.9699999690055847,
        0.9599999785423279,
        0.9599999785423279,
        0.9699999690055847,
        0.9300000071525574,
        0.9799999594688416,
        0.9799999594688416,
        0.949999988079071,
        0.949999988079071,
        0.9899999499320984,
        0.9399999976158142,
        0.9799999594688416,
        0.9899999499320984,
        0.9699999690055847,
        0.949999988079071,
        0.949999988079071,
        0.9899999499320984,
        0.9399999976158142,
        0.9899999499320984,
        0.949999988079071,
        0.9399999976158142,
        0.9699999690055847,
        0.9399999976158142,
        0.9899999499320984,
        0.9699999690055847,
        0.9799999594688416,
        0.949999988079071,
        0.9799999594688416,
        0.9599999785423279,
        0.9599999785423279,
        0.9699999690055847,
        0.9799999594688416,
        0.9699999690055847,
        0.9300000071525574,
        0.9799999594688416,
        0.9599999785423279,
        0.9799999594688416,
        0.9799999594688416,
        0.9599999785423279,
        0.9599999785423279,
        0.949999988079071,
        0.9799999594688416,
        0.9899999499320984,
        0.9599999785423279,
        0.9699999690055847,
        0.9699999690055847,
        0.9899999499320984,
        1.0,
        0.949999988079071,
        1.0,
        0.9599999785423279,
        0.9699999690055847,
        0.9599999785423279,
        0.9893616437911987
    ],