{
    "stu_train_loss": [
        0.05875301733613014,
        0.18805401027202606,
        0.14830689132213593,
        0.10381528735160828,
        0.1577848643064499,
        0.1220439076423645,
        0.07341724634170532,
        0.15288390219211578,
        0.06712748855352402,
        0.07621897011995316,
        0.11655068397521973,
        0.15423841774463654,
        0.1441904604434967,
        0.1509426236152649,
        0.18608687818050385,
        0.062331270426511765,
        0.08047208189964294,
        0.06951852887868881,
        0.10670191049575806,
        0.1863318234682083,
        0.06546580046415329,
        0.12677383422851562,
        0.16650812327861786,
        0.2495972067117691,
        0.1791776865720749,
        0.07371416687965393,
        0.11250108480453491,
        0.037196315824985504,
        0.10269361734390259,
        0.1607753336429596,
        0.10969250649213791,
        0.18259139358997345,
        0.05271657928824425,
        0.0681133046746254,
        0.13653883337974548,
        0.13539600372314453,
        0.15712393820285797,
        0.15222464501857758,
        0.10008934885263443,
        0.32498255372047424,
        0.21903224289417267,
        0.07946086674928665,
        0.09276147931814194,
        0.05928536504507065,
        0.09227596968412399,
        0.07383894175291061,
        0.03698381781578064,
        0.12002279609441757,
        0.10185987502336502,
        0.12004677951335907,
        0.11114801466464996,
        0.08293093740940094,
        0.16438011825084686,
        0.11156179755926132,
        0.17471233010292053,
        0.04525629058480263,
        0.12432708591222763,
        0.06240326538681984,
        0.06478220224380493,
        0.14050880074501038,
        0.08454909920692444,
        0.1542295515537262,
        0.04958941787481308,
        0.056916702538728714,
        0.09409377723932266,
        0.04905999079346657,
        0.0776737779378891,
        0.13167697191238403,
        0.10833223164081573,
        0.10343119502067566,
        0.07000567764043808,
        0.030736641958355904
    ],
    "stu_test_loss": [
        0.4632117748260498,
        0.43975770473480225,
        0.42042338848114014,
        0.444416344165802,
        0.5124838352203369,
        0.4660215377807617,
        0.4750711917877197,
        0.41303032636642456,
        0.4958110451698303,
        0.48320215940475464,
        0.40916210412979126,
        0.46642976999282837,
        0.5160064697265625,
        0.40050721168518066,
        0.40224146842956543,
        0.38340115547180176,
        0.5708885192871094,
        0.4706372022628784,
        0.397333562374115,
        0.4710998833179474,
        0.5202882289886475,
        0.5739932060241699,
        0.491263210773468,
        0.4324052333831787,
        0.4660235047340393,
        0.47593602538108826,
        0.4385232925415039,
        0.4351344406604767,
        0.3974868059158325,
        0.4962177872657776,
        0.438792884349823,
        0.39484739303588867,
        0.3823263943195343,
        0.4221835136413574,
        0.39514392614364624,
        0.4639422297477722,
        0.401095449924469,
        0.5908325910568237,
        0.5160428285598755,
        0.43739020824432373,
        0.4361436069011688,
        0.4423860013484955,
        0.5586390495300293,
        0.44925791025161743,
        0.4702571630477905,
        0.3950568735599518,
        0.41396141052246094,
        0.47370219230651855,
        0.4693782925605774,
        0.4002094864845276,
        0.34570005536079407,
        0.3994879126548767,
        0.36716532707214355,
        0.3384723365306854,
        0.35505348443984985,
        0.36030590534210205,
        0.4468223452568054,
        0.4136069715023041,
        0.4087773263454437,
        0.6524500846862793,
        0.5203393697738647,
        0.5170649290084839,
        0.34403127431869507,
        0.3538767993450165,
        0.36936435103416443,
        0.698164701461792,
        0.5436513423919678,
        0.4321399927139282,
        0.36478808522224426,
        0.34029579162597656,
        0.338423490524292,
        0.36044153571128845,
        0.3693239688873291,
        0.40506571531295776,
        0.3923393785953522,
        0.3783765733242035,
        0.34690922498703003,
        0.36051157116889954,
        0.3987072706222534,
        0.3914756178855896,
        0.5401527881622314,
        0.3642755150794983,
        0.513672411441803,
        0.45291465520858765,
        0.3503645956516266,
        0.35363635420799255,
        0.35341235995292664,
        0.34581947326660156,
        0.34882107377052307,
        0.34473589062690735,
        0.43235114216804504,
        0.364590048789978,
        0.34470120072364807,
        0.3501644432544708,
        0.36325761675834656,
        0.3645336925983429,
        0.735219419002533,
        0.5632531046867371,
        0.4036339521408081,
        0.3845963478088379
    ],
    "stu_train_acc": [
        0.9899999499320984,
        0.949999988079071,
        0.949999988079071,
        0.9799999594688416,
        0.949999988079071,
        0.949999988079071,
        0.9699999690055847,
        0.949999988079071,
        0.9699999690055847,
        0.9799999594688416,
        0.9599999785423279,
        0.9599999785423279,
        0.949999988079071,
        0.9699999690055847,
        0.9599999785423279,
        0.9899999499320984,
        0.9699999690055847,
        0.9799999594688416,
        0.9599999785423279,
        0.949999988079071,
        0.9699999690055847,
        0.9599999785423279,
        0.949999988079071,
        0.9300000071525574,
        0.9699999690055847,
        0.9799999594688416,
        0.9899999499320984,
        0.9899999499320984,
        0.9699999690055847,
        0.9599999785423279,
        0.9699999690055847,
        0.9599999785423279,
        0.9899999499320984,
        0.9699999690055847,
        0.9399999976158142,
        0.9699999690055847,
        0.9399999976158142,
        0.949999988079071,
        0.9599999785423279,
        0.9199999570846558,
        0.9399999976158142,
        0.9699999690055847,
        0.9899999499320984,
        0.9899999499320984,
        0.9699999690055847,
        0.9799999594688416,
        0.9899999499320984,
        0.9599999785423279,
        0.9599999785423279,
        0.9799999594688416,
        0.9799999594688416,
        0.9799999594688416,
        0.9300000071525574,
        0.9799999594688416,
        0.9399999976158142,
        0.9899999499320984,
        0.9599999785423279,
        0.9699999690055847,
        0.9799999594688416,
        0.9799999594688416,
        0.9699999690055847,
        0.9599999785423279,
        0.9799999594688416,
        0.9799999594688416,
        0.9699999690055847,
        0.9699999690055847,
        0.9699999690055847,
        0.949999988079071,
        0.9699999690055847,
        0.9699999690055847,
        0.9799999594688416,
        0.9893616437911987
    ],