{
    "stu_train_loss": [
        0.0766458511352539,
        0.13268105685710907,
        0.03975996747612953,
        0.03365086391568184,
        0.050369735807180405,
        0.0973910391330719,
        0.04593772813677788,
        0.19456200301647186,
        0.1282653957605362,
        0.09929399192333221,
        0.21815785765647888,
        0.10577529668807983,
        0.07198646664619446,
        0.1833166480064392,
        0.11605188250541687,
        0.056631218641996384,
        0.16045774519443512,
        0.15708816051483154,
        0.0590500645339489,
        0.1055043488740921,
        0.04084550216794014,
        0.09964068233966827,
        0.10229963064193726,
        0.17684948444366455,
        0.0815163254737854,
        0.057304639369249344,
        0.05578409135341644,
        0.05597028136253357,
        0.1669180691242218,
        0.21269752085208893,
        0.11269855499267578,
        0.045172497630119324,
        0.13133922219276428,
        0.1137743592262268,
        0.08719468861818314,
        0.13817623257637024,
        0.06951763480901718,
        0.22577154636383057,
        0.1906665563583374,
        0.06964688748121262,
        0.11627888679504395,
        0.15337781608104706,
        0.08299145847558975,
        0.19289855659008026,
        0.20127010345458984,
        0.11137983202934265,
        0.18276457488536835,
        0.055610109120607376,
        0.1542825847864151,
        0.06860712915658951,
        0.08237814158201218,
        0.1878623515367508,
        0.09367422759532928,
        0.1524159461259842,
        0.061510395258665085,
        0.07843668758869171,
        0.06079726293683052,
        0.10543594509363174,
        0.11106216162443161,
        0.1868147850036621,
        0.20100992918014526,
        0.0645105317234993,
        0.09061746299266815,
        0.1502910852432251,
        0.19450943171977997,
        0.06587900221347809,
        0.09697679430246353,
        0.1428203135728836,
        0.23005858063697815,
        0.17780086398124695,
        0.10863160341978073,
        0.10641813278198242
    ],
    "stu_test_loss": [
        0.46165090799331665,
        0.4290044903755188,
        0.399901419878006,
        0.4653022885322571,
        0.4979776442050934,
        0.4265773296356201,
        0.47582507133483887,
        0.4011229872703552,
        0.45725393295288086,
        0.5036764740943909,
        0.41032981872558594,
        0.47534477710723877,
        0.529068112373352,
        0.40195098519325256,
        0.4091643691062927,
        0.37271061539649963,
        0.5304703116416931,
        0.43976640701293945,
        0.3900497555732727,
        0.48820310831069946,
        0.5264549255371094,
        0.5751466155052185,
        0.4586413502693176,
        0.43113425374031067,
        0.46790561079978943,
        0.5123850703239441,
        0.41591235995292664,
        0.4071831703186035,
        0.40766268968582153,
        0.4228903651237488,
        0.4604630768299103,
        0.38052600622177124,
        0.4112878739833832,
        0.4282177686691284,
        0.3634478747844696,
        0.4387073516845703,
        0.3948424160480499,
        0.5525553822517395,
        0.49015355110168457,
        0.42957061529159546,
        0.46029573678970337,
        0.4453047215938568,
        0.565360426902771,
        0.43943771719932556,
        0.43729671835899353,
        0.42830872535705566,
        0.3952757716178894,
        0.393583744764328,
        0.4398500621318817,
        0.3966255187988281,
        0.3398285508155823,
        0.3697291910648346,
        0.3618837296962738,
        0.3312729299068451,
        0.35542798042297363,
        0.33737561106681824,
        0.42383724451065063,
        0.41298747062683105,
        0.419584721326828,
        0.5405932664871216,
        0.5064244270324707,
        0.6036620140075684,
        0.33178722858428955,
        0.3355495035648346,
        0.34750115871429443,
        0.8447608947753906,
        0.5402246117591858,
        0.43467673659324646,
        0.3507603406906128,
        0.3306584358215332,
        0.3316957354545593,
        0.36179259419441223,
        0.38197028636932373,
        0.36558058857917786,
        0.3944702744483948,
        0.36599645018577576,
        0.33586227893829346,
        0.35969415307044983,
        0.4152791500091553,
        0.3575292229652405,
        0.46674811840057373,
        0.4099067747592926,
        0.48778796195983887,
        0.4633306562900543,
        0.3468298316001892,
        0.3455677926540375,
        0.3435981869697571,
        0.33041277527809143,
        0.33537113666534424,
        0.3408866822719574,
        0.40437281131744385,
        0.3508930802345276,
        0.3477167785167694,
        0.3420475423336029,
        0.3528304994106293,
        0.40362682938575745,
        0.7809569835662842,
        0.475826621055603,
        0.3951050341129303,
        0.4127679467201233
    ],
    "stu_train_acc": [
        0.9699999690055847,
        0.949999988079071,
        0.9899999499320984,
        1.0,
        0.9899999499320984,
        0.9699999690055847,
        0.9899999499320984,
        0.9699999690055847,
        0.9799999594688416,
        0.9699999690055847,
        0.9399999976158142,
        0.9699999690055847,
        0.9899999499320984,
        0.9300000071525574,
        0.9699999690055847,
        0.9799999594688416,
        0.9599999785423279,
        0.949999988079071,
        0.9899999499320984,
        0.949999988079071,
        0.9899999499320984,
        0.9799999594688416,
        0.9799999594688416,
        0.949999988079071,
        0.9799999594688416,
        0.9899999499320984,
        0.9799999594688416,
        0.9899999499320984,
        0.9599999785423279,
        0.949999988079071,
        0.9699999690055847,
        0.9899999499320984,
        0.9399999976158142,
        0.949999988079071,
        0.9799999594688416,
        0.9699999690055847,
        0.9899999499320984,
        0.9399999976158142,
        0.9599999785423279,
        0.9899999499320984,
        0.9699999690055847,
        0.9599999785423279,
        0.9799999594688416,
        0.9300000071525574,
        0.949999988079071,
        0.9899999499320984,
        0.9300000071525574,
        0.9799999594688416,
        0.949999988079071,
        0.9799999594688416,
        0.9799999594688416,
        0.949999988079071,
        0.9799999594688416,
        0.9300000071525574,
        0.9799999594688416,
        0.9699999690055847,
        0.9799999594688416,
        0.9599999785423279,
        0.9699999690055847,
        0.9399999976158142,
        0.9399999976158142,
        0.9899999499320984,
        0.9799999594688416,
        0.9399999976158142,
        0.9399999976158142,
        0.9699999690055847,
        0.949999988079071,
        0.949999988079071,
        0.9399999976158142,
        0.949999988079071,
        0.9699999690055847,
        0.9574467539787292
    ],