{
    "stu_train_loss": [
        0.28650492429733276,
        0.18773379921913147,
        0.303964227437973,
        0.20671381056308746,
        0.26364371180534363,
        0.24508064985275269,
        0.3144022822380066,
        0.33979442715644836,
        0.19784259796142578,
        0.3318743407726288,
        0.32992225885391235,
        0.20352762937545776,
        0.21830633282661438,
        0.2036566138267517,
        0.25800904631614685,
        0.31018370389938354,
        0.20856636762619019,
        0.3303259313106537,
        0.3325926959514618,
        0.23663920164108276,
        0.2653167247772217,
        0.2375410497188568,
        0.21969187259674072,
        0.22358356416225433,
        0.27868539094924927,
        0.31069526076316833,
        0.24684782326221466,
        0.31328949332237244,
        0.20356397330760956,
        0.2687605023384094,
        0.3428296148777008,
        0.21168774366378784,
        0.2920506000518799,
        0.3010832965373993,
        0.24009446799755096,
        0.3223150968551636,
        0.21952266991138458,
        0.4135860502719879,
        0.29255494475364685,
        0.20517076551914215,
        0.19532054662704468,
        0.2662210464477539,
        0.3103768527507782,
        0.24039241671562195,
        0.21469956636428833,
        0.32067394256591797,
        0.2920985221862793,
        0.23866413533687592,
        0.2519732713699341,
        0.24622909724712372,
        0.2048003077507019,
        0.27413251996040344,
        0.19913478195667267,
        0.2568107545375824,
        0.20782522857189178,
        0.38647568225860596,
        0.2490144520998001,
        0.20292556285858154,
        0.3011031448841095,
        0.2294544279575348,
        0.16129207611083984,
        0.27803847193717957,
        0.2304684817790985,
        0.20918239653110504,
        0.3157702386379242,
        0.3668602406978607,
        0.21867594122886658,
        0.16804750263690948,
        0.24321046471595764,
        0.2780751883983612,
        0.27015551924705505,
        0.30378857254981995
    ],
    "stu_test_loss": [
        0.5037021636962891,
        0.47280728816986084,
        0.5382177829742432,
        0.5027506351470947,
        0.6281378269195557,
        0.4959774613380432,
        0.6255221366882324,
        0.5706639289855957,
        0.5106794834136963,
        0.6300099492073059,
        0.5178120732307434,
        0.5586398839950562,
        0.6058148145675659,
        0.4759939908981323,
        0.5316131114959717,
        0.48016804456710815,
        0.5739752054214478,
        0.5316117405891418,
        0.49737322330474854,
        0.5941382050514221,
        0.6621955633163452,
        0.6935878992080688,
        0.5498824119567871,
        0.5402405261993408,
        0.5089359879493713,
        0.6049202680587769,
        0.5712267160415649,
        0.5107567310333252,
        0.5266739130020142,
        0.6299244165420532,
        0.501605749130249,
        0.5500257015228271,
        0.5053660273551941,
        0.5747530460357666,
        0.5194838047027588,
        0.5862256288528442,
        0.44471460580825806,
        0.6918833255767822,
        0.5407282114028931,
        0.5730808973312378,
        0.5814311504364014,
        0.5354251861572266,
        0.6166614890098572,
        0.5131453275680542,
        0.5561326742172241,
        0.5248193144798279,
        0.4758874475955963,
        0.5364696383476257,
        0.5274590253829956,
        0.4943001866340637,
        0.3758367598056793,
        0.44045984745025635,
        0.4395892024040222,
        0.4020994305610657,
        0.36155885457992554,
        0.4279823303222656,
        0.49817579984664917,
        0.4776075482368469,
        0.42934226989746094,
        0.6332564353942871,
        0.5666832327842712,
        0.5917772054672241,
        0.4054274559020996,
        0.38610100746154785,
        0.39264389872550964,
        0.7181294560432434,
        0.5457460880279541,
        0.5294477939605713,
        0.3984273076057434,
        0.412818968296051,
        0.3682556450366974,
        0.3996117413043976,
        0.4679148495197296,
        0.45607495307922363,
        0.5166340470314026,
        0.4539962410926819,
        0.41963493824005127,
        0.4562901258468628,
        0.5095397233963013,
        0.5064690709114075,
        0.5789927244186401,
        0.46985796093940735,
        0.5793067216873169,
        0.5241005420684814,
        0.44790008664131165,
        0.4702562689781189,
        0.4140089154243469,
        0.37842878699302673,
        0.3957566022872925,
        0.37484318017959595,
        0.5746749639511108,
        0.4177452027797699,
        0.39557114243507385,
        0.3983035087585449,
        0.41264066100120544,
        0.4871608316898346,
        0.7659454345703125,
        0.6890766620635986,
        0.474884569644928,
        0.4975964426994324
    ],
    "stu_train_acc": [
        0.9199999570846558,
        0.9899999499320984,
        0.9399999976158142,
        0.9599999785423279,
        0.9599999785423279,
        0.949999988079071,
        0.8999999761581421,
        0.949999988079071,
        0.9599999785423279,
        0.9099999666213989,
        0.9199999570846558,
        0.9699999690055847,
        0.9599999785423279,
        0.9300000071525574,
        0.9399999976158142,
        0.9300000071525574,
        0.9699999690055847,
        0.8999999761581421,
        0.9199999570846558,
        0.9599999785423279,
        0.9799999594688416,
        0.9300000071525574,
        0.949999988079071,
        0.9799999594688416,
        0.949999988079071,
        0.9199999570846558,
        0.9099999666213989,
        0.9199999570846558,
        0.9599999785423279,
        0.9300000071525574,
        0.8999999761581421,
        0.9599999785423279,
        0.9399999976158142,
        0.9099999666213989,
        0.949999988079071,
        0.9199999570846558,
        0.9699999690055847,
        0.8799999952316284,
        0.9300000071525574,
        0.9399999976158142,
        0.9699999690055847,
        0.949999988079071,
        0.9199999570846558,
        0.9599999785423279,
        0.949999988079071,
        0.9300000071525574,
        0.9199999570846558,
        0.9599999785423279,
        0.9399999976158142,
        0.949999988079071,
        0.9599999785423279,
        0.9300000071525574,
        0.9799999594688416,
        0.9599999785423279,
        0.949999988079071,
        0.8999999761581421,
        0.949999988079071,
        0.9699999690055847,
        0.9099999666213989,
        0.9599999785423279,
        0.9899999499320984,
        0.9199999570846558,
        0.9300000071525574,
        0.9599999785423279,
        0.9300000071525574,
        0.9199999570846558,
        0.9699999690055847,
        0.9699999690055847,
        0.9399999976158142,
        0.9599999785423279,
        0.9599999785423279,
        0.9255318641662598
    ],