{
    "stu_train_loss": [
        0.42304447293281555,
        0.4359360933303833,
        0.39532357454299927,
        0.4806813895702362,
        0.46578070521354675,
        0.39245128631591797,
        0.45751261711120605,
        0.515153169631958,
        0.4914584755897522,
        0.5348352789878845,
        0.47826430201530457,
        0.3660614788532257,
        0.45041388273239136,
        0.5395963788032532,
        0.3892153799533844,
        0.3934187591075897,
        0.35241955518722534,
        0.4017087519168854,
        0.43543824553489685,
        0.4674033224582672,
        0.3547067940235138,
        0.43147286772727966,
        0.390735387802124,
        0.3777681291103363,
        0.43572819232940674,
        0.3883534371852875,
        0.3979748487472534,
        0.3886604607105255,
        0.36683180928230286,
        0.44658949971199036,
        0.35232192277908325,
        0.48452839255332947,
        0.4757387936115265,
        0.36485958099365234,
        0.4119247794151306,
        0.4480699300765991,
        0.43313586711883545,
        0.5293816328048706,
        0.4818423390388489,
        0.40146106481552124,
        0.4458014667034149,
        0.3853458762168884,
        0.39186981320381165,
        0.4669632315635681,
        0.36985060572624207,
        0.39913177490234375,
        0.4047181308269501,
        0.5359911918640137,
        0.42422425746917725,
        0.38784438371658325,
        0.399507611989975,
        0.5094581842422485,
        0.3851386308670044,
        0.40185120701789856,
        0.42435386776924133,
        0.3922061026096344,
        0.4829050302505493,
        0.38623863458633423,
        0.4244312644004822,
        0.34570789337158203,
        0.4211668074131012,
        0.4165140986442566,
        0.38274696469306946,
        0.4497154951095581,
        0.3016326129436493,
        0.3477548658847809,
        0.3762453496456146,
        0.39595016837120056,
        0.3686349391937256,
        0.5385370850563049,
        0.3774748146533966,
        0.4937288463115692
    ],
    "stu_test_loss": [
        0.5881088376045227,
        0.5783807039260864,
        0.6488021612167358,
        0.6355502605438232,
        0.7095966935157776,
        0.613716721534729,
        0.693733811378479,
        0.6518689393997192,
        0.6330807209014893,
        0.6524783968925476,
        0.6133329272270203,
        0.7143291234970093,
        0.697012186050415,
        0.5650506019592285,
        0.642357349395752,
        0.6027326583862305,
        0.6731715202331543,
        0.6214714050292969,
        0.5786424279212952,
        0.646296501159668,
        0.7138624787330627,
        0.7688114047050476,
        0.6327230930328369,
        0.5646570920944214,
        0.5787239074707031,
        0.7067428827285767,
        0.6447726488113403,
        0.6080316305160522,
        0.5820451378822327,
        0.721653938293457,
        0.6056715250015259,
        0.6682177186012268,
        0.6090344190597534,
        0.652474582195282,
        0.5399816036224365,
        0.7061170339584351,
        0.531736433506012,
        0.7100764513015747,
        0.6802118420600891,
        0.6128398180007935,
        0.6211496591567993,
        0.6442257761955261,
        0.7020694613456726,
        0.6297979950904846,
        0.6638585329055786,
        0.6258267164230347,
        0.5644508600234985,
        0.6498255133628845,
        0.6334334015846252,
        0.6170462965965271,
        0.4569929838180542,
        0.5866094827651978,
        0.5252842307090759,
        0.4630213975906372,
        0.4530189633369446,
        0.5183999538421631,
        0.6097432374954224,
        0.588053286075592,
        0.5605002641677856,
        0.6770524382591248,
        0.6348804235458374,
        0.6925179958343506,
        0.5014998912811279,
        0.4747459888458252,
        0.5057351589202881,
        0.8577336072921753,
        0.6220651268959045,
        0.6117335557937622,
        0.5103585720062256,
        0.4987158179283142,
        0.4753584861755371,
        0.494310200214386,
        0.5582842826843262,
        0.5029923915863037,
        0.6141442060470581,
        0.5765987634658813,
        0.5214345455169678,
        0.5268391966819763,
        0.5259537696838379,
        0.5503576993942261,
        0.5843836665153503,
        0.5896002650260925,
        0.7260944247245789,
        0.6688018441200256,
        0.5393121242523193,
        0.5065345764160156,
        0.47681593894958496,
        0.443820059299469,
        0.47846412658691406,
        0.4853885769844055,
        0.6486077308654785,
        0.5314764976501465,
        0.5039589405059814,
        0.5325387716293335,
        0.5058810710906982,
        0.6175021529197693,
        0.830167293548584,
        0.6874836683273315,
        0.6073025465011597,
        0.5389580130577087
    ],
    "stu_train_acc": [
        0.9300000071525574,
        0.9399999976158142,
        0.9399999976158142,
        0.8899999856948853,
        0.8999999761581421,
        0.949999988079071,
        0.8999999761581421,
        0.8799999952316284,
        0.9099999666213989,
        0.85999995470047,
        0.8999999761581421,
        0.9599999785423279,
        0.9300000071525574,
        0.8899999856948853,
        0.9199999570846558,
        0.9599999785423279,
        0.9599999785423279,
        0.8999999761581421,
        0.9399999976158142,
        0.9099999666213989,
        0.9399999976158142,
        0.8999999761581421,
        0.949999988079071,
        0.9699999690055847,
        0.9199999570846558,
        0.949999988079071,
        0.949999988079071,
        0.949999988079071,
        0.9399999976158142,
        0.9099999666213989,
        0.949999988079071,
        0.8799999952316284,
        0.8999999761581421,
        0.9599999785423279,
        0.9199999570846558,
        0.9099999666213989,
        0.9199999570846558,
        0.8999999761581421,
        0.9199999570846558,
        0.9099999666213989,
        0.8999999761581421,
        0.8999999761581421,
        0.9399999976158142,
        0.9399999976158142,
        0.9599999785423279,
        0.9300000071525574,
        0.9599999785423279,
        0.8700000047683716,
        0.9099999666213989,
        0.9399999976158142,
        0.9300000071525574,
        0.9099999666213989,
        0.9599999785423279,
        0.8999999761581421,
        0.9099999666213989,
        0.9199999570846558,
        0.9199999570846558,
        0.9399999976158142,
        0.9300000071525574,
        0.9599999785423279,
        0.8799999952316284,
        0.9199999570846558,
        0.9199999570846558,
        0.8999999761581421,
        0.9799999594688416,
        0.9699999690055847,
        0.9399999976158142,
        0.9099999666213989,
        0.949999988079071,
        0.8399999737739563,
        0.9399999976158142,
        0.8936169743537903
    ],