{
    "stu_train_loss": [
        0.06241888180375099,
        0.09769061952829361,
        0.04827216640114784,
        0.1511249989271164,
        0.0888233482837677,
        0.057117413729429245,
        0.07994803786277771,
        0.06293149292469025,
        0.0768304094672203,
        0.04957400634884834,
        0.18559828400611877,
        0.08363696932792664,
        0.1673276573419571,
        0.05658340081572533,
        0.04019218310713768,
        0.16469669342041016,
        0.12355470657348633,
        0.10201406478881836,
        0.08498749136924744,
        0.034387387335300446,
        0.15525928139686584,
        0.12398859858512878,
        0.05054667592048645,
        0.04244353249669075,
        0.13063932955265045,
        0.1781007945537567,
        0.1738472580909729,
        0.09270535409450531,
        0.13164229691028595,
        0.10042402893304825,
        0.15277577936649323,
        0.1487426608800888,
        0.3166016936302185,
        0.20962178707122803,
        0.11812177300453186,
        0.14555127918720245,
        0.20040173828601837,
        0.19830560684204102,
        0.11088629812002182,
        0.10877224057912827,
        0.2299523502588272,
        0.16022473573684692,
        0.23425032198429108,
        0.239924356341362,
        0.09961371123790741,
        0.07508128881454468,
        0.12124988436698914,
        0.032774917781353,
        0.08250962197780609,
        0.1680079698562622,
        0.07560347765684128,
        0.17460593581199646,
        0.14485584199428558,
        0.09181056916713715,
        0.11603803932666779,
        0.10843991488218307,
        0.1277945637702942,
        0.05200089514255524,
        0.18007256090641022,
        0.06816066056489944,
        0.07153092324733734,
        0.08248333632946014,
        0.0936235785484314,
        0.08528941869735718,
        0.09302543848752975,
        0.1227986142039299,
        0.04283858835697174,
        0.05501769855618477,
        0.10628650337457657,
        0.09419970214366913,
        0.10617151856422424,
        0.11343277990818024
    ],
    "stu_test_loss": [
        0.4353502690792084,
        0.4451351761817932,
        0.48609602451324463,
        0.44638288021087646,
        0.6146283745765686,
        0.4193156361579895,
        0.5435320138931274,
        0.4705784320831299,
        0.5010354518890381,
        0.5186514854431152,
        0.40793105959892273,
        0.503983736038208,
        0.524714469909668,
        0.4825916588306427,
        0.5285328030586243,
        0.42370906472206116,
        0.5662206411361694,
        0.5273709297180176,
        0.3781070113182068,
        0.47961151599884033,
        0.5817289352416992,
        0.6487905383110046,
        0.5060663819313049,
        0.433491975069046,
        0.48444855213165283,
        0.4946284890174866,
        0.451484739780426,
        0.44846880435943604,
        0.40174782276153564,
        0.44809675216674805,
        0.4216272234916687,
        0.42714542150497437,
        0.46624767780303955,
        0.4474177956581116,
        0.38574013113975525,
        0.4778475761413574,
        0.4503995478153229,
        0.5489906668663025,
        0.5265169143676758,
        0.45629391074180603,
        0.4397227168083191,
        0.528881311416626,
        0.709072470664978,
        0.4749184846878052,
        0.42976728081703186,
        0.41999754309654236,
        0.45859286189079285,
        0.40070751309394836,
        0.489357590675354,
        0.5301708579063416,
        0.3378069996833801,
        0.42509207129478455,
        0.36215925216674805,
        0.3374374806880951,
        0.3790486752986908,
        0.3752192258834839,
        0.6286581754684448,
        0.40764203667640686,
        0.371793270111084,
        0.5789129734039307,
        0.611223578453064,
        0.7639724016189575,
        0.33242499828338623,
        0.38009336590766907,
        0.3614639639854431,
        0.6864007711410522,
        0.477641761302948,
        0.5170196294784546,
        0.3509728014469147,
        0.3230527937412262,
        0.3233065605163574,
        0.32980844378471375,
        0.42707037925720215,
        0.344842791557312,
        0.38678717613220215,
        0.3531542718410492,
        0.3977869749069214,
        0.34885847568511963,
        0.41148868203163147,
        0.39438411593437195,
        0.6043779850006104,
        0.4107452630996704,
        0.41420674324035645,
        0.4567713439464569,
        0.32944777607917786,
        0.37186115980148315,
        0.3573753833770752,
        0.323076456785202,
        0.34063637256622314,
        0.330218106508255,
        0.4113596975803375,
        0.3584248721599579,
        0.3386926054954529,
        0.3493197560310364,
        0.3661499321460724,
        0.3939179480075836,
        0.6877030730247498,
        0.5255770683288574,
        0.46534428000450134,
        0.42902672290802
    ],
    "stu_train_acc": [
        0.9699999690055847,
        0.9799999594688416,
        0.9899999499320984,
        0.949999988079071,
        0.9799999594688416,
        0.9899999499320984,
        0.9699999690055847,
        0.9899999499320984,
        0.9799999594688416,
        0.9799999594688416,
        0.9300000071525574,
        0.9699999690055847,
        0.9599999785423279,
        0.9799999594688416,
        0.9899999499320984,
        0.9699999690055847,
        0.9599999785423279,
        0.9899999499320984,
        0.9799999594688416,
        1.0,
        0.9399999976158142,
        0.9599999785423279,
        0.9799999594688416,
        0.9899999499320984,
        0.9699999690055847,
        0.9300000071525574,
        0.949999988079071,
        0.9699999690055847,
        0.9699999690055847,
        0.9799999594688416,
        0.9699999690055847,
        0.9699999690055847,
        0.9099999666213989,
        0.9199999570846558,
        0.9699999690055847,
        0.949999988079071,
        0.9300000071525574,
        0.9399999976158142,
        0.9599999785423279,
        0.9799999594688416,
        0.949999988079071,
        0.9599999785423279,
        0.9399999976158142,
        0.949999988079071,
        0.9699999690055847,
        0.9699999690055847,
        0.9799999594688416,
        0.9899999499320984,
        0.9699999690055847,
        0.9399999976158142,
        0.9699999690055847,
        0.949999988079071,
        0.9699999690055847,
        0.9699999690055847,
        0.9599999785423279,
        0.949999988079071,
        0.949999988079071,
        0.9699999690055847,
        0.9300000071525574,
        0.9799999594688416,
        0.9799999594688416,
        0.9899999499320984,
        0.9899999499320984,
        0.9799999594688416,
        0.9699999690055847,
        0.949999988079071,
        0.9799999594688416,
        0.9799999594688416,
        0.9799999594688416,
        0.9799999594688416,
        0.9799999594688416,
        0.9680850505828857
    ],