{
    "stu_train_loss": [
        0.114974744617939,
        0.09944067150354385,
        0.12954945862293243,
        0.14504754543304443,
        0.0751153975725174,
        0.21574413776397705,
        0.1402985155582428,
        0.12638242542743683,
        0.11507079005241394,
        0.18959228694438934,
        0.19696998596191406,
        0.11070194095373154,
        0.13290943205356598,
        0.14416222274303436,
        0.16478468477725983,
        0.13399627804756165,
        0.14665202796459198,
        0.1266336888074875,
        0.11282572150230408,
        0.21478454768657684,
        0.13051767647266388,
        0.17326094210147858,
        0.10426595062017441,
        0.18121428787708282,
        0.2125496119260788,
        0.1637682020664215,
        0.208214670419693,
        0.14425668120384216,
        0.15891890227794647,
        0.13802632689476013,
        0.10828140377998352,
        0.13724856078624725,
        0.16364805400371552,
        0.3135136663913727,
        0.14774440228939056,
        0.16827595233917236,
        0.1647615283727646,
        0.10835133492946625,
        0.1265222430229187,
        0.19220039248466492,
        0.2064824253320694,
        0.2884979546070099,
        0.13294866681098938,
        0.2207213193178177,
        0.28532302379608154,
        0.16512757539749146,
        0.12507842481136322,
        0.1984597146511078,
        0.2917097508907318,
        0.1807752251625061,
        0.14644917845726013,
        0.35397207736968994,
        0.2070884108543396,
        0.12298237532377243,
        0.09736494719982147,
        0.12051218003034592,
        0.09192100167274475,
        0.19209745526313782,
        0.24354501068592072,
        0.23388805985450745,
        0.18598613142967224,
        0.1723358929157257,
        0.13642922043800354,
        0.17160966992378235,
        0.20961378514766693,
        0.30025196075439453,
        0.21444687247276306,
        0.16168542206287384,
        0.18098151683807373,
        0.1392422467470169,
        0.11761003732681274,
        0.15925055742263794
    ],
    "stu_test_loss": [
        0.4751874804496765,
        0.36971595883369446,
        0.4447805881500244,
        0.44019997119903564,
        0.5332052111625671,
        0.44711583852767944,
        0.48800331354141235,
        0.4132959842681885,
        0.46876782178878784,
        0.5599379539489746,
        0.4171440005302429,
        0.47286102175712585,
        0.5068753957748413,
        0.4151405096054077,
        0.4569685459136963,
        0.4284687936306,
        0.5599720478057861,
        0.5118545293807983,
        0.41434019804000854,
        0.46303650736808777,
        0.5004534721374512,
        0.5835413932800293,
        0.5059973001480103,
        0.46637898683547974,
        0.48203831911087036,
        0.4978650212287903,
        0.4455718994140625,
        0.43802565336227417,
        0.3913452625274658,
        0.4852716624736786,
        0.4930788576602936,
        0.46411046385765076,
        0.4121490716934204,
        0.47935277223587036,
        0.39111191034317017,
        0.4945301115512848,
        0.4151860475540161,
        0.5570048093795776,
        0.5373833775520325,
        0.44723132252693176,
        0.468334436416626,
        0.5053228139877319,
        0.5403752326965332,
        0.4581019878387451,
        0.48055505752563477,
        0.4622783660888672,
        0.4391458034515381,
        0.45153048634529114,
        0.4947338104248047,
        0.44505804777145386,
        0.3282760977745056,
        0.40592387318611145,
        0.36939042806625366,
        0.33405572175979614,
        0.33302029967308044,
        0.37595075368881226,
        0.4522300958633423,
        0.47248440980911255,
        0.38826292753219604,
        0.6110289096832275,
        0.553316593170166,
        0.5822030305862427,
        0.340442419052124,
        0.34096676111221313,
        0.35529065132141113,
        0.7599035501480103,
        0.5519123077392578,
        0.504635751247406,
        0.3547380864620209,
        0.33451783657073975,
        0.3277655243873596,
        0.36887499690055847,
        0.41657182574272156,
        0.370432049036026,
        0.4309602975845337,
        0.4056469798088074,
        0.36897212266921997,
        0.38636934757232666,
        0.5049517154693604,
        0.4210365414619446,
        0.48930662870407104,
        0.4492639899253845,
        0.5246819853782654,
        0.4829105734825134,
        0.37798163294792175,
        0.3792293667793274,
        0.34706759452819824,
        0.32741230726242065,
        0.3658227324485779,
        0.3384250998497009,
        0.4579976201057434,
        0.39825886487960815,
        0.3313589096069336,
        0.33093714714050293,
        0.34950530529022217,
        0.4190741777420044,
        0.7596814632415771,
        0.5763646364212036,
        0.3906329870223999,
        0.4626030921936035
    ],
    "stu_train_acc": [
        0.9799999594688416,
        1.0,
        0.9699999690055847,
        0.9599999785423279,
        1.0,
        0.9199999570846558,
        0.9599999785423279,
        0.9799999594688416,
        0.9799999594688416,
        0.9599999785423279,
        0.949999988079071,
        0.9799999594688416,
        0.949999988079071,
        0.949999988079071,
        0.9599999785423279,
        0.9599999785423279,
        0.9599999785423279,
        0.9799999594688416,
        0.9699999690055847,
        0.9399999976158142,
        0.949999988079071,
        0.9399999976158142,
        0.9899999499320984,
        0.9699999690055847,
        0.9300000071525574,
        0.9699999690055847,
        0.949999988079071,
        0.9699999690055847,
        0.9699999690055847,
        0.9599999785423279,
        0.9699999690055847,
        0.9699999690055847,
        0.9799999594688416,
        0.9099999666213989,
        0.9300000071525574,
        0.949999988079071,
        0.949999988079071,
        0.9699999690055847,
        0.9699999690055847,
        0.949999988079071,
        0.9300000071525574,
        0.949999988079071,
        0.9599999785423279,
        0.8799999952316284,
        0.8899999856948853,
        0.9599999785423279,
        0.9799999594688416,
        0.9399999976158142,
        0.9099999666213989,
        0.949999988079071,
        0.949999988079071,
        0.8799999952316284,
        0.9300000071525574,
        0.9699999690055847,
        0.9799999594688416,
        0.9699999690055847,
        0.9699999690055847,
        0.9399999976158142,
        0.949999988079071,
        0.9599999785423279,
        0.9399999976158142,
        0.9699999690055847,
        0.9699999690055847,
        0.9699999690055847,
        0.9099999666213989,
        0.9399999976158142,
        0.9599999785423279,
        0.9699999690055847,
        0.949999988079071,
        0.9899999499320984,
        0.9699999690055847,
        0.9574467539787292
    ],