{
    "stu_train_loss": [
        0.21144546568393707,
        0.11043007671833038,
        0.13408996164798737,
        0.08445565402507782,
        0.09195804595947266,
        0.11512203514575958,
        0.10904650390148163,
        0.06621541827917099,
        0.08714892715215683,
        0.2450796663761139,
        0.14421392977237701,
        0.10927178710699081,
        0.17414726316928864,
        0.15678182244300842,
        0.14029110968112946,
        0.07530234009027481,
        0.06737960875034332,
        0.11828374862670898,
        0.14973847568035126,
        0.12157067656517029,
        0.16063450276851654,
        0.18826980888843536,
        0.11218290030956268,
        0.2517926096916199,
        0.1143416091799736,
        0.10984140634536743,
        0.14498715102672577,
        0.07863816618919373,
        0.06462308764457703,
        0.0567890889942646,
        0.11325383186340332,
        0.10126788169145584,
        0.15034765005111694,
        0.13315202295780182,
        0.10127797722816467,
        0.24384205043315887,
        0.06225829944014549,
        0.11038486659526825,
        0.08491542935371399,
        0.15998277068138123,
        0.1782342493534088,
        0.2785153388977051,
        0.13955135643482208,
        0.06988471746444702,
        0.10297664999961853,
        0.24549029767513275,
        0.1697661280632019,
        0.1484571248292923,
        0.1597132533788681,
        0.16907452046871185,
        0.1513783484697342,
        0.1160382553935051,
        0.08111295849084854,
        0.08141112327575684,
        0.13735494017601013,
        0.07885586470365524,
        0.1398453563451767,
        0.10718870908021927,
        0.11087261140346527,
        0.03194461762905121,
        0.11648426204919815,
        0.10335321724414825,
        0.08509325236082077,
        0.09404107183218002,
        0.06930053234100342,
        0.08952832967042923,
        0.11162379384040833,
        0.2598462402820587,
        0.13752388954162598,
        0.18340125679969788,
        0.05858562886714935,
        0.18562671542167664
    ],
    "stu_test_loss": [
        0.455461323261261,
        0.4231252074241638,
        0.43691563606262207,
        0.45952028036117554,
        0.509647011756897,
        0.42288705706596375,
        0.5644010305404663,
        0.45731252431869507,
        0.4291859269142151,
        0.5522961616516113,
        0.4227909743785858,
        0.47624748945236206,
        0.5311727523803711,
        0.4483819007873535,
        0.4235830307006836,
        0.40604254603385925,
        0.5112127065658569,
        0.4851941168308258,
        0.40033158659935,
        0.481220543384552,
        0.5539138317108154,
        0.5795011520385742,
        0.4646499752998352,
        0.4642036557197571,
        0.45161643624305725,
        0.4929434061050415,
        0.4271010458469391,
        0.4717197120189667,
        0.4658017158508301,
        0.5254340171813965,
        0.49096304178237915,
        0.42797309160232544,
        0.43561193346977234,
        0.44830840826034546,
        0.41070854663848877,
        0.48440471291542053,
        0.4003947675228119,
        0.586875319480896,
        0.48942887783050537,
        0.4553375244140625,
        0.44206029176712036,
        0.49274227023124695,
        0.536973237991333,
        0.4528176188468933,
        0.4950141906738281,
        0.45138370990753174,
        0.40031683444976807,
        0.39826080203056335,
        0.4679645895957947,
        0.4481258988380432,
        0.3461645841598511,
        0.3762732744216919,
        0.38375693559646606,
        0.33522939682006836,
        0.3594653606414795,
        0.3654457628726959,
        0.47951850295066833,
        0.40546828508377075,
        0.4029345214366913,
        0.6661322116851807,
        0.478313148021698,
        0.515591025352478,
        0.3338582515716553,
        0.34704485535621643,
        0.34966498613357544,
        0.8409665822982788,
        0.563845157623291,
        0.42070767283439636,
        0.34990015625953674,
        0.35609012842178345,
        0.32900887727737427,
        0.3689999580383301,
        0.38493219017982483,
        0.37867528200149536,
        0.41571271419525146,
        0.39547544717788696,
        0.35323017835617065,
        0.37299177050590515,
        0.4286220371723175,
        0.4142304062843323,
        0.5517237186431885,
        0.3881993889808655,
        0.5218980312347412,
        0.4351770281791687,
        0.378322958946228,
        0.37065765261650085,
        0.34541821479797363,
        0.3307884931564331,
        0.3432258069515228,
        0.33140963315963745,
        0.47057417035102844,
        0.36058515310287476,
        0.34539228677749634,
        0.3566558361053467,
        0.371697336435318,
        0.4436073303222656,
        0.770416259765625,
        0.5450724959373474,
        0.4144178628921509,
        0.42669105529785156
    ],
    "stu_train_acc": [
        0.949999988079071,
        0.9799999594688416,
        0.9699999690055847,
        0.9899999499320984,
        0.9899999499320984,
        0.949999988079071,
        0.9599999785423279,
        0.9899999499320984,
        0.9799999594688416,
        0.9199999570846558,
        0.9699999690055847,
        0.9699999690055847,
        0.9399999976158142,
        0.949999988079071,
        0.9799999594688416,
        0.9799999594688416,
        0.9799999594688416,
        0.9799999594688416,
        0.949999988079071,
        0.9699999690055847,
        0.9699999690055847,
        0.949999988079071,
        0.9699999690055847,
        0.949999988079071,
        0.9599999785423279,
        0.9599999785423279,
        0.9599999785423279,
        0.9699999690055847,
        0.9899999499320984,
        1.0,
        0.9699999690055847,
        0.9699999690055847,
        0.9799999594688416,
        0.9699999690055847,
        0.9799999594688416,
        0.8999999761581421,
        1.0,
        0.9599999785423279,
        0.9799999594688416,
        0.949999988079071,
        0.9699999690055847,
        0.9599999785423279,
        0.949999988079071,
        0.9699999690055847,
        0.9599999785423279,
        0.9399999976158142,
        0.949999988079071,
        0.9699999690055847,
        0.949999988079071,
        0.9300000071525574,
        0.9599999785423279,
        0.9599999785423279,
        0.9799999594688416,
        0.9699999690055847,
        0.9599999785423279,
        0.9899999499320984,
        0.9599999785423279,
        0.9799999594688416,
        0.9799999594688416,
        1.0,
        0.9599999785423279,
        0.9599999785423279,
        0.9899999499320984,
        0.9699999690055847,
        0.9899999499320984,
        0.9799999594688416,
        0.9699999690055847,
        0.9599999785423279,
        0.949999988079071,
        0.9300000071525574,
        0.9899999499320984,
        0.9574467539787292
    ],