{
    "stu_train_loss": [
        0.15915782749652863,
        0.29812952876091003,
        0.2696289122104645,
        0.1537417769432068,
        0.2662273645401001,
        0.2206261307001114,
        0.34890833497047424,
        0.351502925157547,
        0.20456600189208984,
        0.37646621465682983,
        0.18300941586494446,
        0.13244712352752686,
        0.27156615257263184,
        0.21302051842212677,
        0.20687253773212433,
        0.3045070171356201,
        0.28252333402633667,
        0.3067457973957062,
        0.2978214919567108,
        0.25848376750946045,
        0.24894843995571136,
        0.4617995023727417,
        0.10035378485918045,
        0.2633092701435089,
        0.3721853494644165,
        0.3230288624763489,
        0.3755207359790802,
        0.2352524995803833,
        0.18772892653942108,
        0.18406207859516144,
        0.22377817332744598,
        0.17039796710014343,
        0.246503546833992,
        0.18035154044628143,
        0.22240257263183594,
        0.19446119666099548,
        0.1938129961490631,
        0.2767661213874817,
        0.19241081178188324,
        0.17159351706504822,
        0.21156366169452667,
        0.2203064113855362,
        0.2314126193523407,
        0.15539801120758057,
        0.1426633596420288,
        0.15295027196407318,
        0.2436235398054123,
        0.19584110379219055,
        0.3005012273788452,
        0.2286931574344635,
        0.2177545577287674,
        0.2606898248195648,
        0.13112027943134308,
        0.18485316634178162,
        0.2450186163187027,
        0.22675058245658875,
        0.23415838181972504,
        0.1569090485572815,
        0.12184832245111465,
        0.2423347532749176,
        0.18153247237205505,
        0.12344902008771896,
        0.26286575198173523,
        0.20055226981639862,
        0.13283413648605347,
        0.21119526028633118,
        0.23871885240077972,
        0.14027751982212067,
        0.16252586245536804,
        0.19840238988399506,
        0.30628278851509094,
        0.2353256642818451
    ],
    "stu_test_loss": [
        0.45286571979522705,
        0.4335538148880005,
        0.4555051922798157,
        0.49016064405441284,
        0.5907273292541504,
        0.4588361382484436,
        0.5786206722259521,
        0.5076656341552734,
        0.48744553327560425,
        0.5249413251876831,
        0.43412554264068604,
        0.538089394569397,
        0.5430848598480225,
        0.44321364164352417,
        0.5152181386947632,
        0.4581056833267212,
        0.5161473751068115,
        0.4905853867530823,
        0.4494166970252991,
        0.5802104473114014,
        0.582778811454773,
        0.6358314156532288,
        0.533236026763916,
        0.48251116275787354,
        0.48435071110725403,
        0.5605119466781616,
        0.4894358217716217,
        0.4767976999282837,
        0.46939584612846375,
        0.5562390685081482,
        0.4834892153739929,
        0.5107519030570984,
        0.44048407673835754,
        0.4975051283836365,
        0.43524742126464844,
        0.5432379245758057,
        0.3969210386276245,
        0.6553553938865662,
        0.5375308990478516,
        0.514339029788971,
        0.503530740737915,
        0.47232678532600403,
        0.575061559677124,
        0.47273215651512146,
        0.5034903287887573,
        0.48394930362701416,
        0.44289448857307434,
        0.43898123502731323,
        0.5231733918190002,
        0.46155691146850586,
        0.3436429500579834,
        0.4179486930370331,
        0.40018022060394287,
        0.34984689950942993,
        0.3424828350543976,
        0.39072760939598083,
        0.4618154466152191,
        0.4517468214035034,
        0.4050806164741516,
        0.6053299903869629,
        0.478693425655365,
        0.5948207378387451,
        0.3658372759819031,
        0.35966160893440247,
        0.3659646809101105,
        0.7423347234725952,
        0.5203170776367188,
        0.4736998677253723,
        0.37594565749168396,
        0.38479334115982056,
        0.3420790433883667,
        0.37694984674453735,
        0.43339794874191284,
        0.38477611541748047,
        0.4836881756782532,
        0.4121822714805603,
        0.37979263067245483,
        0.4135649502277374,
        0.4657602608203888,
        0.45067816972732544,
        0.4791542887687683,
        0.4491267800331116,
        0.547292947769165,
        0.5026789903640747,
        0.3998037874698639,
        0.3948170244693756,
        0.3663782477378845,
        0.3505204916000366,
        0.36827439069747925,
        0.35675984621047974,
        0.5276651382446289,
        0.39612314105033875,
        0.3726162314414978,
        0.37702155113220215,
        0.38639116287231445,
        0.45220306515693665,
        0.7525432109832764,
        0.55307936668396,
        0.42020943760871887,
        0.44863152503967285
    ],
    "stu_train_acc": [
        0.9699999690055847,
        0.9099999666213989,
        0.9300000071525574,
        0.9799999594688416,
        0.9399999976158142,
        0.949999988079071,
        0.8999999761581421,
        0.9099999666213989,
        0.9799999594688416,
        0.9199999570846558,
        0.9699999690055847,
        1.0,
        0.9399999976158142,
        0.9399999976158142,
        0.9599999785423279,
        0.949999988079071,
        0.9399999976158142,
        0.8999999761581421,
        0.9099999666213989,
        0.949999988079071,
        0.9599999785423279,
        0.8799999952316284,
        1.0,
        0.9300000071525574,
        0.8999999761581421,
        0.9099999666213989,
        0.8999999761581421,
        0.9399999976158142,
        0.9699999690055847,
        0.9599999785423279,
        0.9599999785423279,
        0.9699999690055847,
        0.9300000071525574,
        0.9699999690055847,
        0.949999988079071,
        0.949999988079071,
        0.9699999690055847,
        0.9099999666213989,
        0.9599999785423279,
        0.9599999785423279,
        0.9599999785423279,
        0.9399999976158142,
        0.9399999976158142,
        0.9699999690055847,
        0.9799999594688416,
        0.9799999594688416,
        0.9300000071525574,
        0.9699999690055847,
        0.9300000071525574,
        0.9599999785423279,
        0.9599999785423279,
        0.9399999976158142,
        1.0,
        0.949999988079071,
        0.9699999690055847,
        0.9300000071525574,
        0.9300000071525574,
        0.9699999690055847,
        0.9899999499320984,
        0.9199999570846558,
        0.9699999690055847,
        0.9799999594688416,
        0.9300000071525574,
        0.9599999785423279,
        0.9699999690055847,
        0.9599999785423279,
        0.9699999690055847,
        0.9799999594688416,
        0.9799999594688416,
        0.949999988079071,
        0.9300000071525574,
        0.9468084573745728
    ],