{
    "stu_train_loss": [
        0.11381662636995316,
        0.0851508304476738,
        0.1383659541606903,
        0.10481497645378113,
        0.13963904976844788,
        0.25874945521354675,
        0.10325121879577637,
        0.18026986718177795,
        0.107225701212883,
        0.18379640579223633,
        0.13139501214027405,
        0.22832050919532776,
        0.1697622686624527,
        0.21811962127685547,
        0.16456256806850433,
        0.1891470104455948,
        0.06288059055805206,
        0.07292189449071884,
        0.09985928237438202,
        0.1628643423318863,
        0.18174463510513306,
        0.25712820887565613,
        0.0841231644153595,
        0.1438637524843216,
        0.06885570287704468,
        0.06739819794893265,
        0.25406038761138916,
        0.11966992169618607,
        0.05966975539922714,
        0.2992679476737976,
        0.2064630389213562,
        0.08485876768827438,
        0.2551644444465637,
        0.18996000289916992,
        0.09667220711708069,
        0.16720354557037354,
        0.18789048492908478,
        0.2345999777317047,
        0.08557436615228653,
        0.1171436607837677,
        0.29244425892829895,
        0.1753264218568802,
        0.192937433719635,
        0.07602956146001816,
        0.2062743604183197,
        0.1339130699634552,
        0.20513734221458435,
        0.1187177374958992,
        0.1589501053094864,
        0.24607732892036438,
        0.1327258050441742,
        0.1962544471025467,
        0.26187872886657715,
        0.14123670756816864,
        0.13997596502304077,
        0.09238312393426895,
        0.13911134004592896,
        0.13915489614009857,
        0.1177317425608635,
        0.0540703721344471,
        0.08951524645090103,
        0.1262373924255371,
        0.07091023772954941,
        0.16735507547855377,
        0.24777281284332275,
        0.07455302774906158,
        0.18161755800247192,
        0.19659015536308289,
        0.07696182280778885,
        0.08096545189619064,
        0.14963926374912262,
        0.054806847125291824
    ],
    "stu_test_loss": [
        0.47735023498535156,
        0.41640806198120117,
        0.4086441397666931,
        0.43160516023635864,
        0.5563701391220093,
        0.4258037805557251,
        0.48325467109680176,
        0.41167160868644714,
        0.4895537793636322,
        0.47740471363067627,
        0.4028293192386627,
        0.5129246711730957,
        0.49554216861724854,
        0.3906353712081909,
        0.407216876745224,
        0.4475954473018646,
        0.49522456526756287,
        0.442758709192276,
        0.4123278856277466,
        0.5062000751495361,
        0.5169768333435059,
        0.5979507565498352,
        0.4814927279949188,
        0.4616035223007202,
        0.4301159381866455,
        0.48752361536026,
        0.47100329399108887,
        0.42903491854667664,
        0.3900040090084076,
        0.46383535861968994,
        0.4558853507041931,
        0.4206024408340454,
        0.38466233015060425,
        0.49261635541915894,
        0.3924284875392914,
        0.43693020939826965,
        0.40396037697792053,
        0.5744847059249878,
        0.559117317199707,
        0.44679486751556396,
        0.43167799711227417,
        0.4593067169189453,
        0.5575699806213379,
        0.3951852321624756,
        0.4457736909389496,
        0.42368364334106445,
        0.40251103043556213,
        0.41048499941825867,
        0.45090368390083313,
        0.4313080310821533,
        0.317571759223938,
        0.3725186586380005,
        0.36564990878105164,
        0.32109150290489197,
        0.3394262492656708,
        0.35764628648757935,
        0.4983784556388855,
        0.4090240001678467,
        0.3795490264892578,
        0.5278297066688538,
        0.5053707957267761,
        0.6346983909606934,
        0.3299929201602936,
        0.34263426065444946,
        0.3571707010269165,
        0.7009004354476929,
        0.5329621434211731,
        0.438007116317749,
        0.34509027004241943,
        0.3409287631511688,
        0.31885138154029846,
        0.3380955457687378,
        0.4031513035297394,
        0.35780951380729675,
        0.4204738736152649,
        0.38519906997680664,
        0.33883705735206604,
        0.3579164743423462,
        0.38035058975219727,
        0.4048525393009186,
        0.40961217880249023,
        0.416354238986969,
        0.48721253871917725,
        0.48435115814208984,
        0.3686312437057495,
        0.34749147295951843,
        0.331007719039917,
        0.3183346688747406,
        0.3447212278842926,
        0.33739131689071655,
        0.4455738663673401,
        0.35701268911361694,
        0.35450220108032227,
        0.3417968153953552,
        0.3478269875049591,
        0.36861997842788696,
        0.6759578585624695,
        0.5341688394546509,
        0.3849960267543793,
        0.39811015129089355
    ],
    "stu_train_acc": [
        0.949999988079071,
        0.9899999499320984,
        0.9699999690055847,
        0.9599999785423279,
        0.949999988079071,
        0.8999999761581421,
        0.9599999785423279,
        0.949999988079071,
        0.9699999690055847,
        0.9300000071525574,
        0.9699999690055847,
        0.9699999690055847,
        0.949999988079071,
        0.9399999976158142,
        0.9599999785423279,
        0.9399999976158142,
        0.9799999594688416,
        0.9699999690055847,
        0.9799999594688416,
        0.9399999976158142,
        0.949999988079071,
        0.9599999785423279,
        0.9799999594688416,
        0.949999988079071,
        0.9899999499320984,
        1.0,
        0.9300000071525574,
        0.9599999785423279,
        0.9899999499320984,
        0.9399999976158142,
        0.9399999976158142,
        0.9899999499320984,
        0.9399999976158142,
        0.9599999785423279,
        0.9699999690055847,
        0.9799999594688416,
        0.9699999690055847,
        0.9199999570846558,
        0.9799999594688416,
        0.9699999690055847,
        0.9300000071525574,
        0.949999988079071,
        0.9599999785423279,
        0.9899999499320984,
        0.9300000071525574,
        0.9799999594688416,
        0.949999988079071,
        0.9799999594688416,
        0.9300000071525574,
        0.949999988079071,
        0.9799999594688416,
        0.9399999976158142,
        0.9099999666213989,
        0.9699999690055847,
        0.9399999976158142,
        0.9799999594688416,
        0.9599999785423279,
        0.9599999785423279,
        0.9699999690055847,
        1.0,
        0.9699999690055847,
        0.9699999690055847,
        0.9799999594688416,
        0.9399999976158142,
        0.949999988079071,
        0.9799999594688416,
        0.949999988079071,
        0.9399999976158142,
        0.9799999594688416,
        0.9899999499320984,
        0.9799999594688416,
        0.9999999403953552
    ],