{
    "stu_train_loss": 0.18900700629665582,
    "mentor_train_loss": 0.18137427483404112,
    "stu_test_loss": 0.1791300997614099,
    "mentor_test_loss": 0.1584225500972507,
    "stu_train_acc": 0.9813885041551247,
    "mentor_train_acc": 0.9852839335180056,
    "stu_test_acc": 0.9850239616613419,
    "mentor_test_acc": 0.987120607028754
}