{
    "stu_train_loss": 0.13614866172590415,
    "mentor_train_loss": 0.10997187843613347,
    "stu_test_loss": 0.1309085190296173,
    "mentor_test_loss": 0.10491220180552227,
    "stu_train_acc": 0.9852839335180056,
    "mentor_train_acc": 0.9920360110803325,
    "stu_test_acc": 0.9876198083067093,
    "mentor_test_acc": 0.9921126198083067
}