{
    "stu_train_loss": 0.16760546961732187,
    "mentor_train_loss": 0.14697076537107168,
    "stu_test_loss": 0.14739353950031267,
    "mentor_test_loss": 0.12870571840875827,
    "stu_train_acc": 0.9831724979210428,
    "mentor_train_acc": 0.9900450138504155,
    "stu_test_acc": 0.9866214057507987,
    "mentor_test_acc": 0.9900159744408946
}