{
    "stu_train_loss": 0.13579052623743165,
    "mentor_train_loss": 0.10492797375468337,
    "stu_test_loss": 0.12430551137549047,
    "mentor_test_loss": 0.10141614612679893,
    "stu_train_acc": 0.9859764542936288,
    "mentor_train_acc": 0.9916897506925207,
    "stu_test_acc": 0.9893170926517572,
    "mentor_test_acc": 0.9940095846645367
}