{
    "stu_train_loss": 0.13784003759272542,
    "mentor_train_loss": 0.10490881992178941,
    "stu_test_loss": 0.14722695215917625,
    "mentor_test_loss": 0.10966539660248513,
    "stu_train_acc": 0.9862361495844876,
    "mentor_train_acc": 0.9913434903047091,
    "stu_test_acc": 0.9879193290734825,
    "mentor_test_acc": 0.9925119808306709
}