{
    "stu_train_loss": 0.15232784758190368,
    "mentor_train_loss": 0.1271811987368849,
    "stu_test_loss": 0.13226858171792075,
    "mentor_test_loss": 0.10547576373377547,
    "stu_train_acc": 0.9822541551246537,
    "mentor_train_acc": 0.990564404432133,
    "stu_test_acc": 0.9875199680511182,
    "mentor_test_acc": 0.9932108626198083
}