{
    "stu_train_loss": 0.13682985840329173,
    "mentor_train_loss": 0.1082759948442187,
    "stu_test_loss": 0.12368872566535451,
    "mentor_test_loss": 0.09893537770968656,
    "stu_train_acc": 0.9843844092783836,
    "mentor_train_acc": 0.991569312325475,
    "stu_test_acc": 0.9880191693290735,
    "mentor_test_acc": 0.9936102236421726
}