{
    "stu_train_loss": 0.6111672924743795,
    "mentor_train_loss": 0.7536546770390381,
    "stu_test_loss": 0.27983542262746125,
    "mentor_test_loss": 0.3104731471489032,
    "stu_train_acc": 0.8595575394722894,
    "mentor_train_acc": 0.7834668192506827,
    "stu_test_acc": 0.9718450479233227,
    "mentor_test_acc": 0.9493809904153354
}