{
    "stu_train_loss": 2.3449695736169813,
    "mentor_train_loss": 2.3335749238729475,
    "stu_test_loss": 2.3411207389526854,
    "mentor_test_loss": 2.3233298943065606,
    "stu_train_acc": 0.17191840279847384,
    "mentor_train_acc": 0.19618055559694766,
    "stu_test_acc": 0.14337060702875398,
    "mentor_test_acc": 0.2551916932907348
}