{
    "stu_train_loss": 0.800857438147068,
    "mentor_train_loss": 1.2762437909841537,
    "stu_test_loss": 0.7989499066203547,
    "mentor_test_loss": 1.2262236969158673,
    "stu_train_acc": 0.9146267361938953,
    "mentor_train_acc": 0.7413628473877907,
    "stu_test_acc": 0.9015575079872205,
    "mentor_test_acc": 0.7441094249201278
}