{
    "stu_train_loss": 2.1140168488025664,
    "mentor_train_loss": 2.2357127755880355,
    "stu_test_loss": 2.0610990962281392,
    "mentor_test_loss": 2.2053162206095247,
    "stu_train_acc": 0.3681857638992369,
    "mentor_train_acc": 0.4648871527984738,
    "stu_test_acc": 0.41573482428115016,
    "mentor_test_acc": 0.48811900958466453
}