{
    "stu_train_loss": 0.507130039009181,
    "mentor_train_loss": 0.4840303385122256,
    "stu_test_loss": 0.4611379057645036,
    "mentor_test_loss": 0.5368017555235293,
    "stu_train_acc": 0.8796164772727273,
    "mentor_train_acc": 0.8884943181818182,
    "stu_test_acc": 0.8750998402555911,
    "mentor_test_acc": 0.8472444089456869
}