{
    "stu_train_loss": 0.44878829473798926,
    "mentor_train_loss": 0.3723949698561972,
    "stu_test_loss": 0.47869000214928636,
    "mentor_test_loss": 0.5027907427888327,
    "stu_train_acc": 0.8952414772727273,
    "mentor_train_acc": 0.9282670454545454,
    "stu_test_acc": 0.8554313099041534,
    "mentor_test_acc": 0.856629392971246
}