{
    "stu_train_loss": 0.4306298696569034,
    "stu_test_loss": 0.8547372144460678,
    "stu_train_acc": 0.8547089724313646,
    "stu_test_acc": 0.8013999783992767
}