{
    "stu_train_loss": 0.4273283368065244,
    "stu_test_loss": 0.9213458931446076,
    "stu_train_acc": 0.854232785247621,
    "stu_test_acc": 0.801599977016449
}