{
    "stu_train_loss": 0.42068881754364285,
    "stu_test_loss": 0.917889843583107,
    "stu_train_acc": 0.8599735214596703,
    "stu_test_acc": 0.8085999780893326
}