{
    "stu_train_loss": 0.44565804657481967,
    "stu_test_loss": 0.8956750267744065,
    "stu_train_acc": 0.8494973352977208,
    "stu_test_acc": 0.8042999750375748
}