{
    "stu_train_loss": 0.42178307189827874,
    "stu_test_loss": 0.8999345707893371,
    "stu_train_acc": 0.8571163813273112,
    "stu_test_acc": 0.7982999789714813
}