{
    "stu_train_loss": 0.4161724434012458,
    "stu_test_loss": 1.002674177289009,
    "stu_train_acc": 0.8602116207281748,
    "stu_test_acc": 0.7918999791145325
}