{
    "stu_train_loss": 0.4189983159303665,
    "stu_test_loss": 0.8479574352502823,
    "stu_train_acc": 0.8585449513934907,
    "stu_test_acc": 0.8084999793767929
}