{
    "stu_train_loss": 0.4140585797528426,
    "stu_test_loss": 0.9731928986310959,
    "stu_train_acc": 0.8611904581387838,
    "stu_test_acc": 0.7973999792337417
}