{
    "stu_train_loss": 0.42839053982780095,
    "stu_test_loss": 0.8546723246574401,
    "stu_train_acc": 0.8568518332072667,
    "stu_test_acc": 0.8058999770879746
}