{
    "stu_train_loss": 0.08657496379138055,
    "stu_test_loss": 0.11361505476811443,
    "stu_train_acc": 0.9822443181818182,
    "stu_test_acc": 0.9867212460063898
}