{
    "stu_train_loss": 0.09820763973138211,
    "stu_test_loss": 0.3263003317216715,
    "stu_train_acc": 0.9708806818181818,
    "stu_test_acc": 0.9666533546325878
}