{
    "stu_train_loss": 0.07787881247879175,
    "stu_test_loss": 0.13502128538898767,
    "stu_train_acc": 0.9840198863636364,
    "stu_test_acc": 0.985323482428115
}