{
    "stu_train_loss": 0.08345579692501236,
    "stu_test_loss": 0.12666052880997475,
    "stu_train_acc": 0.984375,
    "stu_test_acc": 0.9844249201277955
}