{
    "stu_train_loss": 0.10146023070079867,
    "stu_test_loss": 0.1061759611454825,
    "stu_train_acc": 0.9808238636363636,
    "stu_test_acc": 0.9851238019169329
}