{
    "stu_train_loss": 0.09372843588988128,
    "stu_test_loss": 0.1551301375555154,
    "stu_train_acc": 0.9790482954545454,
    "stu_test_acc": 0.981529552715655
}