{
    "stu_train_loss": 0.08174001896722158,
    "stu_test_loss": 0.19367682571990041,
    "stu_train_acc": 0.9797585227272727,
    "stu_test_acc": 0.9813298722044729
}