{
    "stu_train_loss": 0.09970097594619305,
    "stu_test_loss": 0.2562602771737705,
    "stu_train_acc": 0.9730113636363636,
    "stu_test_acc": 0.9819289137380192
}