{
    "stu_train_loss": 0.08870496395552023,
    "stu_test_loss": 0.3110148430156251,
    "stu_train_acc": 0.9769176136363636,
    "stu_test_acc": 0.9570686900958466
}