{
    "stu_train_loss": 0.07384026075438173,
    "stu_test_loss": 0.17183646593040552,
    "stu_train_acc": 0.9836647727272727,
    "stu_test_acc": 0.9797324281150159
}