{
    "stu_train_loss": 0.0822895132243337,
    "stu_test_loss": 0.1648666046726437,
    "stu_train_acc": 0.9811789772727273,
    "stu_test_acc": 0.9828274760383386
}