{
    "stu_train_loss": 0.07662557491461154,
    "stu_test_loss": 0.17090966343022765,
    "stu_train_acc": 0.9822443181818182,
    "stu_test_acc": 0.9838258785942492
}