{
    "stu_train_loss": 0.10463672074150633,
    "stu_test_loss": 0.11322875956472117,
    "stu_train_acc": 0.9811789772727273,
    "stu_test_acc": 0.9841253993610224
}