{
    "stu_train_loss": 0.08764386512286199,
    "stu_test_loss": 0.1469576528992135,
    "stu_train_acc": 0.9794034090909091,
    "stu_test_acc": 0.9837260383386581
}