{
    "stu_train_loss": 0.08017778825755655,
    "stu_test_loss": 0.21352081176952814,
    "stu_train_acc": 0.9797585227272727,
    "stu_test_acc": 0.979832268370607
}