{
    "stu_train_loss": 0.08919667462098667,
    "stu_test_loss": 0.22460248852118897,
    "stu_train_acc": 0.9786931818181818,
    "stu_test_acc": 0.9757388178913738
}