{
    "stu_train_loss": 2.346750790422613,
    "mentor_train_loss": 2.3380371007052334,
    "stu_test_loss": 2.3413708796516395,
    "mentor_test_loss": 2.3268965128511665,
    "stu_train_acc": 0.1551846590909091,
    "mentor_train_acc": 0.16051136363636365,
    "stu_test_acc": 0.11351837060702875,
    "mentor_test_acc": 0.15615015974440893
}