{
    "stu_train_loss": 2.0109081606973302,
    "mentor_train_loss": 2.156003778631037,
    "stu_test_loss": 1.9432105972363165,
    "mentor_test_loss": 2.1079091073605962,
    "stu_train_acc": 0.4147727272727273,
    "mentor_train_acc": 0.41796875,
    "stu_test_acc": 0.4508785942492013,
    "mentor_test_acc": 0.441194089456869
}