{
    "stu_train_loss": [
        0.21374627947807312,
        0.12227550148963928,
        0.06682238727807999,
        0.1226106807589531,
        0.15144318342208862,
        0.09464194625616074,
        0.1645006388425827,
        0.18278907239437103,
        0.2492835372686386,
        0.07851357758045197,
        0.16068199276924133,
        0.09916955977678299,
        0.12381372600793839,
        0.320467084646225,
        0.09502211213111877,
        0.04440091922879219,
        0.1696457415819168,
        0.16135364770889282,
        0.14052225649356842,
        0.11298879981040955,
        0.1204761415719986,
        0.12679854035377502,
        0.09544816613197327,
        0.20438823103904724,
        0.12467897683382034,
        0.3037301301956177,
        0.15513496100902557,
        0.05355434492230415
    ],
    "stu_test_loss": [
        0.4344921410083771,
        0.448539137840271,
        0.43719547986984253,
        0.4409354329109192,
        0.5282339453697205,
        0.46575742959976196,
        0.5251930952072144,
        0.46413570642471313,
        0.4351375699043274,
        0.5462605357170105,
        0.428790420293808,
        0.47286126017570496,
        0.5546419620513916,
        0.434589147567749,
        0.41818684339523315,
        0.4403340220451355,
        0.48670417070388794,
        0.5409725904464722,
        0.419151246547699,
        0.5732247233390808,
        0.5645989775657654,
        0.6166085004806519,
        0.5472050309181213,
        0.4744422435760498,
        0.43258461356163025,
        0.5325947403907776,
        0.4448851943016052,
        0.5072721242904663,
        0.43826431035995483,
        0.543646514415741,
        0.4721687436103821,
        0.41782841086387634,
        0.40291041135787964,
        0.49075019359588623,
        0.45989981293678284,
        0.4698040783405304,
        0.4117879271507263,
        0.6506643891334534,
        0.5089411735534668,
        0.47574877738952637,
        0.45260709524154663,
        0.4496687054634094,
        0.5688321590423584,
        0.45498937368392944,
        0.42078399658203125,
        0.4810430705547333,
        0.3967687785625458,
        0.40322738885879517,
        0.4495841860771179,
        0.42771056294441223,
        0.34814608097076416,
        0.40638619661331177,
        0.42024287581443787,
        0.3422793447971344,
        0.3487844467163086,
        0.3714081645011902,
        0.5159353017807007,
        0.44186705350875854,
        0.41219091415405273,
        0.6559000015258789,
        0.5001674890518188,
        0.5559289455413818,
        0.35854965448379517,
        0.3442308306694031,
        0.3585015535354614,
        0.66463303565979,
        0.4867856502532959,
        0.41894808411598206,
        0.35804468393325806,
        0.360517680644989,
        0.3382524847984314,
        0.36630675196647644,
        0.3969873785972595,
        0.37101131677627563,
        0.4212174415588379,
        0.38668277859687805,
        0.35037633776664734,
        0.391965389251709,
        0.43542492389678955,
        0.5091835260391235,
        0.5410500764846802,
        0.39346617460250854,
        0.4531531035900116,
        0.4385361671447754,
        0.3785131573677063,
        0.4084615409374237,
        0.35360056161880493,
        0.34162911772727966,
        0.3407978117465973,
        0.3393234312534332,
        0.45394885540008545,
        0.3624131381511688,
        0.3549827039241791,
        0.35430943965911865,
        0.35727810859680176,
        0.3959161937236786,
        0.726837158203125,
        0.5643556118011475,
        0.4285745620727539,
        0.4265326261520386
    ],
    "stu_train_acc": [
        0.9300000071525574,
        0.9699999690055847,
        0.9899999499320984,
        0.9699999690055847,
        0.949999988079071,
        0.9699999690055847,
        0.949999988079071,
        0.9399999976158142,
        0.9300000071525574,
        0.9799999594688416,
        0.9799999594688416,
        0.9699999690055847,
        0.9699999690055847,
        0.9099999666213989,
        0.9799999594688416,
        1.0,
        0.9699999690055847,
        0.9399999976158142,
        0.9599999785423279,
        0.9799999594688416,
        0.9699999690055847,
        0.9599999785423279,
        0.9899999499320984,
        0.9399999976158142,
        0.9899999499320984,
        0.9099999666213989,
        0.949999988079071,
        1.0
    ],
    "stu_test_acc": [
        0.9699999690055847,
        0.9699999690055847,
        0.9599999785423279,
        0.9699999690055847,
        0.949999988079071,
        0.9699999690055847,
        0.9199999570846558,
        0.949999988079071,
        0.9699999690055847,
        0.9399999976158142,
        0.949999988079071,
        0.9599999785423279,
        0.9099999666213989,
        0.9699999690055847,
        0.9699999690055847,
        0.9599999785423279,
        0.9699999690055847,
        0.9099999666213989,
        0.9599999785423279,
        0.9199999570846558,
        0.9199999570846558,
        0.9199999570846558,
        0.9199999570846558,
        0.949999988079071,
        0.949999988079071,
        0.9300000071525574,
        0.949999988079071,
        0.949999988079071,
        0.9599999785423279,
        0.9399999976158142,
        0.9799999594688416,
        0.9599999785423279,
        0.9699999690055847,
        0.9599999785423279,
        0.949999988079071,
        0.9799999594688416,
        0.9699999690055847,
        0.9300000071525574,
        0.9399999976158142,
        0.9699999690055847,
        0.9599999785423279,
        0.949999988079071,
        0.9300000071525574,
        0.9399999976158142,
        0.9799999594688416,
        0.9599999785423279,
        0.9699999690055847,
        0.9899999499320984,
        0.9599999785423279,
        0.9599999785423279,
        1.0,
        0.9799999594688416,
        0.9799999594688416,
        1.0,
        0.9899999499320984,
        0.9899999499320984,
        0.9199999570846558,
        0.9699999690055847,
        0.9699999690055847,
        0.9099999666213989,
        0.949999988079071,
        0.9099999666213989,
        1.0,
        0.9899999499320984,
        1.0,
        0.8700000047683716,
        0.949999988079071,
        0.9699999690055847,
        1.0,
        0.9799999594688416,
        1.0,
        0.9799999594688416,
        0.9799999594688416,
        0.9899999499320984,
        0.9599999785423279,
        0.9799999594688416,
        1.0,
        0.9899999499320984,
        0.9599999785423279,
        0.9300000071525574,
        0.8999999761581421,
        0.9799999594688416,
        0.9300000071525574,
        0.9599999785423279,
        0.9899999499320984,
        0.9699999690055847,
        1.0,
        1.0,
        1.0,
        1.0,
        0.9399999976158142,
        0.9899999499320984,
        0.9899999499320984,
        0.9899999499320984,
        1.0,
        0.9799999594688416,
        0.8899999856948853,
        0.9199999570846558,
        0.949999988079071,
        0.9699999690055847
    ]
}