{
    "stu_train_loss": [
        0.1296059489250183,
        0.12517331540584564,
        0.13083511590957642,
        0.14947153627872467,
        0.208760067820549,
        0.15977701544761658,
        0.16500291228294373,
        0.12353959679603577,
        0.14340753853321075,
        0.0977030023932457,
        0.19386924803256989,
        0.13471679389476776,
        0.21715839207172394,
        0.12078790366649628,
        0.12343734502792358,
        0.18374088406562805,
        0.13080762326717377,
        0.23712578415870667,
        0.12314688414335251,
        0.21997535228729248,
        0.21264994144439697,
        0.19824539124965668,
        0.20868368446826935,
        0.0939207449555397,
        0.2454233318567276,
        0.1322614550590515,
        0.1715116649866104,
        0.28672072291374207
    ],
    "stu_test_loss": [
        0.48286253213882446,
        0.44447797536849976,
        0.44048190116882324,
        0.44234907627105713,
        0.5324774980545044,
        0.490011602640152,
        0.5511349439620972,
        0.42326951026916504,
        0.49276429414749146,
        0.5745533108711243,
        0.4769960045814514,
        0.513817310333252,
        0.5891457796096802,
        0.4584336280822754,
        0.4461425244808197,
        0.4518721103668213,
        0.5868976712226868,
        0.5202838182449341,
        0.4416842460632324,
        0.5731029510498047,
        0.5641580820083618,
        0.5761856436729431,
        0.5273853540420532,
        0.5039893388748169,
        0.4629322588443756,
        0.5005325078964233,
        0.4440573453903198,
        0.4574706554412842,
        0.429320752620697,
        0.5525013208389282,
        0.4944794774055481,
        0.46581363677978516,
        0.42601436376571655,
        0.5196771621704102,
        0.48458337783813477,
        0.5036329030990601,
        0.4255724549293518,
        0.6355807781219482,
        0.5467178821563721,
        0.5102468729019165,
        0.5046643614768982,
        0.5037145614624023,
        0.5558043718338013,
        0.48716479539871216,
        0.5209361910820007,
        0.482735812664032,
        0.41688093543052673,
        0.45474690198898315,
        0.5005358457565308,
        0.45187872648239136,
        0.3507176339626312,
        0.4316815733909607,
        0.4197257459163666,
        0.3683813214302063,
        0.35108819603919983,
        0.3817908465862274,
        0.4584948718547821,
        0.4419702887535095,
        0.4126206636428833,
        0.6478818655014038,
        0.5011232495307922,
        0.5956227779388428,
        0.35690292716026306,
        0.3458051085472107,
        0.36650824546813965,
        0.7273272275924683,
        0.5760055780410767,
        0.4529324769973755,
        0.36171963810920715,
        0.350586861371994,
        0.3599191904067993,
        0.3917113244533539,
        0.4482648968696594,
        0.42439067363739014,
        0.4225280284881592,
        0.43122509121894836,
        0.3607339560985565,
        0.3933286666870117,
        0.4669729769229889,
        0.4693668782711029,
        0.47067052125930786,
        0.4233299493789673,
        0.5232705473899841,
        0.4779226779937744,
        0.39030107855796814,
        0.37463653087615967,
        0.3631983697414398,
        0.3607039451599121,
        0.3802228569984436,
        0.3620019555091858,
        0.5550879240036011,
        0.38844892382621765,
        0.3572283387184143,
        0.3542785346508026,
        0.3597339987754822,
        0.42041414976119995,
        0.7867560386657715,
        0.5604289770126343,
        0.42983120679855347,
        0.46198946237564087
    ],
    "stu_train_acc": [
        0.9699999690055847,
        0.9799999594688416,
        0.9599999785423279,
        0.9699999690055847,
        0.949999988079071,
        0.9599999785423279,
        0.9699999690055847,
        0.9699999690055847,
        0.949999988079071,
        0.9699999690055847,
        0.949999988079071,
        0.9599999785423279,
        0.9599999785423279,
        0.9799999594688416,
        0.9799999594688416,
        0.9699999690055847,
        0.9699999690055847,
        0.9199999570846558,
        0.9699999690055847,
        0.9300000071525574,
        0.9399999976158142,
        0.9399999976158142,
        0.949999988079071,
        0.9699999690055847,
        0.9199999570846558,
        0.9699999690055847,
        0.9399999976158142,
        0.9166666865348816
    ],
    "stu_test_acc": [
        0.949999988079071,
        0.9599999785423279,
        0.9599999785423279,
        0.9699999690055847,
        0.9300000071525574,
        0.9799999594688416,
        0.9199999570846558,
        0.9799999594688416,
        0.9699999690055847,
        0.9399999976158142,
        0.9399999976158142,
        0.9599999785423279,
        0.9300000071525574,
        0.9699999690055847,
        0.9599999785423279,
        0.9899999499320984,
        0.9300000071525574,
        0.9300000071525574,
        0.9599999785423279,
        0.9199999570846558,
        0.9199999570846558,
        0.9399999976158142,
        0.949999988079071,
        0.949999988079071,
        0.9799999594688416,
        0.9399999976158142,
        0.9699999690055847,
        0.9699999690055847,
        0.9899999499320984,
        0.9399999976158142,
        0.9699999690055847,
        0.9599999785423279,
        0.9799999594688416,
        0.9399999976158142,
        0.949999988079071,
        0.9599999785423279,
        0.9599999785423279,
        0.9300000071525574,
        0.9399999976158142,
        0.9399999976158142,
        0.9399999976158142,
        0.9199999570846558,
        0.9300000071525574,
        0.949999988079071,
        0.9199999570846558,
        0.9699999690055847,
        0.9899999499320984,
        0.9699999690055847,
        0.949999988079071,
        0.9799999594688416,
        1.0,
        0.9799999594688416,
        0.9799999594688416,
        0.9899999499320984,
        1.0,
        0.9899999499320984,
        0.9399999976158142,
        0.9599999785423279,
        0.9699999690055847,
        0.9300000071525574,
        0.949999988079071,
        0.9099999666213989,
        1.0,
        1.0,
        1.0,
        0.8799999952316284,
        0.9399999976158142,
        0.9599999785423279,
        0.9899999499320984,
        1.0,
        0.9899999499320984,
        0.9799999594688416,
        0.949999988079071,
        0.9599999785423279,
        0.9799999594688416,
        0.9799999594688416,
        1.0,
        1.0,
        0.9599999785423279,
        0.949999988079071,
        0.949999988079071,
        0.9799999594688416,
        0.8999999761581421,
        0.949999988079071,
        0.9899999499320984,
        0.9899999499320984,
        1.0,
        0.9899999499320984,
        0.9899999499320984,
        1.0,
        0.9199999570846558,
        0.9899999499320984,
        1.0,
        1.0,
        1.0,
        0.9699999690055847,
        0.8799999952316284,
        0.9099999666213989,
        0.9599999785423279,
        0.9699999690055847
    ]
}