{
    "stu_train_loss": [
        0.02160138078033924,
        0.13729999959468842,
        0.0703471302986145,
        0.07938993722200394,
        0.2742835581302643,
        0.047689709812402725,
        0.04833168163895607,
        0.17483171820640564,
        0.11023374646902084,
        0.04731278121471405,
        0.06124547868967056,
        0.24337510764598846,
        0.08716994524002075,
        0.13179537653923035,
        0.1689966768026352,
        0.20117942988872528,
        0.05410175397992134,
        0.11036151647567749,
        0.13342656195163727,
        0.09828124940395355,
        0.09924722462892532,
        0.15752248466014862,
        0.18491767346858978,
        0.13217055797576904,
        0.2818502187728882,
        0.18256209790706635,
        0.05650188401341438,
        0.3382411003112793
    ],
    "stu_test_loss": [
        0.47814467549324036,
        0.47722500562667847,
        0.4499267041683197,
        0.4210887551307678,
        0.5111328363418579,
        0.4694823622703552,
        0.46219152212142944,
        0.4356573820114136,
        0.48822659254074097,
        0.5631889700889587,
        0.45281553268432617,
        0.4886783957481384,
        0.5117086172103882,
        0.46449849009513855,
        0.44996941089630127,
        0.49226516485214233,
        0.5153658390045166,
        0.5521109104156494,
        0.45909619331359863,
        0.6590688228607178,
        0.5591762661933899,
        0.5996180176734924,
        0.5585352182388306,
        0.5082114338874817,
        0.506680428981781,
        0.571963369846344,
        0.47442853450775146,
        0.5552471280097961,
        0.4145333170890808,
        0.5391913056373596,
        0.523780107498169,
        0.4126490354537964,
        0.43507421016693115,
        0.4772854447364807,
        0.46297404170036316,
        0.48260393738746643,
        0.4283845126628876,
        0.5849688053131104,
        0.5467628836631775,
        0.541606068611145,
        0.5215522050857544,
        0.4203750491142273,
        0.5784206390380859,
        0.4658896028995514,
        0.4355899691581726,
        0.5124382376670837,
        0.4476468861103058,
        0.39763861894607544,
        0.47361117601394653,
        0.4097285568714142,
        0.386565238237381,
        0.42136257886886597,
        0.45842790603637695,
        0.3679041862487793,
        0.39137861132621765,
        0.39168059825897217,
        0.46442192792892456,
        0.48868483304977417,
        0.43302610516548157,
        0.633478045463562,
        0.5546882152557373,
        0.7090665698051453,
        0.38168463110923767,
        0.3669893145561218,
        0.3930690884590149,
        0.7199441194534302,
        0.6019993424415588,
        0.4461904466152191,
        0.39384007453918457,
        0.3787781298160553,
        0.3749678432941437,
        0.3703630864620209,
        0.42057833075523376,
        0.3783107101917267,
        0.4314282536506653,
        0.3915148973464966,
        0.3805158734321594,
        0.41525518894195557,
        0.4211123585700989,
        0.439386785030365,
        0.43616557121276855,
        0.40571948885917664,
        0.4803602397441864,
        0.5364617705345154,
        0.37948229908943176,
        0.3913280963897705,
        0.38224685192108154,
        0.37709659337997437,
        0.38117876648902893,
        0.3718344569206238,
        0.4845327138900757,
        0.37283819913864136,
        0.3780442178249359,
        0.38295048475265503,
        0.36987394094467163,
        0.40089571475982666,
        0.8158453702926636,
        0.5679351687431335,
        0.4031050205230713,
        0.4432630240917206
    ],
    "stu_train_acc": [
        1.0,
        0.9699999690055847,
        0.9899999499320984,
        0.9799999594688416,
        0.949999988079071,
        0.9899999499320984,
        0.9899999499320984,
        0.9599999785423279,
        0.9699999690055847,
        0.9899999499320984,
        0.9699999690055847,
        0.9300000071525574,
        0.9899999499320984,
        0.9599999785423279,
        0.9699999690055847,
        0.9399999976158142,
        0.9899999499320984,
        0.9699999690055847,
        0.9599999785423279,
        0.9799999594688416,
        0.9899999499320984,
        0.949999988079071,
        0.9399999976158142,
        0.949999988079071,
        0.9300000071525574,
        0.949999988079071,
        0.9699999690055847,
        0.9166666865348816
    ],
    "stu_test_acc": [
        0.949999988079071,
        0.9599999785423279,
        0.9799999594688416,
        0.9799999594688416,
        0.949999988079071,
        0.9699999690055847,
        0.949999988079071,
        0.9699999690055847,
        0.9599999785423279,
        0.949999988079071,
        0.9599999785423279,
        0.9799999594688416,
        0.9599999785423279,
        0.9799999594688416,
        0.9799999594688416,
        0.9599999785423279,
        0.9599999785423279,
        0.949999988079071,
        0.9799999594688416,
        0.9300000071525574,
        0.9300000071525574,
        0.9199999570846558,
        0.949999988079071,
        0.9599999785423279,
        0.9599999785423279,
        0.9199999570846558,
        0.949999988079071,
        0.9199999570846558,
        0.9799999594688416,
        0.949999988079071,
        0.9699999690055847,
        0.9799999594688416,
        0.9699999690055847,
        0.9699999690055847,
        0.9699999690055847,
        0.9699999690055847,
        0.949999988079071,
        0.9300000071525574,
        0.9599999785423279,
        0.9699999690055847,
        0.949999988079071,
        0.9799999594688416,
        0.9699999690055847,
        0.9599999785423279,
        0.9799999594688416,
        0.949999988079071,
        0.9599999785423279,
        0.9899999499320984,
        0.9799999594688416,
        0.9799999594688416,
        0.9899999499320984,
        0.9699999690055847,
        0.9599999785423279,
        1.0,
        0.9899999499320984,
        1.0,
        0.949999988079071,
        0.9699999690055847,
        0.9699999690055847,
        0.949999988079071,
        0.9599999785423279,
        0.9300000071525574,
        1.0,
        1.0,
        0.9899999499320984,
        0.8899999856948853,
        0.9599999785423279,
        0.9799999594688416,
        0.9799999594688416,
        1.0,
        0.9899999499320984,
        1.0,
        0.9899999499320984,
        1.0,
        0.9799999594688416,
        1.0,
        1.0,
        0.9799999594688416,
        0.9899999499320984,
        0.9699999690055847,
        0.9899999499320984,
        0.9899999499320984,
        0.9599999785423279,
        0.949999988079071,
        1.0,
        0.9799999594688416,
        1.0,
        1.0,
        0.9899999499320984,
        0.9899999499320984,
        0.9599999785423279,
        1.0,
        1.0,
        0.9899999499320984,
        1.0,
        0.9899999499320984,
        0.8700000047683716,
        0.949999988079071,
        0.9899999499320984,
        0.9799999594688416
    ]
}