{
    "stu_train_loss": [
        0.22169455885887146,
        0.08110449463129044,
        0.056929100304841995,
        0.0550416000187397,
        0.05102020874619484,
        0.156084343791008,
        0.12090454250574112,
        0.10094432532787323,
        0.17187274992465973,
        0.24693328142166138,
        0.04544612765312195,
        0.14879614114761353,
        0.08081082999706268,
        0.05848176032304764,
        0.11249294877052307,
        0.05553659796714783,
        0.12015021592378616,
        0.10111089050769806,
        0.25332310795783997,
        0.16797268390655518,
        0.1928994208574295,
        0.10568619519472122,
        0.2783700227737427,
        0.06351224333047867,
        0.10772500187158585,
        0.02958260476589203,
        0.12162197381258011,
        0.3437679708003998
    ],
    "stu_test_loss": [
        0.45216137170791626,
        0.46316125988960266,
        0.47954854369163513,
        0.45893269777297974,
        0.49783748388290405,
        0.4892502427101135,
        0.5566022396087646,
        0.4753796458244324,
        0.4577818810939789,
        0.599586009979248,
        0.49041229486465454,
        0.47638678550720215,
        0.6208086609840393,
        0.49181100726127625,
        0.4370277523994446,
        0.5148393511772156,
        0.5520614385604858,
        0.5535114407539368,
        0.45073673129081726,
        0.5670300722122192,
        0.6186453104019165,
        0.6050957441329956,
        0.5380429029464722,
        0.5208876729011536,
        0.484656423330307,
        0.5685551166534424,
        0.4313346743583679,
        0.5492576360702515,
        0.4546797275543213,
        0.602777361869812,
        0.5329233407974243,
        0.42200228571891785,
        0.43778035044670105,
        0.4768386483192444,
        0.47383105754852295,
        0.488521009683609,
        0.4386163353919983,
        0.6633275747299194,
        0.5266798138618469,
        0.5259060859680176,
        0.5483142733573914,
        0.48119211196899414,
        0.6210842728614807,
        0.5058447122573853,
        0.5181187987327576,
        0.4702795445919037,
        0.4431086480617523,
        0.4576963782310486,
        0.5121566653251648,
        0.4593600630760193,
        0.39640310406684875,
        0.4449194073677063,
        0.5015794634819031,
        0.3930406868457794,
        0.40431466698646545,
        0.3996642231941223,
        0.4797583818435669,
        0.4864751100540161,
        0.45538949966430664,
        0.6566067934036255,
        0.5360593795776367,
        0.5630964636802673,
        0.3810667097568512,
        0.39428114891052246,
        0.39437222480773926,
        0.7832894325256348,
        0.5646691918373108,
        0.46082282066345215,
        0.4278804659843445,
        0.3955391049385071,
        0.3890102505683899,
        0.41809016466140747,
        0.4174440801143646,
        0.4505455493927002,
        0.4154321253299713,
        0.42976218461990356,
        0.37559762597084045,
        0.43118488788604736,
        0.461218923330307,
        0.4721783697605133,
        0.5190290212631226,
        0.40868693590164185,
        0.5716924667358398,
        0.5244554281234741,
        0.4270775318145752,
        0.42033904790878296,
        0.38303622603416443,
        0.3779224157333374,
        0.39762112498283386,
        0.37820249795913696,
        0.5062498450279236,
        0.41186800599098206,
        0.38673463463783264,
        0.3913213610649109,
        0.3965311646461487,
        0.43981313705444336,
        0.9499841928482056,
        0.5548298358917236,
        0.4475027322769165,
        0.4395619332790375
    ],
    "stu_train_acc": [
        0.9399999976158142,
        0.9699999690055847,
        0.9899999499320984,
        0.9899999499320984,
        0.9799999594688416,
        0.9699999690055847,
        0.9699999690055847,
        0.9799999594688416,
        0.9599999785423279,
        0.9300000071525574,
        0.9899999499320984,
        0.949999988079071,
        0.9799999594688416,
        0.9799999594688416,
        0.9599999785423279,
        0.9799999594688416,
        0.9599999785423279,
        0.9699999690055847,
        0.9399999976158142,
        0.9599999785423279,
        0.9699999690055847,
        0.9799999594688416,
        0.9399999976158142,
        0.9799999594688416,
        0.9399999976158142,
        1.0,
        0.9599999785423279,
        0.9166666865348816
    ],
    "stu_test_acc": [
        0.9799999594688416,
        0.9899999499320984,
        0.9699999690055847,
        0.9799999594688416,
        0.9399999976158142,
        0.9899999499320984,
        0.949999988079071,
        0.9599999785423279,
        0.9599999785423279,
        0.949999988079071,
        0.949999988079071,
        0.9699999690055847,
        0.9099999666213989,
        0.9699999690055847,
        0.9699999690055847,
        0.9699999690055847,
        0.949999988079071,
        0.9399999976158142,
        0.949999988079071,
        0.949999988079071,
        0.9300000071525574,
        0.9399999976158142,
        0.9599999785423279,
        0.9699999690055847,
        0.9799999594688416,
        0.9399999976158142,
        0.9799999594688416,
        0.9399999976158142,
        0.9799999594688416,
        0.9300000071525574,
        0.9799999594688416,
        0.9799999594688416,
        0.9699999690055847,
        0.9899999499320984,
        0.9699999690055847,
        0.9699999690055847,
        0.9699999690055847,
        0.9099999666213989,
        0.9599999785423279,
        0.9699999690055847,
        0.949999988079071,
        0.9699999690055847,
        0.949999988079071,
        0.9699999690055847,
        0.949999988079071,
        0.9799999594688416,
        0.9599999785423279,
        0.9799999594688416,
        0.949999988079071,
        0.9699999690055847,
        1.0,
        0.9699999690055847,
        0.9799999594688416,
        0.9899999499320984,
        0.9899999499320984,
        1.0,
        0.9399999976158142,
        0.9899999499320984,
        0.9699999690055847,
        0.949999988079071,
        0.9699999690055847,
        0.9399999976158142,
        1.0,
        0.9899999499320984,
        1.0,
        0.85999995470047,
        0.949999988079071,
        0.9599999785423279,
        0.9699999690055847,
        0.9799999594688416,
        1.0,
        0.9799999594688416,
        1.0,
        0.9899999499320984,
        0.9899999499320984,
        0.9799999594688416,
        1.0,
        0.9899999499320984,
        0.9799999594688416,
        0.9599999785423279,
        0.9599999785423279,
        0.9899999499320984,
        0.9399999976158142,
        0.949999988079071,
        0.9799999594688416,
        0.9799999594688416,
        1.0,
        1.0,
        0.9899999499320984,
        1.0,
        0.9399999976158142,
        0.9899999499320984,
        1.0,
        0.9899999499320984,
        1.0,
        0.9599999785423279,
        0.85999995470047,
        0.9599999785423279,
        0.9599999785423279,
        0.9599999785423279
    ]
}