{
    "stu_train_loss": [
        0.19087067246437073,
        0.09065940976142883,
        0.09610883891582489,
        0.10609835386276245,
        0.09879633039236069,
        0.17534182965755463,
        0.17454038560390472,
        0.06459377706050873,
        0.13239334523677826,
        0.09014023840427399,
        0.12167052179574966,
        0.080884650349617,
        0.10773061960935593,
        0.1477830857038498,
        0.1853337436914444,
        0.16468149423599243,
        0.17909358441829681,
        0.1488487720489502,
        0.11171388626098633,
        0.11529748141765594,
        0.11676233261823654,
        0.2615256607532501,
        0.15912707149982452,
        0.13293078541755676,
        0.1153266429901123,
        0.23106780648231506,
        0.2736954987049103,
        0.056248750537633896
    ],
    "stu_test_loss": [
        0.48456141352653503,
        0.4409882128238678,
        0.491874098777771,
        0.41250529885292053,
        0.5462621450424194,
        0.4880366027355194,
        0.4741618037223816,
        0.4314338266849518,
        0.4911502003669739,
        0.5552605986595154,
        0.4406997561454773,
        0.54691481590271,
        0.5373148322105408,
        0.40364062786102295,
        0.4577060341835022,
        0.5358282923698425,
        0.5227717161178589,
        0.5124171376228333,
        0.471769243478775,
        0.5587515234947205,
        0.5767965316772461,
        0.665992796421051,
        0.5393872261047363,
        0.5048654079437256,
        0.47311607003211975,
        0.5862340927124023,
        0.49874672293663025,
        0.49105215072631836,
        0.4806251525878906,
        0.5100542306900024,
        0.4765056371688843,
        0.4194948971271515,
        0.4356146454811096,
        0.518285870552063,
        0.4526641368865967,
        0.4945281744003296,
        0.4444705545902252,
        0.5963970422744751,
        0.5915032625198364,
        0.5345731377601624,
        0.48450252413749695,
        0.48587334156036377,
        0.6411076188087463,
        0.3984667658805847,
        0.4764500558376312,
        0.49684762954711914,
        0.4373614490032196,
        0.3899143636226654,
        0.5152915716171265,
        0.42503827810287476,
        0.3487905263900757,
        0.40589261054992676,
        0.4457882046699524,
        0.34351789951324463,
        0.3877289891242981,
        0.4049485921859741,
        0.5699840784072876,
        0.46571770310401917,
        0.3932932913303375,
        0.5306605100631714,
        0.5047737956047058,
        0.7317541837692261,
        0.3429318964481354,
        0.3462555706501007,
        0.3830830156803131,
        0.751487672328949,
        0.5747838020324707,
        0.5457204580307007,
        0.36744752526283264,
        0.34338298439979553,
        0.337918758392334,
        0.36406368017196655,
        0.3964610695838928,
        0.3505842685699463,
        0.4026043713092804,
        0.3803224265575409,
        0.3622753918170929,
        0.38241687417030334,
        0.4087100327014923,
        0.4579870402812958,
        0.48514851927757263,
        0.4621960520744324,
        0.4961087107658386,
        0.48965486884117126,
        0.3692782521247864,
        0.3762664496898651,
        0.35558193922042847,
        0.3390823006629944,
        0.35023611783981323,
        0.3692135512828827,
        0.5623775720596313,
        0.3624338209629059,
        0.3736887574195862,
        0.3550586700439453,
        0.3509615957736969,
        0.37388378381729126,
        0.7852720618247986,
        0.5350263118743896,
        0.3702201843261719,
        0.4149198830127716
    ],
    "stu_train_acc": [
        0.9300000071525574,
        0.9699999690055847,
        0.9699999690055847,
        0.9699999690055847,
        0.9699999690055847,
        0.9599999785423279,
        0.9399999976158142,
        0.9799999594688416,
        0.9799999594688416,
        0.9799999594688416,
        0.9799999594688416,
        0.9799999594688416,
        0.9699999690055847,
        0.949999988079071,
        0.949999988079071,
        0.9699999690055847,
        0.949999988079071,
        0.9599999785423279,
        0.9599999785423279,
        0.9699999690055847,
        0.9699999690055847,
        0.9399999976158142,
        0.9300000071525574,
        0.949999988079071,
        0.9699999690055847,
        0.9300000071525574,
        0.9300000071525574,
        1.0
    ],
    "stu_test_acc": [
        0.9599999785423279,
        0.9799999594688416,
        0.949999988079071,
        0.949999988079071,
        0.8999999761581421,
        0.9599999785423279,
        0.9300000071525574,
        0.9699999690055847,
        0.9599999785423279,
        0.9399999976158142,
        0.9599999785423279,
        0.9399999976158142,
        0.9599999785423279,
        0.9799999594688416,
        0.9799999594688416,
        0.9300000071525574,
        0.9399999976158142,
        0.9599999785423279,
        0.9599999785423279,
        0.949999988079071,
        0.9199999570846558,
        0.9199999570846558,
        0.949999988079071,
        0.949999988079071,
        0.949999988079071,
        0.9099999666213989,
        0.949999988079071,
        0.9599999785423279,
        0.949999988079071,
        0.9599999785423279,
        0.9699999690055847,
        0.9899999499320984,
        0.9599999785423279,
        0.9399999976158142,
        0.9599999785423279,
        0.9599999785423279,
        0.9699999690055847,
        0.9300000071525574,
        0.9399999976158142,
        0.949999988079071,
        0.949999988079071,
        0.949999988079071,
        0.9099999666213989,
        0.9899999499320984,
        0.9300000071525574,
        0.9300000071525574,
        0.9599999785423279,
        0.9899999499320984,
        0.9699999690055847,
        0.9599999785423279,
        1.0,
        0.9799999594688416,
        0.9799999594688416,
        1.0,
        0.9799999594688416,
        0.9799999594688416,
        0.9199999570846558,
        0.9699999690055847,
        0.9799999594688416,
        0.9399999976158142,
        0.9599999785423279,
        0.9199999570846558,
        1.0,
        1.0,
        0.9799999594688416,
        0.8899999856948853,
        0.9099999666213989,
        0.9199999570846558,
        1.0,
        1.0,
        1.0,
        0.9899999499320984,
        0.9899999499320984,
        0.9899999499320984,
        0.9799999594688416,
        1.0,
        1.0,
        1.0,
        0.9899999499320984,
        0.949999988079071,
        0.949999988079071,
        0.949999988079071,
        0.9199999570846558,
        0.9399999976158142,
        0.9799999594688416,
        0.9799999594688416,
        1.0,
        1.0,
        0.9899999499320984,
        0.9899999499320984,
        0.949999988079071,
        1.0,
        0.9899999499320984,
        1.0,
        1.0,
        1.0,
        0.8799999952316284,
        0.9300000071525574,
        0.9899999499320984,
        0.9699999690055847
    ]
}