{
    "stu_train_loss": [
        0.0542621947824955,
        0.039281491190195084,
        0.15881380438804626,
        0.12728673219680786,
        0.008963356725871563,
        0.21931792795658112,
        0.06207363307476044,
        0.12847527861595154,
        0.03166184946894646,
        0.07987239956855774,
        0.17884628474712372,
        0.09020397812128067,
        0.08383393287658691,
        0.09960059821605682,
        0.21826764941215515,
        0.03723575174808502,
        0.11266236007213593,
        0.30241796374320984,
        0.1644524186849594,
        0.1441415548324585,
        0.1802474558353424,
        0.2416268289089203,
        0.05950281769037247,
        0.09098359942436218,
        0.13090501725673676,
        0.1953209638595581,
        0.1903792917728424,
        0.011439435184001923
    ],
    "stu_test_loss": [
        0.5209821462631226,
        0.48147234320640564,
        0.4595324397087097,
        0.508927047252655,
        0.5978541374206543,
        0.48247092962265015,
        0.5186806917190552,
        0.4245467483997345,
        0.5490174293518066,
        0.555274486541748,
        0.4610559046268463,
        0.5445873141288757,
        0.5529736280441284,
        0.44685015082359314,
        0.4904140830039978,
        0.4370515048503876,
        0.6151121854782104,
        0.5421014428138733,
        0.43405425548553467,
        0.6108822226524353,
        0.5683615207672119,
        0.6058288216590881,
        0.5761290788650513,
        0.5282543897628784,
        0.4816927909851074,
        0.5381190180778503,
        0.48282158374786377,
        0.4538843631744385,
        0.3931228518486023,
        0.5236798524856567,
        0.527923583984375,
        0.43161505460739136,
        0.4079674780368805,
        0.4512544274330139,
        0.4883573055267334,
        0.4574412405490875,
        0.4672620892524719,
        0.5157153606414795,
        0.6203840374946594,
        0.5201452374458313,
        0.5411697626113892,
        0.49374860525131226,
        0.7007855176925659,
        0.46092018485069275,
        0.4753931164741516,
        0.46126043796539307,
        0.46395954489707947,
        0.48306646943092346,
        0.5641878843307495,
        0.4485607445240021,
        0.36976584792137146,
        0.44758614897727966,
        0.41726115345954895,
        0.3693840205669403,
        0.3606407940387726,
        0.4344090521335602,
        0.48228752613067627,
        0.4447242319583893,
        0.4603678286075592,
        0.5882269144058228,
        0.6263315677642822,
        0.7266236543655396,
        0.38956359028816223,
        0.36869585514068604,
        0.3767148554325104,
        0.7748916745185852,
        0.5764285326004028,
        0.5133021473884583,
        0.3950463533401489,
        0.3571856915950775,
        0.35955867171287537,
        0.3803252577781677,
        0.48116669058799744,
        0.43031632900238037,
        0.41441649198532104,
        0.40744638442993164,
        0.37453874945640564,
        0.38375362753868103,
        0.44591599702835083,
        0.44230014085769653,
        0.5236314535140991,
        0.4151284992694855,
        0.5027873516082764,
        0.577355682849884,
        0.37746965885162354,
        0.372148334980011,
        0.37095871567726135,
        0.3715551793575287,
        0.3862059414386749,
        0.37153908610343933,
        0.5036300420761108,
        0.388462096452713,
        0.36889728903770447,
        0.357871413230896,
        0.36676016449928284,
        0.4451025128364563,
        0.7856341600418091,
        0.5066465735435486,
        0.4004542827606201,
        0.42747795581817627
    ],
    "stu_train_acc": [
        0.9899999499320984,
        0.9899999499320984,
        0.9599999785423279,
        0.9599999785423279,
        1.0,
        0.9699999690055847,
        0.9799999594688416,
        0.9599999785423279,
        0.9799999594688416,
        0.9799999594688416,
        0.9599999785423279,
        0.9799999594688416,
        0.9699999690055847,
        0.9799999594688416,
        0.9300000071525574,
        0.9899999499320984,
        0.9699999690055847,
        0.9099999666213989,
        0.949999988079071,
        0.949999988079071,
        0.9399999976158142,
        0.9399999976158142,
        0.9799999594688416,
        0.9799999594688416,
        0.9399999976158142,
        0.9399999976158142,
        0.9199999570846558,
        1.0
    ],
    "stu_test_acc": [
        0.9599999785423279,
        0.949999988079071,
        0.9799999594688416,
        0.949999988079071,
        0.949999988079071,
        0.9799999594688416,
        0.949999988079071,
        0.9799999594688416,
        0.949999988079071,
        0.9399999976158142,
        0.9599999785423279,
        0.9599999785423279,
        0.9399999976158142,
        0.9699999690055847,
        0.9599999785423279,
        0.9699999690055847,
        0.9399999976158142,
        0.9399999976158142,
        0.9799999594688416,
        0.9699999690055847,
        0.9199999570846558,
        0.9399999976158142,
        0.9599999785423279,
        0.949999988079071,
        0.949999988079071,
        0.9399999976158142,
        0.9399999976158142,
        0.949999988079071,
        1.0,
        0.949999988079071,
        0.9599999785423279,
        0.9899999499320984,
        0.9699999690055847,
        0.949999988079071,
        0.9599999785423279,
        0.9699999690055847,
        0.9699999690055847,
        0.9300000071525574,
        0.9399999976158142,
        0.9599999785423279,
        0.949999988079071,
        0.9599999785423279,
        0.949999988079071,
        0.9699999690055847,
        0.9699999690055847,
        0.9699999690055847,
        0.9599999785423279,
        0.9599999785423279,
        0.9300000071525574,
        0.9799999594688416,
        1.0,
        0.9899999499320984,
        0.9899999499320984,
        1.0,
        1.0,
        0.9799999594688416,
        0.949999988079071,
        0.9699999690055847,
        0.949999988079071,
        0.949999988079071,
        0.9399999976158142,
        0.9099999666213989,
        0.9899999499320984,
        1.0,
        1.0,
        0.8700000047683716,
        0.949999988079071,
        0.9599999785423279,
        0.9899999499320984,
        1.0,
        1.0,
        0.9899999499320984,
        0.9799999594688416,
        0.9799999594688416,
        0.9599999785423279,
        1.0,
        1.0,
        1.0,
        0.9699999690055847,
        0.9599999785423279,
        0.9199999570846558,
        0.9899999499320984,
        0.9199999570846558,
        0.9399999976158142,
        1.0,
        1.0,
        1.0,
        1.0,
        0.9899999499320984,
        1.0,
        0.9399999976158142,
        0.9899999499320984,
        1.0,
        1.0,
        1.0,
        0.9799999594688416,
        0.8799999952316284,
        0.9599999785423279,
        0.9899999499320984,
        0.9699999690055847
    ]
}