{
    "stu_train_loss": [
        0.09027619659900665,
        0.12676486372947693,
        0.07109149545431137,
        0.07853616774082184,
        0.09891226142644882,
        0.2315463274717331,
        0.06061998009681702,
        0.12104718387126923,
        0.09136646240949631,
        0.1643574833869934,
        0.041718803346157074,
        0.12337372452020645,
        0.10075074434280396,
        0.21223220229148865,
        0.06332848221063614,
        0.08659568428993225,
        0.09474692493677139,
        0.07104828953742981,
        0.10077112168073654,
        0.1073182225227356,
        0.22427046298980713,
        0.17356878519058228,
        0.022903986275196075,
        0.21914078295230865,
        0.11623502522706985,
        0.11156179755926132,
        0.06159370765089989,
        0.08262629061937332
    ],
    "stu_test_loss": [
        0.4521603584289551,
        0.4667862355709076,
        0.4443224370479584,
        0.44826239347457886,
        0.48718875646591187,
        0.4443812370300293,
        0.5037954449653625,
        0.43765005469322205,
        0.46648749709129333,
        0.600253701210022,
        0.432382196187973,
        0.48601752519607544,
        0.5458720326423645,
        0.46359550952911377,
        0.42937371134757996,
        0.4065641164779663,
        0.5543516278266907,
        0.5407907962799072,
        0.416216105222702,
        0.5495672225952148,
        0.5458913445472717,
        0.5608453750610352,
        0.500626266002655,
        0.47375398874282837,
        0.48836153745651245,
        0.49792879819869995,
        0.4385702610015869,
        0.4968312680721283,
        0.4615243673324585,
        0.49075955152511597,
        0.4744008779525757,
        0.42341503500938416,
        0.4132581949234009,
        0.462849497795105,
        0.4125756621360779,
        0.4971907138824463,
        0.4513855576515198,
        0.6319348812103271,
        0.503219723701477,
        0.5029662847518921,
        0.4825402796268463,
        0.46167391538619995,
        0.5595602989196777,
        0.4795658588409424,
        0.4307665526866913,
        0.4349169135093689,
        0.4168560802936554,
        0.4148358106613159,
        0.5100942254066467,
        0.43664830923080444,
        0.3740675449371338,
        0.40664610266685486,
        0.41887903213500977,
        0.360272616147995,
        0.3734789490699768,
        0.4058346748352051,
        0.4933568835258484,
        0.44910719990730286,
        0.4189014732837677,
        0.6456922292709351,
        0.5164473652839661,
        0.4999411702156067,
        0.36401551961898804,
        0.3705998659133911,
        0.37131738662719727,
        0.8507438898086548,
        0.4970881938934326,
        0.4235928952693939,
        0.3726562261581421,
        0.3604001998901367,
        0.3648014962673187,
        0.375836044549942,
        0.39748525619506836,
        0.3943403959274292,
        0.4077756404876709,
        0.39489591121673584,
        0.3618346154689789,
        0.39484864473342896,
        0.440721720457077,
        0.42485859990119934,
        0.5253586769104004,
        0.3903549909591675,
        0.4491175413131714,
        0.41888976097106934,
        0.3707115054130554,
        0.39104583859443665,
        0.3678967356681824,
        0.3612076938152313,
        0.3616001307964325,
        0.3669106662273407,
        0.4371397793292999,
        0.3740675747394562,
        0.3601429760456085,
        0.37290745973587036,
        0.37799370288848877,
        0.4589293599128723,
        0.8475486040115356,
        0.6145395636558533,
        0.4053956866264343,
        0.44584107398986816
    ],
    "stu_train_acc": [
        0.9799999594688416,
        0.9599999785423279,
        0.9799999594688416,
        0.949999988079071,
        0.9699999690055847,
        0.9599999785423279,
        0.9799999594688416,
        0.9599999785423279,
        0.9699999690055847,
        0.9399999976158142,
        0.9799999594688416,
        0.9599999785423279,
        0.9699999690055847,
        0.9399999976158142,
        0.9699999690055847,
        0.9699999690055847,
        0.9699999690055847,
        0.9799999594688416,
        0.9599999785423279,
        0.9599999785423279,
        0.9300000071525574,
        0.9399999976158142,
        1.0,
        0.949999988079071,
        0.9699999690055847,
        0.9599999785423279,
        0.9799999594688416,
        0.9583333730697632
    ],
    "stu_test_acc": [
        0.9599999785423279,
        0.9599999785423279,
        0.9599999785423279,
        0.9799999594688416,
        0.949999988079071,
        0.9899999499320984,
        0.9699999690055847,
        0.9699999690055847,
        0.9799999594688416,
        0.9599999785423279,
        0.9699999690055847,
        0.9599999785423279,
        0.9599999785423279,
        0.9799999594688416,
        0.9699999690055847,
        0.9799999594688416,
        0.9699999690055847,
        0.949999988079071,
        0.9899999499320984,
        0.9399999976158142,
        0.9399999976158142,
        0.949999988079071,
        0.9599999785423279,
        0.9599999785423279,
        0.949999988079071,
        0.949999988079071,
        0.9599999785423279,
        0.949999988079071,
        0.9599999785423279,
        0.9399999976158142,
        0.9799999594688416,
        0.9699999690055847,
        0.9699999690055847,
        0.9799999594688416,
        0.9899999499320984,
        0.9599999785423279,
        0.9699999690055847,
        0.9199999570846558,
        0.9399999976158142,
        0.9599999785423279,
        0.949999988079071,
        0.949999988079071,
        0.949999988079071,
        0.9399999976158142,
        0.9799999594688416,
        0.9799999594688416,
        0.9799999594688416,
        0.9699999690055847,
        0.949999988079071,
        0.9799999594688416,
        1.0,
        0.9799999594688416,
        0.9899999499320984,
        1.0,
        0.9799999594688416,
        0.9899999499320984,
        0.9300000071525574,
        0.9799999594688416,
        0.9599999785423279,
        0.949999988079071,
        0.9599999785423279,
        0.9300000071525574,
        1.0,
        1.0,
        0.9899999499320984,
        0.8499999642372131,
        0.9899999499320984,
        0.9799999594688416,
        0.9899999499320984,
        1.0,
        1.0,
        0.9899999499320984,
        0.9899999499320984,
        0.9899999499320984,
        0.9699999690055847,
        0.9899999499320984,
        1.0,
        0.9899999499320984,
        0.9799999594688416,
        0.9799999594688416,
        0.949999988079071,
        1.0,
        0.9699999690055847,
        0.9699999690055847,
        1.0,
        0.9799999594688416,
        1.0,
        1.0,
        1.0,
        1.0,
        0.949999988079071,
        0.9899999499320984,
        1.0,
        0.9899999499320984,
        0.9899999499320984,
        0.9199999570846558,
        0.8700000047683716,
        0.9099999666213989,
        0.9799999594688416,
        0.9599999785423279
    ]
}