{
    "stu_train_loss": [
        0.032387323677539825,
        0.13889731466770172,
        0.23877829313278198,
        0.02469036541879177,
        0.041592106223106384,
        0.10025396943092346,
        0.12475613504648209,
        0.209230437874794,
        0.036737509071826935,
        0.13593094050884247,
        0.06123633310198784,
        0.27613505721092224,
        0.22566643357276917,
        0.1435275673866272,
        0.10968992114067078,
        0.15916216373443604,
        0.0652744323015213,
        0.29478010535240173,
        0.17184674739837646,
        0.3098182678222656,
        0.1056625097990036,
        0.1245027482509613,
        0.12381617724895477,
        0.11716623604297638,
        0.22077667713165283,
        0.16639164090156555,
        0.049601003527641296,
        0.11798451095819473
    ],
    "stu_test_loss": [
        0.4807526171207428,
        0.46921631693840027,
        0.5446778535842896,
        0.4770461916923523,
        0.48563987016677856,
        0.5377606749534607,
        0.5650432109832764,
        0.46483662724494934,
        0.48666736483573914,
        0.5698566436767578,
        0.4672086238861084,
        0.49058955907821655,
        0.6396453380584717,
        0.5095443725585938,
        0.43711361289024353,
        0.5075547695159912,
        0.5928352475166321,
        0.557958722114563,
        0.5129260420799255,
        0.5603383779525757,
        0.6089035272598267,
        0.6128442287445068,
        0.5042239427566528,
        0.5721365809440613,
        0.5283347368240356,
        0.5785592794418335,
        0.4874021112918854,
        0.5452802181243896,
        0.4290495812892914,
        0.6769213676452637,
        0.5463341474533081,
        0.4130438566207886,
        0.41908925771713257,
        0.5136750340461731,
        0.4804965853691101,
        0.4822472929954529,
        0.4135362207889557,
        0.6346930265426636,
        0.6138597726821899,
        0.5182794332504272,
        0.5585964918136597,
        0.5118828415870667,
        0.546156644821167,
        0.47995448112487793,
        0.5838046669960022,
        0.49130529165267944,
        0.4447533190250397,
        0.46873927116394043,
        0.5019478797912598,
        0.4623410403728485,
        0.37631475925445557,
        0.45458242297172546,
        0.48249438405036926,
        0.37001487612724304,
        0.3926634192466736,
        0.3778001666069031,
        0.4699777662754059,
        0.524718165397644,
        0.43703794479370117,
        0.5570864677429199,
        0.5883893370628357,
        0.6668119430541992,
        0.3635266423225403,
        0.3681808114051819,
        0.3885858952999115,
        0.8838064670562744,
        0.6627522706985474,
        0.4740758538246155,
        0.4129047095775604,
        0.3745865523815155,
        0.3684570789337158,
        0.38446831703186035,
        0.4423033595085144,
        0.4031530022621155,
        0.4524839222431183,
        0.4257550537586212,
        0.3699522912502289,
        0.41200998425483704,
        0.44139885902404785,
        0.4315429925918579,
        0.5093556046485901,
        0.4169682264328003,
        0.6591466665267944,
        0.612964391708374,
        0.39946281909942627,
        0.3751775324344635,
        0.37011095881462097,
        0.36648911237716675,
        0.40156289935112,
        0.3683544397354126,
        0.45632368326187134,
        0.37740641832351685,
        0.3862214684486389,
        0.37606191635131836,
        0.3720051050186157,
        0.4990586042404175,
        1.1553187370300293,
        0.4919058382511139,
        0.41392821073532104,
        0.4673675298690796
    ],
    "stu_train_acc": [
        0.9899999499320984,
        0.9599999785423279,
        0.949999988079071,
        1.0,
        0.9899999499320984,
        0.9799999594688416,
        0.949999988079071,
        0.9399999976158142,
        0.9899999499320984,
        0.9799999594688416,
        0.9799999594688416,
        0.9300000071525574,
        0.9399999976158142,
        0.9399999976158142,
        0.9599999785423279,
        0.9599999785423279,
        0.9799999594688416,
        0.9399999976158142,
        0.9599999785423279,
        0.9199999570846558,
        0.9799999594688416,
        0.9599999785423279,
        0.9300000071525574,
        0.9699999690055847,
        0.9699999690055847,
        0.9399999976158142,
        0.9899999499320984,
        0.9583333730697632
    ],
    "stu_test_acc": [
        0.9699999690055847,
        0.9899999499320984,
        0.9599999785423279,
        0.9599999785423279,
        0.9599999785423279,
        0.9699999690055847,
        0.9399999976158142,
        0.949999988079071,
        0.9799999594688416,
        0.9599999785423279,
        0.9599999785423279,
        0.9699999690055847,
        0.9199999570846558,
        0.9699999690055847,
        0.9699999690055847,
        0.9699999690055847,
        0.949999988079071,
        0.9399999976158142,
        0.949999988079071,
        0.9300000071525574,
        0.9199999570846558,
        0.9300000071525574,
        0.949999988079071,
        0.9399999976158142,
        0.9699999690055847,
        0.9099999666213989,
        0.9599999785423279,
        0.9699999690055847,
        0.9699999690055847,
        0.8899999856948853,
        0.9399999976158142,
        0.9799999594688416,
        0.9899999499320984,
        0.9599999785423279,
        0.9899999499320984,
        0.9599999785423279,
        0.9699999690055847,
        0.9300000071525574,
        0.9199999570846558,
        0.9599999785423279,
        0.949999988079071,
        0.9599999785423279,
        0.9599999785423279,
        0.9399999976158142,
        0.9199999570846558,
        0.9699999690055847,
        0.9699999690055847,
        0.9599999785423279,
        0.9699999690055847,
        0.9699999690055847,
        1.0,
        0.9799999594688416,
        0.9699999690055847,
        1.0,
        0.9799999594688416,
        1.0,
        0.9399999976158142,
        0.9599999785423279,
        0.949999988079071,
        0.9300000071525574,
        0.949999988079071,
        0.9199999570846558,
        1.0,
        1.0,
        1.0,
        0.8799999952316284,
        0.9099999666213989,
        0.9599999785423279,
        0.9799999594688416,
        1.0,
        1.0,
        1.0,
        0.9799999594688416,
        0.9899999499320984,
        0.9699999690055847,
        0.9799999594688416,
        1.0,
        0.9799999594688416,
        0.9899999499320984,
        0.9799999594688416,
        0.949999988079071,
        0.9899999499320984,
        0.9099999666213989,
        0.949999988079071,
        0.9899999499320984,
        1.0,
        1.0,
        1.0,
        0.9899999499320984,
        1.0,
        0.949999988079071,
        0.9899999499320984,
        0.9899999499320984,
        0.9899999499320984,
        1.0,
        0.9399999976158142,
        0.8100000023841858,
        0.9599999785423279,
        0.9899999499320984,
        0.9799999594688416
    ]
}