{
    "stu_train_loss": [
        1.9414416551589966,
        1.8509116172790527,
        1.8970037698745728,
        1.8706576824188232,
        1.9094412326812744,
        1.8594675064086914,
        1.922864556312561,
        1.912652850151062,
        1.9082207679748535,
        1.8774226903915405,
        1.907788872718811,
        1.828157663345337,
        1.7920286655426025,
        1.8699461221694946,
        1.8465327024459839,
        1.8862991333007812,
        1.877874732017517,
        1.8608109951019287,
        1.8828532695770264,
        1.8683466911315918,
        1.829077124595642,
        1.7823998928070068,
        1.7789493799209595,
        1.8470882177352905,
        1.830483078956604,
        1.8339624404907227,
        1.802308201789856,
        1.826983094215393
    ],
    "stu_test_loss": [
        1.8863060474395752,
        1.8891253471374512,
        1.90176522731781,
        1.87352454662323,
        1.9380744695663452,
        1.9561622142791748,
        1.953392744064331,
        1.8744343519210815,
        1.9309360980987549,
        1.8909380435943604,
        1.8843821287155151,
        1.9770768880844116,
        1.941942811012268,
        1.8838133811950684,
        1.9910286664962769,
        1.9463454484939575,
        1.9310544729232788,
        1.8738137483596802,
        1.9178743362426758,
        1.9570492506027222,
        1.9364205598831177,
        1.9844434261322021,
        1.8869776725769043,
        1.8873716592788696,
        1.952513575553894,
        1.9226319789886475,
        1.9427398443222046,
        1.9416964054107666,
        1.921454906463623,
        1.9330817461013794,
        1.9113506078720093,
        1.9445772171020508,
        1.884014368057251,
        1.9883219003677368,
        1.8787400722503662,
        1.9660390615463257,
        1.8912534713745117,
        1.9428023099899292,
        1.9878865480422974,
        1.9471772909164429,
        1.889264702796936,
        1.9149000644683838,
        1.965222716331482,
        1.9336873292922974,
        1.9974117279052734,
        1.9313017129898071,
        1.918199062347412,
        1.9115972518920898,
        1.9201546907424927,
        1.883794903755188,
        1.8709110021591187,
        1.9214873313903809,
        1.9094806909561157,
        1.872446894645691,
        1.8577169179916382,
        1.8634189367294312,
        1.8811426162719727,
        1.9306243658065796,
        1.925015926361084,
        1.9062674045562744,
        1.910953402519226,
        1.927520990371704,
        1.896626353263855,
        1.8614611625671387,
        1.8963490724563599,
        1.9594340324401855,
        1.9102916717529297,
        1.951324462890625,
        1.865448236465454,
        1.8474839925765991,
        1.8740938901901245,
        1.8888885974884033,
        1.879106879234314,
        1.8724771738052368,
        1.9508973360061646,
        1.922249436378479,
        1.871077537536621,
        1.9276118278503418,
        1.9246747493743896,
        1.916865587234497,
        1.9074002504348755,
        1.956956386566162,
        2.0049684047698975,
        1.9904725551605225,
        1.9022754430770874,
        1.8853952884674072,
        1.8585306406021118,
        1.8302018642425537,
        1.8970739841461182,
        1.896060585975647,
        1.976466178894043,
        1.8949652910232544,
        1.8937475681304932,
        1.8839551210403442,
        1.8894339799880981,
        1.9090564250946045,
        1.9978691339492798,
        1.9490809440612793,
        1.8899798393249512,
        1.923628807067871
    ],
    "stu_train_acc": [
        0.4699999988079071,
        0.6499999761581421,
        0.5699999928474426,
        0.5699999928474426,
        0.5299999713897705,
        0.5399999618530273,
        0.4099999964237213,
        0.4599999785423279,
        0.4599999785423279,
        0.5,
        0.5199999809265137,
        0.5999999642372131,
        0.6100000143051147,
        0.6100000143051147,
        0.5099999904632568,
        0.5299999713897705,
        0.5799999833106995,
        0.5600000023841858,
        0.4899999797344208,
        0.5099999904632568,
        0.5600000023841858,
        0.5299999713897705,
        0.6100000143051147,
        0.5799999833106995,
        0.4899999797344208,
        0.5600000023841858,
        0.5699999928474426,
        0.625
    ],
    "stu_test_acc": [
        0.6499999761581421,
        0.6100000143051147,
        0.5699999928474426,
        0.6200000047683716,
        0.5999999642372131,
        0.5799999833106995,
        0.5699999928474426,
        0.5899999737739563,
        0.6299999952316284,
        0.5699999928474426,
        0.5699999928474426,
        0.5,
        0.5699999928474426,
        0.5600000023841858,
        0.5199999809265137,
        0.5999999642372131,
        0.5399999618530273,
        0.6499999761581421,
        0.550000011920929,
        0.5199999809265137,
        0.5600000023841858,
        0.550000011920929,
        0.6100000143051147,
        0.6800000071525574,
        0.5799999833106995,
        0.5299999713897705,
        0.5799999833106995,
        0.5600000023841858,
        0.5699999928474426,
        0.5899999737739563,
        0.5799999833106995,
        0.5600000023841858,
        0.6699999570846558,
        0.47999998927116394,
        0.6200000047683716,
        0.5600000023841858,
        0.550000011920929,
        0.5199999809265137,
        0.5399999618530273,
        0.550000011920929,
        0.5299999713897705,
        0.6200000047683716,
        0.5299999713897705,
        0.5299999713897705,
        0.5099999904632568,
        0.5999999642372131,
        0.6299999952316284,
        0.550000011920929,
        0.6200000047683716,
        0.5799999833106995,
        0.6299999952316284,
        0.5099999904632568,
        0.6299999952316284,
        0.5899999737739563,
        0.6299999952316284,
        0.6899999976158142,
        0.5899999737739563,
        0.5899999737739563,
        0.5799999833106995,
        0.6100000143051147,
        0.6200000047683716,
        0.550000011920929,
        0.5799999833106995,
        0.5899999737739563,
        0.6299999952316284,
        0.5799999833106995,
        0.5799999833106995,
        0.5299999713897705,
        0.6299999952316284,
        0.6200000047683716,
        0.6399999856948853,
        0.6399999856948853,
        0.6299999952316284,
        0.699999988079071,
        0.5199999809265137,
        0.5299999713897705,
        0.6800000071525574,
        0.6699999570846558,
        0.5799999833106995,
        0.6399999856948853,
        0.6399999856948853,
        0.5399999618530273,
        0.5099999904632568,
        0.4899999797344208,
        0.6499999761581421,
        0.6599999666213989,
        0.6699999570846558,
        0.7299999594688416,
        0.6100000143051147,
        0.6200000047683716,
        0.5299999713897705,
        0.6399999856948853,
        0.6699999570846558,
        0.6399999856948853,
        0.6100000143051147,
        0.6299999952316284,
        0.5,
        0.5899999737739563,
        0.5699999928474426,
        0.5999999642372131
    ]
}