{
    "stu_train_loss": [
        0.11012008041143417,
        0.25428974628448486,
        0.13774201273918152,
        0.21810322999954224,
        0.11235354095697403,
        0.15377645194530487,
        0.17215386033058167,
        0.11839273571968079,
        0.2854270040988922,
        0.21287305653095245,
        0.18491308391094208,
        0.11088227480649948,
        0.1964564174413681,
        0.1964522749185562,
        0.13202513754367828,
        0.08639708161354065,
        0.18533003330230713,
        0.24911457300186157,
        0.1386185884475708,
        0.12086068838834763,
        0.13851675391197205,
        0.19420653581619263,
        0.20931406319141388,
        0.13854867219924927,
        0.15932577848434448,
        0.14352276921272278,
        0.1551702916622162,
        0.04992222413420677
    ],
    "stu_test_loss": [
        0.5154381990432739,
        0.43771347403526306,
        0.46535634994506836,
        0.4555301070213318,
        0.5209890604019165,
        0.459476500749588,
        0.5265434980392456,
        0.45192599296569824,
        0.5068650245666504,
        0.5441173315048218,
        0.43015506863594055,
        0.5319237112998962,
        0.5747146010398865,
        0.43069565296173096,
        0.476706326007843,
        0.45998215675354004,
        0.5556641817092896,
        0.5174036622047424,
        0.4014377295970917,
        0.505949079990387,
        0.513959527015686,
        0.6111017465591431,
        0.5376814007759094,
        0.47322070598602295,
        0.4736170172691345,
        0.5582688450813293,
        0.460752010345459,
        0.4520952105522156,
        0.40797021985054016,
        0.5552890300750732,
        0.5309594869613647,
        0.4411594867706299,
        0.4083315432071686,
        0.4712526202201843,
        0.4198656380176544,
        0.47882652282714844,
        0.40198004245758057,
        0.6106832027435303,
        0.5461414456367493,
        0.4708895981311798,
        0.5029965043067932,
        0.5139223337173462,
        0.5434341430664062,
        0.4803195595741272,
        0.4944378137588501,
        0.4513034224510193,
        0.43016359210014343,
        0.432255357503891,
        0.5017420053482056,
        0.46030038595199585,
        0.33825328946113586,
        0.4181945323944092,
        0.38951176404953003,
        0.33898812532424927,
        0.34543105959892273,
        0.38379645347595215,
        0.4703693389892578,
        0.440601646900177,
        0.3939911425113678,
        0.5935482978820801,
        0.5458567142486572,
        0.7258300185203552,
        0.3453182280063629,
        0.34487470984458923,
        0.3634587526321411,
        0.8052663207054138,
        0.5973581075668335,
        0.47885167598724365,
        0.35803884267807007,
        0.34978365898132324,
        0.3368264436721802,
        0.38412097096443176,
        0.4454714059829712,
        0.3677295744419098,
        0.4280686378479004,
        0.4000084400177002,
        0.3699881434440613,
        0.3767971396446228,
        0.45979470014572144,
        0.3788002133369446,
        0.461603045463562,
        0.43202024698257446,
        0.5843858122825623,
        0.4811576008796692,
        0.3874693512916565,
        0.3692365288734436,
        0.34560978412628174,
        0.33606016635894775,
        0.3718099594116211,
        0.3494628965854645,
        0.5078725218772888,
        0.38149943947792053,
        0.3553439974784851,
        0.3417583107948303,
        0.373750239610672,
        0.4443233013153076,
        0.8875969648361206,
        0.5793576836585999,
        0.419897198677063,
        0.46425628662109375
    ],
    "stu_train_acc": [
        0.9799999594688416,
        0.8999999761581421,
        0.9399999976158142,
        0.9599999785423279,
        0.9699999690055847,
        0.9799999594688416,
        0.9599999785423279,
        0.9699999690055847,
        0.9300000071525574,
        0.949999988079071,
        0.949999988079071,
        0.9599999785423279,
        0.9399999976158142,
        0.9599999785423279,
        0.9799999594688416,
        0.9799999594688416,
        0.9399999976158142,
        0.9300000071525574,
        0.9699999690055847,
        0.9599999785423279,
        0.9599999785423279,
        0.949999988079071,
        0.9599999785423279,
        0.9599999785423279,
        0.949999988079071,
        0.9699999690055847,
        0.9699999690055847,
        1.0
    ],
    "stu_test_acc": [
        0.9399999976158142,
        0.9599999785423279,
        0.949999988079071,
        0.9699999690055847,
        0.9300000071525574,
        0.9899999499320984,
        0.949999988079071,
        0.949999988079071,
        0.949999988079071,
        0.9199999570846558,
        0.9599999785423279,
        0.949999988079071,
        0.8999999761581421,
        0.9699999690055847,
        0.9399999976158142,
        0.9799999594688416,
        0.9399999976158142,
        0.9199999570846558,
        0.9799999594688416,
        0.9599999785423279,
        0.9300000071525574,
        0.9099999666213989,
        0.9300000071525574,
        0.9599999785423279,
        0.9599999785423279,
        0.9300000071525574,
        0.949999988079071,
        0.9599999785423279,
        0.9799999594688416,
        0.9199999570846558,
        0.9599999785423279,
        0.949999988079071,
        0.9899999499320984,
        0.949999988079071,
        0.9699999690055847,
        0.9599999785423279,
        0.9699999690055847,
        0.8999999761581421,
        0.9399999976158142,
        0.9699999690055847,
        0.9300000071525574,
        0.9300000071525574,
        0.9399999976158142,
        0.949999988079071,
        0.9399999976158142,
        0.9599999785423279,
        0.949999988079071,
        0.9799999594688416,
        0.949999988079071,
        0.9599999785423279,
        1.0,
        0.9899999499320984,
        0.9799999594688416,
        1.0,
        0.9899999499320984,
        0.9899999499320984,
        0.9399999976158142,
        0.9599999785423279,
        0.9899999499320984,
        0.9300000071525574,
        0.9399999976158142,
        0.9199999570846558,
        1.0,
        1.0,
        0.9899999499320984,
        0.8499999642372131,
        0.9399999976158142,
        0.9300000071525574,
        0.9899999499320984,
        1.0,
        1.0,
        0.9699999690055847,
        0.9699999690055847,
        0.9899999499320984,
        0.9599999785423279,
        0.9899999499320984,
        0.9899999499320984,
        0.9899999499320984,
        0.949999988079071,
        1.0,
        0.949999988079071,
        0.9699999690055847,
        0.8799999952316284,
        0.949999988079071,
        0.9799999594688416,
        0.9899999499320984,
        1.0,
        1.0,
        0.9899999499320984,
        1.0,
        0.9099999666213989,
        0.9899999499320984,
        1.0,
        1.0,
        0.9899999499320984,
        0.949999988079071,
        0.8100000023841858,
        0.9300000071525574,
        0.949999988079071,
        0.949999988079071
    ]
}