{
    "stu_train_loss": [
        0.08803103119134903,
        0.11811719834804535,
        0.1249958872795105,
        0.18478327989578247,
        0.12088097631931305,
        0.1813080608844757,
        0.3471505045890808,
        0.05366085097193718,
        0.09292659163475037,
        0.04049001634120941,
        0.12272048741579056,
        0.061058007180690765,
        0.0763208195567131,
        0.05011633038520813,
        0.0539226196706295,
        0.07725333422422409,
        0.2246510088443756,
        0.1589849293231964,
        0.16685743629932404,
        0.23508672416210175,
        0.12120461463928223,
        0.09723982214927673,
        0.12399408966302872,
        0.12216220796108246,
        0.09705029428005219,
        0.11799947917461395,
        0.07738658785820007,
        0.0899709165096283
    ],
    "stu_test_loss": [
        0.5092360377311707,
        0.46926286816596985,
        0.5063027143478394,
        0.4331324100494385,
        0.6026021838188171,
        0.504570722579956,
        0.4602220356464386,
        0.40394094586372375,
        0.5396162271499634,
        0.578494668006897,
        0.486809641122818,
        0.561153769493103,
        0.5578718185424805,
        0.4123784899711609,
        0.4671272039413452,
        0.5678689479827881,
        0.5499039888381958,
        0.5076830387115479,
        0.4901445508003235,
        0.6450388431549072,
        0.5855770111083984,
        0.7463989853858948,
        0.6117058992385864,
        0.5359634160995483,
        0.5007967948913574,
        0.6467486619949341,
        0.5871436595916748,
        0.5365721583366394,
        0.4229709506034851,
        0.514976441860199,
        0.5056582093238831,
        0.4064857065677643,
        0.471315860748291,
        0.4994910955429077,
        0.45152872800827026,
        0.466318279504776,
        0.41355982422828674,
        0.5790436267852783,
        0.6362837553024292,
        0.5570328831672668,
        0.5560131669044495,
        0.4951220154762268,
        0.6654181480407715,
        0.44009363651275635,
        0.4821159541606903,
        0.4920130968093872,
        0.435536652803421,
        0.4340561628341675,
        0.5202800035476685,
        0.45504891872406006,
        0.370516300201416,
        0.4256247878074646,
        0.44433653354644775,
        0.35852286219596863,
        0.3846578001976013,
        0.4207074046134949,
        0.5682480931282043,
        0.47174951434135437,
        0.4101569354534149,
        0.525227427482605,
        0.6278934478759766,
        0.926003634929657,
        0.36680078506469727,
        0.34915921092033386,
        0.3949987292289734,
        0.7221496105194092,
        0.6085708737373352,
        0.5865673422813416,
        0.38003674149513245,
        0.34986230731010437,
        0.3486722707748413,
        0.3588852286338806,
        0.45098209381103516,
        0.3553299009799957,
        0.41814205050468445,
        0.3802703320980072,
        0.3993813693523407,
        0.3918755054473877,
        0.45785143971443176,
        0.40527471899986267,
        0.4416189193725586,
        0.4915735423564911,
        0.5109072923660278,
        0.5420480966567993,
        0.37112292647361755,
        0.3719450831413269,
        0.35859376192092896,
        0.35734549164772034,
        0.359948992729187,
        0.3670455515384674,
        0.5754845142364502,
        0.3732302486896515,
        0.36164432764053345,
        0.35709598660469055,
        0.35632458329200745,
        0.3988264799118042,
        0.7913608551025391,
        0.5167837142944336,
        0.3838212788105011,
        0.42540761828422546
    ],
    "stu_train_acc": [
        0.949999988079071,
        0.949999988079071,
        0.9599999785423279,
        0.9599999785423279,
        0.9599999785423279,
        0.9599999785423279,
        0.9199999570846558,
        0.9799999594688416,
        0.9599999785423279,
        1.0,
        0.9399999976158142,
        0.9799999594688416,
        0.9799999594688416,
        0.9799999594688416,
        0.9799999594688416,
        0.9599999785423279,
        0.9300000071525574,
        0.9399999976158142,
        0.9699999690055847,
        0.9300000071525574,
        0.9699999690055847,
        0.9599999785423279,
        0.9699999690055847,
        0.9699999690055847,
        0.9699999690055847,
        0.9699999690055847,
        0.9799999594688416,
        0.9166666865348816
    ],
    "stu_test_acc": [
        0.9599999785423279,
        0.9799999594688416,
        0.949999988079071,
        0.9599999785423279,
        0.9199999570846558,
        0.9599999785423279,
        0.9599999785423279,
        0.9799999594688416,
        0.9599999785423279,
        0.9300000071525574,
        0.9599999785423279,
        0.949999988079071,
        0.9599999785423279,
        0.9799999594688416,
        0.949999988079071,
        0.9300000071525574,
        0.9199999570846558,
        0.949999988079071,
        0.949999988079071,
        0.949999988079071,
        0.9300000071525574,
        0.8999999761581421,
        0.9399999976158142,
        0.949999988079071,
        0.949999988079071,
        0.8899999856948853,
        0.9300000071525574,
        0.9300000071525574,
        0.9799999594688416,
        0.9599999785423279,
        0.9699999690055847,
        0.9899999499320984,
        0.9599999785423279,
        0.9399999976158142,
        0.949999988079071,
        0.9599999785423279,
        0.9799999594688416,
        0.9199999570846558,
        0.9399999976158142,
        0.9300000071525574,
        0.9199999570846558,
        0.949999988079071,
        0.9099999666213989,
        0.9799999594688416,
        0.9300000071525574,
        0.9300000071525574,
        0.9599999785423279,
        0.9799999594688416,
        0.9399999976158142,
        0.9699999690055847,
        1.0,
        0.9699999690055847,
        0.9899999499320984,
        1.0,
        0.9899999499320984,
        0.9699999690055847,
        0.8999999761581421,
        0.9699999690055847,
        0.9799999594688416,
        0.9300000071525574,
        0.9599999785423279,
        0.9099999666213989,
        0.9899999499320984,
        1.0,
        0.9899999499320984,
        0.8799999952316284,
        0.9300000071525574,
        0.9300000071525574,
        0.9899999499320984,
        1.0,
        1.0,
        1.0,
        0.9799999594688416,
        0.9899999499320984,
        0.9799999594688416,
        0.9899999499320984,
        0.9599999785423279,
        0.9899999499320984,
        0.9699999690055847,
        0.9799999594688416,
        0.9699999690055847,
        0.9599999785423279,
        0.9300000071525574,
        0.9300000071525574,
        0.9899999499320984,
        0.9899999499320984,
        1.0,
        1.0,
        1.0,
        1.0,
        0.9300000071525574,
        1.0,
        1.0,
        1.0,
        1.0,
        0.9799999594688416,
        0.8799999952316284,
        0.949999988079071,
        0.9899999499320984,
        0.9699999690055847
    ]
}