{
    "stu_train_loss": [
        0.5238456726074219,
        0.5571801662445068,
        0.5767581462860107,
        0.5907495617866516,
        0.5899460315704346,
        0.5947824120521545,
        0.6189643740653992,
        0.6770294308662415,
        0.6805264353752136,
        0.6029487252235413,
        0.5462596416473389,
        0.5315905809402466,
        0.6028404235839844,
        0.5479567050933838,
        0.5289151668548584,
        0.614376962184906,
        0.6300337314605713,
        0.5553160309791565,
        0.48254454135894775,
        0.597634494304657,
        0.6063587665557861,
        0.5895335674285889,
        0.607705295085907,
        0.5656418800354004,
        0.5722102522850037,
        0.6435667276382446,
        0.5964786410331726,
        0.5313072800636292
    ],
    "stu_test_loss": [
        0.7732865810394287,
        0.7363656163215637,
        0.817218005657196,
        0.7604496479034424,
        0.8378921151161194,
        0.8651031255722046,
        0.86896812915802,
        0.7772088646888733,
        0.8251500725746155,
        0.8463088274002075,
        0.7626930475234985,
        0.9056150913238525,
        0.8323827981948853,
        0.7410062551498413,
        0.8413577675819397,
        0.8357620239257812,
        0.8167175650596619,
        0.8247956037521362,
        0.8076089024543762,
        0.8239861130714417,
        0.8873804807662964,
        0.908250629901886,
        0.8137125968933105,
        0.7664886713027954,
        0.7379851937294006,
        0.9210196137428284,
        0.8417872190475464,
        0.7866891622543335,
        0.7805519700050354,
        0.8955990672111511,
        0.7941312193870544,
        0.8683293461799622,
        0.8034274578094482,
        0.8604300022125244,
        0.7243252396583557,
        0.867053747177124,
        0.7069863080978394,
        0.9012409448623657,
        0.9084324240684509,
        0.8319458961486816,
        0.833042562007904,
        0.8312188386917114,
        0.9218628406524658,
        0.816514253616333,
        0.8422333002090454,
        0.8787059187889099,
        0.7782694101333618,
        0.8516517281532288,
        0.8219314813613892,
        0.7946932315826416,
        0.6135621070861816,
        0.7419244050979614,
        0.700392484664917,
        0.6217769384384155,
        0.6374658346176147,
        0.6972542405128479,
        0.7718802690505981,
        0.7887530326843262,
        0.7538653612136841,
        0.7799684405326843,
        0.8144311308860779,
        0.9779492020606995,
        0.6493586897850037,
        0.6269770860671997,
        0.6770713329315186,
        1.0564544200897217,
        0.8349857926368713,
        0.9098008275032043,
        0.6638988256454468,
        0.6410108208656311,
        0.6214342713356018,
        0.6305235624313354,
        0.7129637598991394,
        0.6541808843612671,
        0.827096164226532,
        0.7892093658447266,
        0.69594407081604,
        0.7273513078689575,
        0.7443482279777527,
        0.7781481146812439,
        0.7575116157531738,
        0.7900967001914978,
        0.9313808679580688,
        0.920646071434021,
        0.7668136358261108,
        0.6710496544837952,
        0.5979690551757812,
        0.5835185050964355,
        0.6316125988960266,
        0.6502359509468079,
        0.910285234451294,
        0.6982488036155701,
        0.6529216766357422,
        0.6730536222457886,
        0.6568853259086609,
        0.7864989638328552,
        1.0988852977752686,
        0.8308035135269165,
        0.7144651412963867,
        0.7059555053710938
    ],
    "stu_train_acc": [
        0.9099999666213989,
        0.8999999761581421,
        0.9199999570846558,
        0.8700000047683716,
        0.8499999642372131,
        0.9399999976158142,
        0.8799999952316284,
        0.8499999642372131,
        0.8299999833106995,
        0.8799999952316284,
        0.9099999666213989,
        0.9199999570846558,
        0.9300000071525574,
        0.9099999666213989,
        0.9199999570846558,
        0.8799999952316284,
        0.8799999952316284,
        0.8999999761581421,
        0.9300000071525574,
        0.8999999761581421,
        0.9199999570846558,
        0.9199999570846558,
        0.8700000047683716,
        0.9199999570846558,
        0.8799999952316284,
        0.8499999642372131,
        0.8999999761581421,
        0.9166666865348816
    ],
    "stu_test_acc": [
        0.8999999761581421,
        0.8899999856948853,
        0.8899999856948853,
        0.8899999856948853,
        0.8100000023841858,
        0.9099999666213989,
        0.8700000047683716,
        0.8700000047683716,
        0.9099999666213989,
        0.8499999642372131,
        0.8499999642372131,
        0.8700000047683716,
        0.8799999952316284,
        0.9199999570846558,
        0.8799999952316284,
        0.8799999952316284,
        0.8799999952316284,
        0.8899999856948853,
        0.8899999856948853,
        0.85999995470047,
        0.8799999952316284,
        0.8499999642372131,
        0.8999999761581421,
        0.8999999761581421,
        0.9099999666213989,
        0.8100000023841858,
        0.8700000047683716,
        0.85999995470047,
        0.9099999666213989,
        0.8499999642372131,
        0.949999988079071,
        0.8299999833106995,
        0.8899999856948853,
        0.8399999737739563,
        0.9399999976158142,
        0.8299999833106995,
        0.9199999570846558,
        0.7899999618530273,
        0.8199999928474426,
        0.9099999666213989,
        0.8799999952316284,
        0.8799999952316284,
        0.8499999642372131,
        0.85999995470047,
        0.8700000047683716,
        0.8399999737739563,
        0.8799999952316284,
        0.8399999737739563,
        0.85999995470047,
        0.8899999856948853,
        0.9899999499320984,
        0.8700000047683716,
        0.9300000071525574,
        0.9799999594688416,
        0.9899999499320984,
        0.9300000071525574,
        0.8899999856948853,
        0.8999999761581421,
        0.8799999952316284,
        0.8899999856948853,
        0.9099999666213989,
        0.8999999761581421,
        0.9599999785423279,
        0.9799999594688416,
        0.949999988079071,
        0.7899999618530273,
        0.8899999856948853,
        0.85999995470047,
        0.9399999976158142,
        0.9399999976158142,
        0.9799999594688416,
        0.9799999594688416,
        0.9199999570846558,
        0.9699999690055847,
        0.85999995470047,
        0.8700000047683716,
        0.9300000071525574,
        0.9599999785423279,
        0.9099999666213989,
        0.9399999976158142,
        0.8799999952316284,
        0.9199999570846558,
        0.8799999952316284,
        0.85999995470047,
        0.9099999666213989,
        0.9699999690055847,
        0.9799999594688416,
        0.9899999499320984,
        0.9899999499320984,
        0.9799999594688416,
        0.8399999737739563,
        0.9199999570846558,
        0.9399999976158142,
        0.9099999666213989,
        0.9399999976158142,
        0.8700000047683716,
        0.7699999809265137,
        0.8799999952316284,
        0.9300000071525574,
        0.9399999976158142
    ]
}