{
    "stu_train_loss": [
        0.292201429605484,
        0.14316843450069427,
        0.18921557068824768,
        0.13677823543548584,
        0.20287509262561798,
        0.16031494736671448,
        0.20643779635429382,
        0.20893333852291107,
        0.17446476221084595,
        0.22089724242687225,
        0.18481409549713135,
        0.2560282051563263,
        0.2904219925403595,
        0.25165730714797974,
        0.17113739252090454,
        0.270280122756958,
        0.20053331553936005,
        0.2688775360584259,
        0.15342675149440765,
        0.21384264528751373,
        0.26115307211875916,
        0.20470434427261353,
        0.171815887093544,
        0.2149263620376587,
        0.2077777236700058,
        0.23756660521030426,
        0.22112707793712616,
        0.14021174609661102
    ],
    "stu_test_loss": [
        0.48874831199645996,
        0.4630870819091797,
        0.5114084482192993,
        0.4643118977546692,
        0.5962930917739868,
        0.5207500457763672,
        0.557701051235199,
        0.4934777617454529,
        0.5265576839447021,
        0.578488290309906,
        0.43749791383743286,
        0.5905052423477173,
        0.5624170303344727,
        0.4465234875679016,
        0.5009863972663879,
        0.4986385703086853,
        0.5248720645904541,
        0.5210727453231812,
        0.4617159366607666,
        0.5644503235816956,
        0.5713990926742554,
        0.6567244529724121,
        0.5469688177108765,
        0.5238009691238403,
        0.4983074367046356,
        0.588445246219635,
        0.5009742975234985,
        0.4961516559123993,
        0.46579134464263916,
        0.5815762281417847,
        0.50341796875,
        0.5072466731071472,
        0.4747578501701355,
        0.5468338131904602,
        0.46726933121681213,
        0.5546625852584839,
        0.4278735816478729,
        0.6683588027954102,
        0.5748194456100464,
        0.5493706464767456,
        0.5564091801643372,
        0.5259996652603149,
        0.6307418346405029,
        0.4381020665168762,
        0.5519847869873047,
        0.5007050037384033,
        0.44108325242996216,
        0.5041013956069946,
        0.5361186265945435,
        0.4710831344127655,
        0.35661399364471436,
        0.45005905628204346,
        0.4191860556602478,
        0.3533499538898468,
        0.3669925928115845,
        0.4177781939506531,
        0.5173561573028564,
        0.4619664251804352,
        0.39513805508613586,
        0.5454158782958984,
        0.5336160659790039,
        0.7253275513648987,
        0.3648300766944885,
        0.35936450958251953,
        0.3736926019191742,
        0.7660477161407471,
        0.585574209690094,
        0.57261061668396,
        0.3720434308052063,
        0.3641386032104492,
        0.35451894998550415,
        0.39584988355636597,
        0.42948365211486816,
        0.38222140073776245,
        0.443563312292099,
        0.4395715892314911,
        0.3779592216014862,
        0.4113384485244751,
        0.4865191876888275,
        0.4815044701099396,
        0.45519840717315674,
        0.45736920833587646,
        0.5843584537506104,
        0.5187673568725586,
        0.42719680070877075,
        0.38041889667510986,
        0.36299026012420654,
        0.34752288460731506,
        0.38611555099487305,
        0.36293330788612366,
        0.5880078077316284,
        0.4035892188549042,
        0.3677627742290497,
        0.3616393208503723,
        0.3841308057308197,
        0.43250125646591187,
        0.8101517558097839,
        0.5609633922576904,
        0.4158139228820801,
        0.43186599016189575
    ],
    "stu_train_acc": [
        0.9399999976158142,
        0.9699999690055847,
        0.9699999690055847,
        0.9899999499320984,
        0.9399999976158142,
        0.9599999785423279,
        0.9599999785423279,
        0.9199999570846558,
        0.9399999976158142,
        0.9599999785423279,
        0.9599999785423279,
        0.9399999976158142,
        0.9300000071525574,
        0.9099999666213989,
        0.9399999976158142,
        0.9199999570846558,
        0.9699999690055847,
        0.9099999666213989,
        0.9599999785423279,
        0.9300000071525574,
        0.9300000071525574,
        0.9199999570846558,
        0.9699999690055847,
        0.9599999785423279,
        0.9599999785423279,
        0.9300000071525574,
        0.9399999976158142,
        0.9583333730697632
    ],
    "stu_test_acc": [
        0.949999988079071,
        0.9699999690055847,
        0.9399999976158142,
        0.9599999785423279,
        0.8700000047683716,
        0.9699999690055847,
        0.9399999976158142,
        0.949999988079071,
        0.949999988079071,
        0.8899999856948853,
        0.9699999690055847,
        0.9099999666213989,
        0.9199999570846558,
        0.9699999690055847,
        0.9300000071525574,
        0.949999988079071,
        0.949999988079071,
        0.9300000071525574,
        0.9699999690055847,
        0.9399999976158142,
        0.9199999570846558,
        0.8899999856948853,
        0.949999988079071,
        0.9399999976158142,
        0.949999988079071,
        0.8799999952316284,
        0.9300000071525574,
        0.9699999690055847,
        0.9599999785423279,
        0.9099999666213989,
        0.949999988079071,
        0.949999988079071,
        0.9599999785423279,
        0.9599999785423279,
        0.9699999690055847,
        0.9099999666213989,
        0.9699999690055847,
        0.8999999761581421,
        0.8999999761581421,
        0.9599999785423279,
        0.9300000071525574,
        0.949999988079071,
        0.9199999570846558,
        0.9699999690055847,
        0.9300000071525574,
        0.9599999785423279,
        0.9799999594688416,
        0.9399999976158142,
        0.9399999976158142,
        0.9599999785423279,
        1.0,
        0.9599999785423279,
        0.9799999594688416,
        1.0,
        0.9899999499320984,
        0.9699999690055847,
        0.9399999976158142,
        0.9699999690055847,
        1.0,
        0.9300000071525574,
        0.949999988079071,
        0.9199999570846558,
        1.0,
        0.9899999499320984,
        0.9899999499320984,
        0.85999995470047,
        0.9199999570846558,
        0.9199999570846558,
        1.0,
        1.0,
        1.0,
        0.9899999499320984,
        0.9699999690055847,
        0.9799999594688416,
        0.9799999594688416,
        0.9799999594688416,
        0.9799999594688416,
        0.9699999690055847,
        0.9399999976158142,
        0.949999988079071,
        0.949999988079071,
        0.9699999690055847,
        0.9099999666213989,
        0.9399999976158142,
        0.9599999785423279,
        0.9899999499320984,
        0.9899999499320984,
        1.0,
        0.9899999499320984,
        1.0,
        0.9199999570846558,
        0.9899999499320984,
        1.0,
        1.0,
        1.0,
        0.9799999594688416,
        0.8700000047683716,
        0.9099999666213989,
        0.9599999785423279,
        0.9699999690055847
    ]
}