{
    "stu_train_loss": [
        2.2769455909729004,
        2.2796027660369873,
        2.290138006210327,
        2.2755773067474365,
        2.2812819480895996,
        2.265596628189087,
        2.2788407802581787,
        2.275580406188965,
        2.2782201766967773,
        2.278643846511841,
        2.287783145904541,
        2.2884483337402344,
        2.2789039611816406,
        2.2895803451538086,
        2.26845645904541,
        2.2749435901641846,
        2.2772092819213867,
        2.2778875827789307,
        2.2660818099975586,
        2.2730565071105957,
        2.2679474353790283,
        2.2746474742889404,
        2.2705609798431396,
        2.2763617038726807,
        2.267852544784546,
        2.265918731689453,
        2.267223834991455,
        2.290544271469116
    ],
    "stu_test_loss": [
        2.361086368560791,
        2.352888822555542,
        2.3518309593200684,
        2.3586373329162598,
        2.364280939102173,
        2.3745367527008057,
        2.3651819229125977,
        2.3578908443450928,
        2.364631414413452,
        2.3540806770324707,
        2.3565471172332764,
        2.370326042175293,
        2.360909938812256,
        2.3516829013824463,
        2.3703765869140625,
        2.3569347858428955,
        2.3603572845458984,
        2.355563163757324,
        2.3560950756073,
        2.362736225128174,
        2.368091106414795,
        2.3678336143493652,
        2.344998836517334,
        2.35526967048645,
        2.3638668060302734,
        2.3597912788391113,
        2.3671681880950928,
        2.3609912395477295,
        2.3620033264160156,
        2.3646507263183594,
        2.3560738563537598,
        2.3711276054382324,
        2.3484411239624023,
        2.3632700443267822,
        2.3572139739990234,
        2.3640079498291016,
        2.3584282398223877,
        2.3666510581970215,
        2.361790418624878,
        2.359416961669922,
        2.3557205200195312,
        2.344231605529785,
        2.3608667850494385,
        2.363922119140625,
        2.367147445678711,
        2.352778434753418,
        2.355661153793335,
        2.361860752105713,
        2.356875419616699,
        2.3510639667510986,
        2.3443398475646973,
        2.3572065830230713,
        2.353896379470825,
        2.3455586433410645,
        2.343090772628784,
        2.350534677505493,
        2.3532464504241943,
        2.3628132343292236,
        2.363548517227173,
        2.3594586849212646,
        2.3580870628356934,
        2.355713129043579,
        2.3560538291931152,
        2.35278582572937,
        2.3449437618255615,
        2.3534295558929443,
        2.3506107330322266,
        2.354945182800293,
        2.357891798019409,
        2.3427751064300537,
        2.344236135482788,
        2.354071855545044,
        2.348507881164551,
        2.3445591926574707,
        2.3541922569274902,
        2.3541581630706787,
        2.3600711822509766,
        2.353947877883911,
        2.3448264598846436,
        2.3536605834960938,
        2.346895456314087,
        2.35589599609375,
        2.3623344898223877,
        2.3570549488067627,
        2.3598790168762207,
        2.3597238063812256,
        2.3537790775299072,
        2.343141794204712,
        2.3544907569885254,
        2.3511290550231934,
        2.3582632541656494,
        2.3559978008270264,
        2.3511557579040527,
        2.3617665767669678,
        2.3512775897979736,
        2.3559298515319824,
        2.359299421310425,
        2.3628299236297607,
        2.351882219314575,
        2.3496108055114746
    ],
    "stu_train_acc": [
        0.17999999225139618,
        0.20999999344348907,
        0.17000000178813934,
        0.1899999976158142,
        0.22999998927116394,
        0.2800000011920929,
        0.17000000178813934,
        0.23999999463558197,
        0.19999998807907104,
        0.17999999225139618,
        0.14000000059604645,
        0.17000000178813934,
        0.14999999105930328,
        0.1899999976158142,
        0.19999998807907104,
        0.1899999976158142,
        0.19999998807907104,
        0.12999999523162842,
        0.17999999225139618,
        0.20999999344348907,
        0.2199999988079071,
        0.17000000178813934,
        0.23999999463558197,
        0.20999999344348907,
        0.22999998927116394,
        0.1599999964237213,
        0.22999998927116394,
        0.0416666679084301
    ],
    "stu_test_acc": [
        0.20999999344348907,
        0.23999999463558197,
        0.26999998092651367,
        0.2199999988079071,
        0.25,
        0.1899999976158142,
        0.17999999225139618,
        0.29999998211860657,
        0.2199999988079071,
        0.3199999928474426,
        0.2199999988079071,
        0.1599999964237213,
        0.17000000178813934,
        0.25,
        0.19999998807907104,
        0.09999999403953552,
        0.22999998927116394,
        0.25999999046325684,
        0.28999999165534973,
        0.14999999105930328,
        0.1899999976158142,
        0.14999999105930328,
        0.26999998092651367,
        0.20999999344348907,
        0.19999998807907104,
        0.1899999976158142,
        0.2199999988079071,
        0.2800000011920929,
        0.19999998807907104,
        0.28999999165534973,
        0.22999998927116394,
        0.14000000059604645,
        0.26999998092651367,
        0.17999999225139618,
        0.2199999988079071,
        0.17000000178813934,
        0.19999998807907104,
        0.2199999988079071,
        0.25999999046325684,
        0.25999999046325684,
        0.22999998927116394,
        0.29999998211860657,
        0.25,
        0.19999998807907104,
        0.17999999225139618,
        0.28999999165534973,
        0.22999998927116394,
        0.1899999976158142,
        0.1899999976158142,
        0.3100000023841858,
        0.3199999928474426,
        0.1899999976158142,
        0.28999999165534973,
        0.25999999046325684,
        0.25999999046325684,
        0.23999999463558197,
        0.28999999165534973,
        0.25,
        0.23999999463558197,
        0.19999998807907104,
        0.2199999988079071,
        0.20999999344348907,
        0.22999998927116394,
        0.2199999988079071,
        0.23999999463558197,
        0.20999999344348907,
        0.25,
        0.22999998927116394,
        0.22999998927116394,
        0.25,
        0.22999998927116394,
        0.20999999344348907,
        0.26999998092651367,
        0.22999998927116394,
        0.2199999988079071,
        0.14999999105930328,
        0.23999999463558197,
        0.25,
        0.3100000023841858,
        0.25999999046325684,
        0.29999998211860657,
        0.2199999988079071,
        0.17000000178813934,
        0.20999999344348907,
        0.19999998807907104,
        0.2800000011920929,
        0.22999998927116394,
        0.2800000011920929,
        0.2199999988079071,
        0.1899999976158142,
        0.22999998927116394,
        0.2199999988079071,
        0.2199999988079071,
        0.17999999225139618,
        0.2800000011920929,
        0.22999998927116394,
        0.1599999964237213,
        0.17999999225139618,
        0.17999999225139618,
        0.23999999463558197
    ]
}