{
    "stu_train_loss": [
        0.21827009320259094,
        0.13793109357357025,
        0.12492278218269348,
        0.25158071517944336,
        0.3576364517211914,
        0.11119712144136429,
        0.14919067919254303,
        0.1823643445968628,
        0.16332417726516724,
        0.11830513179302216,
        0.24906276166439056,
        0.20242372155189514,
        0.13416367769241333,
        0.17645306885242462,
        0.11300987005233765,
        0.21445316076278687,
        0.058400239795446396,
        0.19464419782161713,
        0.221718430519104,
        0.19524259865283966,
        0.20676928758621216,
        0.12743116915225983,
        0.11352654546499252,
        0.3033294677734375,
        0.14984479546546936,
        0.20698153972625732,
        0.13676808774471283,
        0.28815707564353943
    ],
    "stu_test_loss": [
        0.4860302209854126,
        0.45493847131729126,
        0.4391483664512634,
        0.46848469972610474,
        0.5282686352729797,
        0.45565247535705566,
        0.5079480409622192,
        0.41919708251953125,
        0.48093417286872864,
        0.5702803730964661,
        0.4444115161895752,
        0.5220147967338562,
        0.5842228531837463,
        0.43090689182281494,
        0.45489758253097534,
        0.48445725440979004,
        0.5439874529838562,
        0.5100426077842712,
        0.4137331247329712,
        0.48613548278808594,
        0.5019379258155823,
        0.6386709213256836,
        0.5319563150405884,
        0.4592280387878418,
        0.45715969800949097,
        0.5460853576660156,
        0.43576258420944214,
        0.43030601739883423,
        0.4228421449661255,
        0.5568763017654419,
        0.522754430770874,
        0.4600023329257965,
        0.39672186970710754,
        0.4815216064453125,
        0.44032710790634155,
        0.49330368638038635,
        0.41471272706985474,
        0.5621358156204224,
        0.5575037002563477,
        0.4696156084537506,
        0.5311335921287537,
        0.5205501914024353,
        0.5693656206130981,
        0.45193618535995483,
        0.5006510019302368,
        0.48200201988220215,
        0.4226175546646118,
        0.44295281171798706,
        0.49318164587020874,
        0.44746971130371094,
        0.3458801507949829,
        0.4005681276321411,
        0.3882962167263031,
        0.33633220195770264,
        0.3530174493789673,
        0.3717082738876343,
        0.5395217537879944,
        0.4252755045890808,
        0.39067038893699646,
        0.5354270339012146,
        0.5767735838890076,
        0.7520479559898376,
        0.3442070484161377,
        0.34962233901023865,
        0.35661956667900085,
        0.7763318419456482,
        0.5918837189674377,
        0.48146766424179077,
        0.3650006055831909,
        0.3601279556751251,
        0.33792844414711,
        0.36308395862579346,
        0.43533051013946533,
        0.3703872561454773,
        0.40609875321388245,
        0.402637779712677,
        0.3614155948162079,
        0.40352150797843933,
        0.4119919538497925,
        0.3963623046875,
        0.4515382647514343,
        0.45900267362594604,
        0.5785993933677673,
        0.4895935654640198,
        0.38564473390579224,
        0.35438835620880127,
        0.34693869948387146,
        0.3352183699607849,
        0.3639623820781708,
        0.34433960914611816,
        0.4775901436805725,
        0.3622966706752777,
        0.3586115837097168,
        0.3483768701553345,
        0.3754056692123413,
        0.40704798698425293,
        0.7422457933425903,
        0.5609076023101807,
        0.41563671827316284,
        0.4415627717971802
    ],
    "stu_train_acc": [
        0.9099999666213989,
        0.9699999690055847,
        0.9799999594688416,
        0.9399999976158142,
        0.8999999761581421,
        0.9799999594688416,
        0.9599999785423279,
        0.949999988079071,
        0.9399999976158142,
        0.9699999690055847,
        0.9300000071525574,
        0.949999988079071,
        0.9799999594688416,
        0.949999988079071,
        0.9699999690055847,
        0.9399999976158142,
        1.0,
        0.949999988079071,
        0.949999988079071,
        0.9699999690055847,
        0.949999988079071,
        0.9799999594688416,
        0.9699999690055847,
        0.949999988079071,
        0.9699999690055847,
        0.949999988079071,
        0.9599999785423279,
        0.875
    ],
    "stu_test_acc": [
        0.9699999690055847,
        0.9699999690055847,
        0.9699999690055847,
        0.949999988079071,
        0.9099999666213989,
        0.9899999499320984,
        0.949999988079071,
        0.9599999785423279,
        0.9599999785423279,
        0.9199999570846558,
        0.9599999785423279,
        0.949999988079071,
        0.9300000071525574,
        0.9799999594688416,
        0.949999988079071,
        0.949999988079071,
        0.9399999976158142,
        0.9399999976158142,
        0.9599999785423279,
        0.9599999785423279,
        0.9399999976158142,
        0.8899999856948853,
        0.949999988079071,
        0.9599999785423279,
        0.949999988079071,
        0.9199999570846558,
        0.949999988079071,
        0.9799999594688416,
        0.9699999690055847,
        0.9199999570846558,
        0.9599999785423279,
        0.9599999785423279,
        0.9799999594688416,
        0.9399999976158142,
        0.9699999690055847,
        0.9399999976158142,
        0.9799999594688416,
        0.9300000071525574,
        0.9599999785423279,
        0.9699999690055847,
        0.9399999976158142,
        0.9199999570846558,
        0.9199999570846558,
        0.9599999785423279,
        0.9199999570846558,
        0.9399999976158142,
        0.9699999690055847,
        0.9699999690055847,
        0.9599999785423279,
        0.9699999690055847,
        1.0,
        0.9899999499320984,
        0.9899999499320984,
        1.0,
        0.9899999499320984,
        0.9899999499320984,
        0.9300000071525574,
        0.9799999594688416,
        0.9899999499320984,
        0.9399999976158142,
        0.9399999976158142,
        0.9199999570846558,
        1.0,
        0.9899999499320984,
        0.9899999499320984,
        0.8499999642372131,
        0.9199999570846558,
        0.9300000071525574,
        0.9899999499320984,
        1.0,
        1.0,
        1.0,
        0.9599999785423279,
        0.9799999594688416,
        0.9799999594688416,
        0.9699999690055847,
        0.9899999499320984,
        0.9899999499320984,
        0.9599999785423279,
        0.9799999594688416,
        0.949999988079071,
        0.9699999690055847,
        0.9300000071525574,
        0.949999988079071,
        0.9699999690055847,
        1.0,
        1.0,
        1.0,
        0.9899999499320984,
        1.0,
        0.9399999976158142,
        1.0,
        1.0,
        1.0,
        0.9899999499320984,
        0.9799999594688416,
        0.8700000047683716,
        0.9199999570846558,
        0.9599999785423279,
        0.949999988079071
    ]
}