{
    "stu_train_loss": [
        0.09015848487615585,
        0.10788851976394653,
        0.15548519790172577,
        0.1724698394536972,
        0.08433587849140167,
        0.18341447412967682,
        0.10488935559988022,
        0.040389224886894226,
        0.29974421858787537,
        0.12325038760900497,
        0.20597180724143982,
        0.131294846534729,
        0.11403609067201614,
        0.11478007584810257,
        0.08667778223752975,
        0.13488177955150604,
        0.07204817980527878,
        0.1744202971458435,
        0.07098947465419769,
        0.14836910367012024,
        0.17502914369106293,
        0.14394475519657135,
        0.13457579910755157,
        0.05643913894891739,
        0.11986644566059113,
        0.12471021711826324,
        0.2558107078075409,
        0.35049572587013245
    ],
    "stu_test_loss": [
        0.4810181260108948,
        0.42975297570228577,
        0.4263507127761841,
        0.4393511116504669,
        0.4984559714794159,
        0.4689846634864807,
        0.4784683585166931,
        0.41064170002937317,
        0.5100542306900024,
        0.5686497688293457,
        0.4752423167228699,
        0.5677251815795898,
        0.5830202698707581,
        0.4369885325431824,
        0.45837777853012085,
        0.5035593509674072,
        0.5666898488998413,
        0.535296618938446,
        0.4430089592933655,
        0.5896395444869995,
        0.5062160491943359,
        0.581110954284668,
        0.528486967086792,
        0.490262508392334,
        0.47943246364593506,
        0.5660457611083984,
        0.4445646405220032,
        0.4691924452781677,
        0.41680267453193665,
        0.5990813374519348,
        0.5261990427970886,
        0.4705073833465576,
        0.4227601885795593,
        0.4826545715332031,
        0.4507128596305847,
        0.49802911281585693,
        0.41724151372909546,
        0.6166448593139648,
        0.5912086963653564,
        0.5082864761352539,
        0.5267772674560547,
        0.45947879552841187,
        0.6034644842147827,
        0.4732252061367035,
        0.5133024454116821,
        0.502051055431366,
        0.4326409697532654,
        0.4653880000114441,
        0.5477451086044312,
        0.47138065099716187,
        0.37370944023132324,
        0.40354764461517334,
        0.43885111808776855,
        0.3605813682079315,
        0.36269277334213257,
        0.40946799516677856,
        0.435358464717865,
        0.46382278203964233,
        0.3936002254486084,
        0.6332341432571411,
        0.5839676856994629,
        0.7754624485969543,
        0.3598383367061615,
        0.3581770956516266,
        0.3625812530517578,
        0.8032113313674927,
        0.6115562319755554,
        0.4421916604042053,
        0.3923782706260681,
        0.36336106061935425,
        0.3507938086986542,
        0.36952319741249084,
        0.432212233543396,
        0.3716220259666443,
        0.4207720458507538,
        0.4238263964653015,
        0.36337530612945557,
        0.43877607583999634,
        0.4549761712551117,
        0.4535559415817261,
        0.45282503962516785,
        0.4398021697998047,
        0.4989302158355713,
        0.46475881338119507,
        0.4030139744281769,
        0.38229209184646606,
        0.3670646548271179,
        0.36366623640060425,
        0.372319757938385,
        0.3618927597999573,
        0.4904620051383972,
        0.3761533498764038,
        0.3685610592365265,
        0.37057921290397644,
        0.38347727060317993,
        0.4088122546672821,
        0.7818016409873962,
        0.5326370000839233,
        0.38656002283096313,
        0.4200403094291687
    ],
    "stu_train_acc": [
        0.9799999594688416,
        0.9699999690055847,
        0.949999988079071,
        0.9599999785423279,
        0.9699999690055847,
        0.949999988079071,
        0.9799999594688416,
        0.9899999499320984,
        0.9199999570846558,
        0.9799999594688416,
        0.9399999976158142,
        0.9599999785423279,
        0.949999988079071,
        0.9599999785423279,
        0.9599999785423279,
        0.9699999690055847,
        0.9899999499320984,
        0.9599999785423279,
        0.9799999594688416,
        0.9300000071525574,
        0.9399999976158142,
        0.9699999690055847,
        0.9799999594688416,
        1.0,
        0.9599999785423279,
        0.949999988079071,
        0.9399999976158142,
        0.875
    ],
    "stu_test_acc": [
        0.949999988079071,
        0.9799999594688416,
        0.9799999594688416,
        0.9899999499320984,
        0.9599999785423279,
        0.9799999594688416,
        0.9399999976158142,
        0.9799999594688416,
        0.949999988079071,
        0.9199999570846558,
        0.9399999976158142,
        0.9300000071525574,
        0.9300000071525574,
        0.9799999594688416,
        0.9699999690055847,
        0.9599999785423279,
        0.9599999785423279,
        0.9399999976158142,
        0.9599999785423279,
        0.9199999570846558,
        0.949999988079071,
        0.9399999976158142,
        0.9300000071525574,
        0.949999988079071,
        0.9699999690055847,
        0.9300000071525574,
        0.9599999785423279,
        0.9599999785423279,
        0.9699999690055847,
        0.9300000071525574,
        0.9599999785423279,
        0.9399999976158142,
        0.9699999690055847,
        0.9599999785423279,
        0.9699999690055847,
        0.9599999785423279,
        0.9799999594688416,
        0.9300000071525574,
        0.9300000071525574,
        0.9399999976158142,
        0.9199999570846558,
        0.9599999785423279,
        0.9399999976158142,
        0.9699999690055847,
        0.949999988079071,
        0.949999988079071,
        0.9699999690055847,
        0.949999988079071,
        0.949999988079071,
        0.9699999690055847,
        0.9899999499320984,
        0.9799999594688416,
        0.9799999594688416,
        1.0,
        1.0,
        0.9799999594688416,
        0.9799999594688416,
        0.9699999690055847,
        0.9799999594688416,
        0.9300000071525574,
        0.9399999976158142,
        0.9099999666213989,
        1.0,
        1.0,
        1.0,
        0.8700000047683716,
        0.9300000071525574,
        0.9799999594688416,
        0.9899999499320984,
        1.0,
        1.0,
        1.0,
        0.9899999499320984,
        0.9899999499320984,
        0.9699999690055847,
        0.9699999690055847,
        1.0,
        0.9699999690055847,
        0.9799999594688416,
        0.9699999690055847,
        0.9599999785423279,
        0.9599999785423279,
        0.949999988079071,
        0.9599999785423279,
        0.9899999499320984,
        1.0,
        1.0,
        1.0,
        0.9899999499320984,
        1.0,
        0.9300000071525574,
        0.9899999499320984,
        1.0,
        0.9899999499320984,
        1.0,
        0.9799999594688416,
        0.8700000047683716,
        0.9099999666213989,
        0.9899999499320984,
        0.9799999594688416
    ]
}