{
    "stu_train_loss": [
        0.051419448107481,
        0.16994264721870422,
        0.01645473577082157,
        0.05858874320983887,
        0.07356756925582886,
        0.04452252760529518,
        0.06107022240757942,
        0.03131992742419243,
        0.13113906979560852,
        0.12071165442466736,
        0.18504710495471954,
        0.10507103055715561,
        0.12095874547958374,
        0.03954107314348221,
        0.17406436800956726,
        0.09186622500419617,
        0.07341469824314117,
        0.2258618175983429,
        0.09819874167442322,
        0.13664314150810242,
        0.1441018134355545,
        0.19341610372066498,
        0.18571247160434723,
        0.12639057636260986,
        0.20314788818359375,
        0.2958211302757263,
        0.09265363961458206,
        0.015892110764980316
    ],
    "stu_test_loss": [
        0.49705660343170166,
        0.4836655259132385,
        0.4631561040878296,
        0.46239590644836426,
        0.5262814164161682,
        0.48210811614990234,
        0.5307425260543823,
        0.4343368113040924,
        0.4522166848182678,
        0.6705399751663208,
        0.511701226234436,
        0.5451295971870422,
        0.6292312741279602,
        0.4852771759033203,
        0.5013504028320312,
        0.4986487925052643,
        0.5885603427886963,
        0.50020432472229,
        0.4710218906402588,
        0.5475633144378662,
        0.6087682247161865,
        0.6415702104568481,
        0.5583966970443726,
        0.5162198543548584,
        0.49973365664482117,
        0.6005849242210388,
        0.5196307301521301,
        0.5675537586212158,
        0.507955014705658,
        0.5431109666824341,
        0.5093647837638855,
        0.4201483130455017,
        0.46029791235923767,
        0.4956161379814148,
        0.47328317165374756,
        0.5093941688537598,
        0.46796914935112,
        0.6355015635490417,
        0.5303579568862915,
        0.4882678985595703,
        0.5602075457572937,
        0.47108882665634155,
        0.6535671949386597,
        0.48399510979652405,
        0.5271674394607544,
        0.46655136346817017,
        0.4934759736061096,
        0.5225047469139099,
        0.571478009223938,
        0.4464939832687378,
        0.3776625394821167,
        0.42702147364616394,
        0.47954416275024414,
        0.36756640672683716,
        0.36629238724708557,
        0.441938191652298,
        0.49639537930488586,
        0.48443126678466797,
        0.4236358106136322,
        0.647420346736908,
        0.6099752187728882,
        0.7682575583457947,
        0.36562666296958923,
        0.37151071429252625,
        0.3917469382286072,
        0.872338593006134,
        0.5498213171958923,
        0.5029878616333008,
        0.3686974048614502,
        0.3727351129055023,
        0.3711053729057312,
        0.39091622829437256,
        0.46532419323921204,
        0.4113442897796631,
        0.4449855089187622,
        0.45228832960128784,
        0.3966364860534668,
        0.42002931237220764,
        0.5387394428253174,
        0.4508334994316101,
        0.5505343675613403,
        0.4280105531215668,
        0.5041020512580872,
        0.4677455723285675,
        0.4001845419406891,
        0.4130065441131592,
        0.3763444423675537,
        0.35975947976112366,
        0.3674488663673401,
        0.3650553524494171,
        0.44004765152931213,
        0.3906332850456238,
        0.36615443229675293,
        0.3601466417312622,
        0.39190754294395447,
        0.4845583140850067,
        0.8876752853393555,
        0.5855679512023926,
        0.448317289352417,
        0.4457208216190338
    ],
    "stu_train_acc": [
        1.0,
        0.9399999976158142,
        1.0,
        0.9899999499320984,
        0.9799999594688416,
        0.9799999594688416,
        0.9799999594688416,
        0.9899999499320984,
        0.9699999690055847,
        0.9699999690055847,
        0.9599999785423279,
        0.9699999690055847,
        0.9699999690055847,
        0.9899999499320984,
        0.949999988079071,
        0.9799999594688416,
        0.9799999594688416,
        0.949999988079071,
        0.9699999690055847,
        0.9599999785423279,
        0.9599999785423279,
        0.9599999785423279,
        0.9399999976158142,
        0.9599999785423279,
        0.9399999976158142,
        0.9099999666213989,
        0.9799999594688416,
        1.0
    ],
    "stu_test_acc": [
        0.9599999785423279,
        0.9699999690055847,
        0.9699999690055847,
        0.9799999594688416,
        0.949999988079071,
        0.9699999690055847,
        0.949999988079071,
        0.9699999690055847,
        0.9799999594688416,
        0.9099999666213989,
        0.9599999785423279,
        0.9399999976158142,
        0.8999999761581421,
        0.9699999690055847,
        0.9199999570846558,
        0.9699999690055847,
        0.949999988079071,
        0.949999988079071,
        0.949999988079071,
        0.9300000071525574,
        0.9099999666213989,
        0.9399999976158142,
        0.9399999976158142,
        0.949999988079071,
        0.9599999785423279,
        0.9199999570846558,
        0.9300000071525574,
        0.9399999976158142,
        0.9699999690055847,
        0.9099999666213989,
        0.9599999785423279,
        0.9799999594688416,
        0.9699999690055847,
        0.9599999785423279,
        0.9599999785423279,
        0.9599999785423279,
        0.9599999785423279,
        0.9199999570846558,
        0.9199999570846558,
        0.949999988079071,
        0.9399999976158142,
        0.9399999976158142,
        0.8899999856948853,
        0.9300000071525574,
        0.9300000071525574,
        0.9599999785423279,
        0.949999988079071,
        0.949999988079071,
        0.9300000071525574,
        0.9699999690055847,
        0.9799999594688416,
        0.9799999594688416,
        0.9799999594688416,
        0.9899999499320984,
        0.9899999499320984,
        0.9699999690055847,
        0.949999988079071,
        0.9699999690055847,
        0.9799999594688416,
        0.9300000071525574,
        0.949999988079071,
        0.9099999666213989,
        1.0,
        1.0,
        0.9799999594688416,
        0.85999995470047,
        0.949999988079071,
        0.949999988079071,
        1.0,
        0.9899999499320984,
        1.0,
        0.9799999594688416,
        0.9699999690055847,
        0.9799999594688416,
        0.9599999785423279,
        0.949999988079071,
        0.9899999499320984,
        0.9799999594688416,
        0.9599999785423279,
        0.9599999785423279,
        0.9399999976158142,
        0.9599999785423279,
        0.9399999976158142,
        0.9399999976158142,
        0.9899999499320984,
        0.9899999499320984,
        0.9899999499320984,
        1.0,
        1.0,
        1.0,
        0.9799999594688416,
        0.9799999594688416,
        1.0,
        1.0,
        0.9899999499320984,
        0.9300000071525574,
        0.8499999642372131,
        0.9199999570846558,
        0.9799999594688416,
        0.9699999690055847
    ]
}