{
    "stu_train_loss": [
        0.1472245454788208,
        0.12781758606433868,
        0.01688438467681408,
        0.12208285182714462,
        0.1584019809961319,
        0.12016231566667557,
        0.09081517904996872,
        0.06671483814716339,
        0.11463319510221481,
        0.17788755893707275,
        0.1138937696814537,
        0.20483635365962982,
        0.14452779293060303,
        0.13211439549922943,
        0.07362052798271179,
        0.09496236592531204,
        0.26869964599609375,
        0.15988865494728088,
        0.10499394685029984,
        0.12941470742225647,
        0.04272421821951866,
        0.054432641714811325,
        0.11321582645177841,
        0.0771866962313652,
        0.03036702424287796,
        0.22298675775527954,
        0.06247628852725029,
        0.05483117327094078
    ],
    "stu_test_loss": [
        0.44922366738319397,
        0.5253103971481323,
        0.474129319190979,
        0.4687747359275818,
        0.5472766757011414,
        0.46889281272888184,
        0.5077637434005737,
        0.49324411153793335,
        0.4844832420349121,
        0.5885510444641113,
        0.508691668510437,
        0.55252605676651,
        0.573927104473114,
        0.44097214937210083,
        0.47507190704345703,
        0.5047842264175415,
        0.5790209174156189,
        0.5888574719429016,
        0.44261372089385986,
        0.6243171691894531,
        0.6695466041564941,
        0.6066120862960815,
        0.5528714060783386,
        0.4765712022781372,
        0.4977443814277649,
        0.5617215633392334,
        0.4699217677116394,
        0.5192525386810303,
        0.409322589635849,
        0.44516271352767944,
        0.47750717401504517,
        0.4296710789203644,
        0.48892316222190857,
        0.4759101867675781,
        0.4681069850921631,
        0.4652066230773926,
        0.45496299862861633,
        0.6081181764602661,
        0.5676445364952087,
        0.5134974718093872,
        0.5497203469276428,
        0.5608248710632324,
        0.6572164297103882,
        0.44574475288391113,
        0.4618198275566101,
        0.47092097997665405,
        0.43243613839149475,
        0.4292742609977722,
        0.4995931386947632,
        0.4614436626434326,
        0.378906786441803,
        0.4348483383655548,
        0.4216023087501526,
        0.3836140036582947,
        0.4357929229736328,
        0.4238407015800476,
        0.5950043201446533,
        0.4605979025363922,
        0.3975621163845062,
        0.6219882965087891,
        0.5766963958740234,
        0.644169270992279,
        0.4076750576496124,
        0.3834756314754486,
        0.41246724128723145,
        0.6046491265296936,
        0.5154852271080017,
        0.5175834894180298,
        0.3934299945831299,
        0.37331637740135193,
        0.3814065456390381,
        0.39379146695137024,
        0.48310986161231995,
        0.43220341205596924,
        0.44608139991760254,
        0.407721608877182,
        0.3839678466320038,
        0.4036657214164734,
        0.47332650423049927,
        0.5334119200706482,
        0.6133102178573608,
        0.43184763193130493,
        0.4558528661727905,
        0.4956098198890686,
        0.3922593593597412,
        0.38197487592697144,
        0.3862684965133667,
        0.38255101442337036,
        0.3880298137664795,
        0.3774183392524719,
        0.535149335861206,
        0.38333719968795776,
        0.3883276879787445,
        0.38549238443374634,
        0.39521151781082153,
        0.4124266505241394,
        0.6833868622779846,
        0.5174185037612915,
        0.46131986379623413,
        0.4556168019771576
    ],
    "stu_train_acc": [
        0.9699999690055847,
        0.9699999690055847,
        0.9899999499320984,
        0.949999988079071,
        0.949999988079071,
        0.949999988079071,
        0.9799999594688416,
        0.9799999594688416,
        0.9599999785423279,
        0.9599999785423279,
        0.9699999690055847,
        0.9599999785423279,
        0.949999988079071,
        0.9699999690055847,
        0.9799999594688416,
        0.9799999594688416,
        0.9300000071525574,
        0.9399999976158142,
        0.9899999499320984,
        0.9599999785423279,
        0.9899999499320984,
        0.9799999594688416,
        0.9599999785423279,
        0.9699999690055847,
        1.0,
        0.949999988079071,
        0.9699999690055847,
        1.0
    ],
    "stu_test_acc": [
        0.9799999594688416,
        0.949999988079071,
        0.9599999785423279,
        0.9599999785423279,
        0.9399999976158142,
        0.9899999499320984,
        0.9699999690055847,
        0.9599999785423279,
        0.949999988079071,
        0.9300000071525574,
        0.949999988079071,
        0.9599999785423279,
        0.949999988079071,
        0.9899999499320984,
        0.9799999594688416,
        0.949999988079071,
        0.9399999976158142,
        0.9199999570846558,
        0.9899999499320984,
        0.949999988079071,
        0.9099999666213989,
        0.949999988079071,
        0.9399999976158142,
        0.9699999690055847,
        0.9599999785423279,
        0.949999988079071,
        0.9799999594688416,
        0.949999988079071,
        0.9899999499320984,
        0.9699999690055847,
        0.9899999499320984,
        0.9799999594688416,
        0.949999988079071,
        0.9699999690055847,
        0.9899999499320984,
        0.9699999690055847,
        0.9799999594688416,
        0.9099999666213989,
        0.9599999785423279,
        0.9599999785423279,
        0.9399999976158142,
        0.9599999785423279,
        0.9300000071525574,
        0.9599999785423279,
        0.9699999690055847,
        0.9599999785423279,
        0.9899999499320984,
        0.9799999594688416,
        0.9699999690055847,
        0.9899999499320984,
        1.0,
        0.9899999499320984,
        0.9699999690055847,
        1.0,
        0.9899999499320984,
        0.9799999594688416,
        0.9300000071525574,
        0.9699999690055847,
        0.9899999499320984,
        0.9599999785423279,
        0.9599999785423279,
        0.9300000071525574,
        0.9899999499320984,
        1.0,
        0.9799999594688416,
        0.8999999761581421,
        0.9699999690055847,
        0.949999988079071,
        0.9899999499320984,
        1.0,
        1.0,
        0.9899999499320984,
        0.9899999499320984,
        0.9899999499320984,
        0.9699999690055847,
        0.9899999499320984,
        1.0,
        1.0,
        0.9599999785423279,
        0.9399999976158142,
        0.949999988079071,
        0.9699999690055847,
        0.9699999690055847,
        0.9399999976158142,
        1.0,
        1.0,
        1.0,
        1.0,
        0.9899999499320984,
        1.0,
        0.9599999785423279,
        1.0,
        0.9899999499320984,
        0.9899999499320984,
        0.9899999499320984,
        0.9799999594688416,
        0.9099999666213989,
        0.9599999785423279,
        0.9599999785423279,
        0.9699999690055847
    ]
}