{
    "stu_train_loss": [
        0.29835090041160583,
        0.21025137603282928,
        0.1794128566980362,
        0.21516866981983185,
        0.10896338522434235,
        0.20567771792411804,
        0.14234787225723267,
        0.19804070889949799,
        0.194936603307724,
        0.134769007563591,
        0.18112684786319733,
        0.14748677611351013,
        0.2473440170288086,
        0.18851499259471893,
        0.1714927703142166,
        0.16233810782432556,
        0.19305533170700073,
        0.10411501675844193,
        0.14318181574344635,
        0.16264116764068604,
        0.15078189969062805,
        0.22770971059799194,
        0.21219824254512787,
        0.26552078127861023,
        0.25411832332611084,
        0.27527737617492676,
        0.3444640040397644,
        0.18869297206401825
    ],
    "stu_test_loss": [
        0.48091626167297363,
        0.4472573399543762,
        0.43094688653945923,
        0.46321725845336914,
        0.5594582557678223,
        0.461209774017334,
        0.51189124584198,
        0.42173248529434204,
        0.481710821390152,
        0.56086665391922,
        0.4136655628681183,
        0.5256568193435669,
        0.570915937423706,
        0.3968490660190582,
        0.45809072256088257,
        0.46218085289001465,
        0.5398260354995728,
        0.5209564566612244,
        0.41842687129974365,
        0.5354560613632202,
        0.5317286252975464,
        0.5735343098640442,
        0.5046400427818298,
        0.44698566198349,
        0.4513598084449768,
        0.5208615660667419,
        0.4614695906639099,
        0.4453756511211395,
        0.39587169885635376,
        0.532753586769104,
        0.49651962518692017,
        0.4546363055706024,
        0.40326133370399475,
        0.5072846412658691,
        0.4201846122741699,
        0.4791959226131439,
        0.39682114124298096,
        0.6066111326217651,
        0.5750338435173035,
        0.475908100605011,
        0.47455260157585144,
        0.4924042224884033,
        0.5523149371147156,
        0.46752142906188965,
        0.48712748289108276,
        0.4556193947792053,
        0.42323875427246094,
        0.439287930727005,
        0.4703139662742615,
        0.4422264099121094,
        0.33864885568618774,
        0.40846243500709534,
        0.3769407272338867,
        0.3376272916793823,
        0.3359444737434387,
        0.3656633496284485,
        0.5081775188446045,
        0.42300575971603394,
        0.40101754665374756,
        0.5628732442855835,
        0.5438492298126221,
        0.6847041845321655,
        0.33561965823173523,
        0.34752318263053894,
        0.37067121267318726,
        0.7252626419067383,
        0.5456357598304749,
        0.47044116258621216,
        0.3498319387435913,
        0.34871506690979004,
        0.33951959013938904,
        0.35457003116607666,
        0.4244489073753357,
        0.3790079951286316,
        0.4196239113807678,
        0.39384835958480835,
        0.35775065422058105,
        0.37901341915130615,
        0.42310410737991333,
        0.4215894937515259,
        0.4433506727218628,
        0.43185925483703613,
        0.5505599975585938,
        0.4841316044330597,
        0.38393858075141907,
        0.35801181197166443,
        0.3432401418685913,
        0.33508414030075073,
        0.3728051781654358,
        0.34801873564720154,
        0.5010560750961304,
        0.36223089694976807,
        0.3539293706417084,
        0.34277939796447754,
        0.3664322793483734,
        0.40117090940475464,
        0.7107692360877991,
        0.5425917506217957,
        0.4367518424987793,
        0.41618797183036804
    ],
    "stu_train_acc": [
        0.9099999666213989,
        0.9399999976158142,
        0.9699999690055847,
        0.9399999976158142,
        0.9799999594688416,
        0.9399999976158142,
        0.9599999785423279,
        0.9599999785423279,
        0.9300000071525574,
        0.9799999594688416,
        0.9599999785423279,
        0.9599999785423279,
        0.9300000071525574,
        0.9699999690055847,
        0.9599999785423279,
        0.949999988079071,
        0.949999988079071,
        0.9899999499320984,
        0.9799999594688416,
        0.9599999785423279,
        0.9599999785423279,
        0.949999988079071,
        0.9300000071525574,
        0.8999999761581421,
        0.9300000071525574,
        0.9199999570846558,
        0.9099999666213989,
        0.9166666865348816
    ],
    "stu_test_acc": [
        0.9599999785423279,
        0.949999988079071,
        0.9599999785423279,
        0.949999988079071,
        0.8999999761581421,
        0.9899999499320984,
        0.9199999570846558,
        0.949999988079071,
        0.9699999690055847,
        0.9300000071525574,
        0.9699999690055847,
        0.9399999976158142,
        0.9199999570846558,
        0.9799999594688416,
        0.9599999785423279,
        0.9599999785423279,
        0.9399999976158142,
        0.9099999666213989,
        0.9599999785423279,
        0.949999988079071,
        0.9300000071525574,
        0.9199999570846558,
        0.949999988079071,
        0.9699999690055847,
        0.949999988079071,
        0.9399999976158142,
        0.949999988079071,
        0.949999988079071,
        0.9799999594688416,
        0.9199999570846558,
        0.9599999785423279,
        0.949999988079071,
        0.9699999690055847,
        0.9399999976158142,
        0.9899999499320984,
        0.9399999976158142,
        0.9799999594688416,
        0.9199999570846558,
        0.949999988079071,
        0.9699999690055847,
        0.9399999976158142,
        0.949999988079071,
        0.9399999976158142,
        0.949999988079071,
        0.9399999976158142,
        0.9699999690055847,
        0.9699999690055847,
        0.9699999690055847,
        0.9699999690055847,
        0.9699999690055847,
        1.0,
        0.9799999594688416,
        0.9899999499320984,
        1.0,
        1.0,
        0.9899999499320984,
        0.9300000071525574,
        0.9899999499320984,
        0.9799999594688416,
        0.9399999976158142,
        0.9399999976158142,
        0.9199999570846558,
        1.0,
        0.9899999499320984,
        0.9899999499320984,
        0.8700000047683716,
        0.949999988079071,
        0.9399999976158142,
        1.0,
        1.0,
        1.0,
        1.0,
        0.9699999690055847,
        0.9799999594688416,
        0.9799999594688416,
        0.9899999499320984,
        1.0,
        0.9899999499320984,
        0.9699999690055847,
        0.9799999594688416,
        0.9300000071525574,
        0.949999988079071,
        0.9199999570846558,
        0.9599999785423279,
        0.9799999594688416,
        1.0,
        1.0,
        1.0,
        0.9899999499320984,
        1.0,
        0.9300000071525574,
        0.9899999499320984,
        0.9899999499320984,
        1.0,
        0.9899999499320984,
        0.9699999690055847,
        0.8899999856948853,
        0.9399999976158142,
        0.9599999785423279,
        0.9599999785423279
    ]
}