{
    "stu_train_loss": 0.42032124005979105,
    "stu_test_loss": 0.8835977786779403,
    "stu_train_acc": 0.8561827732670692,
    "stu_test_acc": 0.8000999754667282
}