{
    "stu_train_loss": 0.4042225646716292,
    "stu_test_loss": 0.8421267485618591,
    "stu_train_acc": 0.8611290134409423,
    "stu_test_acc": 0.8104999780654907
}