{
    "stu_train_loss": 0.40144009279307497,
    "stu_test_loss": 0.9479787945747375,
    "stu_train_acc": 0.8614515931375565,
    "stu_test_acc": 0.8087999767065048
}