{
    "stu_train_loss": 0.4227732911866198,
    "stu_test_loss": 0.9033237606287002,
    "stu_train_acc": 0.8573655684789022,
    "stu_test_acc": 0.801699977517128
}