{
    "stu_train_loss": 0.4083943838073361,
    "stu_test_loss": 0.8334038144350052,
    "stu_train_acc": 0.855403204758962,
    "stu_test_acc": 0.8265999805927277
}