{
    "stu_train_loss": 0.3972474317396841,
    "stu_test_loss": 0.9858572274446488,
    "stu_train_acc": 0.8660752459238934,
    "stu_test_acc": 0.8132999783754349
}