{
    "stu_train_loss": 0.41343703625663636,
    "stu_test_loss": 0.9226360780000686,
    "stu_train_acc": 0.8556854635156611,
    "stu_test_acc": 0.8106999826431275
}