{
    "stu_train_loss": 0.4239240995337886,
    "stu_test_loss": 0.8768106675148011,
    "stu_train_acc": 0.8564112699160011,
    "stu_test_acc": 0.8125999772548675
}