{
    "stu_train_loss": 0.4053638192915147,
    "stu_test_loss": 0.9076219522953033,
    "stu_train_acc": 0.8648924532757011,
    "stu_test_acc": 0.816999979019165
}