{
    "stu_train_loss": 0.7154205226808821,
    "mentor_train_loss": 0.258365496116526,
    "stu_test_loss": 0.778224484417766,
    "mentor_test_loss": 0.3159724620108406,
    "stu_train_acc": 0.8043540945790081,
    "mentor_train_acc": 0.9762471164936563,
    "stu_test_acc": 0.7863418530351438,
    "mentor_test_acc": 0.9403953674121406
}