{
    "stu_train_loss": 0.8759718925413926,
    "mentor_train_loss": 0.3327429761042369,
    "stu_test_loss": 0.8849743962668764,
    "mentor_test_loss": 0.38036081252006676,
    "stu_train_acc": 0.7493151672433679,
    "mentor_train_acc": 0.974949538638985,
    "stu_test_acc": 0.737020766773163,
    "mentor_test_acc": 0.9350039936102237
}