{
    "stu_train_loss": 0.768503282550022,
    "mentor_train_loss": 0.28835863519498633,
    "stu_test_loss": 0.7876507791276938,
    "mentor_test_loss": 0.34482863840584554,
    "stu_train_acc": 0.7859717416378316,
    "mentor_train_acc": 0.975634371395617,
    "stu_test_acc": 0.7741613418530351,
    "mentor_test_acc": 0.9365015974440895
}