{
    "stu_train_loss": 0.7915213542551043,
    "mentor_train_loss": 0.2996440889891731,
    "stu_test_loss": 0.815644263745116,
    "mentor_test_loss": 0.36151923005954145,
    "stu_train_acc": 0.777933967704729,
    "mentor_train_acc": 0.9776888696655133,
    "stu_test_acc": 0.7597843450479234,
    "mentor_test_acc": 0.9317092651757188
}