{
    "stu_train_loss": 0.7409923539648419,
    "mentor_train_loss": 0.2786055948529414,
    "stu_test_loss": 0.8128828845275476,
    "mentor_test_loss": 0.345187285409187,
    "stu_train_acc": 0.7953070934256056,
    "mentor_train_acc": 0.9746611880046137,
    "stu_test_acc": 0.7750599041533547,
    "mentor_test_acc": 0.9335063897763578
}