{
    "stu_train_loss": 0.7283873731289768,
    "mentor_train_loss": 0.26529015966765196,
    "stu_test_loss": 0.7844360618355175,
    "mentor_test_loss": 0.3184590267297178,
    "stu_train_acc": 0.801038062283737,
    "mentor_train_acc": 0.9779051326412919,
    "stu_test_acc": 0.7804512779552716,
    "mentor_test_acc": 0.9416932907348243
}