{
    "stu_train_loss": 0.3805129267001415,
    "mentor_train_loss": 0.1816833146902568,
    "stu_test_loss": 0.36576597254497173,
    "mentor_test_loss": 0.2810963634580088,
    "stu_train_acc": 0.9066384366768248,
    "mentor_train_acc": 0.9582895658472005,
    "stu_test_acc": 0.9048522364217252,
    "mentor_test_acc": 0.9253194888178914
}