{
    "stu_train_loss": 0.36662531611235705,
    "mentor_train_loss": 0.1941593999371809,
    "stu_test_loss": 0.3598195307266217,
    "mentor_test_loss": 0.2821999123444953,
    "stu_train_acc": 0.9030877976294827,
    "mentor_train_acc": 0.9565716911764706,
    "stu_test_acc": 0.9027555910543131,
    "mentor_test_acc": 0.924620607028754
}