{
    "stu_train_loss": 0.3813342124168925,
    "mentor_train_loss": 0.18340783736065908,
    "stu_test_loss": 0.3537568255973319,
    "mentor_test_loss": 0.27428358043439854,
    "stu_train_acc": 0.9037169555530828,
    "mentor_train_acc": 0.9555923932177179,
    "stu_test_acc": 0.90814696485623,
    "mentor_test_acc": 0.9272164536741214
}