{
    "stu_train_loss": 0.36650177351582575,
    "mentor_train_loss": 0.230134397306863,
    "stu_test_loss": 0.3534986586711658,
    "mentor_test_loss": 0.283323715693844,
    "stu_train_acc": 0.9017583596355775,
    "mentor_train_acc": 0.9458814776119064,
    "stu_test_acc": 0.9020567092651757,
    "mentor_test_acc": 0.920926517571885
}