{
    "stu_train_loss": 0.36887314625303536,
    "mentor_train_loss": 0.20257355453556075,
    "stu_test_loss": 0.3628822214211138,
    "mentor_test_loss": 0.27861506582353823,
    "stu_train_acc": 0.9049260329236003,
    "mentor_train_acc": 0.9546732755706591,
    "stu_test_acc": 0.9016573482428115,
    "mentor_test_acc": 0.9224241214057508
}