{
    "stu_train_loss": 0.3691981913631453,
    "mentor_train_loss": 0.18849214174620368,
    "stu_test_loss": 0.3577345449227495,
    "mentor_test_loss": 0.27877388823146637,
    "stu_train_acc": 0.9071691176470589,
    "mentor_train_acc": 0.9604779411764706,
    "stu_test_acc": 0.9047523961661342,
    "mentor_test_acc": 0.9225239616613419
}