{
    "stu_train_loss": 0.3679637596120729,
    "mentor_train_loss": 0.19154562538160996,
    "stu_test_loss": 0.3657575197303638,
    "mentor_test_loss": 0.2868570934850187,
    "stu_train_acc": 0.9048111432177179,
    "mentor_train_acc": 0.9595588235294118,
    "stu_test_acc": 0.8975638977635783,
    "mentor_test_acc": 0.9219249201277955
}