{
    "stu_train_loss": 0.3800482858684571,
    "mentor_train_loss": 0.19201090195051887,
    "stu_test_loss": 0.34969569099977754,
    "mentor_test_loss": 0.27514985210884113,
    "stu_train_acc": 0.9003304446883061,
    "mentor_train_acc": 0.9592688638059532,
    "stu_test_acc": 0.9058506389776357,
    "mentor_test_acc": 0.922923322683706
}