{
    "stu_train_loss": 1.9292036873623006,
    "mentor_train_loss": 1.834076500633388,
    "stu_test_loss": 1.9057285987531034,
    "mentor_test_loss": 1.8255310805080036,
    "stu_train_acc": 0.33818770236181983,
    "mentor_train_acc": 0.39859762701016027,
    "stu_test_acc": 0.34434904153354634,
    "mentor_test_acc": 0.37480031948881787
}