{
    "stu_train_loss": 2.3248415525677135,
    "mentor_train_loss": 2.257208490834653,
    "stu_test_loss": 2.3171447930625453,
    "mentor_test_loss": 2.230178374451951,
    "stu_train_acc": 0.24019012954628582,
    "mentor_train_acc": 0.27750809071133437,
    "stu_test_acc": 0.25619009584664537,
    "mentor_test_acc": 0.28314696485623003
}