{
    "stu_train_loss": 1.9068568262081702,
    "mentor_train_loss": 1.7980447845551575,
    "stu_test_loss": 1.8692768069501884,
    "mentor_test_loss": 1.7773791319265153,
    "stu_train_acc": 0.34553667758275003,
    "mentor_train_acc": 0.40183387277195753,
    "stu_test_acc": 0.3546325878594249,
    "mentor_test_acc": 0.39756389776357826
}