{
    "stu_train_loss": [
        0.035137929022312164,
        0.06149379909038544,
        0.023060234263539314,
        0.3108169436454773,
        0.05330314114689827,
        0.10055617243051529,
        0.14665287733078003,
        0.11419351398944855,
        0.16320092976093292,
        0.08401431888341904,
        0.03527611121535301,
        0.07257179915904999,
        0.2513357400894165,
        0.13844195008277893,
        0.1312032788991928,
        0.11291129887104034,
        0.10972972214221954,
        0.09874439239501953,
        0.06754263490438461,
        0.09555676579475403,
        0.03762662410736084,
        0.20269133150577545,
        0.16603492200374603,
        0.12993507087230682,
        0.1857900619506836,
        0.04346428066492081
    ],
    "stu_test_loss": [
        0.4329459071159363,
        0.42571142315864563,
        0.436928391456604,
        0.4166264533996582,
        0.5727579593658447,
        0.4389432370662689,
        0.43917739391326904,
        0.3611384332180023,
        0.47341862320899963,
        0.46320492029190063,
        0.40528860688209534,
        0.4972004294395447,
        0.48956161737442017,
        0.40394002199172974,
        0.39184167981147766,
        0.43037402629852295,
        0.5372426509857178,
        0.43710485100746155,
        0.40061378479003906,
        0.5157522559165955,
        0.5166627168655396,
        0.5681994557380676,
        0.4735076427459717,
        0.47760066390037537,
        0.49372005462646484,
        0.5507873892784119,
        0.46704113483428955,
        0.4432787597179413,
        0.36013296246528625,
        0.4869585335254669,
        0.4600104093551636,
        0.37025272846221924,
        0.35327669978141785,
        0.4621143043041229,
        0.41122865676879883,
        0.3906628489494324,
        0.4067131578922272,
        0.5377382636070251,
        0.5351773500442505,
        0.46699610352516174,
        0.4688422679901123,
        0.41074201464653015,
        0.5518017411231995,
        0.40005290508270264,
        0.43795347213745117,
        0.413030207157135,
        0.4062747061252594,
        0.369515985250473,
        0.4569319486618042,
        0.382901668548584,
        0.3285851776599884,
        0.3738985061645508,
        0.39694005250930786,
        0.33735764026641846,
        0.3438258469104767,
        0.37841153144836426,
        0.4577532708644867,
        0.41696256399154663,
        0.3899361789226532,
        0.45395874977111816,
        0.6472417116165161,
        0.9235715866088867,
        0.33253154158592224,
        0.3337005078792572,
        0.3638462722301483,
        0.6317959427833557,
        0.5105113983154297,
        0.4332713782787323,
        0.34619972109794617,
        0.32869669795036316,
        0.3220447897911072,
        0.3305544853210449,
        0.3974713087081909,
        0.34961238503456116,
        0.3526453971862793,
        0.34001612663269043,
        0.34755977988243103,
        0.3533294200897217,
        0.3937116265296936,
        0.34749823808670044,
        0.43488097190856934,
        0.37198004126548767,
        0.48551228642463684,
        0.5663344860076904,
        0.3482067286968231,
        0.33403247594833374,
        0.33114948868751526,
        0.3277283310890198,
        0.33421894907951355,
        0.3460962474346161,
        0.4905240833759308,
        0.33929577469825745,
        0.34235382080078125,
        0.3401665687561035,
        0.3387313783168793,
        0.3469884693622589,
        0.7788201570510864,
        0.41428375244140625,
        0.3540576696395874,
        0.3794390559196472
    ],
    "stu_train_acc": [
        0.9799999594688416,
        0.9699999690055847,
        0.9899999499320984,
        0.9300000071525574,
        0.9799999594688416,
        0.9699999690055847,
        0.9599999785423279,
        0.9799999594688416,
        0.9399999976158142,
        0.9599999785423279,
        0.9899999499320984,
        0.9699999690055847,
        0.9399999976158142,
        0.9699999690055847,
        0.9599999785423279,
        0.9699999690055847,
        0.9699999690055847,
        0.9799999594688416,
        0.9799999594688416,
        0.9699999690055847,
        0.9899999499320984,
        0.949999988079071,
        0.9399999976158142,
        0.9699999690055847,
        0.949999988079071,
        0.9729729890823364
    ],
    "stu_test_acc": [
        0.9699999690055847,
        0.9799999594688416,
        0.9399999976158142,
        0.9799999594688416,
        0.9300000071525574,
        0.9699999690055847,
        0.9599999785423279,
        0.9799999594688416,
        0.9599999785423279,
        0.9399999976158142,
        0.9699999690055847,
        0.9599999785423279,
        0.9399999976158142,
        0.9799999594688416,
        0.9699999690055847,
        0.9599999785423279,
        0.9199999570846558,
        0.9699999690055847,
        0.9799999594688416,
        0.9599999785423279,
        0.9099999666213989,
        0.949999988079071,
        0.9599999785423279,
        0.949999988079071,
        0.9599999785423279,
        0.9300000071525574,
        0.949999988079071,
        0.9599999785423279,
        1.0,
        0.9399999976158142,
        0.9699999690055847,
        0.9799999594688416,
        0.9899999499320984,
        0.949999988079071,
        0.9699999690055847,
        0.9699999690055847,
        0.9799999594688416,
        0.9199999570846558,
        0.9399999976158142,
        0.9599999785423279,
        0.949999988079071,
        0.9799999594688416,
        0.949999988079071,
        0.9699999690055847,
        0.949999988079071,
        0.9599999785423279,
        0.9699999690055847,
        0.9799999594688416,
        0.9799999594688416,
        0.9799999594688416,
        1.0,
        0.9899999499320984,
        0.9799999594688416,
        1.0,
        0.9899999499320984,
        0.9799999594688416,
        0.9699999690055847,
        0.9899999499320984,
        0.9699999690055847,
        0.949999988079071,
        0.9399999976158142,
        0.9099999666213989,
        1.0,
        1.0,
        0.9899999499320984,
        0.8799999952316284,
        0.949999988079071,
        0.9599999785423279,
        1.0,
        1.0,
        1.0,
        1.0,
        0.9799999594688416,
        0.9899999499320984,
        0.9899999499320984,
        1.0,
        1.0,
        1.0,
        0.9899999499320984,
        1.0,
        0.949999988079071,
        0.9899999499320984,
        0.949999988079071,
        0.9199999570846558,
        1.0,
        1.0,
        1.0,
        1.0,
        1.0,
        0.9899999499320984,
        0.9300000071525574,
        1.0,
        1.0,
        1.0,
        1.0,
        0.9799999594688416,
        0.8899999856948853,
        0.9699999690055847,
        0.9899999499320984,
        0.9799999594688416
    ]
}