{
    "stu_train_loss": [
        0.030154796317219734,
        0.0722551941871643,
        0.03364891558885574,
        0.036243878304958344,
        0.1307133287191391,
        0.182790607213974,
        0.105711430311203,
        0.2976106107234955,
        0.0973050594329834,
        0.19288356602191925,
        0.09743206948041916,
        0.19471514225006104,
        0.140090212225914,
        0.05030002072453499,
        0.04074260592460632,
        0.19916968047618866,
        0.10821417719125748,
        0.24122661352157593,
        0.19899258017539978,
        0.057262953370809555,
        0.23562276363372803,
        0.12790317833423615,
        0.12661181390285492,
        0.10434307903051376,
        0.15021614730358124,
        0.15748412907123566
    ],
    "stu_test_loss": [
        0.45100030303001404,
        0.4083431363105774,
        0.3986457288265228,
        0.4562166631221771,
        0.4824693500995636,
        0.4437623620033264,
        0.47411268949508667,
        0.44143491983413696,
        0.4695932865142822,
        0.4680340886116028,
        0.44632747769355774,
        0.46299585700035095,
        0.5296589136123657,
        0.45644819736480713,
        0.39477279782295227,
        0.4284554421901703,
        0.5147453546524048,
        0.518775463104248,
        0.40520355105400085,
        0.49728211760520935,
        0.5570749044418335,
        0.5190469026565552,
        0.48690494894981384,
        0.46541857719421387,
        0.4544137120246887,
        0.5100557804107666,
        0.414361834526062,
        0.49756425619125366,
        0.368091881275177,
        0.5804569721221924,
        0.4500473141670227,
        0.39390212297439575,
        0.3782184422016144,
        0.4934433698654175,
        0.44120579957962036,
        0.3944423794746399,
        0.4371599555015564,
        0.5596697330474854,
        0.5856434106826782,
        0.46758168935775757,
        0.5215837955474854,
        0.4336007833480835,
        0.4958939552307129,
        0.42082661390304565,
        0.45491358637809753,
        0.44873344898223877,
        0.4019211530685425,
        0.3995584547519684,
        0.4402547776699066,
        0.4037275016307831,
        0.3335285186767578,
        0.4044734835624695,
        0.38745778799057007,
        0.32833629846572876,
        0.33347412943840027,
        0.34045612812042236,
        0.39508765935897827,
        0.4227231442928314,
        0.4266401529312134,
        0.5470033884048462,
        0.4998782277107239,
        0.48282939195632935,
        0.3352322280406952,
        0.3415306508541107,
        0.3457663357257843,
        0.7611912488937378,
        0.5701076984405518,
        0.3656202256679535,
        0.3581576645374298,
        0.34362199902534485,
        0.33589765429496765,
        0.3526405096054077,
        0.3773876130580902,
        0.39863842725753784,
        0.36763566732406616,
        0.3635684847831726,
        0.3292562663555145,
        0.3470380902290344,
        0.37585127353668213,
        0.36623817682266235,
        0.4766172170639038,
        0.3814311921596527,
        0.5329756736755371,
        0.5774323344230652,
        0.3612581193447113,
        0.35858410596847534,
        0.3405075967311859,
        0.3510306179523468,
        0.3608199954032898,
        0.34339064359664917,
        0.42664676904678345,
        0.3473200500011444,
        0.3362254500389099,
        0.34284988045692444,
        0.36721909046173096,
        0.36340954899787903,
        0.7663503885269165,
        0.46370750665664673,
        0.4041217863559723,
        0.3807148039340973
    ],
    "stu_train_acc": [
        0.9899999499320984,
        0.9699999690055847,
        0.9799999594688416,
        0.9899999499320984,
        0.9699999690055847,
        0.9300000071525574,
        0.949999988079071,
        0.9399999976158142,
        0.9599999785423279,
        0.949999988079071,
        0.9699999690055847,
        0.9399999976158142,
        0.9699999690055847,
        0.9799999594688416,
        0.9899999499320984,
        0.9300000071525574,
        0.9699999690055847,
        0.9300000071525574,
        0.9399999976158142,
        0.9899999499320984,
        0.949999988079071,
        0.9399999976158142,
        0.9699999690055847,
        0.9699999690055847,
        0.9599999785423279,
        0.9459459781646729
    ],
    "stu_test_acc": [
        0.9300000071525574,
        0.9699999690055847,
        0.9799999594688416,
        0.949999988079071,
        0.949999988079071,
        0.9699999690055847,
        0.9300000071525574,
        0.9399999976158142,
        0.9799999594688416,
        0.9599999785423279,
        0.9599999785423279,
        0.9599999785423279,
        0.9300000071525574,
        0.9599999785423279,
        0.9899999499320984,
        0.949999988079071,
        0.9300000071525574,
        0.9199999570846558,
        0.9599999785423279,
        0.9599999785423279,
        0.9099999666213989,
        0.9399999976158142,
        0.9300000071525574,
        0.9599999785423279,
        0.9599999785423279,
        0.9399999976158142,
        0.949999988079071,
        0.9300000071525574,
        0.9799999594688416,
        0.8999999761581421,
        0.9699999690055847,
        0.9699999690055847,
        0.9799999594688416,
        0.9699999690055847,
        0.9799999594688416,
        0.9799999594688416,
        0.949999988079071,
        0.949999988079071,
        0.9099999666213989,
        0.9399999976158142,
        0.9399999976158142,
        0.949999988079071,
        0.949999988079071,
        0.9399999976158142,
        0.949999988079071,
        0.949999988079071,
        0.9799999594688416,
        0.9699999690055847,
        0.9599999785423279,
        0.9899999499320984,
        0.9899999499320984,
        0.9799999594688416,
        0.9899999499320984,
        1.0,
        1.0,
        0.9899999499320984,
        0.9899999499320984,
        0.9599999785423279,
        0.9699999690055847,
        0.9300000071525574,
        0.9399999976158142,
        0.9599999785423279,
        1.0,
        0.9899999499320984,
        0.9899999499320984,
        0.8499999642372131,
        0.9300000071525574,
        0.9899999499320984,
        0.9799999594688416,
        0.9899999499320984,
        1.0,
        0.9899999499320984,
        0.9799999594688416,
        0.9799999594688416,
        0.9799999594688416,
        0.9899999499320984,
        1.0,
        1.0,
        0.9799999594688416,
        0.9899999499320984,
        0.949999988079071,
        0.9699999690055847,
        0.9099999666213989,
        0.9399999976158142,
        0.9899999499320984,
        0.9799999594688416,
        1.0,
        0.9899999499320984,
        0.9899999499320984,
        1.0,
        0.9300000071525574,
        0.9899999499320984,
        1.0,
        0.9899999499320984,
        0.9699999690055847,
        0.9899999499320984,
        0.8899999856948853,
        0.9599999785423279,
        0.9699999690055847,
        0.9799999594688416
    ]
}