{
    "stu_train_loss": [
        0.04952108860015869,
        0.1396665722131729,
        0.11120867729187012,
        0.16559571027755737,
        0.1340303122997284,
        0.11971433460712433,
        0.06594454497098923,
        0.19339509308338165,
        0.21630197763442993,
        0.18720190227031708,
        0.09671208262443542,
        0.15146249532699585,
        0.1988503485918045,
        0.2573980391025543,
        0.05883263051509857,
        0.15530475974082947,
        0.02986200340092182,
        0.1942557841539383,
        0.05629553645849228,
        0.10517706722021103,
        0.1899797022342682,
        0.2375711053609848,
        0.06701385229825974,
        0.2478669285774231,
        0.12712688744068146,
        0.063027523458004
    ],
    "stu_test_loss": [
        0.4417893886566162,
        0.4293295741081238,
        0.45679178833961487,
        0.4818795323371887,
        0.605506181716919,
        0.4496150314807892,
        0.5058894157409668,
        0.40242427587509155,
        0.5336588621139526,
        0.48971664905548096,
        0.4325781762599945,
        0.47573599219322205,
        0.45685458183288574,
        0.41091275215148926,
        0.43920832872390747,
        0.46500927209854126,
        0.5698815584182739,
        0.5048263072967529,
        0.44865500926971436,
        0.6123784184455872,
        0.5650947093963623,
        0.6793900728225708,
        0.5348623394966125,
        0.47993171215057373,
        0.466651976108551,
        0.4758831858634949,
        0.4723169505596161,
        0.525495707988739,
        0.3892829418182373,
        0.4077375531196594,
        0.46633103489875793,
        0.39990293979644775,
        0.42059099674224854,
        0.5148361921310425,
        0.44812101125717163,
        0.43958282470703125,
        0.4195001423358917,
        0.5406566262245178,
        0.6063823103904724,
        0.5023589730262756,
        0.504830539226532,
        0.46472275257110596,
        0.630693256855011,
        0.3973807096481323,
        0.44748353958129883,
        0.45066845417022705,
        0.4079169034957886,
        0.41362324357032776,
        0.4521196186542511,
        0.41339972615242004,
        0.3302824795246124,
        0.40909910202026367,
        0.404924601316452,
        0.326153039932251,
        0.3628801703453064,
        0.35166504979133606,
        0.4765235483646393,
        0.4518708288669586,
        0.42353183031082153,
        0.5655649900436401,
        0.5023499727249146,
        0.6493173837661743,
        0.36322087049484253,
        0.33110156655311584,
        0.3656829595565796,
        0.5728422999382019,
        0.4731442332267761,
        0.4583969712257385,
        0.36093375086784363,
        0.3412744402885437,
        0.3267206847667694,
        0.33458420634269714,
        0.40795302391052246,
        0.3794594407081604,
        0.38568636775016785,
        0.36564013361930847,
        0.35969191789627075,
        0.3704477846622467,
        0.3642946779727936,
        0.45539140701293945,
        0.4172001779079437,
        0.4069558382034302,
        0.48052316904067993,
        0.5590375661849976,
        0.3457998037338257,
        0.3528554439544678,
        0.3356323838233948,
        0.32975393533706665,
        0.3332952857017517,
        0.35923758149147034,
        0.4746481776237488,
        0.3486068844795227,
        0.3520828187465668,
        0.3676002621650696,
        0.34073662757873535,
        0.4184885621070862,
        0.7230422496795654,
        0.5650783777236938,
        0.40590548515319824,
        0.4557287395000458
    ],
    "stu_train_acc": [
        0.9699999690055847,
        0.9599999785423279,
        0.9799999594688416,
        0.9699999690055847,
        0.949999988079071,
        0.9699999690055847,
        0.9799999594688416,
        0.949999988079071,
        0.9599999785423279,
        0.9599999785423279,
        0.9699999690055847,
        0.949999988079071,
        0.9300000071525574,
        0.9300000071525574,
        0.9899999499320984,
        0.9399999976158142,
        0.9899999499320984,
        0.9399999976158142,
        1.0,
        0.9599999785423279,
        0.949999988079071,
        0.9399999976158142,
        0.9799999594688416,
        0.9300000071525574,
        0.9699999690055847,
        1.0
    ],
    "stu_test_acc": [
        0.949999988079071,
        0.9699999690055847,
        0.949999988079071,
        0.9300000071525574,
        0.9099999666213989,
        0.949999988079071,
        0.9399999976158142,
        0.9599999785423279,
        0.949999988079071,
        0.9599999785423279,
        0.9599999785423279,
        0.9399999976158142,
        0.9599999785423279,
        0.9699999690055847,
        0.9599999785423279,
        0.949999988079071,
        0.9199999570846558,
        0.9399999976158142,
        0.949999988079071,
        0.9300000071525574,
        0.8999999761581421,
        0.8999999761581421,
        0.9300000071525574,
        0.9599999785423279,
        0.9799999594688416,
        0.949999988079071,
        0.9599999785423279,
        0.9300000071525574,
        0.9899999499320984,
        0.9599999785423279,
        0.9799999594688416,
        0.9699999690055847,
        0.9599999785423279,
        0.9399999976158142,
        0.9599999785423279,
        0.9599999785423279,
        0.9599999785423279,
        0.8999999761581421,
        0.949999988079071,
        0.949999988079071,
        0.9399999976158142,
        0.949999988079071,
        0.9199999570846558,
        0.9699999690055847,
        0.9599999785423279,
        0.949999988079071,
        0.9699999690055847,
        0.9699999690055847,
        0.9799999594688416,
        0.9699999690055847,
        1.0,
        0.9699999690055847,
        0.9799999594688416,
        1.0,
        0.9899999499320984,
        1.0,
        0.9399999976158142,
        0.9699999690055847,
        0.9699999690055847,
        0.9300000071525574,
        0.949999988079071,
        0.9099999666213989,
        0.9899999499320984,
        1.0,
        0.9899999499320984,
        0.9199999570846558,
        0.9399999976158142,
        0.9599999785423279,
        0.9899999499320984,
        1.0,
        1.0,
        1.0,
        0.9699999690055847,
        0.9799999594688416,
        0.9699999690055847,
        0.9799999594688416,
        0.9899999499320984,
        1.0,
        0.9899999499320984,
        0.9599999785423279,
        0.949999988079071,
        0.9799999594688416,
        0.9300000071525574,
        0.9399999976158142,
        0.9899999499320984,
        0.9899999499320984,
        0.9899999499320984,
        1.0,
        1.0,
        0.9899999499320984,
        0.949999988079071,
        1.0,
        0.9899999499320984,
        0.9799999594688416,
        1.0,
        0.949999988079071,
        0.8899999856948853,
        0.9199999570846558,
        0.9799999594688416,
        0.9699999690055847
    ]
}