{
    "stu_train_loss": [
        0.295480877161026,
        0.2724861800670624,
        0.19454628229141235,
        0.260664165019989,
        0.14773912727832794,
        0.2442590743303299,
        0.299690842628479,
        0.28653690218925476,
        0.24107128381729126,
        0.3192587196826935,
        0.28009068965911865,
        0.2483592927455902,
        0.32702094316482544,
        0.2720819115638733,
        0.2983400523662567,
        0.3050679862499237,
        0.2689182758331299,
        0.34580308198928833,
        0.273608922958374,
        0.32411712408065796,
        0.1800033152103424,
        0.36711812019348145,
        0.31009820103645325,
        0.24024097621440887,
        0.25188955664634705,
        0.14533250033855438
    ],
    "stu_test_loss": [
        0.4783247709274292,
        0.48136210441589355,
        0.5249519348144531,
        0.5205451250076294,
        0.5897395610809326,
        0.531359076499939,
        0.5968220233917236,
        0.5365362167358398,
        0.5276385545730591,
        0.5769858360290527,
        0.49950966238975525,
        0.6126102209091187,
        0.5857676863670349,
        0.4791470170021057,
        0.5453882217407227,
        0.5215582847595215,
        0.5661526918411255,
        0.5860199928283691,
        0.4867018461227417,
        0.5524102449417114,
        0.6126499772071838,
        0.6958878040313721,
        0.5435745716094971,
        0.5000962615013123,
        0.4962726831436157,
        0.6032676696777344,
        0.5148028135299683,
        0.4871026873588562,
        0.47670310735702515,
        0.6572140455245972,
        0.5346682071685791,
        0.550532341003418,
        0.5074822902679443,
        0.5576819181442261,
        0.46767157316207886,
        0.5738561153411865,
        0.42111149430274963,
        0.6557438969612122,
        0.5853148698806763,
        0.5229063034057617,
        0.518037736415863,
        0.5646798610687256,
        0.5911552906036377,
        0.5077511072158813,
        0.5551100373268127,
        0.4920881986618042,
        0.4908739924430847,
        0.5267665386199951,
        0.5425857305526733,
        0.5329515933990479,
        0.37866872549057007,
        0.47079816460609436,
        0.42964234948158264,
        0.3804602324962616,
        0.3615998923778534,
        0.40001267194747925,
        0.5195414423942566,
        0.5063143372535706,
        0.4439803659915924,
        0.5728319883346558,
        0.5587906837463379,
        0.6710635423660278,
        0.37672606110572815,
        0.3927616477012634,
        0.39957770705223083,
        0.8307278156280518,
        0.5633593797683716,
        0.5257098078727722,
        0.39858031272888184,
        0.4060039222240448,
        0.37301769852638245,
        0.4085025191307068,
        0.47679799795150757,
        0.4256545305252075,
        0.515788197517395,
        0.4662705063819885,
        0.3989390730857849,
        0.4370187222957611,
        0.48026561737060547,
        0.4523092806339264,
        0.49033471941947937,
        0.48253709077835083,
        0.583355724811554,
        0.5001413822174072,
        0.4585721492767334,
        0.40177837014198303,
        0.3833516836166382,
        0.3725810647010803,
        0.40495195984840393,
        0.38233715295791626,
        0.5467113852500916,
        0.4339657127857208,
        0.40152642130851746,
        0.4047931432723999,
        0.42117804288864136,
        0.48958128690719604,
        0.7392577528953552,
        0.5796114206314087,
        0.531064510345459,
        0.45207706093788147
    ],
    "stu_train_acc": [
        0.9399999976158142,
        0.9699999690055847,
        0.9799999594688416,
        0.9399999976158142,
        0.9799999594688416,
        0.9399999976158142,
        0.9300000071525574,
        0.9300000071525574,
        0.949999988079071,
        0.9199999570846558,
        0.9199999570846558,
        0.9300000071525574,
        0.9099999666213989,
        0.9300000071525574,
        0.9099999666213989,
        0.9099999666213989,
        0.9099999666213989,
        0.9099999666213989,
        0.9399999976158142,
        0.949999988079071,
        0.9899999499320984,
        0.9099999666213989,
        0.9300000071525574,
        0.949999988079071,
        0.949999988079071,
        0.9729729890823364
    ],
    "stu_test_acc": [
        0.9599999785423279,
        0.9699999690055847,
        0.9399999976158142,
        0.9399999976158142,
        0.8799999952316284,
        0.9799999594688416,
        0.9300000071525574,
        0.949999988079071,
        0.9599999785423279,
        0.9099999666213989,
        0.949999988079071,
        0.9099999666213989,
        0.8999999761581421,
        0.9599999785423279,
        0.8999999761581421,
        0.9399999976158142,
        0.9399999976158142,
        0.9099999666213989,
        0.9599999785423279,
        0.949999988079071,
        0.8999999761581421,
        0.8700000047683716,
        0.9300000071525574,
        0.949999988079071,
        0.9599999785423279,
        0.8999999761581421,
        0.9399999976158142,
        0.9599999785423279,
        0.9599999785423279,
        0.8999999761581421,
        0.9699999690055847,
        0.9099999666213989,
        0.9399999976158142,
        0.9399999976158142,
        0.9599999785423279,
        0.9199999570846558,
        0.9899999499320984,
        0.9099999666213989,
        0.9399999976158142,
        0.9599999785423279,
        0.949999988079071,
        0.9199999570846558,
        0.9300000071525574,
        0.9399999976158142,
        0.9099999666213989,
        0.949999988079071,
        0.949999988079071,
        0.9399999976158142,
        0.9399999976158142,
        0.949999988079071,
        0.9899999499320984,
        0.9599999785423279,
        0.9899999499320984,
        0.9899999499320984,
        1.0,
        1.0,
        0.9199999570846558,
        0.9699999690055847,
        0.9899999499320984,
        0.9300000071525574,
        0.9599999785423279,
        0.9199999570846558,
        0.9899999499320984,
        0.9899999499320984,
        0.9799999594688416,
        0.8100000023841858,
        0.9300000071525574,
        0.8999999761581421,
        0.9799999594688416,
        0.949999988079071,
        1.0,
        0.9899999499320984,
        0.9599999785423279,
        0.9699999690055847,
        0.9599999785423279,
        0.949999988079071,
        0.9899999499320984,
        0.9699999690055847,
        0.9599999785423279,
        0.9799999594688416,
        0.9300000071525574,
        0.9399999976158142,
        0.9199999570846558,
        0.9599999785423279,
        0.9699999690055847,
        0.9799999594688416,
        0.9899999499320984,
        1.0,
        0.9899999499320984,
        0.9899999499320984,
        0.9199999570846558,
        0.9799999594688416,
        0.9899999499320984,
        0.9899999499320984,
        0.9799999594688416,
        0.9599999785423279,
        0.8899999856948853,
        0.9300000071525574,
        0.9599999785423279,
        0.9599999785423279
    ]
}