{
    "stu_train_loss": [
        0.0605824813246727,
        0.11531951278448105,
        0.10705723613500595,
        0.03461966663599014,
        0.04116435348987579,
        0.16394399106502533,
        0.08047570288181305,
        0.18546682596206665,
        0.23015300929546356,
        0.042281221598386765,
        0.2434077262878418,
        0.0490470826625824,
        0.10368411242961884,
        0.15380407869815826,
        0.07319504767656326,
        0.20090799033641815,
        0.12999165058135986,
        0.11241590231657028,
        0.2668642997741699,
        0.20322221517562866,
        0.05057749152183533,
        0.0970686748623848,
        0.18609532713890076,
        0.19810964167118073,
        0.18695594370365143,
        0.10726606100797653
    ],
    "stu_test_loss": [
        0.43579429388046265,
        0.4280971884727478,
        0.4176020324230194,
        0.43021947145462036,
        0.5252519845962524,
        0.4448619484901428,
        0.5270156264305115,
        0.4282382130622864,
        0.4760538339614868,
        0.5165459513664246,
        0.46299493312835693,
        0.5058692693710327,
        0.5009810328483582,
        0.41730621457099915,
        0.3899660110473633,
        0.4626532793045044,
        0.5139375925064087,
        0.475914865732193,
        0.4290366768836975,
        0.5499510765075684,
        0.5862520933151245,
        0.5819282531738281,
        0.5358604192733765,
        0.5163013339042664,
        0.4529936611652374,
        0.4725324511528015,
        0.43841350078582764,
        0.4308876395225525,
        0.3727073669433594,
        0.5029815435409546,
        0.4987771511077881,
        0.41219428181648254,
        0.37556079030036926,
        0.4883784353733063,
        0.47581684589385986,
        0.4320645332336426,
        0.3984029293060303,
        0.5303661823272705,
        0.5409027934074402,
        0.4752790331840515,
        0.4808756113052368,
        0.4623679518699646,
        0.5998086929321289,
        0.42637109756469727,
        0.44544512033462524,
        0.4546580910682678,
        0.4168443977832794,
        0.4155413806438446,
        0.47187113761901855,
        0.4204524755477905,
        0.3509260416030884,
        0.3976316452026367,
        0.4151472747325897,
        0.35550743341445923,
        0.3598291575908661,
        0.3960064947605133,
        0.4513087868690491,
        0.4387413561344147,
        0.39814886450767517,
        0.5568980574607849,
        0.5471293330192566,
        0.6005183458328247,
        0.35632407665252686,
        0.3438115119934082,
        0.3632851243019104,
        0.5996179580688477,
        0.599043607711792,
        0.3877791464328766,
        0.3613786995410919,
        0.33789485692977905,
        0.35125938057899475,
        0.36875292658805847,
        0.4112270772457123,
        0.3892873525619507,
        0.3888239860534668,
        0.4041573405265808,
        0.35494062304496765,
        0.3737454414367676,
        0.43006348609924316,
        0.4412502646446228,
        0.43152493238449097,
        0.37905076146125793,
        0.490973562002182,
        0.5108426809310913,
        0.38878655433654785,
        0.3513449430465698,
        0.3510717749595642,
        0.34889304637908936,
        0.3685806095600128,
        0.35780319571495056,
        0.5349729657173157,
        0.4007885456085205,
        0.35855793952941895,
        0.34986644983291626,
        0.3520083427429199,
        0.40104326605796814,
        0.803234338760376,
        0.48630547523498535,
        0.3680459260940552,
        0.4068301320075989
    ],
    "stu_train_acc": [
        0.9799999594688416,
        0.9699999690055847,
        0.9699999690055847,
        0.9799999594688416,
        1.0,
        0.949999988079071,
        0.9699999690055847,
        0.9599999785423279,
        0.949999988079071,
        1.0,
        0.9099999666213989,
        0.9799999594688416,
        0.9699999690055847,
        0.9699999690055847,
        0.9699999690055847,
        0.949999988079071,
        0.9699999690055847,
        0.9699999690055847,
        0.9399999976158142,
        0.9199999570846558,
        0.9899999499320984,
        0.9699999690055847,
        0.9699999690055847,
        0.9399999976158142,
        0.949999988079071,
        0.9729729890823364
    ],
    "stu_test_acc": [
        0.9699999690055847,
        0.9699999690055847,
        0.9799999594688416,
        0.9599999785423279,
        0.9599999785423279,
        0.9899999499320984,
        0.9399999976158142,
        0.9699999690055847,
        0.9699999690055847,
        0.949999988079071,
        0.9399999976158142,
        0.949999988079071,
        0.9599999785423279,
        0.9799999594688416,
        0.9799999594688416,
        0.949999988079071,
        0.949999988079071,
        0.9399999976158142,
        0.9599999785423279,
        0.9399999976158142,
        0.9300000071525574,
        0.949999988079071,
        0.9399999976158142,
        0.9599999785423279,
        0.9699999690055847,
        0.949999988079071,
        0.9599999785423279,
        0.9699999690055847,
        1.0,
        0.9399999976158142,
        0.9799999594688416,
        0.9699999690055847,
        0.9899999499320984,
        0.9699999690055847,
        0.9699999690055847,
        0.9599999785423279,
        0.9799999594688416,
        0.9199999570846558,
        0.949999988079071,
        0.9599999785423279,
        0.949999988079071,
        0.9599999785423279,
        0.9399999976158142,
        0.9599999785423279,
        0.9599999785423279,
        0.9799999594688416,
        0.9799999594688416,
        0.9799999594688416,
        0.9599999785423279,
        0.9699999690055847,
        1.0,
        0.9799999594688416,
        0.9899999499320984,
        0.9899999499320984,
        1.0,
        0.9699999690055847,
        0.9599999785423279,
        0.9899999499320984,
        0.9899999499320984,
        0.949999988079071,
        0.9599999785423279,
        0.9300000071525574,
        1.0,
        1.0,
        0.9899999499320984,
        0.9199999570846558,
        0.9199999570846558,
        0.9899999499320984,
        1.0,
        1.0,
        1.0,
        0.9899999499320984,
        0.9799999594688416,
        0.9899999499320984,
        0.9899999499320984,
        0.9799999594688416,
        1.0,
        1.0,
        0.9799999594688416,
        0.9599999785423279,
        0.9599999785423279,
        1.0,
        0.9399999976158142,
        0.9300000071525574,
        0.9899999499320984,
        1.0,
        1.0,
        1.0,
        0.9899999499320984,
        1.0,
        0.9300000071525574,
        0.9899999499320984,
        1.0,
        1.0,
        1.0,
        0.9699999690055847,
        0.9099999666213989,
        0.9399999976158142,
        1.0,
        0.9799999594688416
    ]
}