{
    "stu_train_loss": [
        0.10627151280641556,
        0.18750835955142975,
        0.17965230345726013,
        0.07347677648067474,
        0.1774347871541977,
        0.11318052560091019,
        0.10371852666139603,
        0.13835299015045166,
        0.23216913640499115,
        0.09711375087499619,
        0.16984185576438904,
        0.10874351859092712,
        0.06894020736217499,
        0.23036672174930573,
        0.11284971237182617,
        0.09385307133197784,
        0.15992824733257294,
        0.1058230996131897,
        0.10235054045915604,
        0.14301805198192596,
        0.06703978776931763,
        0.17043782770633698,
        0.31424033641815186,
        0.07238993793725967,
        0.1548350602388382,
        0.0808216854929924
    ],
    "stu_test_loss": [
        0.47013455629348755,
        0.3996962904930115,
        0.4078447222709656,
        0.4557808041572571,
        0.5167878866195679,
        0.42647507786750793,
        0.5012418627738953,
        0.40065547823905945,
        0.45933178067207336,
        0.5125899910926819,
        0.4077584147453308,
        0.4951010048389435,
        0.4946923851966858,
        0.40192678570747375,
        0.40681731700897217,
        0.4646851122379303,
        0.5124163627624512,
        0.4544559717178345,
        0.45134437084198,
        0.5264962911605835,
        0.5116069912910461,
        0.5754237771034241,
        0.4839385449886322,
        0.46677184104919434,
        0.49649471044540405,
        0.4966971278190613,
        0.42022305727005005,
        0.4420877993106842,
        0.41231569647789,
        0.4985549747943878,
        0.5069727301597595,
        0.44779786467552185,
        0.41372689604759216,
        0.42058131098747253,
        0.3961436152458191,
        0.44972875714302063,
        0.39445066452026367,
        0.5698932409286499,
        0.5691206455230713,
        0.5147500038146973,
        0.4572674334049225,
        0.5040105581283569,
        0.5845311880111694,
        0.4309062659740448,
        0.4724486172199249,
        0.4650110602378845,
        0.41001760959625244,
        0.4049738943576813,
        0.443121075630188,
        0.4002961218357086,
        0.33126017451286316,
        0.3924766182899475,
        0.37608712911605835,
        0.3345707058906555,
        0.359833687543869,
        0.35134294629096985,
        0.5587348341941833,
        0.461392343044281,
        0.41622015833854675,
        0.5419236421585083,
        0.4928298890590668,
        0.6855225563049316,
        0.33929958939552307,
        0.3484232425689697,
        0.3624538779258728,
        0.7375587821006775,
        0.610942006111145,
        0.4135391414165497,
        0.362190306186676,
        0.34166890382766724,
        0.3291490375995636,
        0.3546055555343628,
        0.4050285220146179,
        0.37169691920280457,
        0.3847118020057678,
        0.3684803545475006,
        0.3460124433040619,
        0.3791567087173462,
        0.36509448289871216,
        0.38791224360466003,
        0.43939852714538574,
        0.4346095323562622,
        0.5174915194511414,
        0.4833438992500305,
        0.36992865800857544,
        0.3595287501811981,
        0.34032925963401794,
        0.33479318022727966,
        0.3445281386375427,
        0.35420143604278564,
        0.4015136957168579,
        0.36428016424179077,
        0.3558783531188965,
        0.35137906670570374,
        0.3614189624786377,
        0.42447713017463684,
        0.7841870784759521,
        0.5301741361618042,
        0.4238879680633545,
        0.4020485579967499
    ],
    "stu_train_acc": [
        0.9699999690055847,
        0.9399999976158142,
        0.9599999785423279,
        0.9699999690055847,
        0.949999988079071,
        0.9599999785423279,
        0.9799999594688416,
        0.9599999785423279,
        0.9300000071525574,
        0.9799999594688416,
        0.949999988079071,
        0.949999988079071,
        0.9799999594688416,
        0.9300000071525574,
        0.9599999785423279,
        0.9699999690055847,
        0.9799999594688416,
        0.9599999785423279,
        0.9799999594688416,
        0.949999988079071,
        0.9899999499320984,
        0.9599999785423279,
        0.8999999761581421,
        0.9799999594688416,
        0.9599999785423279,
        0.9729729890823364
    ],
    "stu_test_acc": [
        0.9399999976158142,
        0.9799999594688416,
        0.9899999499320984,
        0.9599999785423279,
        0.9199999570846558,
        0.9899999499320984,
        0.9399999976158142,
        0.9699999690055847,
        0.9799999594688416,
        0.949999988079071,
        0.9699999690055847,
        0.9599999785423279,
        0.949999988079071,
        0.9799999594688416,
        0.9799999594688416,
        0.9599999785423279,
        0.949999988079071,
        0.9399999976158142,
        0.9599999785423279,
        0.9599999785423279,
        0.9399999976158142,
        0.9199999570846558,
        0.949999988079071,
        0.949999988079071,
        0.949999988079071,
        0.9399999976158142,
        0.9699999690055847,
        0.9599999785423279,
        0.9699999690055847,
        0.9399999976158142,
        0.949999988079071,
        0.9699999690055847,
        0.9699999690055847,
        0.9699999690055847,
        0.9799999594688416,
        0.9599999785423279,
        0.9799999594688416,
        0.9099999666213989,
        0.9300000071525574,
        0.949999988079071,
        0.9599999785423279,
        0.9199999570846558,
        0.9199999570846558,
        0.9699999690055847,
        0.949999988079071,
        0.9399999976158142,
        0.9799999594688416,
        0.9899999499320984,
        0.9699999690055847,
        0.9799999594688416,
        1.0,
        0.9799999594688416,
        0.9899999499320984,
        1.0,
        0.9899999499320984,
        1.0,
        0.9199999570846558,
        0.9599999785423279,
        0.9799999594688416,
        0.9300000071525574,
        0.9599999785423279,
        0.9199999570846558,
        1.0,
        0.9899999499320984,
        0.9799999594688416,
        0.8700000047683716,
        0.9199999570846558,
        0.9599999785423279,
        0.9899999499320984,
        1.0,
        1.0,
        0.9899999499320984,
        0.9799999594688416,
        0.9899999499320984,
        0.9699999690055847,
        1.0,
        1.0,
        0.9899999499320984,
        1.0,
        0.9899999499320984,
        0.949999988079071,
        0.9699999690055847,
        0.9300000071525574,
        0.9599999785423279,
        0.9899999499320984,
        0.9899999499320984,
        1.0,
        1.0,
        0.9899999499320984,
        0.9899999499320984,
        0.9699999690055847,
        0.9899999499320984,
        0.9899999499320984,
        0.9799999594688416,
        1.0,
        0.9699999690055847,
        0.8799999952316284,
        0.949999988079071,
        0.9599999785423279,
        0.9799999594688416
    ]
}