{
    "stu_train_loss": [
        0.1233833059668541,
        0.14008043706417084,
        0.03052753210067749,
        0.05878709629178047,
        0.031157759949564934,
        0.09701511263847351,
        0.1442425400018692,
        0.0905260294675827,
        0.19264638423919678,
        0.2274615615606308,
        0.04204298555850983,
        0.1437593549489975,
        0.06508830189704895,
        0.12888528406620026,
        0.06332644820213318,
        0.11219266057014465,
        0.18298374116420746,
        0.12432949990034103,
        0.029555760324001312,
        0.11646346002817154,
        0.10882189124822617,
        0.1322324126958847,
        0.22704949975013733,
        0.09260901808738708,
        0.2273932695388794,
        0.168410062789917
    ],
    "stu_test_loss": [
        0.4326058030128479,
        0.46678823232650757,
        0.4190019369125366,
        0.4330423176288605,
        0.5114772915840149,
        0.4466789960861206,
        0.5045636892318726,
        0.4064083695411682,
        0.4425421357154846,
        0.5136103630065918,
        0.4458785653114319,
        0.48447608947753906,
        0.47299396991729736,
        0.40221983194351196,
        0.4211053252220154,
        0.442932665348053,
        0.5154784321784973,
        0.4703662395477295,
        0.40296870470046997,
        0.47796759009361267,
        0.5348440408706665,
        0.5059224963188171,
        0.41183239221572876,
        0.441127747297287,
        0.48423194885253906,
        0.46976906061172485,
        0.4434903562068939,
        0.4264247715473175,
        0.42974594235420227,
        0.444246768951416,
        0.4383929967880249,
        0.37996548414230347,
        0.43184468150138855,
        0.43545305728912354,
        0.42036136984825134,
        0.4119703769683838,
        0.4421643912792206,
        0.561562180519104,
        0.48597532510757446,
        0.44158706068992615,
        0.4225199818611145,
        0.48767954111099243,
        0.5816147327423096,
        0.42755264043807983,
        0.4616732597351074,
        0.4379922151565552,
        0.3819082975387573,
        0.40025418996810913,
        0.4178323447704315,
        0.40354958176612854,
        0.33777710795402527,
        0.3826878070831299,
        0.37232890725135803,
        0.3320760130882263,
        0.3588957190513611,
        0.34269046783447266,
        0.5266333818435669,
        0.4514857828617096,
        0.4210834503173828,
        0.5138228535652161,
        0.4823331832885742,
        0.5546246767044067,
        0.3361247777938843,
        0.33815303444862366,
        0.36972275376319885,
        0.7871169447898865,
        0.5334956645965576,
        0.3948644697666168,
        0.35859444737434387,
        0.3339482843875885,
        0.32941263914108276,
        0.34046149253845215,
        0.3745533525943756,
        0.3655211925506592,
        0.36584705114364624,
        0.35822418332099915,
        0.3441241383552551,
        0.350778192281723,
        0.376838743686676,
        0.35602104663848877,
        0.6120507717132568,
        0.3865315616130829,
        0.4560864567756653,
        0.4426337778568268,
        0.35365188121795654,
        0.36268019676208496,
        0.3453754782676697,
        0.3291032910346985,
        0.35756850242614746,
        0.33517056703567505,
        0.3740803897380829,
        0.3524002432823181,
        0.3544119596481323,
        0.3534402549266815,
        0.3593093156814575,
        0.4067833423614502,
        0.8865928053855896,
        0.5125253796577454,
        0.4034883677959442,
        0.3799245059490204
    ],
    "stu_train_acc": [
        0.9699999690055847,
        0.9699999690055847,
        0.9899999499320984,
        0.9799999594688416,
        0.9899999499320984,
        0.9599999785423279,
        0.9699999690055847,
        0.9699999690055847,
        0.9300000071525574,
        0.9699999690055847,
        0.9799999594688416,
        0.9599999785423279,
        0.9799999594688416,
        0.949999988079071,
        0.9799999594688416,
        0.9699999690055847,
        0.9399999976158142,
        0.9699999690055847,
        0.9899999499320984,
        0.9599999785423279,
        0.949999988079071,
        0.9799999594688416,
        0.9399999976158142,
        0.9799999594688416,
        0.9399999976158142,
        0.9459459781646729
    ],
    "stu_test_acc": [
        0.949999988079071,
        0.949999988079071,
        0.9699999690055847,
        0.9599999785423279,
        0.949999988079071,
        0.9699999690055847,
        0.9599999785423279,
        0.9799999594688416,
        0.9699999690055847,
        0.9599999785423279,
        0.9599999785423279,
        0.949999988079071,
        0.9300000071525574,
        0.9799999594688416,
        0.9699999690055847,
        0.9699999690055847,
        0.949999988079071,
        0.949999988079071,
        0.9699999690055847,
        0.9699999690055847,
        0.9300000071525574,
        0.949999988079071,
        0.9699999690055847,
        0.9699999690055847,
        0.949999988079071,
        0.9199999570846558,
        0.9599999785423279,
        0.9799999594688416,
        0.9599999785423279,
        0.949999988079071,
        0.9699999690055847,
        0.9799999594688416,
        0.9699999690055847,
        0.9599999785423279,
        0.9799999594688416,
        0.9699999690055847,
        0.9699999690055847,
        0.9199999570846558,
        0.9599999785423279,
        0.9399999976158142,
        0.9699999690055847,
        0.949999988079071,
        0.9399999976158142,
        0.9699999690055847,
        0.9599999785423279,
        0.9599999785423279,
        0.9799999594688416,
        0.9699999690055847,
        0.9699999690055847,
        0.9799999594688416,
        1.0,
        0.9799999594688416,
        0.9899999499320984,
        1.0,
        0.9799999594688416,
        0.9899999499320984,
        0.9199999570846558,
        0.9599999785423279,
        0.9699999690055847,
        0.9599999785423279,
        0.9599999785423279,
        0.9300000071525574,
        1.0,
        1.0,
        0.9899999499320984,
        0.8700000047683716,
        0.9599999785423279,
        0.9599999785423279,
        0.9899999499320984,
        1.0,
        1.0,
        1.0,
        0.9799999594688416,
        0.9899999499320984,
        1.0,
        1.0,
        1.0,
        1.0,
        0.9899999499320984,
        0.9899999499320984,
        0.9199999570846558,
        0.9899999499320984,
        0.9599999785423279,
        0.9599999785423279,
        0.9799999594688416,
        0.9899999499320984,
        1.0,
        1.0,
        0.9899999499320984,
        1.0,
        0.9899999499320984,
        0.9899999499320984,
        0.9899999499320984,
        0.9799999594688416,
        0.9899999499320984,
        0.9699999690055847,
        0.85999995470047,
        0.9399999976158142,
        0.9799999594688416,
        0.9799999594688416
    ]
}