{
    "stu_train_loss": [
        0.33934277296066284,
        0.3209856152534485,
        0.381456196308136,
        0.3291982412338257,
        0.34394603967666626,
        0.36167046427726746,
        0.47305533289909363,
        0.37966078519821167,
        0.397756427526474,
        0.3784925937652588,
        0.37818020582199097,
        0.35573089122772217,
        0.4018477499485016,
        0.3576928973197937,
        0.4922565519809723,
        0.3979174494743347,
        0.3795170485973358,
        0.34916234016418457,
        0.3222525715827942,
        0.43893882632255554,
        0.2923032343387604,
        0.34901294112205505,
        0.4048576056957245,
        0.4445563852787018,
        0.3600503206253052,
        0.351215124130249
    ],
    "stu_test_loss": [
        0.6884557604789734,
        0.6410651803016663,
        0.6597099304199219,
        0.6536494493484497,
        0.7151362895965576,
        0.7440189123153687,
        0.7306120991706848,
        0.6680204272270203,
        0.6711218357086182,
        0.7558642029762268,
        0.6636849641799927,
        0.7637951970100403,
        0.7145805358886719,
        0.5849510431289673,
        0.6617942452430725,
        0.6704124808311462,
        0.6540507078170776,
        0.6720183491706848,
        0.6858260631561279,
        0.7109853625297546,
        0.7805801033973694,
        0.7862157821655273,
        0.6720731258392334,
        0.675945520401001,
        0.5985939502716064,
        0.8029404878616333,
        0.7254704236984253,
        0.6707950234413147,
        0.6317915916442871,
        0.7693705558776855,
        0.6632012128829956,
        0.7457733154296875,
        0.6251388192176819,
        0.7335906624794006,
        0.6284146904945374,
        0.7141342759132385,
        0.5910287499427795,
        0.7512883543968201,
        0.8111658692359924,
        0.658004879951477,
        0.6974964141845703,
        0.6693657636642456,
        0.7594437599182129,
        0.6306794881820679,
        0.7286851406097412,
        0.7306773066520691,
        0.59427410364151,
        0.6944655179977417,
        0.6638860106468201,
        0.6474672555923462,
        0.4686661958694458,
        0.6373106241226196,
        0.5812212228775024,
        0.47332364320755005,
        0.5181308388710022,
        0.5329931974411011,
        0.6596270799636841,
        0.6606711149215698,
        0.6559532880783081,
        0.6613354682922363,
        0.6748857498168945,
        0.8091112375259399,
        0.5360978245735168,
        0.47118186950683594,
        0.5321910977363586,
        0.9502078294754028,
        0.7366639375686646,
        0.643669605255127,
        0.5361630916595459,
        0.5120508670806885,
        0.48430368304252625,
        0.49513280391693115,
        0.6078654527664185,
        0.5476505160331726,
        0.6399070620536804,
        0.6524915099143982,
        0.521746039390564,
        0.5893977880477905,
        0.6131536960601807,
        0.6866970062255859,
        0.6177775263786316,
        0.6329353451728821,
        0.8199403882026672,
        0.772435188293457,
        0.6000332832336426,
        0.5301157236099243,
        0.4906729459762573,
        0.4611566960811615,
        0.4816923439502716,
        0.49653923511505127,
        0.7553349733352661,
        0.5544486045837402,
        0.5204064846038818,
        0.5179422497749329,
        0.5289924740791321,
        0.6776847243309021,
        1.0431698560714722,
        0.6920244693756104,
        0.576546311378479,
        0.5542478561401367
    ],
    "stu_train_acc": [
        0.9099999666213989,
        0.949999988079071,
        0.9399999976158142,
        0.949999988079071,
        0.9399999976158142,
        0.8999999761581421,
        0.8999999761581421,
        0.9099999666213989,
        0.8999999761581421,
        0.949999988079071,
        0.949999988079071,
        0.9199999570846558,
        0.8899999856948853,
        0.9199999570846558,
        0.8399999737739563,
        0.9199999570846558,
        0.9099999666213989,
        0.9300000071525574,
        0.9599999785423279,
        0.9199999570846558,
        0.949999988079071,
        0.9300000071525574,
        0.8999999761581421,
        0.9199999570846558,
        0.8999999761581421,
        0.9189189672470093
    ],
    "stu_test_acc": [
        0.9099999666213989,
        0.8799999952316284,
        0.8999999761581421,
        0.8899999856948853,
        0.85999995470047,
        0.8499999642372131,
        0.8700000047683716,
        0.8899999856948853,
        0.9300000071525574,
        0.8399999737739563,
        0.8399999737739563,
        0.8999999761581421,
        0.8899999856948853,
        0.9399999976158142,
        0.9199999570846558,
        0.8899999856948853,
        0.8799999952316284,
        0.9199999570846558,
        0.8799999952316284,
        0.8399999737739563,
        0.8899999856948853,
        0.8399999737739563,
        0.8999999761581421,
        0.9099999666213989,
        0.9399999976158142,
        0.8199999928474426,
        0.8299999833106995,
        0.8999999761581421,
        0.8999999761581421,
        0.7999999523162842,
        0.9300000071525574,
        0.8199999928474426,
        0.9399999976158142,
        0.8499999642372131,
        0.9300000071525574,
        0.8499999642372131,
        0.9199999570846558,
        0.8700000047683716,
        0.8299999833106995,
        0.8999999761581421,
        0.8899999856948853,
        0.8999999761581421,
        0.8899999856948853,
        0.8999999761581421,
        0.8399999737739563,
        0.8799999952316284,
        0.9399999976158142,
        0.8499999642372131,
        0.8899999856948853,
        0.8899999856948853,
        0.9899999499320984,
        0.8999999761581421,
        0.9300000071525574,
        0.9699999690055847,
        0.9799999594688416,
        0.949999988079071,
        0.8799999952316284,
        0.9199999570846558,
        0.85999995470047,
        0.8700000047683716,
        0.9300000071525574,
        0.8899999856948853,
        0.9399999976158142,
        0.9799999594688416,
        0.9899999499320984,
        0.7899999618530273,
        0.8499999642372131,
        0.9300000071525574,
        0.9300000071525574,
        0.9300000071525574,
        0.9599999785423279,
        0.9699999690055847,
        0.9199999570846558,
        0.9399999976158142,
        0.9099999666213989,
        0.85999995470047,
        0.9399999976158142,
        0.9300000071525574,
        0.9599999785423279,
        0.8899999856948853,
        0.8999999761581421,
        0.9099999666213989,
        0.85999995470047,
        0.85999995470047,
        0.9300000071525574,
        0.949999988079071,
        0.9799999594688416,
        1.0,
        0.9899999499320984,
        0.9799999594688416,
        0.85999995470047,
        0.9300000071525574,
        0.9300000071525574,
        0.9399999976158142,
        0.9699999690055847,
        0.8799999952316284,
        0.7699999809265137,
        0.8899999856948853,
        0.949999988079071,
        0.9699999690055847
    ]
}