{
    "stu_train_loss": [
        0.11116962134838104,
        0.1268177181482315,
        0.1149723082780838,
        0.1750265657901764,
        0.1533580869436264,
        0.1685996651649475,
        0.18996408581733704,
        0.14493732154369354,
        0.2475656270980835,
        0.31485646963119507,
        0.13814502954483032,
        0.12504251301288605,
        0.18595872819423676,
        0.13138820230960846,
        0.13856378197669983,
        0.13083679974079132,
        0.22647897899150848,
        0.29747435450553894,
        0.15043601393699646,
        0.2251836210489273,
        0.1939735859632492,
        0.28807660937309265,
        0.17881034314632416,
        0.13299447298049927,
        0.14881183207035065,
        0.17021261155605316
    ],
    "stu_test_loss": [
        0.48754191398620605,
        0.43304359912872314,
        0.4548971951007843,
        0.4638385772705078,
        0.535084068775177,
        0.47424834966659546,
        0.6068620681762695,
        0.4761176109313965,
        0.4732358455657959,
        0.5752227306365967,
        0.4775659143924713,
        0.5339980125427246,
        0.5772237181663513,
        0.4683907628059387,
        0.47393983602523804,
        0.42893242835998535,
        0.539696455001831,
        0.5194054841995239,
        0.45184582471847534,
        0.5995487570762634,
        0.593482494354248,
        0.6092299222946167,
        0.5348539352416992,
        0.5150832533836365,
        0.46542930603027344,
        0.5697776079177856,
        0.5043325424194336,
        0.507440984249115,
        0.44654518365859985,
        0.632739782333374,
        0.5264103412628174,
        0.4964016377925873,
        0.42952078580856323,
        0.5202121138572693,
        0.455302894115448,
        0.506037712097168,
        0.41373562812805176,
        0.6688619256019592,
        0.5674305558204651,
        0.5205507874488831,
        0.5209617018699646,
        0.4995969831943512,
        0.5819101333618164,
        0.5115847587585449,
        0.518663763999939,
        0.507936418056488,
        0.43664678931236267,
        0.4717618227005005,
        0.5090627670288086,
        0.46264365315437317,
        0.35192206501960754,
        0.4110147953033447,
        0.4325876832008362,
        0.3564302325248718,
        0.35467854142189026,
        0.37909194827079773,
        0.450695276260376,
        0.48733919858932495,
        0.4131590723991394,
        0.6853631734848022,
        0.48806899785995483,
        0.5325969457626343,
        0.3596819043159485,
        0.35152578353881836,
        0.3653360605239868,
        0.7897328734397888,
        0.5626128315925598,
        0.4463731646537781,
        0.3888714611530304,
        0.3949457108974457,
        0.35067594051361084,
        0.38346460461616516,
        0.42779210209846497,
        0.41224926710128784,
        0.497109055519104,
        0.43763086199760437,
        0.34856146574020386,
        0.4404342770576477,
        0.4822503328323364,
        0.4561704993247986,
        0.5040493607521057,
        0.4324212968349457,
        0.4996853172779083,
        0.49784326553344727,
        0.42645755410194397,
        0.4335317015647888,
        0.37682998180389404,
        0.35654112696647644,
        0.37869518995285034,
        0.35171279311180115,
        0.509915292263031,
        0.38248902559280396,
        0.36056700348854065,
        0.38467341661453247,
        0.37393102049827576,
        0.4510936141014099,
        0.7826056480407715,
        0.5524908304214478,
        0.4383552670478821,
        0.4525357484817505
    ],
    "stu_train_acc": [
        0.9699999690055847,
        0.9699999690055847,
        0.9799999594688416,
        0.9599999785423279,
        0.9599999785423279,
        0.949999988079071,
        0.9599999785423279,
        0.9599999785423279,
        0.9199999570846558,
        0.9099999666213989,
        0.9699999690055847,
        0.9699999690055847,
        0.949999988079071,
        0.9799999594688416,
        0.9599999785423279,
        0.9599999785423279,
        0.9399999976158142,
        0.949999988079071,
        0.9599999785423279,
        0.9300000071525574,
        0.9599999785423279,
        0.9099999666213989,
        0.9399999976158142,
        0.9699999690055847,
        0.9599999785423279,
        0.9459459781646729
    ],
    "stu_test_acc": [
        0.949999988079071,
        0.9599999785423279,
        0.9799999594688416,
        0.9599999785423279,
        0.9300000071525574,
        0.9799999594688416,
        0.8999999761581421,
        0.9399999976158142,
        0.9699999690055847,
        0.9399999976158142,
        0.9399999976158142,
        0.949999988079071,
        0.8999999761581421,
        0.9599999785423279,
        0.9300000071525574,
        0.9699999690055847,
        0.949999988079071,
        0.9199999570846558,
        0.9699999690055847,
        0.9199999570846558,
        0.9199999570846558,
        0.8999999761581421,
        0.9399999976158142,
        0.9399999976158142,
        0.9599999785423279,
        0.9199999570846558,
        0.9399999976158142,
        0.9199999570846558,
        0.9699999690055847,
        0.8899999856948853,
        0.949999988079071,
        0.9599999785423279,
        0.9799999594688416,
        0.9300000071525574,
        0.9699999690055847,
        0.949999988079071,
        0.9699999690055847,
        0.8899999856948853,
        0.9300000071525574,
        0.9399999976158142,
        0.9399999976158142,
        0.9399999976158142,
        0.9099999666213989,
        0.9300000071525574,
        0.9199999570846558,
        0.9599999785423279,
        0.9699999690055847,
        0.9599999785423279,
        0.9399999976158142,
        0.9699999690055847,
        1.0,
        0.9799999594688416,
        0.9799999594688416,
        0.9899999499320984,
        0.9899999499320984,
        0.9899999499320984,
        0.9399999976158142,
        0.9399999976158142,
        0.9899999499320984,
        0.9099999666213989,
        0.949999988079071,
        0.9300000071525574,
        1.0,
        0.9899999499320984,
        1.0,
        0.8799999952316284,
        0.9300000071525574,
        0.9799999594688416,
        0.9799999594688416,
        0.9699999690055847,
        1.0,
        0.9899999499320984,
        0.9699999690055847,
        0.9799999594688416,
        0.9300000071525574,
        0.949999988079071,
        1.0,
        0.9799999594688416,
        0.9399999976158142,
        0.9599999785423279,
        0.9300000071525574,
        0.9599999785423279,
        0.949999988079071,
        0.949999988079071,
        0.9599999785423279,
        0.9699999690055847,
        0.9899999499320984,
        0.9899999499320984,
        0.9899999499320984,
        1.0,
        0.9300000071525574,
        0.9899999499320984,
        1.0,
        0.9799999594688416,
        0.9899999499320984,
        0.9599999785423279,
        0.8899999856948853,
        0.9399999976158142,
        0.9599999785423279,
        0.9599999785423279
    ]
}