{
    "stu_train_loss": [
        0.062105752527713776,
        0.06959932297468185,
        0.013670556247234344,
        0.17556530237197876,
        0.3243979513645172,
        0.2052755504846573,
        0.05955124273896217,
        0.10023865103721619,
        0.13516007363796234,
        0.15940028429031372,
        0.07835467159748077,
        0.05325593799352646,
        0.07428139448165894,
        0.16078579425811768,
        0.16780944168567657,
        0.16283929347991943,
        0.1499253511428833,
        0.04708710312843323,
        0.1328098624944687,
        0.13446825742721558,
        0.16897766292095184,
        0.09803678840398788,
        0.09049620479345322,
        0.0968833640217781,
        0.11420479416847229,
        0.1151755303144455
    ],
    "stu_test_loss": [
        0.43869489431381226,
        0.41962605714797974,
        0.46715474128723145,
        0.40437090396881104,
        0.5048259496688843,
        0.4463993310928345,
        0.5392817258834839,
        0.4256710112094879,
        0.5072207450866699,
        0.528661847114563,
        0.45724111795425415,
        0.5293103456497192,
        0.4432949721813202,
        0.43624457716941833,
        0.4347323775291443,
        0.4486357867717743,
        0.4866280257701874,
        0.5119122862815857,
        0.42671462893486023,
        0.4700009822845459,
        0.577466607093811,
        0.49423956871032715,
        0.48533469438552856,
        0.4451623558998108,
        0.4400564730167389,
        0.4580376148223877,
        0.4856284260749817,
        0.41468915343284607,
        0.3784049153327942,
        0.44839709997177124,
        0.4014973044395447,
        0.3927294909954071,
        0.4155687093734741,
        0.49743878841400146,
        0.4292796850204468,
        0.4468562602996826,
        0.45775145292282104,
        0.5062317252159119,
        0.6183887720108032,
        0.4342941641807556,
        0.5301101207733154,
        0.527052104473114,
        0.5810048580169678,
        0.4358282685279846,
        0.46563175320625305,
        0.4364977478981018,
        0.38030847907066345,
        0.4299222230911255,
        0.4851413369178772,
        0.4485175609588623,
        0.3352445662021637,
        0.3996828496456146,
        0.3766677677631378,
        0.3402634859085083,
        0.36880022287368774,
        0.3875535726547241,
        0.46192800998687744,
        0.39562299847602844,
        0.4495357573032379,
        0.5124939680099487,
        0.5724682807922363,
        0.6619867086410522,
        0.34442827105522156,
        0.3398621082305908,
        0.3778895139694214,
        0.6093843579292297,
        0.5163997411727905,
        0.4567653238773346,
        0.3425661325454712,
        0.32718703150749207,
        0.3306099772453308,
        0.3405596911907196,
        0.42990219593048096,
        0.3605113625526428,
        0.3328864276409149,
        0.3596711754798889,
        0.346157044172287,
        0.3573653995990753,
        0.4058600664138794,
        0.40157389640808105,
        0.46848756074905396,
        0.3576976954936981,
        0.45935094356536865,
        0.5046203136444092,
        0.3590904474258423,
        0.33862295746803284,
        0.34089505672454834,
        0.33496329188346863,
        0.3613542318344116,
        0.3561583161354065,
        0.44393065571784973,
        0.38562706112861633,
        0.34064656496047974,
        0.3369685709476471,
        0.34812361001968384,
        0.3594503402709961,
        0.6192528009414673,
        0.46197429299354553,
        0.35953855514526367,
        0.3672189712524414
    ],
    "stu_train_acc": [
        0.9699999690055847,
        0.9799999594688416,
        1.0,
        0.9599999785423279,
        0.9199999570846558,
        0.949999988079071,
        0.9899999499320984,
        0.9699999690055847,
        0.9599999785423279,
        0.9399999976158142,
        0.9799999594688416,
        0.9899999499320984,
        0.9799999594688416,
        0.9699999690055847,
        0.9399999976158142,
        0.9699999690055847,
        0.9399999976158142,
        0.9899999499320984,
        0.9599999785423279,
        0.9799999594688416,
        0.9599999785423279,
        0.9699999690055847,
        0.9599999785423279,
        0.9699999690055847,
        0.9599999785423279,
        0.9729729890823364
    ],
    "stu_test_acc": [
        0.9699999690055847,
        0.9799999594688416,
        0.9599999785423279,
        0.9599999785423279,
        0.9599999785423279,
        0.9699999690055847,
        0.949999988079071,
        0.9699999690055847,
        0.9599999785423279,
        0.9399999976158142,
        0.949999988079071,
        0.9199999570846558,
        0.9599999785423279,
        0.9699999690055847,
        0.9599999785423279,
        0.9599999785423279,
        0.949999988079071,
        0.9199999570846558,
        0.949999988079071,
        0.9699999690055847,
        0.9300000071525574,
        0.9399999976158142,
        0.9599999785423279,
        0.9599999785423279,
        0.949999988079071,
        0.949999988079071,
        0.9399999976158142,
        0.949999988079071,
        0.9799999594688416,
        0.9699999690055847,
        0.9799999594688416,
        0.9799999594688416,
        0.9599999785423279,
        0.949999988079071,
        0.9799999594688416,
        0.9599999785423279,
        0.949999988079071,
        0.9099999666213989,
        0.9300000071525574,
        0.9300000071525574,
        0.9300000071525574,
        0.949999988079071,
        0.9399999976158142,
        0.949999988079071,
        0.9399999976158142,
        0.9599999785423279,
        0.9899999499320984,
        0.9599999785423279,
        0.9599999785423279,
        0.9699999690055847,
        1.0,
        0.9799999594688416,
        0.9899999499320984,
        1.0,
        0.9799999594688416,
        0.9799999594688416,
        0.9399999976158142,
        0.9799999594688416,
        0.9300000071525574,
        0.9300000071525574,
        0.9399999976158142,
        0.9199999570846558,
        0.9899999499320984,
        1.0,
        0.9799999594688416,
        0.8799999952316284,
        0.9699999690055847,
        0.9599999785423279,
        1.0,
        1.0,
        1.0,
        0.9899999499320984,
        0.9699999690055847,
        0.9899999499320984,
        1.0,
        1.0,
        1.0,
        1.0,
        0.9699999690055847,
        0.9799999594688416,
        0.9399999976158142,
        0.9899999499320984,
        0.949999988079071,
        0.9300000071525574,
        1.0,
        1.0,
        1.0,
        1.0,
        0.9899999499320984,
        0.9899999499320984,
        0.9399999976158142,
        0.9799999594688416,
        0.9899999499320984,
        1.0,
        0.9799999594688416,
        0.9899999499320984,
        0.8899999856948853,
        0.9699999690055847,
        1.0,
        0.9799999594688416
    ]
}