{
    "stu_train_loss": [
        0.7884653210639954,
        0.7885152697563171,
        0.7493656277656555,
        0.7900363206863403,
        0.8535364270210266,
        0.8153323531150818,
        0.8417347073554993,
        0.7684782147407532,
        0.8869918584823608,
        0.8840770125389099,
        0.8097092509269714,
        0.7140014171600342,
        0.7517014145851135,
        0.8080024719238281,
        0.8363902568817139,
        0.8195694088935852,
        0.7842878699302673,
        0.7902385592460632,
        0.7095460295677185,
        0.7817851901054382,
        0.7891126275062561,
        0.7921185493469238,
        0.7816641330718994,
        0.7720652222633362,
        0.7655808329582214,
        0.6579457521438599
    ],
    "stu_test_loss": [
        0.9132448434829712,
        0.8875731229782104,
        0.9820823669433594,
        0.9421637654304504,
        1.0027915239334106,
        1.0126838684082031,
        1.015337347984314,
        0.907673716545105,
        0.9655143022537231,
        0.9786549806594849,
        0.9157988429069519,
        1.045309066772461,
        0.9858941435813904,
        0.9155734777450562,
        1.0161986351013184,
        0.9405422806739807,
        0.9720518589019775,
        0.9343302249908447,
        0.949052631855011,
        0.9760923385620117,
        1.0292245149612427,
        1.0422836542129517,
        0.9574416279792786,
        0.8945657014846802,
        0.9200471639633179,
        1.0283762216567993,
        0.9793105721473694,
        0.9365917444229126,
        0.9171181917190552,
        1.0323890447616577,
        0.9119192957878113,
        1.0193339586257935,
        0.9476416110992432,
        1.0028374195098877,
        0.8888468742370605,
        1.006760597229004,
        0.8770124912261963,
        1.0181238651275635,
        1.043660283088684,
        0.9800698757171631,
        0.9219470024108887,
        0.9593239426612854,
        1.0468748807907104,
        0.9503417015075684,
        0.9879881143569946,
        1.0009822845458984,
        0.9234092235565186,
        0.9582135677337646,
        0.9687833189964294,
        0.9397294521331787,
        0.7979684472084045,
        0.8929210901260376,
        0.855191171169281,
        0.7978824973106384,
        0.7971552014350891,
        0.8484878540039062,
        0.9246867299079895,
        0.9327045679092407,
        0.9184083938598633,
        0.9612007141113281,
        0.9734640121459961,
        1.032928466796875,
        0.8192626237869263,
        0.8006304502487183,
        0.8364533185958862,
        1.1393680572509766,
        0.9612066745758057,
        1.0379271507263184,
        0.8174986839294434,
        0.8052530288696289,
        0.803713858127594,
        0.8067767024040222,
        0.8578826189041138,
        0.8339242339134216,
        0.9804859757423401,
        0.9174920320510864,
        0.8633232712745667,
        0.9100744724273682,
        0.8993480205535889,
        0.9241847991943359,
        0.9006470441818237,
        0.9336367249488831,
        1.033937931060791,
        1.050862193107605,
        0.9010618329048157,
        0.8319177627563477,
        0.7911785840988159,
        0.7555301189422607,
        0.8029947280883789,
        0.799321174621582,
        1.0433495044708252,
        0.8774462342262268,
        0.7854204177856445,
        0.8531396389007568,
        0.8445595502853394,
        0.9261941909790039,
        1.1923549175262451,
        1.0374935865402222,
        0.9159756898880005,
        0.8651133179664612
    ],
    "stu_train_acc": [
        0.9099999666213989,
        0.8499999642372131,
        0.8799999952316284,
        0.8700000047683716,
        0.8299999833106995,
        0.8499999642372131,
        0.7799999713897705,
        0.8399999737739563,
        0.8499999642372131,
        0.8399999737739563,
        0.85999995470047,
        0.9199999570846558,
        0.8700000047683716,
        0.8700000047683716,
        0.8399999737739563,
        0.8399999737739563,
        0.8199999928474426,
        0.8399999737739563,
        0.8899999856948853,
        0.85999995470047,
        0.8899999856948853,
        0.8799999952316284,
        0.8499999642372131,
        0.85999995470047,
        0.8299999833106995,
        0.8648648858070374
    ],
    "stu_test_acc": [
        0.8799999952316284,
        0.8700000047683716,
        0.8399999737739563,
        0.8399999737739563,
        0.7999999523162842,
        0.8999999761581421,
        0.7699999809265137,
        0.8499999642372131,
        0.8700000047683716,
        0.8399999737739563,
        0.8399999737739563,
        0.8299999833106995,
        0.8199999928474426,
        0.8899999856948853,
        0.8100000023841858,
        0.8799999952316284,
        0.8399999737739563,
        0.8899999856948853,
        0.8700000047683716,
        0.8199999928474426,
        0.8100000023841858,
        0.7999999523162842,
        0.8700000047683716,
        0.8999999761581421,
        0.8899999856948853,
        0.7599999904632568,
        0.8100000023841858,
        0.8700000047683716,
        0.85999995470047,
        0.8199999928474426,
        0.9300000071525574,
        0.7799999713897705,
        0.85999995470047,
        0.7899999618530273,
        0.8899999856948853,
        0.8100000023841858,
        0.9300000071525574,
        0.7699999809265137,
        0.7999999523162842,
        0.8899999856948853,
        0.8799999952316284,
        0.8700000047683716,
        0.8199999928474426,
        0.8299999833106995,
        0.8299999833106995,
        0.8299999833106995,
        0.85999995470047,
        0.85999995470047,
        0.8399999737739563,
        0.8499999642372131,
        0.9599999785423279,
        0.8799999952316284,
        0.8899999856948853,
        0.8999999761581421,
        0.9399999976158142,
        0.9199999570846558,
        0.85999995470047,
        0.8700000047683716,
        0.8999999761581421,
        0.8499999642372131,
        0.8899999856948853,
        0.8799999952316284,
        0.9099999666213989,
        0.949999988079071,
        0.9199999570846558,
        0.7599999904632568,
        0.85999995470047,
        0.8199999928474426,
        0.9199999570846558,
        0.9099999666213989,
        0.949999988079071,
        0.9399999976158142,
        0.9199999570846558,
        0.8999999761581421,
        0.8499999642372131,
        0.8700000047683716,
        0.8799999952316284,
        0.9199999570846558,
        0.9199999570846558,
        0.8799999952316284,
        0.9099999666213989,
        0.8899999856948853,
        0.8700000047683716,
        0.8399999737739563,
        0.8799999952316284,
        0.9199999570846558,
        0.9199999570846558,
        0.9399999976158142,
        0.9699999690055847,
        0.9599999785423279,
        0.7999999523162842,
        0.8700000047683716,
        0.9199999570846558,
        0.85999995470047,
        0.8999999761581421,
        0.85999995470047,
        0.7699999809265137,
        0.8700000047683716,
        0.9099999666213989,
        0.949999988079071
    ]
}