{
    "stu_train_loss": [
        0.028926528990268707,
        0.15054665505886078,
        0.1609215885400772,
        0.0827576071023941,
        0.08030101656913757,
        0.09625974297523499,
        0.15892165899276733,
        0.06951849162578583,
        0.18605604767799377,
        0.04390549659729004,
        0.10006475448608398,
        0.10629592090845108,
        0.04576076194643974,
        0.07775569707155228,
        0.16676349937915802,
        0.15904399752616882,
        0.0693398043513298,
        0.07251639664173126,
        0.19191448390483856,
        0.1712389588356018,
        0.24481868743896484,
        0.13279148936271667,
        0.0835200697183609,
        0.15328143537044525,
        0.09128178656101227,
        0.33316078782081604
    ],
    "stu_test_loss": [
        0.570797324180603,
        0.4550294876098633,
        0.4335280656814575,
        0.40326571464538574,
        0.5672566890716553,
        0.4477297067642212,
        0.45591312646865845,
        0.3985845446586609,
        0.5123764276504517,
        0.5292333960533142,
        0.46411994099617004,
        0.5646948218345642,
        0.5405388474464417,
        0.43337956070899963,
        0.41235318779945374,
        0.48970431089401245,
        0.514177143573761,
        0.468864381313324,
        0.4281943142414093,
        0.6189202070236206,
        0.6250572204589844,
        0.6574566960334778,
        0.5657216906547546,
        0.4908953309059143,
        0.4896656274795532,
        0.5675225853919983,
        0.5201218724250793,
        0.47754746675491333,
        0.3755752444267273,
        0.49752819538116455,
        0.5001393556594849,
        0.434316486120224,
        0.40576544404029846,
        0.5866841673851013,
        0.4875028133392334,
        0.4742165207862854,
        0.41826149821281433,
        0.5459164977073669,
        0.6022956371307373,
        0.5119190812110901,
        0.5031511783599854,
        0.43192195892333984,
        0.5865120887756348,
        0.423119455575943,
        0.49827903509140015,
        0.4736959934234619,
        0.3863709568977356,
        0.39176294207572937,
        0.48508816957473755,
        0.385022908449173,
        0.34569042921066284,
        0.3852303922176361,
        0.41646599769592285,
        0.3435487449169159,
        0.35882171988487244,
        0.376846581697464,
        0.4712580144405365,
        0.42293092608451843,
        0.41272401809692383,
        0.54838627576828,
        0.6003783941268921,
        0.8430371284484863,
        0.3449133336544037,
        0.33986881375312805,
        0.36860018968582153,
        0.6393576860427856,
        0.5250150561332703,
        0.4869105815887451,
        0.3694889545440674,
        0.34437793493270874,
        0.332955002784729,
        0.3474527597427368,
        0.410483717918396,
        0.3522680699825287,
        0.38168346881866455,
        0.359796941280365,
        0.35709473490715027,
        0.38196611404418945,
        0.4200548529624939,
        0.4199894666671753,
        0.43205496668815613,
        0.42243438959121704,
        0.464436799287796,
        0.46359097957611084,
        0.35965895652770996,
        0.3571819067001343,
        0.3516865372657776,
        0.33974674344062805,
        0.34866705536842346,
        0.34534507989883423,
        0.5557677745819092,
        0.34741297364234924,
        0.35882315039634705,
        0.35516178607940674,
        0.34935155510902405,
        0.3689941465854645,
        0.6936883926391602,
        0.4880214035511017,
        0.3510081171989441,
        0.37658923864364624
    ],
    "stu_train_acc": [
        0.9899999499320984,
        0.9599999785423279,
        0.9599999785423279,
        0.9599999785423279,
        0.9699999690055847,
        0.9799999594688416,
        0.9699999690055847,
        0.9799999594688416,
        0.949999988079071,
        1.0,
        0.9799999594688416,
        0.9799999594688416,
        0.9799999594688416,
        0.9799999594688416,
        0.9399999976158142,
        0.9199999570846558,
        0.9799999594688416,
        0.9799999594688416,
        0.9399999976158142,
        0.949999988079071,
        0.9099999666213989,
        0.9399999976158142,
        0.9599999785423279,
        0.9599999785423279,
        0.9699999690055847,
        0.9189189672470093
    ],
    "stu_test_acc": [
        0.949999988079071,
        0.9699999690055847,
        0.9599999785423279,
        0.9699999690055847,
        0.9199999570846558,
        0.9599999785423279,
        0.9599999785423279,
        0.9699999690055847,
        0.949999988079071,
        0.9399999976158142,
        0.9599999785423279,
        0.949999988079071,
        0.949999988079071,
        0.9699999690055847,
        0.9699999690055847,
        0.9599999785423279,
        0.9300000071525574,
        0.949999988079071,
        0.9799999594688416,
        0.9300000071525574,
        0.9300000071525574,
        0.9399999976158142,
        0.949999988079071,
        0.949999988079071,
        0.949999988079071,
        0.9099999666213989,
        0.9599999785423279,
        0.9599999785423279,
        1.0,
        0.9599999785423279,
        0.9699999690055847,
        0.9599999785423279,
        0.9899999499320984,
        0.9300000071525574,
        0.9399999976158142,
        0.9399999976158142,
        0.9699999690055847,
        0.9399999976158142,
        0.9099999666213989,
        0.9399999976158142,
        0.949999988079071,
        0.9599999785423279,
        0.9399999976158142,
        0.9699999690055847,
        0.9199999570846558,
        0.9399999976158142,
        0.9899999499320984,
        0.9799999594688416,
        0.9699999690055847,
        1.0,
        1.0,
        0.9799999594688416,
        0.9699999690055847,
        1.0,
        0.9899999499320984,
        0.9799999594688416,
        0.949999988079071,
        0.9899999499320984,
        0.9799999594688416,
        0.949999988079071,
        0.949999988079071,
        0.9099999666213989,
        1.0,
        1.0,
        0.9799999594688416,
        0.8999999761581421,
        0.949999988079071,
        0.949999988079071,
        0.9899999499320984,
        1.0,
        1.0,
        1.0,
        0.9899999499320984,
        0.9899999499320984,
        0.9799999594688416,
        1.0,
        1.0,
        0.9899999499320984,
        0.9899999499320984,
        0.9699999690055847,
        0.9599999785423279,
        0.9899999499320984,
        0.949999988079071,
        0.9399999976158142,
        1.0,
        0.9899999499320984,
        1.0,
        1.0,
        1.0,
        1.0,
        0.9300000071525574,
        1.0,
        0.9899999499320984,
        1.0,
        1.0,
        0.9799999594688416,
        0.8700000047683716,
        0.9599999785423279,
        1.0,
        0.9799999594688416
    ]
}