{
    "stu_train_loss": [
        0.6287170052528381,
        0.595089852809906,
        0.4748457670211792,
        0.632393479347229,
        0.5704994201660156,
        0.5854486227035522,
        0.6082755327224731,
        0.5916308760643005,
        0.6048771739006042,
        0.6009455919265747,
        0.5402821898460388,
        0.6251514554023743,
        0.6519157290458679,
        0.6933466196060181,
        0.5903458595275879,
        0.7162578701972961,
        0.5412745475769043,
        0.5798076391220093,
        0.5901382565498352,
        0.5908461213111877,
        0.6439870595932007,
        0.6173518896102905,
        0.6839331984519958,
        0.5602096915245056,
        0.6130369305610657,
        0.6455303430557251
    ],
    "stu_test_loss": [
        0.7282345294952393,
        0.7264319658279419,
        0.7770837545394897,
        0.8036045432090759,
        0.8608171939849854,
        0.8151671886444092,
        0.8838033676147461,
        0.8183391094207764,
        0.7889450192451477,
        0.8466030359268188,
        0.7738587260246277,
        0.8719308972358704,
        0.8290697336196899,
        0.7521073818206787,
        0.8390246033668518,
        0.7589783668518066,
        0.8528378009796143,
        0.8120390176773071,
        0.7589011192321777,
        0.8479767441749573,
        0.9185928702354431,
        0.948708176612854,
        0.7830063104629517,
        0.7443464398384094,
        0.7754329442977905,
        0.9061739444732666,
        0.813776433467865,
        0.8031013011932373,
        0.791466474533081,
        0.9111219048500061,
        0.7834116220474243,
        0.8724817633628845,
        0.7819817066192627,
        0.8399926424026489,
        0.7496027946472168,
        0.8405167460441589,
        0.7149196267127991,
        0.8939206004142761,
        0.8197132349014282,
        0.8310859799385071,
        0.799656331539154,
        0.7774544954299927,
        0.8621675968170166,
        0.8216455578804016,
        0.7975273728370667,
        0.7872987985610962,
        0.7703976631164551,
        0.8229493498802185,
        0.7983442544937134,
        0.7631074786186218,
        0.6300989389419556,
        0.7326902747154236,
        0.6969146728515625,
        0.6512888669967651,
        0.6178233027458191,
        0.6898214817047119,
        0.7311164140701294,
        0.7685693502426147,
        0.7211746573448181,
        0.8449274301528931,
        0.8442155122756958,
        0.8454197645187378,
        0.6708284616470337,
        0.6228612661361694,
        0.6645280718803406,
        1.0115782022476196,
        0.7808369398117065,
        0.8331671357154846,
        0.6464080214500427,
        0.6528035402297974,
        0.6152186989784241,
        0.6503028869628906,
        0.7149158120155334,
        0.6754224300384521,
        0.8247087597846985,
        0.732464611530304,
        0.6918420791625977,
        0.7265629768371582,
        0.7180259227752686,
        0.7611442804336548,
        0.7615297436714172,
        0.7692620158195496,
        0.8297975063323975,
        0.8045603036880493,
        0.720661461353302,
        0.679584264755249,
        0.6542227268218994,
        0.6050896644592285,
        0.6624541282653809,
        0.6190239787101746,
        0.8010371923446655,
        0.7105641961097717,
        0.6281448006629944,
        0.6789787411689758,
        0.6700846552848816,
        0.769454836845398,
        1.0541130304336548,
        0.9209542274475098,
        0.8069475889205933,
        0.7284824848175049
    ],
    "stu_train_acc": [
        0.8799999952316284,
        0.9099999666213989,
        0.9599999785423279,
        0.8499999642372131,
        0.8999999761581421,
        0.9199999570846558,
        0.8999999761581421,
        0.8799999952316284,
        0.8499999642372131,
        0.8899999856948853,
        0.9199999570846558,
        0.8799999952316284,
        0.8399999737739563,
        0.8499999642372131,
        0.8799999952316284,
        0.8399999737739563,
        0.9099999666213989,
        0.8999999761581421,
        0.8799999952316284,
        0.8499999642372131,
        0.8799999952316284,
        0.8799999952316284,
        0.8299999833106995,
        0.8799999952316284,
        0.85999995470047,
        0.8918918967247009
    ],
    "stu_test_acc": [
        0.9099999666213989,
        0.8799999952316284,
        0.9099999666213989,
        0.8799999952316284,
        0.8100000023841858,
        0.8899999856948853,
        0.8299999833106995,
        0.8299999833106995,
        0.8700000047683716,
        0.8199999928474426,
        0.8399999737739563,
        0.8700000047683716,
        0.8299999833106995,
        0.8799999952316284,
        0.85999995470047,
        0.9099999666213989,
        0.85999995470047,
        0.8799999952316284,
        0.8799999952316284,
        0.8399999737739563,
        0.8199999928474426,
        0.7999999523162842,
        0.8999999761581421,
        0.8999999761581421,
        0.8700000047683716,
        0.8100000023841858,
        0.8399999737739563,
        0.8299999833106995,
        0.85999995470047,
        0.7899999618530273,
        0.9099999666213989,
        0.8299999833106995,
        0.8700000047683716,
        0.8399999737739563,
        0.9199999570846558,
        0.85999995470047,
        0.9300000071525574,
        0.7799999713897705,
        0.8299999833106995,
        0.8799999952316284,
        0.8499999642372131,
        0.85999995470047,
        0.8499999642372131,
        0.8399999737739563,
        0.8399999737739563,
        0.8499999642372131,
        0.8799999952316284,
        0.8399999737739563,
        0.8999999761581421,
        0.85999995470047,
        0.9599999785423279,
        0.8799999952316284,
        0.9099999666213989,
        0.9099999666213989,
        0.9599999785423279,
        0.9300000071525574,
        0.9199999570846558,
        0.8700000047683716,
        0.9099999666213989,
        0.8700000047683716,
        0.8799999952316284,
        0.8799999952316284,
        0.9099999666213989,
        0.9599999785423279,
        0.9399999976158142,
        0.7299999594688416,
        0.8700000047683716,
        0.8999999761581421,
        0.9399999976158142,
        0.9300000071525574,
        0.9399999976158142,
        0.9199999570846558,
        0.9099999666213989,
        0.9099999666213989,
        0.8700000047683716,
        0.9099999666213989,
        0.85999995470047,
        0.8999999761581421,
        0.85999995470047,
        0.8999999761581421,
        0.85999995470047,
        0.8799999952316284,
        0.8899999856948853,
        0.8999999761581421,
        0.8899999856948853,
        0.9399999976158142,
        0.9399999976158142,
        0.9199999570846558,
        0.9599999785423279,
        0.9699999690055847,
        0.8700000047683716,
        0.8999999761581421,
        0.9300000071525574,
        0.8899999856948853,
        0.9300000071525574,
        0.85999995470047,
        0.8199999928474426,
        0.8499999642372131,
        0.8899999856948853,
        0.9199999570846558
    ]
}