{
    "stu_train_loss": [
        0.24764306843280792,
        0.08349210023880005,
        0.08116871863603592,
        0.11956804245710373,
        0.1382935643196106,
        0.13792814314365387,
        0.11635144054889679,
        0.13737159967422485,
        0.07833892852067947,
        0.15241310000419617,
        0.1143408715724945,
        0.10161109268665314,
        0.09117784351110458,
        0.16231893002986908,
        0.14043650031089783,
        0.10468997806310654,
        0.11206115782260895,
        0.033776186406612396,
        0.19568803906440735,
        0.311570405960083,
        0.12803815305233002,
        0.13875548541545868,
        0.08554612100124359,
        0.19328048825263977,
        0.03160432353615761,
        0.22861406207084656
    ],
    "stu_test_loss": [
        0.4123714566230774,
        0.4499896764755249,
        0.3889722228050232,
        0.3957726061344147,
        0.49450933933258057,
        0.45948413014411926,
        0.4787212014198303,
        0.3987627923488617,
        0.43942496180534363,
        0.483320951461792,
        0.4380587041378021,
        0.4760552644729614,
        0.4839717745780945,
        0.39772477746009827,
        0.39487946033477783,
        0.43356573581695557,
        0.5237604379653931,
        0.46582216024398804,
        0.4609309434890747,
        0.5113943219184875,
        0.5561645030975342,
        0.5669029951095581,
        0.45926451683044434,
        0.42790719866752625,
        0.4699234962463379,
        0.5154742002487183,
        0.45942002534866333,
        0.42873287200927734,
        0.3589079976081848,
        0.4617060720920563,
        0.44210708141326904,
        0.38011491298675537,
        0.42820191383361816,
        0.48953890800476074,
        0.41036751866340637,
        0.3797730803489685,
        0.4004526436328888,
        0.58867347240448,
        0.5517016649246216,
        0.4468061923980713,
        0.5232838988304138,
        0.4617396593093872,
        0.6556460857391357,
        0.35912272334098816,
        0.3898316025733948,
        0.4119538962841034,
        0.35122644901275635,
        0.39653682708740234,
        0.44155153632164,
        0.41978731751441956,
        0.3248225152492523,
        0.34721311926841736,
        0.36926862597465515,
        0.3289091885089874,
        0.3477766513824463,
        0.34359800815582275,
        0.5282377004623413,
        0.4205303192138672,
        0.39144378900527954,
        0.46905121207237244,
        0.4895971417427063,
        0.7122648358345032,
        0.3405638039112091,
        0.32650214433670044,
        0.3569788932800293,
        0.613684892654419,
        0.522435188293457,
        0.4192137122154236,
        0.3344933092594147,
        0.3194723427295685,
        0.3204229474067688,
        0.3279532194137573,
        0.38418111205101013,
        0.35111474990844727,
        0.35069188475608826,
        0.3486141264438629,
        0.337054044008255,
        0.35274040699005127,
        0.3797019124031067,
        0.4021800458431244,
        0.40724027156829834,
        0.42091983556747437,
        0.4067094326019287,
        0.5077054500579834,
        0.344013512134552,
        0.3421710431575775,
        0.3337042033672333,
        0.32447949051856995,
        0.33305421471595764,
        0.34936273097991943,
        0.49590396881103516,
        0.3426922857761383,
        0.3439761698246002,
        0.33158016204833984,
        0.33685168623924255,
        0.36129534244537354,
        0.6381404399871826,
        0.43375712633132935,
        0.34509825706481934,
        0.3766503632068634
    ],
    "stu_train_acc": [
        0.9399999976158142,
        0.9699999690055847,
        0.9699999690055847,
        0.9599999785423279,
        0.9699999690055847,
        0.9699999690055847,
        0.9799999594688416,
        0.9699999690055847,
        0.9699999690055847,
        0.949999988079071,
        0.9699999690055847,
        0.9599999785423279,
        0.9799999594688416,
        0.949999988079071,
        0.949999988079071,
        0.9799999594688416,
        0.9599999785423279,
        0.9899999499320984,
        0.9599999785423279,
        0.9099999666213989,
        0.9599999785423279,
        0.9300000071525574,
        0.9899999499320984,
        0.9399999976158142,
        0.9899999499320984,
        0.9459459781646729
    ],
    "stu_test_acc": [
        0.9599999785423279,
        0.9699999690055847,
        1.0,
        0.9599999785423279,
        0.9399999976158142,
        0.9599999785423279,
        0.949999988079071,
        0.949999988079071,
        0.9599999785423279,
        0.9300000071525574,
        0.9599999785423279,
        0.9599999785423279,
        0.9599999785423279,
        0.9799999594688416,
        0.9799999594688416,
        0.9699999690055847,
        0.9199999570846558,
        0.9300000071525574,
        0.9599999785423279,
        0.9599999785423279,
        0.9099999666213989,
        0.9399999976158142,
        0.9399999976158142,
        0.9699999690055847,
        0.9399999976158142,
        0.9099999666213989,
        0.949999988079071,
        0.949999988079071,
        0.9799999594688416,
        0.949999988079071,
        0.9699999690055847,
        0.949999988079071,
        0.9699999690055847,
        0.949999988079071,
        0.9699999690055847,
        0.9799999594688416,
        0.9799999594688416,
        0.9099999666213989,
        0.9399999976158142,
        0.9599999785423279,
        0.949999988079071,
        0.9699999690055847,
        0.9300000071525574,
        0.9899999499320984,
        0.9799999594688416,
        0.9599999785423279,
        1.0,
        0.949999988079071,
        0.9699999690055847,
        0.9699999690055847,
        1.0,
        0.9899999499320984,
        0.9799999594688416,
        1.0,
        0.9899999499320984,
        1.0,
        0.9099999666213989,
        0.9699999690055847,
        0.9799999594688416,
        0.9399999976158142,
        0.9599999785423279,
        0.9199999570846558,
        0.9899999499320984,
        1.0,
        0.9799999594688416,
        0.9099999666213989,
        0.949999988079071,
        0.9699999690055847,
        1.0,
        1.0,
        1.0,
        1.0,
        0.9699999690055847,
        0.9899999499320984,
        0.9799999594688416,
        1.0,
        0.9899999499320984,
        1.0,
        0.9799999594688416,
        0.9699999690055847,
        0.949999988079071,
        0.9599999785423279,
        0.9699999690055847,
        0.9399999976158142,
        0.9899999499320984,
        0.9899999499320984,
        1.0,
        1.0,
        1.0,
        0.9899999499320984,
        0.9399999976158142,
        1.0,
        0.9899999499320984,
        1.0,
        1.0,
        0.9799999594688416,
        0.8999999761581421,
        0.9599999785423279,
        0.9899999499320984,
        0.9799999594688416
    ]
}