{
    "stu_train_loss": [
        0.08601641654968262,
        0.07221974432468414,
        0.04491093009710312,
        0.062451377511024475,
        0.08051729947328568,
        0.16684812307357788,
        0.12976107001304626,
        0.13887357711791992,
        0.082451730966568,
        0.15564526617527008,
        0.13354648649692535,
        0.1519089937210083,
        0.07934430986642838,
        0.17363934218883514,
        0.20564141869544983,
        0.2844427227973938,
        0.2494247853755951,
        0.028510048985481262,
        0.1502256840467453,
        0.16711629927158356,
        0.04974961280822754,
        0.13097785413265228,
        0.08425910770893097,
        0.08484513312578201,
        0.10136859118938446,
        0.020063117146492004
    ],
    "stu_test_loss": [
        0.4731990396976471,
        0.46274739503860474,
        0.43198493123054504,
        0.3653987944126129,
        0.5045118927955627,
        0.45716744661331177,
        0.4594157040119171,
        0.37859687209129333,
        0.4801446497440338,
        0.5400606393814087,
        0.41747239232063293,
        0.4899812936782837,
        0.5448250770568848,
        0.40233278274536133,
        0.39953768253326416,
        0.4873020648956299,
        0.49429476261138916,
        0.4709707200527191,
        0.40112993121147156,
        0.5396113991737366,
        0.6150470972061157,
        0.576464056968689,
        0.4980015158653259,
        0.4504736065864563,
        0.450961709022522,
        0.5139339566230774,
        0.46900850534439087,
        0.43255096673965454,
        0.3614635765552521,
        0.44523969292640686,
        0.476267009973526,
        0.3970819413661957,
        0.3969845473766327,
        0.5471742153167725,
        0.47316479682922363,
        0.4125956892967224,
        0.41295939683914185,
        0.5221695303916931,
        0.5750234723091125,
        0.46805328130722046,
        0.5039272308349609,
        0.43878498673439026,
        0.5832709074020386,
        0.3863496482372284,
        0.4064488112926483,
        0.44686856865882874,
        0.4132978916168213,
        0.4312143921852112,
        0.4795852303504944,
        0.35739171504974365,
        0.3380073308944702,
        0.3745484948158264,
        0.36107125878334045,
        0.33208951354026794,
        0.357746958732605,
        0.3462235629558563,
        0.43192094564437866,
        0.4463846981525421,
        0.3838183879852295,
        0.44663023948669434,
        0.5988881587982178,
        0.8843927383422852,
        0.3398232161998749,
        0.34204697608947754,
        0.34249967336654663,
        0.6175124645233154,
        0.5207802057266235,
        0.4746164381504059,
        0.3503817915916443,
        0.3459867835044861,
        0.3380509912967682,
        0.3408643901348114,
        0.378073126077652,
        0.3573779761791229,
        0.3720434010028839,
        0.35045725107192993,
        0.3408670127391815,
        0.3668636679649353,
        0.4560917615890503,
        0.43117043375968933,
        0.4655275046825409,
        0.3873772919178009,
        0.4393625259399414,
        0.478832483291626,
        0.34572458267211914,
        0.34679344296455383,
        0.341860294342041,
        0.33924806118011475,
        0.3565610647201538,
        0.3379041254520416,
        0.49924302101135254,
        0.3570094406604767,
        0.34283992648124695,
        0.3376353085041046,
        0.3363070785999298,
        0.37470826506614685,
        0.5965049266815186,
        0.4422719478607178,
        0.3473536968231201,
        0.3535902798175812
    ],
    "stu_train_acc": [
        0.9599999785423279,
        0.9799999594688416,
        0.9899999499320984,
        0.9699999690055847,
        0.9799999594688416,
        0.9599999785423279,
        0.9699999690055847,
        0.9399999976158142,
        0.9799999594688416,
        0.9699999690055847,
        0.9699999690055847,
        0.9699999690055847,
        0.9699999690055847,
        0.949999988079071,
        0.949999988079071,
        0.9199999570846558,
        0.9399999976158142,
        0.9899999499320984,
        0.949999988079071,
        0.9599999785423279,
        0.9799999594688416,
        0.949999988079071,
        0.9799999594688416,
        0.9899999499320984,
        0.949999988079071,
        1.0
    ],
    "stu_test_acc": [
        0.9599999785423279,
        0.9699999690055847,
        0.9699999690055847,
        0.9799999594688416,
        0.9399999976158142,
        0.9699999690055847,
        0.9599999785423279,
        0.9799999594688416,
        0.9699999690055847,
        0.9399999976158142,
        0.949999988079071,
        0.949999988079071,
        0.9300000071525574,
        0.9799999594688416,
        0.9899999499320984,
        0.9599999785423279,
        0.9599999785423279,
        0.9599999785423279,
        0.9699999690055847,
        0.9599999785423279,
        0.9199999570846558,
        0.9599999785423279,
        0.9399999976158142,
        0.9599999785423279,
        0.9599999785423279,
        0.9199999570846558,
        0.9399999976158142,
        0.949999988079071,
        1.0,
        0.949999988079071,
        0.9799999594688416,
        0.9799999594688416,
        0.9699999690055847,
        0.9399999976158142,
        0.949999988079071,
        0.9599999785423279,
        0.9699999690055847,
        0.9300000071525574,
        0.9300000071525574,
        0.949999988079071,
        0.949999988079071,
        0.9599999785423279,
        0.949999988079071,
        0.9699999690055847,
        0.9899999499320984,
        0.9599999785423279,
        0.9699999690055847,
        0.9599999785423279,
        0.9599999785423279,
        1.0,
        1.0,
        0.9799999594688416,
        0.9899999499320984,
        1.0,
        0.9899999499320984,
        0.9899999499320984,
        0.9599999785423279,
        0.9599999785423279,
        0.9799999594688416,
        0.949999988079071,
        0.9599999785423279,
        0.9099999666213989,
        1.0,
        1.0,
        1.0,
        0.8999999761581421,
        0.9399999976158142,
        0.9599999785423279,
        0.9899999499320984,
        1.0,
        1.0,
        1.0,
        0.9899999499320984,
        0.9899999499320984,
        0.9899999499320984,
        1.0,
        1.0,
        1.0,
        0.9799999594688416,
        0.9599999785423279,
        0.9599999785423279,
        0.9899999499320984,
        0.9399999976158142,
        0.949999988079071,
        1.0,
        0.9899999499320984,
        1.0,
        1.0,
        0.9899999499320984,
        1.0,
        0.9399999976158142,
        0.9899999499320984,
        1.0,
        1.0,
        1.0,
        0.9799999594688416,
        0.9199999570846558,
        0.9599999785423279,
        1.0,
        1.0
    ]
}