{
    "stu_train_loss": [
        1.8557405471801758,
        1.913314938545227,
        1.8292207717895508,
        1.888584852218628,
        1.8621418476104736,
        1.8935165405273438,
        1.796362280845642,
        1.8789222240447998,
        1.7817959785461426,
        1.841683030128479,
        1.79923677444458,
        1.894868016242981,
        1.8349608182907104,
        1.900950312614441,
        1.817020058631897,
        1.8508844375610352,
        1.8732472658157349,
        1.8463575839996338,
        1.867922067642212,
        1.8588058948516846,
        1.8238133192062378,
        1.8498364686965942,
        1.825250506401062,
        1.8405418395996094,
        1.7809662818908691,
        1.6961307525634766
    ],
    "stu_test_loss": [
        1.8777503967285156,
        1.8832578659057617,
        1.9046318531036377,
        1.8796058893203735,
        1.9422024488449097,
        1.9453840255737305,
        1.9553749561309814,
        1.8640930652618408,
        1.9387942552566528,
        1.8887320756912231,
        1.892639398574829,
        1.9710464477539062,
        1.9435546398162842,
        1.8892407417297363,
        1.9953209161758423,
        1.9392935037612915,
        1.9266771078109741,
        1.8823418617248535,
        1.9130268096923828,
        1.9672051668167114,
        1.9344303607940674,
        1.9756560325622559,
        1.8927487134933472,
        1.8837854862213135,
        1.959553837776184,
        1.923529863357544,
        1.9463489055633545,
        1.9380388259887695,
        1.915360927581787,
        1.9452550411224365,
        1.911352276802063,
        1.9447029829025269,
        1.881718635559082,
        1.9794448614120483,
        1.8672000169754028,
        1.9637179374694824,
        1.8896712064743042,
        1.9392969608306885,
        1.994020938873291,
        1.9451789855957031,
        1.883980393409729,
        1.9308223724365234,
        1.9622000455856323,
        1.9499160051345825,
        2.001028060913086,
        1.9181760549545288,
        1.9180643558502197,
        1.9273344278335571,
        1.9261127710342407,
        1.8771036863327026,
        1.8752939701080322,
        1.918019413948059,
        1.8938928842544556,
        1.8723886013031006,
        1.8607115745544434,
        1.8706988096237183,
        1.8951458930969238,
        1.943706750869751,
        1.9272150993347168,
        1.923762559890747,
        1.931280493736267,
        1.9163072109222412,
        1.894371509552002,
        1.869766116142273,
        1.8958699703216553,
        1.9623571634292603,
        1.9079660177230835,
        1.9228956699371338,
        1.87995183467865,
        1.8690227270126343,
        1.8755203485488892,
        1.8920007944107056,
        1.8824318647384644,
        1.8828060626983643,
        1.9351422786712646,
        1.921778917312622,
        1.8787230253219604,
        1.9229843616485596,
        1.9042054414749146,
        1.9034266471862793,
        1.9106087684631348,
        1.9449270963668823,
        1.9681105613708496,
        1.9580591917037964,
        1.8963887691497803,
        1.8772859573364258,
        1.8570307493209839,
        1.8408621549606323,
        1.8961267471313477,
        1.8786898851394653,
        1.9682424068450928,
        1.8920764923095703,
        1.8784862756729126,
        1.8889943361282349,
        1.885915756225586,
        1.891366720199585,
        1.9923537969589233,
        1.94195556640625,
        1.9309296607971191,
        1.903693675994873
    ],
    "stu_train_acc": [
        0.5699999928474426,
        0.4899999797344208,
        0.5699999928474426,
        0.4899999797344208,
        0.5600000023841858,
        0.44999998807907104,
        0.5399999618530273,
        0.5399999618530273,
        0.6100000143051147,
        0.5600000023841858,
        0.5799999833106995,
        0.4399999976158142,
        0.6299999952316284,
        0.429999977350235,
        0.5699999928474426,
        0.5,
        0.4599999785423279,
        0.4699999988079071,
        0.5600000023841858,
        0.5899999737739563,
        0.47999998927116394,
        0.4399999976158142,
        0.5699999928474426,
        0.5099999904632568,
        0.6399999856948853,
        0.6756756901741028
    ],
    "stu_test_acc": [
        0.6399999856948853,
        0.6399999856948853,
        0.5999999642372131,
        0.6200000047683716,
        0.6100000143051147,
        0.5399999618530273,
        0.5299999713897705,
        0.6200000047683716,
        0.5999999642372131,
        0.5299999713897705,
        0.5699999928474426,
        0.429999977350235,
        0.5099999904632568,
        0.5699999928474426,
        0.4599999785423279,
        0.5799999833106995,
        0.5699999928474426,
        0.6499999761581421,
        0.550000011920929,
        0.4899999797344208,
        0.5799999833106995,
        0.5399999618530273,
        0.5699999928474426,
        0.6299999952316284,
        0.5399999618530273,
        0.4899999797344208,
        0.550000011920929,
        0.5399999618530273,
        0.5799999833106995,
        0.5699999928474426,
        0.5699999928474426,
        0.5199999809265137,
        0.6200000047683716,
        0.4899999797344208,
        0.6399999856948853,
        0.550000011920929,
        0.4899999797344208,
        0.550000011920929,
        0.5699999928474426,
        0.5099999904632568,
        0.5699999928474426,
        0.5899999737739563,
        0.550000011920929,
        0.5099999904632568,
        0.5199999809265137,
        0.5999999642372131,
        0.6499999761581421,
        0.47999998927116394,
        0.5299999713897705,
        0.5899999737739563,
        0.6200000047683716,
        0.5199999809265137,
        0.5799999833106995,
        0.5899999737739563,
        0.6100000143051147,
        0.6599999666213989,
        0.5999999642372131,
        0.5199999809265137,
        0.550000011920929,
        0.5600000023841858,
        0.5299999713897705,
        0.5199999809265137,
        0.5699999928474426,
        0.5999999642372131,
        0.6499999761581421,
        0.5199999809265137,
        0.5399999618530273,
        0.5600000023841858,
        0.5899999737739563,
        0.5600000023841858,
        0.5899999737739563,
        0.6299999952316284,
        0.5899999737739563,
        0.6100000143051147,
        0.5,
        0.5099999904632568,
        0.6200000047683716,
        0.6399999856948853,
        0.6599999666213989,
        0.699999988079071,
        0.6299999952316284,
        0.4899999797344208,
        0.550000011920929,
        0.5,
        0.5699999928474426,
        0.6599999666213989,
        0.6299999952316284,
        0.6800000071525574,
        0.5999999642372131,
        0.6599999666213989,
        0.5600000023841858,
        0.5699999928474426,
        0.6399999856948853,
        0.5799999833106995,
        0.6100000143051147,
        0.6100000143051147,
        0.5299999713897705,
        0.5399999618530273,
        0.4699999988079071,
        0.5699999928474426
    ]
}