{
    "stu_train_loss": [
        0.24293966591358185,
        0.2159099578857422,
        0.13790172338485718,
        0.14605078101158142,
        0.16413745284080505,
        0.2643906772136688,
        0.1885427087545395,
        0.2598811089992523,
        0.18402200937271118,
        0.19537368416786194,
        0.13201284408569336,
        0.17871645092964172,
        0.17574431002140045,
        0.2635842561721802,
        0.2551271915435791,
        0.11070887744426727,
        0.24203604459762573,
        0.25138387084007263,
        0.2324727475643158,
        0.10497131198644638,
        0.28954586386680603,
        0.14674079418182373,
        0.18584945797920227,
        0.2912507653236389,
        0.19806887209415436,
        0.1746656596660614
    ],
    "stu_test_loss": [
        0.5208239555358887,
        0.44215506315231323,
        0.47765690088272095,
        0.47797122597694397,
        0.590923547744751,
        0.5165386199951172,
        0.5186171531677246,
        0.43764084577560425,
        0.5270224809646606,
        0.533774197101593,
        0.43940943479537964,
        0.593862771987915,
        0.5442004799842834,
        0.42109161615371704,
        0.5024054646492004,
        0.5232285261154175,
        0.49179279804229736,
        0.5304329991340637,
        0.44901329278945923,
        0.5911753177642822,
        0.5606191158294678,
        0.6690272688865662,
        0.5474371910095215,
        0.5042229294776917,
        0.43339475989341736,
        0.6052181720733643,
        0.5164294242858887,
        0.49709877371788025,
        0.4348234236240387,
        0.5641103982925415,
        0.49210304021835327,
        0.5403836965560913,
        0.44607168436050415,
        0.5714619159698486,
        0.465193510055542,
        0.5022677183151245,
        0.41207635402679443,
        0.6308062672615051,
        0.6341402530670166,
        0.538248598575592,
        0.5321307182312012,
        0.5126832723617554,
        0.596110463142395,
        0.4297851324081421,
        0.5266623497009277,
        0.5219522714614868,
        0.4482000768184662,
        0.44831734895706177,
        0.5213777422904968,
        0.4508482813835144,
        0.3448527157306671,
        0.43503814935684204,
        0.405423641204834,
        0.34888792037963867,
        0.3520188629627228,
        0.3934357166290283,
        0.5473320484161377,
        0.45277684926986694,
        0.39622965455055237,
        0.5460993051528931,
        0.5295466184616089,
        0.748185396194458,
        0.36096927523612976,
        0.3546368479728699,
        0.3722715973854065,
        0.7534617185592651,
        0.5553282499313354,
        0.5426712036132812,
        0.37149667739868164,
        0.3562087416648865,
        0.3329988420009613,
        0.3568650782108307,
        0.4303928017616272,
        0.3652355968952179,
        0.4445991516113281,
        0.3904615640640259,
        0.3825500011444092,
        0.4094366431236267,
        0.44324296712875366,
        0.517639696598053,
        0.47633153200149536,
        0.4797315299510956,
        0.5101233124732971,
        0.5104742646217346,
        0.4169337749481201,
        0.3764052391052246,
        0.35085734724998474,
        0.33875608444213867,
        0.368746280670166,
        0.3661949634552002,
        0.6165438294410706,
        0.3765117824077606,
        0.37701544165611267,
        0.3578103184700012,
        0.38315749168395996,
        0.4296899437904358,
        0.7149123549461365,
        0.5163722634315491,
        0.39711877703666687,
        0.42946338653564453
    ],
    "stu_train_acc": [
        0.9300000071525574,
        0.949999988079071,
        0.9699999690055847,
        0.9699999690055847,
        0.9699999690055847,
        0.9300000071525574,
        0.9399999976158142,
        0.9300000071525574,
        0.949999988079071,
        0.949999988079071,
        0.9899999499320984,
        0.9399999976158142,
        0.9599999785423279,
        0.9300000071525574,
        0.9399999976158142,
        0.9599999785423279,
        0.949999988079071,
        0.9199999570846558,
        0.949999988079071,
        0.9899999499320984,
        0.9300000071525574,
        0.9699999690055847,
        0.9699999690055847,
        0.9300000071525574,
        0.949999988079071,
        0.9459459781646729
    ],
    "stu_test_acc": [
        0.9399999976158142,
        0.9799999594688416,
        0.9599999785423279,
        0.9399999976158142,
        0.9099999666213989,
        0.949999988079071,
        0.9399999976158142,
        0.9699999690055847,
        0.9300000071525574,
        0.9199999570846558,
        0.949999988079071,
        0.9399999976158142,
        0.9099999666213989,
        0.9699999690055847,
        0.9399999976158142,
        0.9300000071525574,
        0.9599999785423279,
        0.9399999976158142,
        0.9599999785423279,
        0.9399999976158142,
        0.9199999570846558,
        0.8999999761581421,
        0.9300000071525574,
        0.949999988079071,
        0.9599999785423279,
        0.8999999761581421,
        0.9300000071525574,
        0.949999988079071,
        0.9699999690055847,
        0.9300000071525574,
        0.9599999785423279,
        0.8899999856948853,
        0.949999988079071,
        0.9300000071525574,
        0.9599999785423279,
        0.9300000071525574,
        0.9699999690055847,
        0.8799999952316284,
        0.9199999570846558,
        0.949999988079071,
        0.9399999976158142,
        0.9399999976158142,
        0.9300000071525574,
        0.9799999594688416,
        0.9300000071525574,
        0.949999988079071,
        0.9699999690055847,
        0.9799999594688416,
        0.9399999976158142,
        0.9599999785423279,
        1.0,
        0.9799999594688416,
        0.9799999594688416,
        1.0,
        1.0,
        0.9899999499320984,
        0.8999999761581421,
        0.9599999785423279,
        0.9899999499320984,
        0.9300000071525574,
        0.949999988079071,
        0.9199999570846558,
        1.0,
        0.9899999499320984,
        0.9899999499320984,
        0.8799999952316284,
        0.9399999976158142,
        0.9399999976158142,
        1.0,
        0.9799999594688416,
        1.0,
        1.0,
        0.9599999785423279,
        0.9899999499320984,
        0.9699999690055847,
        1.0,
        0.9799999594688416,
        0.9799999594688416,
        0.9699999690055847,
        0.949999988079071,
        0.9399999976158142,
        0.9399999976158142,
        0.9399999976158142,
        0.9399999976158142,
        0.9699999690055847,
        0.9799999594688416,
        0.9899999499320984,
        1.0,
        0.9899999499320984,
        0.9799999594688416,
        0.8999999761581421,
        1.0,
        0.9899999499320984,
        1.0,
        0.9799999594688416,
        0.9599999785423279,
        0.8700000047683716,
        0.9599999785423279,
        0.9799999594688416,
        0.9699999690055847
    ]
}