{
    "stu_train_loss": 0.1595309477724485,
    "mentor_train_loss": 0.1450754095043912,
    "stu_test_loss": 0.13472167802409243,
    "mentor_test_loss": 0.13092090920232735,
    "stu_train_acc": 0.985738255033557,
    "mentor_train_acc": 0.9886744966442953,
    "stu_test_acc": 0.9880191693290735,
    "mentor_test_acc": 0.9902156549520766
}