{
    "stu_train_loss": 0.1437187947882902,
    "mentor_train_loss": 0.10717360625331034,
    "stu_test_loss": 0.12544745890001138,
    "mentor_test_loss": 0.13546235529711834,
    "stu_train_acc": 0.9853187919463087,
    "mentor_train_acc": 0.9922399328859061,
    "stu_test_acc": 0.9893170926517572,
    "mentor_test_acc": 0.9900159744408946
}