{
    "stu_train_loss": 0.16166691092036714,
    "mentor_train_loss": 0.1414605087081858,
    "stu_test_loss": 0.1421544362371341,
    "mentor_test_loss": 0.13584857988662233,
    "stu_train_acc": 0.9846895973154363,
    "mentor_train_acc": 0.9901426174496645,
    "stu_test_acc": 0.9878194888178914,
    "mentor_test_acc": 0.9901158146964856
}