{
    "stu_train_loss": 0.14203547808847972,
    "mentor_train_loss": 0.11800977055158392,
    "stu_test_loss": 0.12260812166304634,
    "mentor_test_loss": 0.11632251613341962,
    "stu_train_acc": 0.9877871710982099,
    "mentor_train_acc": 0.9905620805369127,
    "stu_test_acc": 0.9906150159744409,
    "mentor_test_acc": 0.9921126198083067
}