{
    "stu_train_loss": 0.2085310973277028,
    "mentor_train_loss": 0.19404213995541503,
    "stu_test_loss": 0.2006632962261145,
    "mentor_test_loss": 0.18871430536142933,
    "stu_train_acc": 0.9813338926174496,
    "mentor_train_acc": 0.9859479865771812,
    "stu_test_acc": 0.9831269968051118,
    "mentor_test_acc": 0.985223642172524
}