{
    "stu_train_loss": [
        2.286787271499634,
        2.291567325592041,
        2.2900030612945557,
        2.2918612957000732,
        2.290761947631836,
        2.2854673862457275,
        2.2895870208740234,
        2.2862889766693115,
        2.2879691123962402,
        2.2875657081604004,
        2.2892160415649414,
        2.282052755355835,
        2.2875754833221436,
        2.2876312732696533,
        2.2902767658233643,
        2.286910057067871,
        2.289853811264038,
        2.2870326042175293,
        2.2883291244506836,
        2.28948712348938,
        2.285907506942749,
        2.2823758125305176,
        2.287116527557373,
        2.281707763671875,
        2.2847847938537598,
        2.2806625366210938,
        2.2829911708831787,
        2.2809860706329346,
        2.2792460918426514,
        2.282048463821411,
        2.277162790298462,
        2.2847464084625244,
        2.283050060272217,
        2.2769505977630615
    ],
    "stu_test_loss": [
        2.35671329498291,
        2.3781113624572754,
        2.3746840953826904,
        2.3592472076416016,
        2.379852533340454,
        2.357646942138672,
        2.3666439056396484,
        2.358869791030884,
        2.360840320587158,
        2.37469220161438,
        2.373438596725464,
        2.379760265350342,
        2.3679964542388916,
        2.3595495223999023,
        2.392523765563965,
        2.36008620262146,
        2.3865585327148438,
        2.386566400527954,
        2.3852694034576416,
        2.3743317127227783,
        2.369231700897217,
        2.3646228313446045,
        2.3698198795318604,
        2.362053155899048,
        2.3654050827026367,
        2.3744564056396484,
        2.3655900955200195,
        2.3967080116271973,
        2.369873285293579,
        2.3815479278564453,
        2.366370916366577,
        2.355457305908203,
        2.3611271381378174,
        2.3853955268859863,
        2.376619338989258,
        2.380445957183838,
        2.3759236335754395,
        2.3726813793182373,
        2.3655216693878174,
        2.379628896713257,
        2.373109817504883,
        2.3635120391845703,
        2.3634655475616455,
        2.378222703933716,
        2.3604371547698975,
        2.3935556411743164,
        2.3861331939697266,
        2.3746862411499023,
        2.3544187545776367,
        2.3731377124786377,
        2.3804335594177246,
        2.370675802230835,
        2.384007453918457,
        2.3625452518463135,
        2.3739168643951416,
        2.3573880195617676,
        2.376814603805542,
        2.374760866165161,
        2.3734874725341797,
        2.3815064430236816,
        2.3810007572174072,
        2.3920223712921143,
        2.3625705242156982,
        2.3741114139556885,
        2.3863654136657715,
        2.382593870162964,
        2.388551712036133,
        2.3625171184539795,
        2.3780884742736816,
        2.367215156555176,
        2.3521716594696045,
        2.3670718669891357,
        2.35898756980896,
        2.3603687286376953,
        2.371386766433716,
        2.3687379360198975,
        2.374227285385132,
        2.374419689178467,
        2.3609609603881836,
        2.3767576217651367,
        2.373819351196289,
        2.3904404640197754,
        2.3856875896453857,
        2.355919361114502,
        2.3628742694854736,
        2.380504608154297,
        2.3831944465637207,
        2.3732757568359375,
        2.365447759628296,
        2.367588758468628,
        2.3709089756011963,
        2.3735430240631104,
        2.3782076835632324,
        2.3722360134124756,
        2.3576791286468506,
        2.376211166381836,
        2.3699190616607666,
        2.388796091079712,
        2.3727328777313232,
        2.380180835723877,
        2.360147476196289,
        2.358175277709961,
        2.3579249382019043,
        2.3785250186920166,
        2.3835525512695312,
        2.3680906295776367,
        2.373014450073242,
        2.3547208309173584,
        2.3635339736938477,
        2.3745064735412598,
        2.36759090423584,
        2.3853445053100586,
        2.3492770195007324,
        2.372203826904297,
        2.3714962005615234,
        2.375218152999878,
        2.3722140789031982,
        2.3804216384887695,
        2.38175630569458,
        2.3801119327545166,
        2.357212781906128,
        2.3682103157043457,
        2.3728177547454834,
        2.394259214401245,
        2.36584734916687,
        2.3529961109161377,
        2.365349769592285,
        2.3793156147003174,
        2.3800344467163086,
        2.3753271102905273,
        2.3420262336730957,
        2.3627612590789795,
        2.386152505874634,
        2.3662872314453125,
        2.3454747200012207,
        2.374164342880249,
        2.385063648223877,
        2.3753538131713867,
        2.3820488452911377,
        2.3872509002685547,
        2.3649697303771973,
        2.371171474456787,
        2.362525463104248,
        2.358591318130493,
        2.389173984527588,
        2.352757692337036,
        2.3554439544677734,
        2.3689963817596436,
        2.379159450531006,
        2.3725221157073975,
        2.3867738246917725,
        2.3642046451568604,
        2.375054359436035,
        2.367774486541748,
        2.372875690460205,
        2.365368366241455,
        2.3664040565490723,
        2.347085952758789,
        2.35697603225708,
        2.3521385192871094,
        2.367964744567871,
        2.3798787593841553,
        2.3727564811706543,
        2.382134437561035,
        2.3641281127929688,
        2.3718719482421875,
        2.350611686706543,
        2.354795217514038,
        2.3674910068511963,
        2.3594601154327393,
        2.3473198413848877,
        2.36415696144104,
        2.357142925262451,
        2.3580005168914795,
        2.3734028339385986,
        2.3764548301696777,
        2.3631443977355957,
        2.366041421890259,
        2.3760738372802734,
        2.3777711391448975,
        2.373337745666504,
        2.3810019493103027,
        2.3791263103485107,
        2.375441551208496,
        2.3647186756134033,
        2.373110055923462,
        2.36501407623291,
        2.350955009460449,
        2.381770133972168,
        2.362539768218994,
        2.364438056945801,
        2.368478536605835,
        2.3628034591674805,
        2.3784053325653076,
        2.3607747554779053,
        2.3680472373962402,
        2.3794360160827637,
        2.357419729232788,
        2.364314317703247,
        2.377704620361328,
        2.357987880706787,
        2.3560361862182617,
        2.374234199523926,
        2.369994878768921,
        2.3736350536346436,
        2.3712682723999023,
        2.374316692352295,
        2.364717960357666,
        2.363694667816162,
        2.356283187866211,
        2.345405340194702,
        2.366111993789673,
        2.3691272735595703,
        2.3795840740203857,
        2.3596293926239014,
        2.366844415664673,
        2.357280731201172,
        2.364532470703125,
        2.34637451171875,
        2.3664052486419678,
        2.3547756671905518,
        2.3430192470550537,
        2.3704800605773926,
        2.357353925704956,
        2.3587892055511475,
        2.373110771179199,
        2.366852283477783,
        2.3616766929626465,
        2.3517544269561768,
        2.359057664871216,
        2.356531858444214,
        2.3692121505737305,
        2.373206377029419,
        2.3696630001068115,
        2.358881950378418,
        2.3777523040771484,
        2.343215227127075,
        2.3644802570343018,
        2.3638644218444824,
        2.379121780395508,
        2.374768018722534,
        2.3745229244232178,
        2.3707780838012695,
        2.3658032417297363,
        2.350865602493286,
        2.3665778636932373,
        2.3483831882476807,
        2.3656792640686035,
        2.3626279830932617,
        2.368691921234131,
        2.3603804111480713,
        2.363097906112671,
        2.3484888076782227,
        2.371943235397339,
