{
    "stu_train_loss": [
        2.304654359817505,
        2.2989206314086914,
        2.3157358169555664,
        2.3046133518218994,
        2.302360773086548,
        2.307797908782959,
        2.3039865493774414,
        2.305208444595337,
        2.302518844604492,
        2.306513786315918,
        2.3073270320892334,
        2.306065082550049,
        2.3062100410461426,
        2.304434061050415,
        2.3081777095794678,
        2.29819655418396,
        2.299966812133789,
        2.2997066974639893,
        2.3007519245147705,
        2.3094546794891357,
        2.299558162689209,
        2.300487995147705,
        2.303701877593994,
        2.3013341426849365,
        2.3019087314605713,
        2.2977657318115234,
        2.295522928237915,
        2.2968790531158447,
        2.2953598499298096,
        2.2984297275543213,
        2.2949814796447754,
        2.292645215988159,
        2.2996926307678223,
        2.2988500595092773
    ],
    "stu_test_loss": [
        2.3708674907684326,
        2.3953757286071777,
        2.399606227874756,
        2.3700926303863525,
        2.3929336071014404,
        2.376413106918335,
        2.389211654663086,
        2.3798375129699707,
        2.3809306621551514,
        2.3914802074432373,
        2.3924899101257324,
        2.3891308307647705,
        2.3875503540039062,
        2.3788206577301025,
        2.4008665084838867,
        2.381157636642456,
        2.398043632507324,
        2.3928067684173584,
        2.397589921951294,
        2.3908534049987793,
        2.390634775161743,
        2.382107734680176,
        2.380661725997925,
        2.370453357696533,
        2.383526563644409,
        2.403700590133667,
        2.3911311626434326,
        2.4099879264831543,
        2.3940212726593018,
        2.396785020828247,
        2.38957142829895,
        2.3705976009368896,
        2.381178140640259,
        2.386219024658203,
        2.379509687423706,
        2.3902459144592285,
        2.389724016189575,
        2.3999698162078857,
        2.3718583583831787,
        2.3835716247558594,
        2.389744758605957,
        2.3715758323669434,
        2.407144546508789,
        2.3919320106506348,
        2.3642632961273193,
        2.399019718170166,
        2.405925989151001,
        2.390414237976074,
        2.3701603412628174,
        2.3828847408294678,
        2.4092485904693604,
        2.379141330718994,
        2.383087158203125,
        2.3875744342803955,
        2.389784097671509,
        2.3853211402893066,
        2.4090054035186768,
        2.389275550842285,
        2.3813412189483643,
        2.3886380195617676,
        2.40600323677063,
        2.3941526412963867,
        2.3751118183135986,
        2.3960533142089844,
        2.3928375244140625,
        2.406480312347412,
        2.4010562896728516,
        2.3776068687438965,
        2.3788857460021973,
        2.3818750381469727,
        2.3770642280578613,
        2.39100980758667,
        2.383164405822754,
        2.375497817993164,
        2.3851451873779297,
        2.389573335647583,
        2.3948259353637695,
        2.3953263759613037,
        2.3962621688842773,
        2.388953924179077,
        2.3887574672698975,
        2.3972487449645996,
        2.4051783084869385,
        2.385556697845459,
        2.3800745010375977,
        2.398165702819824,
        2.3921163082122803,
        2.3915975093841553,
        2.3838412761688232,
        2.3743226528167725,
        2.3795077800750732,
        2.3828587532043457,
        2.3857510089874268,
        2.393792152404785,
        2.3801233768463135,
        2.390336513519287,
        2.3991646766662598,
        2.406996011734009,
        2.391238212585449,
        2.3889386653900146,
        2.3893561363220215,
        2.3803563117980957,
        2.3872392177581787,
        2.4054691791534424,
        2.3991031646728516,
        2.389298677444458,
        2.386389970779419,
        2.3910088539123535,
        2.382828712463379,
        2.3773937225341797,
        2.38667368888855,
        2.3963630199432373,
        2.371805191040039,
        2.3923099040985107,
        2.388547420501709,
        2.3870954513549805,
        2.4007577896118164,
        2.3856725692749023,
        2.3790621757507324,
        2.394436836242676,
        2.364009141921997,
        2.379626512527466,
        2.3958377838134766,
        2.400388717651367,
        2.3704023361206055,
        2.373978853225708,
        2.380359649658203,
        2.378229856491089,
        2.4012646675109863,
        2.382110595703125,
        2.372875690460205,
        2.3811655044555664,
        2.3849165439605713,
        2.3714873790740967,
        2.3510582447052,
        2.387883186340332,
        2.3805694580078125,
        2.390805244445801,
        2.378422975540161,
        2.3913071155548096,
        2.376399517059326,
        2.392042398452759,
        2.3759477138519287,
        2.380486011505127,
        2.4118990898132324,
        2.372964859008789,
        2.380162239074707,
        2.3890762329101562,
        2.387938976287842,
        2.3836865425109863,
        2.394796371459961,
        2.370147943496704,
        2.3969244956970215,
        2.3832600116729736,
        2.3962066173553467,
        2.378842830657959,
        2.3749444484710693,
        2.376018762588501,
        2.3751983642578125,
        2.3769638538360596,
        2.384711742401123,
        2.385037899017334,
        2.389965295791626,
        2.3976123332977295,
        2.385387897491455,
        2.3879919052124023,
        2.379812002182007,
        2.372378349304199,
        2.383626937866211,
        2.3810293674468994,
        2.3812355995178223,
        2.389035701751709,
        2.3834941387176514,
        2.389110565185547,
        2.3775711059570312,
        2.3882014751434326,
        2.382622241973877,
        2.378448247909546,
        2.3823041915893555,
        2.3893516063690186,
        2.38965106010437,
        2.390979528427124,
        2.4047725200653076,
        2.3911614418029785,
        2.3879992961883545,
        2.3936069011688232,
        2.3731184005737305,
        2.378246545791626,
        2.3914926052093506,
        2.38690447807312,
        2.3915209770202637,
        2.388170003890991,
        2.3714759349823,
        2.3874337673187256,
        2.3692073822021484,
        2.3848531246185303,
        2.3997292518615723,
        2.3912813663482666,
        2.394958734512329,
        2.3889334201812744,
        2.369317054748535,
        2.386962652206421,
        2.383061647415161,
        2.376769781112671,
        2.393315315246582,
        2.394354820251465,
        2.3879799842834473,
        2.3778481483459473,
        2.380460739135742,
        2.3802618980407715,
        2.3710293769836426,
        2.379300355911255,
        2.388880729675293,
        2.3922817707061768,
        2.3882720470428467,
        2.3742501735687256,
        2.3790454864501953,
        2.3767218589782715,
        2.36968731880188,
        2.386425256729126,
        2.3751204013824463,
        2.3647258281707764,
        2.39164662361145,
        2.3795831203460693,
        2.384333372116089,
        2.3965957164764404,
        2.375108003616333,
        2.3854472637176514,
        2.370662212371826,
        2.3915581703186035,
        2.370425224304199,
        2.3814051151275635,
        2.3868889808654785,
        2.3908982276916504,
        2.376831531524658,
        2.38865065574646,
        2.362858295440674,
        2.384493589401245,
        2.381603240966797,
        2.383256196975708,
        2.3851943016052246,
        2.3907289505004883,
        2.3884637355804443,
        2.3744351863861084,
        2.370110273361206,
        2.374664783477783,
        2.374708652496338,
        2.3954803943634033,
        2.37593150138855,
        2.39467716217041,
        2.3760833740234375,
        2.3773131370544434,
        2.3652713298797607,
        2.383918523788452,
