{
    "stu_train_loss": [
        0.9112011194229126,
        0.9716963171958923,
        1.0002628564834595,
        0.9687774777412415,
        0.9418242573738098,
        1.0116695165634155,
        0.9465636610984802,
        0.9761345982551575,
        0.9878842234611511,
        0.943444013595581,
        0.9699292778968811,
        0.9356303215026855,
        0.9464265704154968,
        0.9659388661384583,
        0.9377906918525696,
        0.9280122518539429,
        0.9614728093147278,
        0.9678724408149719,
        0.8900516629219055,
        0.8917727470397949,
        0.8887568116188049,
        0.928363561630249,
        0.9018343091011047,
        0.9372050166130066,
        0.8578900694847107,
        0.8742302060127258,
        0.859564483165741,
        0.9439315795898438,
        0.8630050420761108,
        0.852224588394165,
        0.905860185623169,
        0.8522917032241821,
        0.9061285257339478,
        0.8644583225250244
    ],
    "stu_test_loss": [
        0.8724544644355774,
        1.0500757694244385,
        1.0051722526550293,
        0.960246205329895,
        1.0692733526229858,
        0.991899311542511,
        1.1463383436203003,
        1.0693938732147217,
        1.0119708776474,
        1.0740686655044556,
        1.0882190465927124,
        1.0098499059677124,
        1.0315132141113281,
        0.9551118612289429,
        1.2504929304122925,
        1.0573033094406128,
        1.0562664270401,
        1.1161103248596191,
        1.1506118774414062,
        1.2758355140686035,
        1.0566151142120361,
        1.0388315916061401,
        1.013678789138794,
        0.9999800324440002,
        1.0834760665893555,
        1.0033671855926514,
        0.9903325438499451,
        1.1798651218414307,
        1.0834609270095825,
        1.1994775533676147,
        1.0145256519317627,
        0.9920660257339478,
        1.0435694456100464,
        1.0407768487930298,
        1.1909174919128418,
        1.0989704132080078,
        1.0792839527130127,
        1.0788660049438477,
        1.2223479747772217,
        1.0162793397903442,
        1.0041335821151733,
        0.9363280534744263,
        1.1641963720321655,
        1.152125358581543,
        1.0118553638458252,
        1.1871312856674194,
        1.0818947553634644,
        1.1155622005462646,
        1.0248312950134277,
        0.9740139245986938,
        1.1511660814285278,
        0.9826158285140991,
        1.1197172403335571,
        1.0358409881591797,
        1.078995943069458,
        0.9320136904716492,
        1.1590065956115723,
        1.0023366212844849,
        0.9951842427253723,
        1.1653872728347778,
        1.0816588401794434,
        1.068227767944336,
        0.9074145555496216,
        1.1676247119903564,
        1.1812713146209717,
        1.217560052871704,
        1.2904871702194214,
        0.9100221395492554,
        1.1786606311798096,
        0.9685999751091003,
        1.04452383518219,
        1.0946613550186157,
        0.9557471871376038,
        0.9843370914459229,
        1.0109832286834717,
        1.007921814918518,
        1.1419758796691895,
        0.9853125214576721,
        1.0684102773666382,
        1.1717420816421509,
        1.0681006908416748,
        1.118241786956787,
        1.071784257888794,
        1.0246145725250244,
        1.0349613428115845,
        1.1532795429229736,
        1.0112316608428955,
        1.0181288719177246,
        1.111933708190918,
        0.9954096078872681,
        0.9680895209312439,
        1.2474451065063477,
        1.075494647026062,
        1.0988115072250366,
        0.9403554201126099,
        1.0624477863311768,
        1.0374387502670288,
        1.2258249521255493,
        1.0693024396896362,
        0.9959895610809326,
        1.0495400428771973,
        1.0631722211837769,
        0.9734741449356079,
        1.0484578609466553,
        1.2420246601104736,
        1.0923452377319336,
        1.0235202312469482,
        1.0043928623199463,
        0.9332650303840637,
        1.0731865167617798,
        1.0545471906661987,
        1.1573349237442017,
        0.9592767953872681,
        0.9881048202514648,
        0.9756011366844177,
        1.0327072143554688,
        1.0785678625106812,
        1.0673412084579468,
        1.1040812730789185,
        1.297268033027649,
        1.0776234865188599,
        1.0247554779052734,
        1.1863625049591064,
        1.1152743101119995,
        0.9959436058998108,
        1.052472710609436,
        0.9336442947387695,
        1.0702407360076904,
        1.1731418371200562,
        1.0705664157867432,
        1.0479390621185303,
        1.2406762838363647,
        1.135486125946045,
        0.994083046913147,
        1.05429208278656,
        1.0543545484542847,
        1.088952660560608,
        1.0250792503356934,
        1.1139971017837524,
        1.0416818857192993,
        1.2368323802947998,
        1.0349699258804321,
        1.1106717586517334,
        0.9626539349555969,
        1.0772768259048462,
        1.0322540998458862,
        1.0343551635742188,
        0.9952568411827087,
        1.184078574180603,
        1.0044296979904175,
        1.1235153675079346,
        0.9685428142547607,
        1.0416499376296997,
        0.9606624245643616,
        1.0542796850204468,
        1.0274072885513306,
        0.9329766035079956,
        0.862445056438446,
        0.9710114002227783,
        0.9371387362480164,
        0.9588463306427002,
        1.0740840435028076,
        0.976165235042572,
        1.0203499794006348,
        0.9434074759483337,
        0.9460344314575195,
        0.8964724540710449,
        0.8793184161186218,
        0.9489061832427979,
        0.8879424333572388,
        0.9303719997406006,
        0.8903272747993469,
        0.9346421360969543,
        0.9616377949714661,
        0.9375540018081665,
        1.0104749202728271,
        1.1481159925460815,
        0.8872466087341309,
        0.9723275303840637,
        1.1690735816955566,
        1.0089106559753418,
        0.9557653665542603,
        1.0525926351547241,
        1.0137851238250732,
        0.9959551095962524,
        0.9868789911270142,
        1.1941618919372559,
        0.9802606105804443,
        1.0802717208862305,
        1.0806803703308105,
        1.1569547653198242,
        1.1568795442581177,
        1.2868270874023438,
        0.9954116344451904,
        0.92889404296875,
        0.9265280961990356,
        0.9690854549407959,
        0.8771994709968567,
        0.9013755917549133,
        0.9595732688903809,
        0.9781976938247681,
        0.9119585156440735,
        0.9882838726043701,
        1.0032172203063965,
        1.1470361948013306,
        1.431585431098938,
        1.2990001440048218,
        1.0982736349105835,
        0.9194446802139282,
        0.9440896511077881,
        1.0134387016296387,
        1.239144206047058,
        0.9631440043449402,
        0.9615660905838013,
        0.8385562896728516,
        1.0140577554702759,
        0.8360162973403931,
        0.9200010299682617,
        1.0175623893737793,
        0.9759793281555176,
        0.9085020422935486,
        0.8220296502113342,
        0.988000214099884,
        0.9118134379386902,
        0.8964558839797974,
        0.9695401787757874,
        1.0193578004837036,
        0.9565022587776184,
        0.9556691646575928,
        1.0076563358306885,
        0.907049298286438,
        1.0100524425506592,
        1.2232277393341064,
        1.0953887701034546,
        1.0204293727874756,
        1.0364766120910645,
        1.0070475339889526,
        0.9844143390655518,
        0.9410099983215332,
        0.9174619913101196,
        0.9494622945785522,
        1.0710556507110596,
        0.9422008991241455,
        1.0487004518508911,
        0.9239590764045715,
        1.090925693511963,
        0.9377651810646057,
        1.10260009765625,
        0.8981176614761353,
        1.0931730270385742,
        1.001928687095642,
