{
    "stu_train_loss": [
        1.8151758909225464,
        1.7997593879699707,
        1.8346599340438843,
        1.857004165649414,
        1.858989953994751,
        1.8264057636260986,
        1.8519502878189087,
        1.8536931276321411,
        1.8158212900161743,
        1.8022116422653198,
        1.8274394273757935,
        1.8259859085083008,
        1.8065468072891235,
        1.8068513870239258,
        1.8030674457550049,
        1.8517926931381226,
        1.8265002965927124,
        1.8009644746780396,
        1.8081101179122925,
        1.809756875038147,
        1.7669479846954346,
        1.8096188306808472,
        1.7667664289474487,
        1.79328191280365,
        1.774981141090393,
        1.76840078830719,
        1.7766501903533936,
        1.783625602722168,
        1.7511587142944336,
        1.7547049522399902,
        1.7917098999023438,
        1.7440059185028076,
        1.7472087144851685,
        1.7368422746658325
    ],
    "stu_test_loss": [
        1.7724989652633667,
        1.808849573135376,
        1.885725975036621,
        1.8653210401535034,
        1.8840477466583252,
        1.752791166305542,
        1.8645044565200806,
        1.8433643579483032,
        1.8407528400421143,
        1.857374906539917,
        1.822345495223999,
        1.8183938264846802,
        1.803240418434143,
        1.849393606185913,
        1.971650242805481,
        1.8438544273376465,
        1.8791924715042114,
        1.9378844499588013,
        1.9291021823883057,
        1.9706001281738281,
        1.8537683486938477,
        1.8294587135314941,
        1.8579789400100708,
        1.791920781135559,
        1.8002866506576538,
        1.7965208292007446,
        1.8163058757781982,
        1.9838781356811523,
        1.8243740797042847,
        1.9047836065292358,
        1.7829482555389404,
        1.806058645248413,
        1.8110989332199097,
        1.8815315961837769,
        1.938470482826233,
        1.853441834449768,
        1.9374786615371704,
        1.8532387018203735,
        1.9197840690612793,
        1.9035255908966064,
        1.8468514680862427,
        1.7767471075057983,
        1.8596385717391968,
        1.948315143585205,
        1.8977903127670288,
        1.9760863780975342,
        1.89188814163208,
        1.8873820304870605,
        1.8723242282867432,
        1.9141416549682617,
        1.8691182136535645,
        1.819556713104248,
        1.9030033349990845,
        1.8646165132522583,
        1.8403520584106445,
        1.7420287132263184,
        1.9674925804138184,
        1.776456356048584,
        1.8139946460723877,
        1.9432131052017212,
        1.909936547279358,
        1.9520611763000488,
        1.7778370380401611,
        1.8207011222839355,
        1.9392012357711792,
        1.9567502737045288,
        1.9839600324630737,
        1.7883821725845337,
        1.9708961248397827,
        1.849274754524231,
        1.8128845691680908,
        1.7866181135177612,
        1.7950958013534546,
        1.7912126779556274,
        1.9064172506332397,
        1.8070223331451416,
        1.9201412200927734,
        1.9520827531814575,
        1.8414652347564697,
        1.920142650604248,
        1.8755220174789429,
        1.9108432531356812,
        1.9323381185531616,
        1.8131279945373535,
        1.7825255393981934,
        1.9822243452072144,
        1.8886539936065674,
        1.824475646018982,
        1.865685224533081,
        1.8820804357528687,
        1.8154354095458984,
        1.951153039932251,
        1.873441457748413,
        1.8862861394882202,
        1.802610993385315,
        1.9230858087539673,
        1.8174024820327759,
        1.9013371467590332,
        1.881352186203003,
        1.8726434707641602,
        1.83601975440979,
        1.8307240009307861,
        1.7810702323913574,
        1.864510178565979,
        1.9834518432617188,
        1.9175158739089966,
        1.8877757787704468,
        1.7791646718978882,
        1.7808818817138672,
        1.9267635345458984,
        1.8771169185638428,
        1.979523777961731,
        1.7964649200439453,
        1.837361216545105,
        1.7846505641937256,
        1.9408559799194336,
        1.9006623029708862,
        1.8860294818878174,
        1.8635010719299316,
        1.9635168313980103,
        1.900207281112671,
        1.9067462682724,
        1.9235808849334717,
        1.933210015296936,
        1.8573042154312134,
        1.8108556270599365,
        1.7856628894805908,
        1.8570876121520996,
        1.972467303276062,
        1.941269040107727,
        1.7129966020584106,
        1.9365699291229248,
        1.9854812622070312,
        1.801734447479248,
        1.807286262512207,
        1.8644322156906128,
        1.9543609619140625,
        1.9212937355041504,
        2.006765842437744,
        1.9337517023086548,
        1.966587781906128,
        1.7891206741333008,
        1.9380435943603516,
        1.7528057098388672,
        1.9754067659378052,
        1.8115264177322388,
        1.8840869665145874,
        1.8029849529266357,
        1.918710708618164,
        1.8707196712493896,
        1.9211615324020386,
        1.8384395837783813,
        1.8137820959091187,
        1.7957082986831665,
        1.8138384819030762,
        1.8907573223114014,
        1.8541994094848633,
        1.7523553371429443,
        1.8515701293945312,
        1.7933151721954346,
        1.822405219078064,
        1.8951443433761597,
        1.7744510173797607,
        1.9330085515975952,
        1.8256468772888184,
        1.889661431312561,
        1.7192862033843994,
        1.7770434617996216,
        1.8770147562026978,
        1.819036841392517,
        1.7891262769699097,
        1.7846226692199707,
        1.748822569847107,
        1.8262476921081543,
        1.8295246362686157,
        1.8155492544174194,
        1.8875763416290283,
        1.8090449571609497,
        1.8476296663284302,
        1.9222095012664795,
        1.8563209772109985,
        1.8263062238693237,
        1.9162979125976562,
        1.8780081272125244,
        1.8120962381362915,
        1.8652024269104004,
        1.8962481021881104,
        1.8041898012161255,
        1.9039254188537598,
        1.8398072719573975,
        1.8406091928482056,
        1.8733251094818115,
        1.898844599723816,
        1.8542249202728271,
        1.8169306516647339,
        1.8609354496002197,
        1.858447551727295,
        1.7757593393325806,
        1.8171809911727905,
        1.79938542842865,
        1.864513635635376,
        1.7927976846694946,
        1.8120115995407104,
        1.8157196044921875,
        1.8660889863967896,
        2.0265042781829834,
        1.960820198059082,
        1.8915766477584839,
        1.7780076265335083,
        1.8360083103179932,
        1.7543234825134277,
        1.9929649829864502,
        1.8396352529525757,
        1.8833527565002441,
        1.705228567123413,
        1.8465321063995361,
        1.7694982290267944,
        1.7937809228897095,
        1.8201329708099365,
        1.863614797592163,
        1.8300443887710571,
        1.7218549251556396,
        1.9026468992233276,
        1.8181233406066895,
        1.7970091104507446,
        1.7972190380096436,
        1.8544857501983643,
        1.8109400272369385,
        1.777638554573059,
        1.8579567670822144,
        1.8487565517425537,
        1.7853760719299316,
        1.9419403076171875,
        1.914534091949463,
        1.8650875091552734,
        1.937928557395935,
        1.759952425956726,
        1.8410005569458008,
        1.7754162549972534,
        1.8023831844329834,
        1.885974645614624,
        1.826987624168396,
        1.9095731973648071,
        1.8498733043670654,
        1.7935492992401123,
        1.9569387435913086,
        1.8627992868423462,
        1.9182010889053345,
        1.8282173871994019,
        1.8213597536087036,
        1.8783328533172607,
        1.8531526327133179,
