{
    "stu_train_loss": [
        1.9508647918701172,
        1.963975191116333,
        1.9097222089767456,
        1.9847420454025269,
        1.9290485382080078,
        1.9419488906860352,
        1.9425493478775024,
        1.9503849744796753,
        1.9306386709213257,
        1.9459640979766846,
        1.92178475856781,
        1.9413810968399048,
        1.962751030921936,
        1.918176293373108,
        1.9295003414154053,
        1.8937591314315796,
        1.903262972831726,
        1.9156731367111206,
        1.9263650178909302,
        1.9172329902648926,
        1.9381297826766968,
        1.896375298500061,
        1.9069454669952393,
        1.867380142211914,
        1.8564034700393677,
        1.9131931066513062,
        1.8872853517532349,
        1.8999788761138916,
        1.8819689750671387,
        1.8787996768951416,
        1.8855175971984863,
        1.885787844657898,
        1.8458094596862793,
        1.8444286584854126
    ],
    "stu_test_loss": [
        1.8811086416244507,
        1.9059900045394897,
        1.990363359451294,
        1.9849966764450073,
        1.9910888671875,
        1.8756117820739746,
        1.9809316396713257,
        1.9560914039611816,
        1.9583474397659302,
        1.9668687582015991,
        1.9446865320205688,
        1.9197314977645874,
        1.9454679489135742,
        1.9569625854492188,
        2.055605173110962,
        1.9363422393798828,
        1.9827910661697388,
        2.0454092025756836,
        2.028163194656372,
        2.051187753677368,
        1.9558701515197754,
        1.9404330253601074,
        1.9603376388549805,
        1.899497151374817,
        1.928546667098999,
        1.9124491214752197,
        1.9273062944412231,
        2.0900356769561768,
        1.9318209886550903,
        2.021667242050171,
        1.8965604305267334,
        1.923341989517212,
        1.929527759552002,
        2.010685443878174,
        2.033005475997925,
        1.9562883377075195,
        2.040548086166382,
        1.9573330879211426,
        2.0260348320007324,
        2.0135443210601807,
        1.9611098766326904,
        1.9075660705566406,
        1.9510363340377808,
        2.0595359802246094,
        2.0150394439697266,
        2.0727767944335938,
        2.0095407962799072,
        1.9891650676727295,
        1.9711837768554688,
        2.0352773666381836,
        1.9797862768173218,
        1.9290217161178589,
        2.0214974880218506,
        1.9509738683700562,
        1.9559484720230103,
        1.8613595962524414,
        2.0917468070983887,
        1.880584478378296,
        1.938725471496582,
        2.0489888191223145,
        2.018852472305298,
        2.0508038997650146,
        1.8939416408538818,
        1.9470279216766357,
        2.0542304515838623,
        2.065460205078125,
        2.0687413215637207,
        1.9265519380569458,
        2.060248851776123,
        1.9578282833099365,
        1.9523693323135376,
        1.9162598848342896,
        1.9339773654937744,
        1.9128882884979248,
        2.015981674194336,
        1.936071515083313,
        2.0386807918548584,
        2.057969331741333,
        1.933678150177002,
        2.010934829711914,
        1.995474100112915,
        2.0218677520751953,
        2.032745122909546,
        1.946235179901123,
        1.9131667613983154,
        2.0709991455078125,
        2.007072925567627,
        1.947853922843933,
        1.9698331356048584,
        2.0039939880371094,
        1.9422168731689453,
        2.0409388542175293,
        1.9946818351745605,
        2.0003180503845215,
        1.9193670749664307,
        2.0225424766540527,
        1.9294462203979492,
        1.9902406930923462,
        2.0043559074401855,
        1.991412878036499,
        1.9405361413955688,
        1.929414987564087,
        1.9127925634384155,
        1.9787517786026,
        2.0801751613616943,
        2.0173895359039307,
        1.9977307319641113,
        1.9035357236862183,
        1.8920024633407593,
        2.0405826568603516,
        1.9849658012390137,
        2.07686448097229,
        1.8988603353500366,
        1.9499807357788086,
        1.9125288724899292,
        2.0620503425598145,
        2.011892080307007,
        1.985029935836792,
        1.9689990282058716,
        2.035881996154785,
        2.0140459537506104,
        2.0353922843933105,
        2.0066065788269043,
        2.036973714828491,
        1.97361159324646,
        1.9033781290054321,
        1.8923677206039429,
        1.9693098068237305,
        2.0513055324554443,
        2.0509777069091797,
        1.8296335935592651,
        2.0218207836151123,
        2.0904176235198975,
        1.9210329055786133,
        1.921919345855713,
        1.9745182991027832,
        2.0655953884124756,
        2.0509986877441406,
        2.078143358230591,
        2.04682993888855,
        2.048042058944702,
        1.9186880588531494,
        2.037942409515381,
        1.887112021446228,
        2.07281494140625,
        1.923426866531372,
        1.9800002574920654,
        1.90787935256958,
        2.026519536972046,
        1.9920563697814941,
        2.0290544033050537,
        1.951906681060791,
        1.9400776624679565,
        1.924075961112976,
        1.936842918395996,
        2.00032377243042,
        1.9592483043670654,
        1.8712025880813599,
        1.9860597848892212,
        1.9072078466415405,
        1.9416086673736572,
        1.9882266521453857,
        1.8965024948120117,
        2.0307931900024414,
        1.93684983253479,
        2.0031521320343018,
        1.8471628427505493,
        1.8953981399536133,
        2.005864381790161,
        1.9399534463882446,
        1.8974205255508423,
        1.9050501585006714,
        1.8675775527954102,
        1.9320156574249268,
        1.9379987716674805,
        1.939059853553772,
        1.9691243171691895,
        1.9520114660263062,
        1.9642143249511719,
        2.02561354637146,
        1.974442481994629,
        1.9510385990142822,
        1.999610185623169,
        1.9669395685195923,
        1.931449055671692,
        1.9916820526123047,
        2.0286929607391357,
        1.9121249914169312,
        2.0354177951812744,
        1.9577598571777344,
        1.935521125793457,
        1.9687409400939941,
        1.9931899309158325,
        1.9584968090057373,
        1.9343773126602173,
        1.959470272064209,
        1.968593716621399,
        1.8985565900802612,
        1.9371652603149414,
        1.9339176416397095,
        1.9815765619277954,
        1.9135984182357788,
        1.934570074081421,
        1.917728304862976,
        1.9662419557571411,
        2.1204025745391846,
        2.0492866039276123,
        1.9972463846206665,
        1.8956977128982544,
        1.9579854011535645,
        1.871500849723816,
        2.064255475997925,
        1.951676368713379,
        1.9922091960906982,
        1.8375896215438843,
        1.9541202783584595,
        1.899025797843933,
        1.9266263246536255,
        1.9334887266159058,
        1.961395263671875,
        1.962449312210083,
        1.868363618850708,
        2.023146152496338,
        1.9214180707931519,
        1.89604651927948,
        1.9133301973342896,
        1.9776171445846558,
        1.9303370714187622,
        1.8920772075653076,
        1.985961675643921,
        1.9556641578674316,
        1.9101216793060303,
        2.031944990158081,
        2.0134432315826416,
        1.9872829914093018,
        2.0500175952911377,
        1.8883919715881348,
        1.9508305788040161,
        1.8693857192993164,
        1.9322761297225952,
        1.9899753332138062,
        1.9446755647659302,
        1.998566746711731,
        1.966320514678955,
        1.8911939859390259,
        2.0498125553131104,
        1.9510564804077148,
        1.9831732511520386,
        1.928735613822937,
        1.9096765518188477,
        1.9695096015930176,
        1.9571583271026611,
        1.954224705696106,
