{
    "stu_train_loss": [
        1.7662158012390137,
        1.7194716930389404,
        1.7332983016967773,
        1.7296431064605713,
        1.7108787298202515,
        1.7296183109283447,
        1.7779803276062012,
        1.7123613357543945,
        1.689990520477295,
        1.6910687685012817,
        1.7021619081497192,
        1.736695647239685,
        1.6982430219650269,
        1.721747875213623,
        1.702764868736267,
        1.6583480834960938,
        1.6902121305465698,
        1.677431583404541,
        1.6899387836456299,
        1.6896227598190308,
        1.6254456043243408,
        1.6945477724075317,
        1.662174940109253,
        1.6799029111862183,
        1.607204556465149,
        1.6618058681488037,
        1.6257776021957397,
        1.635853886604309,
        1.622423529624939,
        1.6110796928405762,
        1.630253791809082,
        1.6067943572998047,
        1.605902075767517,
        1.6229057312011719
    ],
    "stu_test_loss": [
        1.614991307258606,
        1.703831672668457,
        1.7432441711425781,
        1.742132306098938,
        1.7766128778457642,
        1.6339775323867798,
        1.7508124113082886,
        1.7024919986724854,
        1.736013650894165,
        1.7329877614974976,
        1.7214796543121338,
        1.6958719491958618,
        1.7248203754425049,
        1.730718970298767,
        1.854552984237671,
        1.7047017812728882,
        1.7750502824783325,
        1.826891541481018,
        1.7978670597076416,
        1.8728135824203491,
        1.7350364923477173,
        1.7162702083587646,
        1.7056796550750732,
        1.661736249923706,
        1.6785069704055786,
        1.6833823919296265,
        1.6874359846115112,
        1.884284257888794,
        1.6963655948638916,
        1.807335376739502,
        1.6622966527938843,
        1.6900097131729126,
        1.6877332925796509,
        1.7467013597488403,
        1.8381651639938354,
        1.7519097328186035,
        1.8015480041503906,
        1.7635976076126099,
        1.8198604583740234,
        1.7833433151245117,
        1.716845989227295,
        1.6730225086212158,
        1.742435336112976,
        1.848556399345398,
        1.800742745399475,
        1.884157657623291,
        1.805343747138977,
        1.7525724172592163,
        1.7433992624282837,
        1.7979286909103394,
        1.7551532983779907,
        1.6990931034088135,
        1.7863659858703613,
        1.7266042232513428,
        1.7233428955078125,
        1.6037228107452393,
        1.8362867832183838,
        1.6508100032806396,
        1.690033197402954,
        1.83799147605896,
        1.8250330686569214,
        1.8400356769561768,
        1.663099765777588,
        1.7378971576690674,
        1.8275245428085327,
        1.8535759449005127,
        1.8890098333358765,
        1.6694453954696655,
        1.8653793334960938,
        1.708120584487915,
        1.7049480676651,
        1.6757736206054688,
        1.6838414669036865,
        1.6788039207458496,
        1.7723361253738403,
        1.704268217086792,
        1.8133982419967651,
        1.8261655569076538,
        1.714957356452942,
        1.8255279064178467,
        1.7694988250732422,
        1.7921512126922607,
        1.8107593059539795,
        1.699247121810913,
        1.6729176044464111,
        1.8813889026641846,
        1.7693284749984741,
        1.7151472568511963,
        1.7371071577072144,
        1.7612544298171997,
        1.6852816343307495,
        1.8351149559020996,
        1.7571868896484375,
        1.7870670557022095,
        1.6741842031478882,
        1.8051598072052002,
        1.688918113708496,
        1.8030619621276855,
        1.763127088546753,
        1.7784167528152466,
        1.7149369716644287,
        1.7163695096969604,
        1.6871329545974731,
        1.755334496498108,
        1.8705918788909912,
        1.811808466911316,
        1.7579917907714844,
        1.6483545303344727,
        1.643554449081421,
        1.8279086351394653,
        1.7712018489837646,
        1.8816652297973633,
        1.6793614625930786,
        1.7312042713165283,
        1.6534881591796875,
        1.821405053138733,
        1.7685306072235107,
        1.756538987159729,
        1.7370617389678955,
        1.8549761772155762,
        1.769688367843628,
        1.8059496879577637,
        1.826030969619751,
        1.833369493484497,
        1.7378078699111938,
        1.6720761060714722,
        1.6502729654312134,
        1.7341363430023193,
        1.8404384851455688,
        1.8452926874160767,
        1.6108142137527466,
        1.8325873613357544,
        1.8708975315093994,
        1.6716498136520386,
        1.7050743103027344,
        1.7436236143112183,
        1.8248330354690552,
        1.8178894519805908,
        1.8822851181030273,
        1.809258222579956,
        1.8460816144943237,
        1.664668083190918,
        1.8283488750457764,
        1.6285134553909302,
        1.8584280014038086,
        1.6896095275878906,
        1.75033438205719,
        1.6669342517852783,
        1.8115003108978271,
        1.7516056299209595,
        1.8048481941223145,
        1.701932430267334,
        1.6977543830871582,
        1.6752601861953735,
        1.6721947193145752,
        1.7585119009017944,
        1.6980438232421875,
        1.6253840923309326,
        1.7331502437591553,
        1.6720013618469238,
        1.7120816707611084,
        1.7653125524520874,
        1.662822961807251,
        1.7954319715499878,
        1.6958495378494263,
        1.753647804260254,
        1.5942012071609497,
        1.6478500366210938,
        1.76785409450531,
        1.6928380727767944,
        1.6373498439788818,
        1.65128755569458,
        1.6208202838897705,
        1.6878759860992432,
        1.6959326267242432,
        1.696679711341858,
        1.7742235660552979,
        1.6882723569869995,
        1.7054260969161987,
        1.8074195384979248,
        1.7365249395370483,
        1.7149916887283325,
        1.7892810106277466,
        1.7411738634109497,
        1.6881998777389526,
        1.7883450984954834,
        1.8282597064971924,
        1.709213137626648,
        1.820819616317749,
        1.7320294380187988,
        1.720226526260376,
        1.7773616313934326,
        1.7671794891357422,
        1.7346625328063965,
        1.6734741926193237,
        1.7167630195617676,
        1.7310447692871094,
        1.626391887664795,
        1.6751327514648438,
        1.6769814491271973,
        1.7451937198638916,
        1.6576367616653442,
        1.687772274017334,
        1.6998400688171387,
        1.7805217504501343,
        1.923569679260254,
        1.8772125244140625,
        1.7804527282714844,
        1.649432897567749,
        1.6973718404769897,
        1.6267348527908325,
        1.8853063583374023,
        1.6964728832244873,
        1.748543381690979,
        1.5628485679626465,
        1.7497583627700806,
        1.6552106142044067,
        1.6706169843673706,
        1.705135464668274,
        1.7432633638381958,
        1.7134323120117188,
        1.604769229888916,
        1.7897112369537354,
        1.6786397695541382,
        1.6624592542648315,
        1.6647988557815552,
        1.716778039932251,
        1.6779780387878418,
        1.6576030254364014,
        1.7616939544677734,
        1.715518832206726,
        1.66729736328125,
        1.8457832336425781,
        1.797359824180603,
        1.7370754480361938,
        1.8018739223480225,
        1.6379098892211914,
        1.7248212099075317,
        1.6285301446914673,
        1.6896470785140991,
        1.752163290977478,
        1.7220659255981445,
        1.7592973709106445,
        1.7309571504592896,
        1.659590482711792,
        1.8070260286331177,
        1.7124496698379517,
        1.7951037883758545,
        1.6915055513381958,
        1.6842012405395508,
        1.7583025693893433,
        1.7446223497390747,
