{
    "stu_train_loss": [
        2.2519915103912354,
        2.2477142810821533,
        2.26004695892334,
        2.254838705062866,
        2.253206968307495,
        2.25464129447937,
        2.253857374191284,
        2.253126621246338,
        2.2548699378967285,
        2.248382091522217,
        2.2511510848999023,
        2.247586727142334,
        2.2365636825561523,
        2.2509610652923584,
        2.254030227661133,
        2.2477071285247803,
        2.238901376724243,
        2.2460896968841553,
        2.2401766777038574,
        2.24103045463562,
        2.2401843070983887,
        2.2492096424102783,
        2.2421882152557373,
        2.2387843132019043,
        2.2316980361938477,
        2.2258694171905518,
        2.227872371673584,
        2.228553533554077,
        2.218259334564209,
        2.2230641841888428,
        2.22127628326416,
        2.2213399410247803,
        2.2260191440582275,
        2.215512990951538
    ],
    "stu_test_loss": [
        2.2867400646209717,
        2.312187910079956,
        2.325289249420166,
        2.308380603790283,
        2.3311519622802734,
        2.287012815475464,
        2.306990623474121,
        2.305478096008301,
        2.317181348800659,
        2.323517322540283,
        2.312446355819702,
        2.3060028553009033,
        2.304297924041748,
        2.2953927516937256,
        2.3505403995513916,
        2.3142921924591064,
        2.3309125900268555,
        2.344562530517578,
        2.3388466835021973,
        2.3392722606658936,
        2.310830593109131,
        2.3092851638793945,
        2.310171604156494,
        2.2900161743164062,
        2.3207204341888428,
        2.3229663372039795,
        2.2993721961975098,
        2.3627750873565674,
        2.297619342803955,
        2.330885171890259,
        2.2904255390167236,
        2.285449504852295,
        2.2969563007354736,
        2.332211494445801,
        2.3387675285339355,
        2.317314863204956,
        2.3324413299560547,
        2.317544460296631,
        2.311736583709717,
        2.339855432510376,
        2.3079519271850586,
        2.2968475818634033,
        2.296954870223999,
        2.3430628776550293,
        2.3111321926116943,
        2.357666015625,
        2.3386659622192383,
        2.322343587875366,
        2.2963855266571045,
        2.329925537109375,
        2.3292083740234375,
        2.3120615482330322,
        2.3393378257751465,
        2.300095558166504,
        2.321249485015869,
        2.2948269844055176,
        2.3280367851257324,
        2.310669183731079,
        2.3052053451538086,
        2.3408355712890625,
        2.3097431659698486,
        2.354954481124878,
        2.297123670578003,
        2.3089985847473145,
        2.3431544303894043,
        2.348175525665283,
        2.3450679779052734,
        2.3029942512512207,
        2.328136682510376,
        2.3049092292785645,
        2.2938013076782227,
        2.2955055236816406,
        2.3013811111450195,
        2.296151876449585,
        2.325197696685791,
        2.3192036151885986,
        2.3378331661224365,
        2.3308537006378174,
        2.31068754196167,
        2.335968017578125,
        2.3156094551086426,
        2.3425681591033936,
        2.341599941253662,
        2.3020999431610107,
        2.3034889698028564,
        2.329192876815796,
        2.31972074508667,
        2.311478614807129,
        2.31514835357666,
        2.314945697784424,
        2.3104872703552246,
        2.3379292488098145,
        2.3259100914001465,
        2.3348422050476074,
        2.2899608612060547,
        2.333836078643799,
        2.3169608116149902,
        2.3443260192871094,
        2.3200271129608154,
        2.3304622173309326,
        2.289721965789795,
        2.301380157470703,
        2.2921361923217773,
        2.3250060081481934,
        2.342427968978882,
        2.3188316822052,
        2.3070380687713623,
        2.2865495681762695,
        2.307677984237671,
        2.3381855487823486,
        2.3165738582611084,
        2.355900287628174,
        2.29191517829895,
        2.317641496658325,
        2.311368942260742,
        2.349109411239624,
        2.32733154296875,
        2.3379714488983154,
        2.3212857246398926,
        2.344574451446533,
        2.312959909439087,
        2.337160110473633,
        2.3249049186706543,
        2.3472893238067627,
        2.302258014678955,
        2.2916762828826904,
        2.2984089851379395,
        2.3234803676605225,
        2.336393117904663,
        2.3346171379089355,
        2.2582242488861084,
        2.3185386657714844,
        2.360353946685791,
        2.2996408939361572,
        2.2978994846343994,
        2.3222434520721436,
        2.3562326431274414,
        2.336606979370117,
        2.355574607849121,
        2.3482093811035156,
        2.3175103664398193,
        2.3035590648651123,
        2.3141369819641113,
        2.285437822341919,
        2.350318670272827,
        2.286257266998291,
        2.3088912963867188,
        2.309020757675171,
        2.3391530513763428,
        2.322057008743286,
        2.34309458732605,
        2.3092823028564453,
        2.3149867057800293,
        2.298264503479004,
        2.3103675842285156,
        2.3137965202331543,
        2.3094637393951416,
        2.2676568031311035,
        2.3155720233917236,
        2.289825677871704,
        2.3006601333618164,
        2.3228065967559814,
        2.3189661502838135,
        2.3270621299743652,
        2.292941093444824,
        2.3191418647766113,
        2.27325439453125,
        2.276834487915039,
        2.3116981983184814,
        2.307593822479248,
        2.2686450481414795,
        2.3015925884246826,
        2.2876203060150146,
        2.281125545501709,
        2.3133435249328613,
        2.3018925189971924,
        2.2986655235290527,
        2.3124473094940186,
        2.3190693855285645,
        2.3321104049682617,
        2.307352066040039,
        2.3149397373199463,
        2.3273558616638184,
        2.321094036102295,
        2.307173728942871,
        2.3146169185638428,
        2.3182687759399414,
        2.280546188354492,
        2.3272674083709717,
        2.313870668411255,
        2.3072257041931152,
        2.321686029434204,
        2.315582036972046,
        2.313385009765625,
        2.2945079803466797,
        2.3026928901672363,
        2.3157455921173096,
        2.283275604248047,
        2.3037240505218506,
        2.3186802864074707,
        2.2988691329956055,
        2.2853901386260986,
        2.3059139251708984,
        2.29264235496521,
        2.3224194049835205,
        2.3351190090179443,
        2.3281710147857666,
        2.312713623046875,
        2.27811336517334,
        2.3024656772613525,
        2.2762269973754883,
        2.333176374435425,
        2.3036139011383057,
        2.3209807872772217,
        2.2843177318573,
        2.311937093734741,
        2.2849130630493164,
        2.2983431816101074,
        2.28818941116333,
        2.304387331008911,
        2.314174175262451,
        2.283520460128784,
        2.332858085632324,
        2.2897837162017822,
        2.2877023220062256,
        2.293130874633789,
        2.307690143585205,
        2.303333044052124,
        2.288346529006958,
        2.3087453842163086,
        2.292052984237671,
        2.2925775051116943,
        2.327436923980713,
        2.308699607849121,
        2.3057596683502197,
        2.340284824371338,
        2.284367799758911,
        2.300637722015381,
        2.294492483139038,
        2.31894850730896,
        2.319821357727051,
        2.308140993118286,
        2.325157403945923,
        2.306033134460449,
        2.2890796661376953,
        2.3277180194854736,
        2.3051464557647705,
        2.31758189201355,
        2.2992608547210693,
        2.3082306385040283,
        2.2946269512176514,
        2.315870761871338,
        2.305694818496704,
        2.3124027252197266,
        2.3091652393341064,
