{
    "stu_train_loss": 0.12414354641976602,
    "mentor_train_loss": 0.09598451493965353,
    "stu_test_loss": 0.12595271575041472,
    "mentor_test_loss": 0.10405355851395062,
    "stu_train_acc": 0.9881663602941176,
    "mentor_train_acc": 0.9934512867647058,
    "stu_test_acc": 0.989117412140575,
    "mentor_test_acc": 0.9929113418530351
}