{
    "stu_train_loss": 0.13425681279862628,
    "mentor_train_loss": 0.10711162074414246,
    "stu_test_loss": 0.13451715377858653,
    "mentor_test_loss": 0.10079149794749939,
    "stu_train_acc": 0.9874770220588235,
    "mentor_train_acc": 0.9926470588235294,
    "stu_test_acc": 0.9869209265175719,
    "mentor_test_acc": 0.9936102236421726
}