{
    "stu_train_loss": 0.12014433584066436,
    "mentor_train_loss": 0.0978671388618429,
    "stu_test_loss": 0.10913332825461135,
    "mentor_test_loss": 0.08560238431056087,
    "stu_train_acc": 0.9877068014705882,
    "mentor_train_acc": 0.9919577205882353,
    "stu_test_acc": 0.9903154952076677,
    "mentor_test_acc": 0.9947084664536742
}