{
    "stu_train_loss": 0.13418131509302733,
    "mentor_train_loss": 0.11220483462709714,
    "stu_test_loss": 0.12657927664609764,
    "mentor_test_loss": 0.11455947648698149,
    "stu_train_acc": 0.9883961397058824,
    "mentor_train_acc": 0.9923023897058824,
    "stu_test_acc": 0.9895167731629393,
    "mentor_test_acc": 0.9901158146964856
}