{
    "stu_train_loss": 0.13163378886768923,
    "mentor_train_loss": 0.09623833679977585,
    "stu_test_loss": 0.12138055608914303,
    "mentor_test_loss": 0.09191046129114712,
    "stu_train_acc": 0.9878216911764706,
    "mentor_train_acc": 0.9936810661764706,
    "stu_test_acc": 0.9895167731629393,
    "mentor_test_acc": 0.994408945686901
}