{
    "stu_train_loss": 0.18233679938951836,
    "mentor_train_loss": 0.16498944089364478,
    "stu_test_loss": 0.14457067633017945,
    "mentor_test_loss": 0.1351652615272199,
    "stu_train_acc": 0.9826516544117647,
    "mentor_train_acc": 0.9880514705882353,
    "stu_test_acc": 0.987020766773163,
    "mentor_test_acc": 0.9903154952076677
}