{
    "stu_train_loss": 0.15231786191682606,
    "mentor_train_loss": 0.127141063731602,
    "stu_test_loss": 0.1350702217187935,
    "mentor_test_loss": 0.1171569024412015,
    "stu_train_acc": 0.9856387867647058,
    "mentor_train_acc": 0.9917279411764706,
    "stu_test_acc": 0.9857228434504792,
    "mentor_test_acc": 0.9914137380191693
}