{
    "stu_train_loss": 0.23937062628786354,
    "mentor_train_loss": 0.23348807461340637,
    "stu_test_loss": 0.20025708350224997,
    "mentor_test_loss": 0.18466312283525071,
    "stu_train_acc": 0.9765625,
    "mentor_train_acc": 0.9781709558823529,
    "stu_test_acc": 0.9806309904153354,
    "mentor_test_acc": 0.9861222044728435
}