{
    "stu_train_loss": 0.8618295334445105,
    "mentor_train_loss": 0.7464434530999925,
    "stu_test_loss": 0.5362072524171286,
    "mentor_test_loss": 0.49909657449387135,
    "stu_train_acc": 0.7289316240946452,
    "mentor_train_acc": 0.7855662393569947,
    "stu_test_acc": 0.8480431309904153,
    "mentor_test_acc": 0.8655151757188498
}