{
    "stu_train_loss": 0.3773515395929708,
    "mentor_train_loss": 0.27408147986759157,
    "stu_test_loss": 0.3553989359650749,
    "mentor_test_loss": 0.296666330851305,
    "stu_train_acc": 0.9018841911764706,
    "mentor_train_acc": 0.935546875,
    "stu_test_acc": 0.8987619808306709,
    "mentor_test_acc": 0.9193290734824281
}