{
    "stu_train_loss": 0.36544792463674264,
    "mentor_train_loss": 0.25374301846193914,
    "stu_test_loss": 0.3454924218189983,
    "mentor_test_loss": 0.297586195004253,
    "stu_train_acc": 0.9025735294117647,
    "mentor_train_acc": 0.9399673932177179,
    "stu_test_acc": 0.9026557507987221,
    "mentor_test_acc": 0.9194289137380192
}