{
    "stu_train_loss": 0.7865566295930223,
    "mentor_train_loss": 0.6567246549017212,
    "stu_test_loss": 0.7241401531444952,
    "mentor_test_loss": 0.6619508573041556,
    "stu_train_acc": 0.9287757437645233,
    "mentor_train_acc": 0.9524945803296203,
    "stu_test_acc": 0.944888178913738,
    "mentor_test_acc": 0.9530750798722045
}