{
    "stu_train_loss": 0.8639592132079634,
    "mentor_train_loss": 0.6691381013294336,
    "stu_test_loss": 0.8489364568417826,
    "mentor_test_loss": 0.6624077244307667,
    "stu_train_acc": 0.9163969349002574,
    "mentor_train_acc": 0.9493594182825484,
    "stu_test_acc": 0.9220247603833865,
    "mentor_test_acc": 0.9514776357827476
}