{
    "stu_train_loss": [
        1.859991431236267,
        1.8481868505477905,
        1.8428170680999756,
        1.823560118675232,
        1.8517425060272217,
        1.836570382118225,
        1.8277946710586548,
        1.844124674797058,
        1.853664517402649,
        1.8121823072433472,
        1.815879464149475
    ],
    "stu_test_loss": [
        1.8398492336273193,
        1.8906023502349854,
        1.9520785808563232,
        1.9513230323791504,
        1.9475257396697998,
        1.843244194984436,
        1.9419457912445068,
        1.9036874771118164,
        1.9255483150482178,
        1.928356647491455,
        1.902892827987671,
        1.8972777128219604,
        1.905840277671814,
        1.930580735206604,
        2.0105459690093994,
        1.9252642393112183,
        1.952703833580017,
        2.04244327545166,
        2.0000405311584473,
        2.0391132831573486,
        1.9300816059112549,
        1.929246187210083,
        1.9253348112106323,
        1.8752217292785645,
        1.8965436220169067,
        1.8889201879501343,
        1.8948572874069214,
        2.0579404830932617,
        1.8961702585220337,
        1.9778457880020142,
        1.8501540422439575,
        1.9062222242355347,
        1.874137043952942,
        1.9467099905014038,
        2.004467248916626,
        1.9350844621658325,
        2.001472234725952,
        1.9376283884048462,
        1.9984129667282104,
        1.9865214824676514,
        1.9156043529510498,
        1.8771121501922607,
        1.9148166179656982,
        2.0255842208862305,
        1.9832590818405151,
        2.0459394454956055,
        1.9784823656082153,
        1.959189772605896,
        1.921423316001892,
        2.0069234371185303,
        1.9462063312530518,
        1.8913465738296509,
        1.9860079288482666,
        1.9230711460113525,
        1.924292802810669,
        1.8265653848648071,
        2.0390987396240234,
        1.8600373268127441,
        1.8946046829223633,
        2.01507830619812,
        1.9757254123687744,
        2.0294008255004883,
        1.8635480403900146,
        1.9107191562652588,
        2.0194334983825684,
        2.0503454208374023,
        2.033369541168213,
        1.8809772729873657,
        2.0338850021362305,
        1.9274182319641113,
        1.9069660902023315,
        1.8742715120315552,
        1.9024772644042969,
        1.8686145544052124,
        1.9806792736053467,
        1.9037930965423584,
        2.0007197856903076,
        2.0184402465820312,
        1.9230436086654663,
        1.981348991394043,
        1.9588958024978638,
        1.9773231744766235,
        2.0127270221710205,
        1.9012205600738525,
        1.8882970809936523,
        2.0328879356384277,
        1.963175654411316,
        1.9084089994430542,
        1.9423208236694336,
        1.9717986583709717,
        1.9116613864898682,
        2.001023530960083,
        1.9586204290390015,
        1.9696670770645142,
        1.8851442337036133,
        2.0000643730163574,
        1.8823953866958618,
        1.9608005285263062,
        1.9618552923202515,
        1.9625999927520752,
        1.9093408584594727,
        1.9016447067260742,
        1.8726273775100708,
        1.9672420024871826,
        2.0466952323913574,
        1.9723860025405884,
        1.9466490745544434,
        1.8576350212097168,
        1.8756800889968872,
        2.00311541557312,
        1.9513683319091797,
        2.0439929962158203,
        1.878208875656128,
        1.9210938215255737,
        1.8638211488723755,
        2.0272696018218994,
        1.9841783046722412,
        1.9537910223007202,
        1.947261095046997,
        2.0176031589508057,
        1.9752650260925293,
        1.995011806488037,
        1.9730011224746704,
        1.9897979497909546,
        1.9546611309051514,
        1.875646948814392,
        1.8736913204193115,
        1.931765079498291,
        2.017500877380371,
        2.021221876144409,
        1.792270302772522,
        2.002542495727539,
        2.047027111053467,
        1.8863060474395752,
        1.8925029039382935,
        1.938483715057373,
        2.0341122150421143,
        2.0221192836761475,
        2.065497636795044,
        2.008824586868286,
        2.009805202484131,
        1.876175880432129,
        2.0076558589935303,
        1.8453660011291504,
        2.044917106628418,
        1.9081670045852661,
        1.9568113088607788,
        1.8702900409698486,
        2.000781536102295,
        1.9582575559616089,
        1.9870985746383667,
        1.915469765663147,
        1.898999571800232,
        1.8756860494613647,
        1.8936198949813843,
        1.9678423404693604,
        1.9317936897277832,
        1.8461579084396362,
        1.9360418319702148,
        1.8779077529907227,
        1.9140747785568237,
        1.9710102081298828,
        1.866889476776123,
        1.9917579889297485,
        1.910804271697998,
        1.9671478271484375,
        1.8119463920593262,
        1.8661268949508667,
        1.962744951248169,
        1.9067851305007935,
        1.863853096961975,
        1.8730148077011108,
        1.8489513397216797,
        1.8972673416137695,
        1.9084491729736328,
        1.90042245388031,
        1.9448904991149902,
        1.9269053936004639,
        1.9277478456497192,
        1.9927068948745728,
        1.9269568920135498,
        1.9293639659881592,
        1.983086347579956,
        1.9517418146133423,
        1.8960909843444824,
        1.9559216499328613,
        1.9832860231399536,
        1.897812843322754,
        2.00009822845459,
        1.9232194423675537,
        1.9054911136627197,
        1.9531080722808838,
        1.9488595724105835,
        1.9191794395446777,
        1.889197826385498,
        1.9270212650299072,
        1.9231438636779785,
        1.8510264158248901,
        1.9041801691055298,
        1.8985276222229004,
        1.9272360801696777,
        1.884887456893921,
        1.8963264226913452,
        1.8887929916381836,
        1.9618786573410034,
        2.0801146030426025,
        2.0238170623779297,
        1.9646273851394653,
        1.855422854423523,
        1.9122710227966309,
        1.8228689432144165,
        2.044006824493408,
        1.916181206703186,
        1.9652904272079468,
        1.7987253665924072,
        1.93178391456604,
        1.8747038841247559,
        1.8887158632278442,
        1.8917286396026611,
        1.94017493724823,
        1.9277993440628052,
        1.8290573358535767,
        1.9871057271957397,
        1.8914926052093506,
        1.8622857332229614,
        1.8920848369598389,
        1.932421326637268,
        1.9013751745224,
        1.8558474779129028,
        1.9468631744384766,
        1.9399687051773071,
        1.8493318557739258,
        2.003201484680176,
        1.9819715023040771,
        1.9431958198547363,
        2.014829158782959,
        1.8595736026763916,
        1.9186404943466187,
        1.8506394624710083,
        1.9050004482269287,
        1.969266653060913,
        1.9072332382202148,
        1.9676315784454346,
        1.9269722700119019,
        1.8700249195098877,
        2.0239338874816895,
        1.9301822185516357,
        1.9631683826446533,
        1.9005175828933716,
        1.880066156387329,
        1.9472719430923462,
        1.9376462697982788,
        1.9093557596206665,
        1.991125464439392,
        1.930893898010254,
        1.9454792737960815,
        2.0160598754882812,
        1.9544978141784668,
        2.0039358139038086,
        1.9546740055084229,
        2.074802875518799,
        1.9776166677474976,
        1.9258239269256592,
        1.8803244829177856,
        1.9540923833847046,
        1.8874783515930176,
        1.9047068357467651,
        1.872378945350647,
        1.8935093879699707,
        1.9225037097930908,
        1.8839002847671509,
        1.859885334968567,
        1.8337626457214355,
        1.8791964054107666,
        1.8625787496566772,
