{
    "stu_train_loss": [
        2.297631025314331,
        2.298621892929077,
        2.2941789627075195,
        2.3030049800872803,
        2.294344425201416,
        2.3008675575256348,
        2.3009345531463623,
        2.2955987453460693,
        2.2941603660583496,
        2.2982261180877686,
        2.294675827026367
    ],
    "stu_test_loss": [
        2.378807783126831,
        2.384894609451294,
        2.3967084884643555,
        2.3679540157318115,
        2.384549379348755,
        2.364891767501831,
        2.380981922149658,
        2.374379873275757,
        2.373880386352539,
        2.397711753845215,
        2.39052677154541,
        2.385427951812744,
        2.3806467056274414,
        2.376085042953491,
        2.398186683654785,
        2.381345510482788,
        2.391376495361328,
        2.3945536613464355,
        2.3972463607788086,
        2.3840904235839844,
        2.3908498287200928,
        2.3827579021453857,
        2.3890879154205322,
        2.3730318546295166,
        2.383413791656494,
        2.4064247608184814,
        2.390033006668091,
        2.40173077583313,
        2.384486675262451,
        2.3968424797058105,
        2.3865623474121094,
        2.373669385910034,
        2.3817803859710693,
        2.391335964202881,
        2.3828868865966797,
        2.392400026321411,
        2.3824706077575684,
        2.3991034030914307,
        2.3692984580993652,
        2.3824429512023926,
        2.389031171798706,
        2.370954751968384,
        2.3942337036132812,
        2.386368989944458,
        2.3622496128082275,
        2.399029493331909,
        2.3912875652313232,
        2.3920981884002686,
        2.3631036281585693,
        2.383948564529419,
        2.401655673980713,
        2.3799619674682617,
        2.380178451538086,
        2.379474639892578,
        2.3907341957092285,
        2.387176990509033,
        2.3956568241119385,
        2.3794925212860107,
        2.3769421577453613,
        2.3850669860839844,
        2.395047664642334,
        2.3918137550354004,
        2.371493101119995,
        2.392096996307373,
        2.391690969467163,
        2.4016029834747314,
        2.394448757171631,
        2.380955457687378,
        2.3834710121154785,
        2.377697229385376,
        2.3663840293884277,
        2.3827621936798096,
        2.375791549682617,
        2.380709648132324,
        2.3835909366607666,
        2.3895716667175293,
        2.387575149536133,
        2.388911724090576,
        2.3873276710510254,
        2.3847813606262207,
        2.389742612838745,
        2.39648175239563,
        2.399070978164673,
        2.3885293006896973,
        2.387554883956909,
        2.395944833755493,
        2.392284393310547,
        2.3823397159576416,
        2.3961682319641113,
        2.3643128871917725,
        2.3801913261413574,
        2.3813304901123047,
        2.3873252868652344,
        2.3892717361450195,
        2.3816728591918945,
        2.386928081512451,
        2.3978826999664307,
        2.3953309059143066,
        2.3860831260681152,
        2.3951356410980225,
        2.380162477493286,
        2.3812754154205322,
        2.3842148780822754,
        2.3990488052368164,
        2.392582893371582,
        2.381702184677124,
        2.38857102394104,
        2.39081072807312,
        2.376828908920288,
        2.3801300525665283,
        2.3799965381622314,
        2.387925624847412,
        2.3678946495056152,
        2.3935794830322266,
        2.38314151763916,
        2.3902230262756348,
        2.393402338027954,
        2.392709493637085,
        2.373915195465088,
        2.388993263244629,
        2.367891311645508,
        2.372131109237671,
        2.3837950229644775,
        2.396146297454834,
        2.3731698989868164,
        2.371532678604126,
        2.3864476680755615,
        2.3822021484375,
        2.3880388736724854,
        2.3821022510528564,
        2.3677659034729004,
        2.373955488204956,
        2.384599208831787,
        2.3744046688079834,
        2.3583478927612305,
        2.3935928344726562,
        2.376232624053955,
        2.3915021419525146,
        2.385413885116577,
        2.399040460586548,
        2.3765459060668945,
        2.3941357135772705,
        2.3748703002929688,
        2.3751845359802246,
        2.404635190963745,
        2.369265556335449,
        2.3734374046325684,
        2.380955457687378,
        2.3877604007720947,
        2.3842685222625732,
        2.389122724533081,
        2.37270188331604,
        2.393385648727417,
        2.3854289054870605,
        2.389845132827759,
        2.3670718669891357,
        2.3728511333465576,
        2.366987705230713,
        2.374518871307373,
        2.3693957328796387,
        2.3852174282073975,
        2.3888635635375977,
        2.3845460414886475,
        2.392063617706299,
        2.381006956100464,
        2.3901596069335938,
        2.384305238723755,
        2.3710992336273193,
        2.3690879344940186,
        2.374109983444214,
        2.3754196166992188,
        2.3800735473632812,
        2.3789825439453125,
        2.3779168128967285,
        2.377296209335327,
        2.3819737434387207,
        2.376279830932617,
        2.3828415870666504,
        2.387434720993042,
        2.385479688644409,
        2.3920657634735107,
        2.3876266479492188,
        2.4022104740142822,
        2.391144275665283,
        2.3873209953308105,
        2.3871428966522217,
        2.3665621280670166,
        2.3775856494903564,
        2.389540910720825,
        2.385881185531616,
        2.387502431869507,
        2.384855270385742,
        2.369936227798462,
        2.389681100845337,
        2.363027572631836,
        2.3914222717285156,
        2.3971757888793945,
        2.383211612701416,
        2.393436908721924,
        2.3842248916625977,
        2.3664298057556152,
        2.375791549682617,
        2.376462936401367,
        2.3813271522521973,
        2.3948028087615967,
        2.3932504653930664,
        2.390263795852661,
        2.379207134246826,
        2.3779454231262207,
        2.3770534992218018,
        2.375277519226074,
        2.3855996131896973,
        2.3848719596862793,
        2.3921055793762207,
        2.3790481090545654,
        2.3635754585266113,
        2.3780057430267334,
        2.382065534591675,
        2.3637847900390625,
        2.380370855331421,
        2.3781111240386963,
        2.360941171646118,
        2.3910107612609863,
        2.3826096057891846,
        2.383970022201538,
        2.398749589920044,
        2.384134292602539,
        2.377957582473755,
        2.3671016693115234,
        2.384552240371704,
        2.3638739585876465,
        2.373250961303711,
        2.3847625255584717,
        2.380833387374878,
        2.378676176071167,
        2.395922899246216,
        2.3620052337646484,
        2.388075828552246,
        2.3836851119995117,
        2.382265090942383,
        2.3893208503723145,
        2.391362190246582,
        2.3844423294067383,
        2.3758318424224854,
        2.36604905128479,
        2.3778653144836426,
        2.375443935394287,
        2.3819220066070557,
        2.3762383460998535,
        2.382652997970581,
        2.3780953884124756,
        2.3779690265655518,
        2.368403434753418,
        2.386606216430664,
        2.384866237640381,
        2.396211624145508,
        2.382950782775879,
        2.382171392440796,
        2.378736734390259,
        2.3823490142822266,
        2.390390396118164,
        2.387863874435425,
        2.3948841094970703,
        2.3787729740142822,
        2.3839101791381836,
        2.383795976638794,
        2.3790953159332275,
        2.4009251594543457,
        2.3949780464172363,
        2.388268232345581,
        2.3893253803253174,
        2.371337413787842,
        2.373797655105591,
        2.37166166305542,
        2.371912717819214,
        2.378678321838379,
        2.38875150680542,
        2.3856170177459717,
