{
    "stu_train_loss": [
        2.3021790981292725,
        2.3067407608032227,
        2.307208299636841,
        2.30934476852417,
        2.295469284057617,
        2.3017053604125977,
        2.3089282512664795,
        2.3031866550445557,
        2.301862955093384,
        2.3071401119232178,
        2.3089756965637207
    ],
    "stu_test_loss": [
        2.377519130706787,
        2.395312547683716,
        2.404594898223877,
        2.37031888961792,
        2.3941962718963623,
        2.377842903137207,
        2.393425941467285,
        2.3823723793029785,
        2.3749423027038574,
        2.400540351867676,
        2.3957931995391846,
        2.3985142707824707,
        2.385016679763794,
        2.383228302001953,
        2.4008948802948,
        2.386101722717285,
        2.404285430908203,
        2.3988871574401855,
        2.4019477367401123,
        2.400479793548584,
        2.402287483215332,
        2.3887970447540283,
        2.38675856590271,
        2.377721071243286,
        2.383802890777588,
        2.4153714179992676,
        2.4056127071380615,
        2.408474922180176,
        2.394742488861084,
        2.4043774604797363,
        2.402456760406494,
        2.373663902282715,
        2.391157627105713,
        2.3886098861694336,
        2.386950731277466,
        2.396542549133301,
        2.3873355388641357,
        2.4124393463134766,
        2.3757107257843018,
        2.3875796794891357,
        2.381831645965576,
        2.3729090690612793,
        2.414980173110962,
        2.3902790546417236,
        2.364150285720825,
        2.3973352909088135,
        2.4065589904785156,
        2.3952720165252686,
        2.3689229488372803,
        2.387369394302368,
        2.4155850410461426,
        2.3738834857940674,
        2.3832952976226807,
        2.3886659145355225,
        2.397089958190918,
        2.389911651611328,
        2.4159367084503174,
        2.3975558280944824,
        2.380460500717163,
        2.3836402893066406,
        2.4109504222869873,
        2.3856558799743652,
        2.380621910095215,
        2.3972554206848145,
        2.3942766189575195,
        2.4070253372192383,
        2.4036622047424316,
        2.3888211250305176,
        2.3843560218811035,
        2.3878278732299805,
        2.37231183052063,
        2.3953354358673096,
        2.385307788848877,
        2.3813819885253906,
        2.392707586288452,
        2.394279718399048,
        2.395843982696533,
        2.389596462249756,
        2.398930072784424,
        2.387061357498169,
        2.3905792236328125,
        2.400228500366211,
        2.4138875007629395,
        2.3910672664642334,
        2.393428325653076,
        2.3993427753448486,
        2.392868995666504,
        2.387542486190796,
        2.4011056423187256,
        2.366091728210449,
        2.3846793174743652,
        2.3785250186920166,
        2.3821141719818115,
        2.3933324813842773,
        2.391599416732788,
        2.394768714904785,
        2.4168996810913086,
        2.4160075187683105,
        2.3929972648620605,
        2.393954038619995,
        2.393829107284546,
        2.385038137435913,
        2.4017584323883057,
        2.4112420082092285,
        2.4001567363739014,
        2.3974735736846924,
        2.393561363220215,
        2.4020185470581055,
        2.375758171081543,
        2.3780808448791504,
        2.382054567337036,
        2.3880279064178467,
        2.37764048576355,
        2.399608612060547,
        2.3930559158325195,
        2.3892974853515625,
        2.4143643379211426,
        2.400320291519165,
        2.3815760612487793,
        2.398968458175659,
        2.36220383644104,
        2.359611988067627,
        2.3940353393554688,
        2.4006285667419434,
        2.380707025527954,
        2.38434100151062,
        2.3872101306915283,
        2.3924832344055176,
        2.4021682739257812,
        2.386732578277588,
        2.386319637298584,
        2.3793466091156006,
        2.3947606086730957,
        2.378941059112549,
        2.345984697341919,
        2.3930094242095947,
        2.3661837577819824,
        2.4001569747924805,
        2.3835558891296387,
        2.4050488471984863,
        2.379356622695923,
        2.404564142227173,
        2.3749473094940186,
        2.3939430713653564,
        2.4186935424804688,
        2.3820667266845703,
        2.377361536026001,
        2.395841121673584,
        2.386556386947632,
        2.3924734592437744,
        2.3974361419677734,
        2.3815574645996094,
        2.404960870742798,
        2.3882317543029785,
        2.401705741882324,
        2.3791232109069824,
        2.3805155754089355,
        2.3898208141326904,
        2.3794167041778564,
        2.3786439895629883,
        2.393627166748047,
        2.3872644901275635,
        2.3854429721832275,
        2.3962552547454834,
        2.3889222145080566,
        2.3993499279022217,
        2.390564203262329,
        2.3796865940093994,
        2.380723237991333,
        2.38702392578125,
        2.394441604614258,
        2.3848655223846436,
        2.404841184616089,
        2.3962244987487793,
        2.380899667739868,
        2.3881466388702393,
        2.391404628753662,
        2.391352415084839,
        2.3858823776245117,
        2.3940322399139404,
        2.3933212757110596,
        2.389394521713257,
        2.410904884338379,
        2.3979604244232178,
        2.391831874847412,
        2.394589424133301,
        2.3707644939422607,
        2.388460636138916,
        2.39275860786438,
        2.3988423347473145,
        2.398279905319214,
        2.397033214569092,
        2.3621304035186768,
        2.3943288326263428,
        2.3679842948913574,
        2.3901524543762207,
        2.410109758377075,
        2.3909413814544678,
        2.4093430042266846,
        2.3929028511047363,
        2.3703665733337402,
        2.39462947845459,
        2.382587194442749,
        2.3731608390808105,
        2.3938705921173096,
        2.3994600772857666,
        2.3915886878967285,
        2.384169578552246,
        2.3955814838409424,
        2.381763219833374,
        2.3788022994995117,
        2.4008901119232178,
        2.3940718173980713,
        2.400547981262207,
        2.391150712966919,
        2.3636560440063477,
        2.388434410095215,
        2.389077663421631,
        2.3727786540985107,
        2.39227032661438,
        2.3751132488250732,
        2.3713831901550293,
        2.3919715881347656,
        2.383263111114502,
        2.3970377445220947,
        2.404433012008667,
        2.394489288330078,
        2.3890018463134766,
        2.3800387382507324,
        2.390514850616455,
        2.3642079830169678,
        2.390927314758301,
        2.3878848552703857,
        2.3843648433685303,
        2.3840415477752686,
        2.402045965194702,
        2.3651251792907715,
        2.395481586456299,
        2.388322114944458,
        2.388859272003174,
        2.394218921661377,
        2.40214204788208,
        2.3888278007507324,
        2.386066436767578,
        2.369945526123047,
        2.385164260864258,
        2.385141134262085,
        2.3993732929229736,
        2.3780157566070557,
        2.397915840148926,
        2.381153106689453,
        2.383256435394287,
        2.374009609222412,
        2.39798641204834,
        2.388836622238159,
        2.402169704437256,
        2.3900678157806396,
        2.389232635498047,
        2.3927669525146484,
        2.39792537689209,
        2.405914306640625,
        2.3882246017456055,
        2.3954691886901855,
        2.3920812606811523,
        2.3918323516845703,
        2.390831232070923,
        2.393108367919922,
        2.410520315170288,
        2.397557020187378,
        2.4006123542785645,
        2.3857762813568115,
        2.3835108280181885,
        2.3867075443267822,
        2.3825693130493164,
        2.382349729537964,
        2.3856379985809326,
        2.385745048522949,
        2.4031829833984375,
