{
    "stu_train_loss": [
        0.6668296456336975,
        0.6963833570480347,
        0.6761032342910767,
        0.662607729434967,
        0.7149876952171326,
        0.6817836761474609,
        0.6912724375724792,
        0.6734245419502258,
        0.6763388514518738,
        0.664722740650177,
        0.6809786558151245
    ],
    "stu_test_loss": [
        0.7329813838005066,
        0.8683801889419556,
        0.8794295191764832,
        0.7879826426506042,
        0.8730339407920837,
        0.8201214671134949,
        0.949460506439209,
        0.9277094602584839,
        0.8004113435745239,
        0.917082667350769,
        0.9099167585372925,
        0.8077805042266846,
        0.8373587727546692,
        0.752859890460968,
        1.087984323501587,
        0.9000043869018555,
        0.8478725552558899,
        0.9307421445846558,
        0.9582899808883667,
        1.0477735996246338,
        0.9004247784614563,
        0.846390962600708,
        0.8621945381164551,
        0.8481333255767822,
        0.8939487338066101,
        0.8472022414207458,
        0.7716505527496338,
        0.9939549565315247,
        0.8928285241127014,
        1.0029302835464478,
        0.8251717686653137,
        0.8176011443138123,
        0.8860164880752563,
        0.8601809740066528,
        1.0252947807312012,
        0.9055056571960449,
        0.8779742121696472,
        0.8808417916297913,
        1.0542263984680176,
        0.8341174721717834,
        0.8303165435791016,
        0.765518069267273,
        0.9258608818054199,
        0.9696256518363953,
        0.834746778011322,
        0.9715912938117981,
        0.9024516344070435,
        0.9785752296447754,
        0.8566393852233887,
        0.7857720851898193,
        1.0468966960906982,
        0.7902519702911377,
        0.8992981314659119,
        0.8378999829292297,
        0.9165665507316589,
        0.8033276796340942,
        0.8996410369873047,
        0.8310225009918213,
        0.8313876986503601,
        0.9856036901473999,
        0.887671947479248,
        0.8733692169189453,
        0.759371280670166,
        1.0739490985870361,
        0.991536557674408,
        1.0614497661590576,
        1.1189643144607544,
        0.7339622378349304,
        1.021255373954773,
        0.804010808467865,
        0.8901415467262268,
        0.9227712750434875,
        0.810255229473114,
        0.807497501373291,
        0.8152846097946167,
        0.8439905047416687,
        0.9868783950805664,
        0.7907525300979614,
        0.9172742962837219,
        1.0102856159210205,
        0.9669711589813232,
        0.9272823929786682,
        0.925800621509552,
        0.8542879819869995,
        0.8880818486213684,
        0.9052284955978394,
        0.8213047981262207,
        0.8187145590782166,
        0.9131469130516052,
        0.7957229614257812,
        0.828071653842926,
        1.1360749006271362,
        0.9075952768325806,
        0.8905372619628906,
        0.7849425077438354,
        0.8637687563896179,
        0.9001584053039551,
        1.0844807624816895,
        0.8712092638015747,
        0.8178293108940125,
        0.8594335913658142,
        0.9156156778335571,
        0.8038290143013,
        0.8718966841697693,
        1.018296241760254,
        0.8977447152137756,
        0.7885958552360535,
        0.85479736328125,
        0.7637519836425781,
        0.8229885101318359,
        0.8781062960624695,
        1.0218074321746826,
        0.8006211519241333,
        0.8181948065757751,
        0.7845464944839478,
        0.8370664119720459,
        0.954878568649292,
        0.9286847710609436,
        0.9247816801071167,
        1.1560114622116089,
        0.8636410236358643,
        0.7988657355308533,
        0.9694830179214478,
        0.9152262210845947,
        0.7651728391647339,
        0.866593062877655,
        0.7469847798347473,
        0.9373942613601685,
        0.929817795753479,
        0.8601592779159546,
        0.8430215716362,
        1.0635826587677002,
        0.9662443399429321,
        0.856274425983429,
        0.8562973141670227,
        0.8670799136161804,
        0.9200576543807983,
        0.8015093803405762,
        0.9388114213943481,
        0.8712571263313293,
        1.065858006477356,
        0.8320516347885132,
        0.9166263341903687,
        0.7827415466308594,
        0.8904166221618652,
        0.8426493406295776,
        0.7935585975646973,
        0.8554924726486206,
        1.0145184993743896,
        0.8241803646087646,
        0.9726854562759399,
        0.8052998781204224,
        0.8860442042350769,
        0.7817816734313965,
        0.8667412996292114,
        0.8782838582992554,
        0.7561007738113403,
        0.6889534592628479,
        0.7694199085235596,
        0.7493818998336792,
        0.7750955820083618,
        0.9331204891204834,
        0.8324604630470276,
        0.8226116895675659,
        0.7311906218528748,
        0.714583158493042,
        0.7392745018005371,
        0.7013109922409058,
        0.7359088063240051,
        0.7197558879852295,
        0.7570394277572632,
        0.6961590647697449,
        0.7699575424194336,
        0.8336955308914185,
        0.7651650309562683,
        0.884924590587616,
        1.0677392482757568,
        0.7034263610839844,
        0.7750889658927917,
        0.9603829383850098,
        0.8098605871200562,
        0.7789839506149292,
        0.9089917540550232,
        0.8212392330169678,
        0.8248460292816162,
        0.8003438115119934,
        0.9891408681869507,
        0.8448911309242249,
        0.849773108959198,
        0.9235431551933289,
        1.0070229768753052,
        0.975371778011322,
        1.11691415309906,
        0.7733728885650635,
        0.7372127771377563,
        0.7594528198242188,
        0.7563552856445312,
        0.6933884620666504,
        0.6996682286262512,
        0.7900566458702087,
        0.7809861898422241,
        0.7387511730194092,
        0.7805171012878418,
        0.7972611784934998,
        0.9556204080581665,
        1.2309949398040771,
        1.0882654190063477,
        0.9305351972579956,
        0.7292472124099731,
        0.7442108392715454,
        0.9234474897384644,
        1.0167161226272583,
        0.7880977392196655,
        0.7679257988929749,
        0.6904648542404175,
        0.7989697456359863,
        0.6502660512924194,
        0.7548528909683228,
        0.8188925385475159,
        0.7877102494239807,
        0.7477222681045532,
        0.6476997137069702,
        0.7854325175285339,
        0.7237370014190674,
        0.7091629505157471,
        0.7851065397262573,
        0.8119410276412964,
        0.7751525640487671,
        0.7468582391738892,
        0.7904872298240662,
        0.7280683517456055,
        0.8170539736747742,
        1.0375220775604248,
        0.8999305963516235,
        0.8668379187583923,
        0.8510122299194336,
        0.8868686556816101,
        0.7996413707733154,
        0.7906087040901184,
        0.7391623258590698,
        0.7200907468795776,
        0.9015986919403076,
        0.737018346786499,
        0.8499308824539185,
        0.7643400430679321,
        0.8986051678657532,
        0.773847222328186,
        0.9314244389533997,
        0.7205184698104858,
        0.962054431438446,
        0.8273642659187317,
        0.8611692786216736,
        0.8606128692626953,
        0.8134522438049316,
        0.8403750061988831,
        0.8936457633972168,
        0.8058061003684998,
        0.8682050108909607,
        1.10793137550354,
        0.9368935823440552,
        1.1120439767837524,
        0.9313943386077881,
        0.8952860832214355,
        0.7473118305206299,
        0.7624392509460449,
        0.8734896779060364,
        0.7442457675933838,
        0.7136524319648743,
        0.777238667011261,
        0.6842495203018188,
        0.7264674305915833,
        0.7213533520698547,
        0.6850987076759338,
        0.7001106142997742,
