{
    "stu_train_loss": [
        2.2527244091033936,
        2.2520391941070557,
        2.2519047260284424,
        2.2540032863616943,
        2.253511905670166,
        2.2560946941375732,
        2.2480344772338867,
        2.259606122970581,
        2.25370454788208,
        2.2523961067199707,
        2.2555229663848877
    ],
    "stu_test_loss": [
        2.333524227142334,
        2.3495829105377197,
        2.3459324836730957,
        2.3247013092041016,
        2.3605287075042725,
        2.323636293411255,
        2.3406429290771484,
        2.3297131061553955,
        2.3478002548217773,
        2.34761118888855,
        2.3449723720550537,
        2.34710955619812,
        2.3392326831817627,
        2.333970546722412,
        2.3728318214416504,
        2.3384296894073486,
        2.351585626602173,
        2.358771800994873,
        2.376096725463867,
        2.343684673309326,
        2.3397531509399414,
        2.336782693862915,
        2.349956512451172,
        2.3236310482025146,
        2.347100019454956,
        2.3389780521392822,
        2.3346824645996094,
        2.376446008682251,
        2.3309309482574463,
        2.360572338104248,
        2.331392288208008,
        2.3232877254486084,
        2.327310562133789,
        2.353245973587036,
        2.35520601272583,
        2.348257064819336,
        2.357269287109375,
        2.3449795246124268,
        2.3368582725524902,
        2.357846736907959,
        2.3517777919769287,
        2.3281607627868652,
        2.3308095932006836,
        2.360795497894287,
        2.342073917388916,
        2.3775198459625244,
        2.35412859916687,
        2.3526124954223633,
        2.3215487003326416,
        2.351078510284424,
        2.357654571533203,
        2.3315932750701904,
        2.3692474365234375,
        2.3293392658233643,
        2.3502004146575928,
        2.3279497623443604,
        2.3540725708007812,
        2.345273733139038,
        2.3377580642700195,
        2.355818271636963,
        2.3467161655426025,
        2.376143455505371,
        2.329190731048584,
        2.3463566303253174,
        2.3687076568603516,
        2.369056463241577,
        2.3633837699890137,
        2.340571880340576,
        2.351229667663574,
        2.3370895385742188,
        2.3169381618499756,
        2.328826904296875,
        2.332148790359497,
        2.3229832649230957,
        2.3425846099853516,
        2.3453376293182373,
        2.359902858734131,
        2.347259044647217,
        2.344087600708008,
        2.360991954803467,
        2.3489322662353516,
        2.368535041809082,
        2.3577423095703125,
        2.3328840732574463,
        2.348022937774658,
        2.362825870513916,
        2.348442792892456,
        2.344616174697876,
        2.3451180458068848,
        2.339794635772705,
        2.342200994491577,
        2.3573081493377686,
        2.3622403144836426,
        2.3519341945648193,
        2.3194169998168945,
        2.3466908931732178,
        2.3391077518463135,
        2.3582043647766113,
        2.3461856842041016,
        2.35953426361084,
        2.3226754665374756,
        2.329984664916992,
        2.330584764480591,
        2.3550260066986084,
        2.3663995265960693,
        2.3356716632843018,
        2.348762273788452,
        2.3276875019073486,
        2.343947410583496,
        2.352372407913208,
        2.343967914581299,
        2.3692221641540527,
        2.316925525665283,
        2.352818489074707,
        2.3374829292297363,
        2.35367488861084,
        2.3515026569366455,
        2.3611600399017334,
        2.3539254665374756,
        2.351625919342041,
        2.34171986579895,
        2.3565163612365723,
        2.3438854217529297,
        2.369015693664551,
        2.330652952194214,
        2.3261570930480957,
        2.3399465084075928,
        2.351067066192627,
        2.3609561920166016,
        2.347235679626465,
        2.2954647541046143,
        2.342219591140747,
        2.3646957874298096,
        2.33046817779541,
        2.318211793899536,
        2.3427772521972656,
        2.3702425956726074,
        2.351923942565918,
        2.370168447494507,
        2.3679497241973877,
        2.3374855518341064,
        2.3371129035949707,
        2.332545757293701,
        2.3291618824005127,
        2.3709607124328613,
        2.3202033042907715,
        2.327378034591675,
        2.337693214416504,
        2.3701202869415283,
        2.3510842323303223,
        2.3596675395965576,
        2.335599660873413,
        2.3384718894958496,
        2.3274085521698,
        2.3349356651306152,
        2.337233066558838,
        2.3397600650787354,
        2.30668306350708,
        2.3412234783172607,
        2.3173413276672363,
        2.331139087677002,
        2.3518452644348145,
        2.3453032970428467,
        2.3533244132995605,
        2.3278915882110596,
        2.341642141342163,
        2.311795949935913,
        2.3170666694641113,
        2.3370490074157715,
        2.3436877727508545,
        2.3195674419403076,
        2.3250038623809814,
        2.3266961574554443,
        2.3189268112182617,
        2.344911575317383,
        2.339078187942505,
        2.3313534259796143,
        2.3343453407287598,
        2.347233772277832,
        2.3516294956207275,
        2.3347384929656982,
        2.3490426540374756,
        2.3632006645202637,
        2.343784809112549,
        2.337064504623413,
        2.3446764945983887,
        2.3410677909851074,
        2.3147079944610596,
        2.3468527793884277,
        2.337451219558716,
        2.3362479209899902,
        2.3428633213043213,
        2.3408989906311035,
        2.3441295623779297,
        2.320760488510132,
        2.339756727218628,
        2.3471713066101074,
        2.3254892826080322,
        2.333486557006836,
        2.3487706184387207,
        2.3388843536376953,
        2.319354295730591,
        2.3361823558807373,
        2.3266372680664062,
        2.3501667976379395,
        2.3581159114837646,
        2.3420755863189697,
        2.3453574180603027,
        2.3104758262634277,
        2.333113431930542,
        2.309668779373169,
        2.3518383502960205,
        2.347890853881836,
        2.3417482376098633,
        2.325281858444214,
        2.3397340774536133,
        2.3206710815429688,
        2.325295925140381,
        2.3133466243743896,
        2.3283708095550537,
        2.339348793029785,
        2.3174097537994385,
        2.353520631790161,
        2.330683469772339,
        2.324713706970215,
        2.334380865097046,
        2.3354294300079346,
        2.325451374053955,
        2.3080782890319824,
        2.3396289348602295,
        2.3278565406799316,
        2.3220245838165283,
        2.3600432872772217,
        2.336329936981201,
        2.331449508666992,
        2.3631112575531006,
        2.3119232654571533,
        2.3308982849121094,
        2.330652952194214,
        2.355872392654419,
        2.3393189907073975,
        2.3471615314483643,
        2.3423938751220703,
        2.3265445232391357,
        2.3200151920318604,
        2.3501060009002686,
        2.3307034969329834,
        2.3394722938537598,
        2.33579683303833,
        2.34191632270813,
        2.324953556060791,
        2.3386995792388916,
        2.324432373046875,
        2.334606409072876,
        2.3395285606384277,
        2.348846435546875,
        2.352937936782837,
        2.332411050796509,
        2.35737681388855,
        2.340942144393921,
        2.3534021377563477,
        2.3426852226257324,
        2.3462209701538086,
        2.3288228511810303,
        2.346362352371216,
        2.332364797592163,
        2.336542844772339,
        2.341881275177002,
        2.343520402908325,
        2.3467626571655273,
        2.3522560596466064,
        2.32063627243042,
        2.3158822059631348,
        2.3242874145507812,
        2.327308177947998,
        2.3434693813323975,
        2.346097469329834,
