{
    "stu_train_loss": 0.22093369543813823,
    "mentor_train_loss": 0.2056952396200763,
    "stu_test_loss": 1.0700271741841167,
    "mentor_test_loss": 0.4251755340316425,
    "stu_train_acc": 0.9732182018066707,
    "mentor_train_acc": 0.9834064328008227,
    "stu_test_acc": 0.7382188498402555,
    "mentor_test_acc": 0.9111421725239617
}