{
    "stu_train_loss": 0.1621753904009946,
    "mentor_train_loss": 0.16564466335881523,
    "stu_test_loss": 1.1840380994847026,
    "mentor_test_loss": 0.4475630122347,
    "stu_train_acc": 0.9901315789473685,
    "mentor_train_acc": 0.9909904971283082,
    "stu_test_acc": 0.735323482428115,
    "mentor_test_acc": 0.9124400958466453
}