{
    "stu_train_loss": 0.1076234673416754,
    "mentor_train_loss": 0.11525903482055455,
    "stu_test_loss": 1.3325916120229058,
    "mentor_test_loss": 0.49898473051980663,
    "stu_train_acc": 0.9973958333333334,
    "mentor_train_acc": 0.9968475877192983,
    "stu_test_acc": 0.7393170926517572,
    "mentor_test_acc": 0.909944089456869
}