{
    "stu_train_loss": 0.42633225321769713,
    "stu_test_loss": 0.9909240257740021,
    "stu_train_acc": 0.8644444306691488,
    "stu_test_acc": 0.7894999784231186
}