{
    "stu_train_loss": 0.38949591120084126,
    "stu_test_loss": 1.0337630647420883,
    "stu_train_acc": 0.870888868967692,
    "stu_test_acc": 0.7845999813079834
}