{
    "stu_train_loss": 0.44430885910987855,
    "stu_test_loss": 1.0302291256189346,
    "stu_train_acc": 0.8408888737360637,
    "stu_test_acc": 0.7904999786615372
}