{
    "stu_train_loss": 0.4174288481473923,
    "stu_test_loss": 1.021855628490448,
    "stu_train_acc": 0.8705555359522502,
    "stu_test_acc": 0.7917999792098999
}