{
    "stu_train_loss": 0.4437191069126129,
    "stu_test_loss": 1.035087946653366,
    "stu_train_acc": 0.8506666501363118,
    "stu_test_acc": 0.7867999792098999
}