{
    "stu_train_loss": 0.4228914539019267,
    "stu_test_loss": 0.9810434627532959,
    "stu_train_acc": 0.8693333148956299,
    "stu_test_acc": 0.792799978852272
}