{
    "stu_train_loss": 0.47267710566520693,
    "stu_test_loss": 1.0153516572713852,
    "stu_train_acc": 0.8531110922495524,
    "stu_test_acc": 0.7855999797582627
}