{
    "stu_train_loss": 0.42832170724868773,
    "stu_test_loss": 1.0062761718034745,
    "stu_train_acc": 0.8606666564941406,
    "stu_test_acc": 0.7842999815940856
}