{
    "stu_train_loss": 0.3754522075255712,
    "stu_test_loss": 1.0985039603710174,
    "stu_train_acc": 0.8784444332122803,
    "stu_test_acc": 0.7940999794006348
}