{
    "stu_train_loss": 0.400417830546697,
    "stu_test_loss": 1.045582560300827,
    "stu_train_acc": 0.8653333187103271,
    "stu_test_acc": 0.7901999783515931
}