{
    "stu_train_loss": 0.42467778325080874,
    "stu_test_loss": 0.9986320209503173,
    "stu_train_acc": 0.8623333136240642,
    "stu_test_acc": 0.7713999795913696
}