{
    "stu_train_loss": 0.18897203130777493,
    "mentor_train_loss": 0.18206254453506582,
    "stu_test_loss": 0.15721669381323713,
    "mentor_test_loss": 0.17227554956849772,
    "stu_train_acc": 0.9847383720930233,
    "mentor_train_acc": 0.9901889534883721,
    "stu_test_acc": 0.9873202875399361,
    "mentor_test_acc": 0.9825279552715654
}