{
    "stu_train_loss": 0.4613136458535527,
    "mentor_train_loss": 0.4564423417282659,
    "stu_test_loss": 0.3530121924587713,
    "mentor_test_loss": 0.3640435000006764,
    "stu_train_acc": 0.956031976744186,
    "mentor_train_acc": 0.9629360465116279,
    "stu_test_acc": 0.9752396166134185,
    "mentor_test_acc": 0.9663538338658147
}