{
    "stu_train_loss": 0.18981394769493923,
    "mentor_train_loss": 0.1626945364094058,
    "stu_test_loss": 0.18074975169885654,
    "mentor_test_loss": 0.2186499320137234,
    "stu_train_acc": 0.9832848837209303,
    "mentor_train_acc": 0.9905523255813954,
    "stu_test_acc": 0.9860223642172524,
    "mentor_test_acc": 0.9783346645367412
}