{
    "stu_train_loss": 0.17943902452324711,
    "mentor_train_loss": 0.17100475884454194,
    "stu_test_loss": 0.1806694688126683,
    "mentor_test_loss": 0.2210415653860607,
    "stu_train_acc": 0.9840116279069767,
    "mentor_train_acc": 0.9865552325581395,
    "stu_test_acc": 0.9836261980830671,
    "mentor_test_acc": 0.9735423322683706
}