{
    "stu_train_loss": 0.1997140164292136,
    "mentor_train_loss": 0.19292942330587742,
    "stu_test_loss": 0.17472441313556208,
    "mentor_test_loss": 0.21875140827875167,
    "stu_train_acc": 0.9832848837209303,
    "mentor_train_acc": 0.9883720930232558,
    "stu_test_acc": 0.9862220447284346,
    "mentor_test_acc": 0.9799321086261981
}