{
    "stu_train_loss": 0.1736041774410148,
    "mentor_train_loss": 0.15016075362299763,
    "stu_test_loss": 0.16494106398984648,
    "mentor_test_loss": 0.18189887833385804,
    "stu_train_acc": 0.984375,
    "mentor_train_acc": 0.9901889534883721,
    "stu_test_acc": 0.9846246006389776,
    "mentor_test_acc": 0.9826277955271565
}