{
    "stu_train_loss": 1.5463023310483888,
    "mentor_train_loss": 1.1810621161793553,
    "stu_test_loss": 0.7806065808089016,
    "mentor_test_loss": 0.5377421389563015,
    "stu_train_acc": 0.5145348837209303,
    "mentor_train_acc": 0.6994912790697675,
    "stu_test_acc": 0.8158945686900958,
    "mentor_test_acc": 0.9440894568690096
}