{
    "stu_train_loss": 0.17437359569377678,
    "mentor_train_loss": 0.13421139814132868,
    "stu_test_loss": 0.1636620846609719,
    "mentor_test_loss": 0.16414567347342213,
    "stu_train_acc": 0.9847383720930233,
    "mentor_train_acc": 0.9934593023255814,
    "stu_test_acc": 0.9861222044728435,
    "mentor_test_acc": 0.9836261980830671
}