{
    "stu_train_loss": 0.1867115285334199,
    "mentor_train_loss": 0.16938623517405155,
    "stu_test_loss": 0.17121310967702075,
    "mentor_test_loss": 0.19832386683446532,
    "stu_train_acc": 0.9851017441860465,
    "mentor_train_acc": 0.9894622093023255,
    "stu_test_acc": 0.9864217252396166,
    "mentor_test_acc": 0.9823282747603834
}