{
    "stu_train_loss": 0.1862815559603447,
    "mentor_train_loss": 0.16469964696917422,
    "stu_test_loss": 0.19020570690829913,
    "mentor_test_loss": 0.19787148569529048,
    "stu_train_acc": 0.9825581395348837,
    "mentor_train_acc": 0.9880087209302325,
    "stu_test_acc": 0.9838258785942492,
    "mentor_test_acc": 0.9813298722044729
}