{
    "stu_train_loss": 0.9009535427446719,
    "mentor_train_loss": 0.41823165151807995,
    "stu_test_loss": 0.8868083243552869,
    "mentor_test_loss": 0.8956026714830734,
    "stu_train_acc": 0.7564814814814815,
    "mentor_train_acc": 0.9527777777777777,
    "stu_test_acc": 0.7247404153354633,
    "mentor_test_acc": 0.7349241214057508
}