{
    "stu_train_loss": 0.8690567663422337,
    "mentor_train_loss": 0.3834053812203584,
    "stu_test_loss": 0.8935186063138821,
    "mentor_test_loss": 0.8784076150613852,
    "stu_train_acc": 0.7627314814814815,
    "mentor_train_acc": 0.9493055555555555,
    "stu_test_acc": 0.7321285942492013,
    "mentor_test_acc": 0.7342252396166135
}