{
    "stu_train_loss": 0.8614892502625783,
    "mentor_train_loss": 0.31662463347117104,
    "stu_test_loss": 0.8420212664924109,
    "mentor_test_loss": 0.8240653967705017,
    "stu_train_acc": 0.774537037037037,
    "mentor_train_acc": 0.9613425925925926,
    "stu_test_acc": 0.7474041533546326,
    "mentor_test_acc": 0.7521964856230032
}