{
    "stu_train_loss": 0.8635341887120848,
    "mentor_train_loss": 0.33353389656102217,
    "stu_test_loss": 0.8698126099551448,
    "mentor_test_loss": 0.8412852746229202,
    "stu_train_acc": 0.7706018518518518,
    "mentor_train_acc": 0.9574074074074074,
    "stu_test_acc": 0.7443091054313099,
    "mentor_test_acc": 0.7511980830670927
}