{
    "stu_train_loss": [
        2.29978084564209,
        2.3003127574920654,
        2.3068761825561523,
        2.297818899154663,
        2.2993521690368652,
        2.3001742362976074,
        2.3026602268218994,
        2.3022193908691406,
        2.296457290649414,
        2.2957732677459717,
        2.2961878776550293,
        2.2968225479125977,
        2.3020122051239014,
        2.3010528087615967,
        2.2970023155212402,
        2.299177885055542,
        2.3002419471740723,
        2.2988088130950928,
        2.2969110012054443,
        2.2966809272766113,
        2.2959327697753906,
        2.2987818717956543,
        2.2978756427764893,
        2.2985589504241943,
        2.2969679832458496,
        2.2930872440338135,
        2.298137903213501,
        2.293910026550293,
        2.297405958175659,
        2.295762777328491,
        2.298189163208008,
        2.2964861392974854,
        2.2923336029052734,
        2.2916507720947266,
        2.297083854675293,
        2.298292636871338,
        2.293789863586426
    ],
    "stu_test_loss": [
        2.4142096042633057,
        2.4118356704711914,
        2.4045767784118652,
        2.4212052822113037,
        2.395282506942749,
        2.3992855548858643,
        2.401837110519409,
        2.39972186088562,
        2.413893461227417,
        2.4076390266418457,
        2.415355920791626,
        2.398162603378296,
        2.4206137657165527,
        2.4097108840942383,
        2.403160810470581,
        2.370197296142578,
        2.3918755054473877,
        2.399042844772339,
        2.4024412631988525,
        2.3974621295928955,
        2.4110448360443115,
        2.4017109870910645,
        2.395789861679077,
        2.4160985946655273,
        2.4043564796447754,
        2.4036428928375244,
        2.4107532501220703,
        2.416146993637085,
        2.412799119949341,
        2.4132611751556396,
        2.4080381393432617,
        2.4153780937194824,
        2.429948091506958,
        2.4068539142608643,
        2.404567003250122,
        2.4076411724090576,
        2.417731523513794,
        2.4103000164031982,
        2.4095864295959473,
        2.4028565883636475,
        2.395744562149048,
        2.397278308868408,
        2.3968958854675293,
        2.4180586338043213,
        2.400994062423706,
        2.401235818862915,
        2.4082977771759033,
        2.4106171131134033,
        2.385309934616089,
        2.4131884574890137,
        2.4059033393859863,
        2.395542860031128,
        2.390213966369629,
        2.408024787902832,
        2.40407657623291,
        2.4271657466888428,
        2.4033238887786865,
        2.3954312801361084,
        2.413699150085449,
        2.3884780406951904,
        2.4071388244628906,
        2.4137394428253174,
        2.397311210632324,
        2.3946666717529297,
        2.399837017059326,
        2.41678524017334,
        2.4101662635803223,
        2.3986895084381104,
        2.3946316242218018,
        2.4019932746887207,
        2.407496929168701,
        2.407193183898926,
        2.411468744277954,
        2.409083127975464,
        2.4036595821380615,
        2.3964827060699463,
        2.407978057861328,
        2.397944688796997,
        2.401759386062622,
        2.4066081047058105,
        2.406018018722534,
        2.3978381156921387,
        2.413939952850342,
        2.409228801727295,
        2.3982410430908203,
        2.421989917755127,
        2.4088211059570312,
        2.415142297744751,
        2.4214048385620117,
        2.395528554916382,
        2.4148223400115967,
        2.412447214126587,
        2.3968865871429443,
        2.39406418800354,
        2.406412363052368,
        2.408231735229492,
        2.4124507904052734,
        2.4034199714660645,
        2.390002489089966,
        2.4103007316589355,
        2.409329652786255,
        2.406301498413086,
        2.3903181552886963,
        2.404958486557007,
        2.407639980316162,
        2.410598039627075,
        2.4006307125091553,
        2.3905670642852783,
        2.4105162620544434,
        2.4048702716827393,
        2.4014923572540283,
        2.417135238647461,
        2.4220714569091797,
        2.409353256225586,
        2.405254364013672,
        2.395307779312134,
        2.4114749431610107,
        2.4063024520874023,
        2.407332181930542,
        2.404031276702881,
        2.3877553939819336,
        2.4034264087677,
        2.4061055183410645,
        2.389056444168091,
        2.4058678150177,
        2.4080541133880615,
        2.423502206802368,
        2.3967487812042236,
        2.399439573287964,
        2.4057013988494873,
        2.4051082134246826,
        2.402867555618286,
        2.3867075443267822,
        2.407182455062866,
        2.400531768798828,
        2.3945300579071045,
        2.415205955505371,
        2.402688503265381,
        2.417701005935669,
        2.4040045738220215,
        2.422710418701172,
        2.3972201347351074,
        2.4094221591949463,
        2.3929412364959717,
        2.4156980514526367,
        2.4042208194732666,
        2.404338836669922,
        2.405527114868164,
        2.4149723052978516,
        2.404862642288208,
        2.4033634662628174,
        2.4165382385253906,
        2.4097442626953125,
        2.419900417327881,
        2.4010987281799316,
        2.4199421405792236,
        2.4208180904388428,
        2.4006221294403076,
        2.405365228652954,
        2.405568838119507,
        2.3984591960906982,
        2.41005802154541,
        2.4068081378936768,
        2.4163432121276855,
        2.40858793258667,
        2.401573419570923,
        2.401533365249634,
        2.4081077575683594,
        2.4049184322357178,
        2.411512851715088,
        2.4151575565338135,
        2.418285608291626,
        2.4137773513793945,
        2.4039788246154785,
        2.409066677093506,
        2.398775100708008,
        2.3995296955108643,
        2.4094157218933105,
        2.4160683155059814,
        2.392624616622925,
        2.402071714401245,
        2.402292013168335,
        2.415936231613159,
        2.3978137969970703,
        2.3960788249969482,
        2.3988428115844727,
        2.37912917137146,
        2.4001152515411377,
        2.3980085849761963,
        2.3941779136657715,
        2.400491952896118,
        2.401175022125244,
        2.4071831703186035,
        2.403254270553589,
        2.4067680835723877,
        2.3935375213623047,
        2.4058401584625244,
        2.4092299938201904,
        2.4149889945983887,
        2.4075818061828613,
        2.403160810470581,
        2.401399850845337,
        2.4095382690429688,
        2.402545928955078,
        2.4138548374176025,
        2.3965904712677,
        2.39559006690979,
        2.3890998363494873,
        2.4087045192718506,
        2.422089099884033,
        2.4102818965911865,
        2.409484624862671,
        2.400381088256836,
        2.4236631393432617,
        2.3935375213623047,
        2.429237127304077,
        2.4050979614257812,
        2.3973448276519775,
        2.404215097427368,
        2.4048378467559814,
        2.395563840866089,
        2.3997952938079834,
        2.4102187156677246,
        2.391711711883545,
        2.3863484859466553,
        2.4310667514801025,
        2.3902413845062256,
        2.411555290222168,
        2.398209810256958,
        2.3991775512695312,
        2.411452531814575,
        2.405048370361328,
        2.417966365814209,
        2.4036507606506348,
        2.4184837341308594,
        2.3861336708068848,
        2.4168436527252197,
        2.4132838249206543,
        2.401393413543701,
        2.3969292640686035,
        2.3985958099365234,
        2.4048080444335938,
        2.389754056930542,
        2.410414457321167,
        2.4156746864318848,
        2.405709981918335,
        2.4199271202087402,
        2.404033660888672,
        2.421103000640869,
        2.398124933242798,
        2.412381410598755,
