{
    "stu_train_loss": [
        2.2740750312805176,
        2.268571376800537,
        2.275496482849121,
        2.2763707637786865,
        2.276362895965576,
        2.2735724449157715,
        2.2709603309631348,
        2.2780346870422363,
        2.263396978378296,
        2.2730886936187744,
        2.2702243328094482,
        2.268739700317383,
        2.2727017402648926,
        2.273192882537842,
        2.2714598178863525,
        2.2641735076904297,
        2.267347574234009,
        2.2738289833068848,
        2.2689993381500244,
        2.2644715309143066,
        2.2733371257781982,
        2.2639658451080322,
        2.2679386138916016,
        2.2618722915649414,
        2.2690770626068115,
        2.2639620304107666,
        2.26501727104187,
        2.2572617530822754,
        2.2636630535125732,
        2.2620015144348145,
        2.2571566104888916,
        2.257054328918457,
        2.260690927505493,
        2.2590255737304688,
        2.261680841445923,
        2.258424758911133,
        2.273589849472046
    ],
    "stu_test_loss": [
        2.3819737434387207,
        2.370096206665039,
        2.3718783855438232,
        2.40649676322937,
        2.360807418823242,
        2.3722286224365234,
        2.3752710819244385,
        2.3585047721862793,
        2.3860442638397217,
        2.3799426555633545,
        2.383800983428955,
        2.35892391204834,
        2.3810219764709473,
        2.3718700408935547,
        2.372971534729004,
        2.346120595932007,
        2.360379934310913,
        2.362236499786377,
        2.388453245162964,
        2.3771681785583496,
        2.368826150894165,
        2.3736422061920166,
        2.370710849761963,
        2.3755412101745605,
        2.3764286041259766,
        2.368394374847412,
        2.371777057647705,
        2.3818132877349854,
        2.3882498741149902,
        2.3896937370300293,
        2.377535581588745,
        2.3927435874938965,
        2.4067249298095703,
        2.384579658508301,
        2.3734259605407715,
        2.383309841156006,
        2.3859362602233887,
        2.3782622814178467,
        2.3882360458374023,
        2.384546995162964,
        2.3618195056915283,
        2.361107110977173,
        2.3649754524230957,
        2.377412796020508,
        2.3686907291412354,
        2.3699443340301514,
        2.3776142597198486,
        2.3825113773345947,
        2.358128786087036,
        2.379842519760132,
        2.39426326751709,
        2.35954213142395,
        2.361872434616089,
        2.3865771293640137,
        2.3641045093536377,
        2.3966658115386963,
        2.379542350769043,
        2.3653247356414795,
        2.3804101943969727,
        2.3709797859191895,
        2.3843579292297363,
        2.3937933444976807,
        2.373539924621582,
        2.3772096633911133,
        2.3648619651794434,
        2.3721609115600586,
        2.378063440322876,
        2.37153697013855,
        2.3562872409820557,
        2.3699288368225098,
        2.384110689163208,
        2.370922327041626,
        2.3753087520599365,
        2.3785393238067627,
        2.3697092533111572,
        2.3656580448150635,
        2.3683271408081055,
        2.3646717071533203,
        2.3770508766174316,
        2.3869783878326416,
        2.3855597972869873,
        2.3732078075408936,
        2.390496015548706,
        2.3743090629577637,
        2.3754594326019287,
        2.399872303009033,
        2.3772706985473633,
        2.3671717643737793,
        2.3911216259002686,
        2.370828628540039,
        2.3784821033477783,
        2.37998628616333,
        2.36905837059021,
        2.366267442703247,
        2.3869001865386963,
        2.377704620361328,
        2.3756773471832275,
        2.3860044479370117,
        2.3590681552886963,
        2.3720171451568604,
        2.385899066925049,
        2.3669657707214355,
        2.355497121810913,
        2.384891986846924,
        2.3775601387023926,
        2.3857080936431885,
        2.3675036430358887,
        2.3536739349365234,
        2.3650217056274414,
        2.3728063106536865,
        2.371081590652466,
        2.3897643089294434,
        2.3824641704559326,
        2.394725799560547,
        2.3795320987701416,
        2.3682799339294434,
        2.378472328186035,
        2.3782153129577637,
        2.368330240249634,
        2.3753321170806885,
        2.356503486633301,
        2.3759548664093018,
        2.3693790435791016,
        2.3494248390197754,
        2.358055353164673,
        2.3862836360931396,
        2.392641544342041,
        2.3625144958496094,
        2.3789737224578857,
        2.3772833347320557,
        2.373610496520996,
        2.3832485675811768,
        2.356426954269409,
        2.375607490539551,
        2.370143413543701,
        2.358825206756592,
        2.3746161460876465,
        2.3804967403411865,
        2.389425277709961,
        2.367112636566162,
        2.3832767009735107,
        2.378207206726074,
        2.375180721282959,
        2.366565704345703,
        2.3845577239990234,
        2.37735652923584,
        2.369321346282959,
        2.3679864406585693,
        2.3921711444854736,
        2.370626926422119,
        2.3685877323150635,
        2.381683111190796,
        2.3935484886169434,
        2.3981540203094482,
        2.362426519393921,
        2.397559404373169,
        2.387157917022705,
        2.3704416751861572,
        2.3675122261047363,
        2.3687424659729004,
        2.354557514190674,
        2.384962320327759,
        2.391538619995117,
        2.387010097503662,
        2.386688232421875,
        2.3652470111846924,
        2.378552198410034,
        2.3706040382385254,
        2.379166841506958,
        2.3611927032470703,
        2.378796100616455,
        2.376723289489746,
        2.376845359802246,
        2.3730804920196533,
        2.3763628005981445,
        2.385523557662964,
        2.3854832649230957,
        2.378406047821045,
        2.389479875564575,
        2.3684632778167725,
        2.369049549102783,
        2.3769116401672363,
        2.4038119316101074,
        2.3540282249450684,
        2.3736233711242676,
        2.378671407699585,
        2.3388280868530273,
        2.38037109375,
        2.3650596141815186,
        2.3668863773345947,
        2.357074022293091,
        2.3754544258117676,
        2.377114772796631,
        2.369821310043335,
        2.379476547241211,
        2.3777663707733154,
        2.3686652183532715,
        2.3775100708007812,
        2.3915107250213623,
        2.3694891929626465,
        2.3768057823181152,
        2.3932180404663086,
        2.3922901153564453,
        2.3662493228912354,
        2.3810338973999023,
        2.361455202102661,
        2.360443592071533,
        2.3567001819610596,
        2.3778231143951416,
        2.400827407836914,
        2.3849897384643555,
        2.4019973278045654,
        2.3551671504974365,
        2.3827435970306396,
        2.3642961978912354,
        2.395418643951416,
        2.3882863521575928,
        2.3662514686584473,
        2.3873744010925293,
        2.363520622253418,
        2.3604583740234375,
        2.3644967079162598,
        2.3736343383789062,
        2.3513736724853516,
        2.352536678314209,
        2.4063305854797363,
        2.3640522956848145,
        2.386049509048462,
        2.3628509044647217,
        2.371124744415283,
        2.3617801666259766,
        2.382873296737671,
        2.3853061199188232,
        2.3650617599487305,
        2.388134002685547,
        2.3581864833831787,
        2.3915841579437256,
        2.372581720352173,
        2.37451434135437,
        2.357278823852539,
        2.3627772331237793,
        2.3770110607147217,
        2.341057062149048,
        2.3804993629455566,
        2.3787753582000732,
        2.3711907863616943,
        2.389714241027832,
        2.3748834133148193,
        2.3947041034698486,
        2.3603451251983643,
        2.382441282272339,
