{
    "stu_train_loss": [
        2.262378215789795,
        2.2589409351348877,
        2.2634763717651367,
        2.263354778289795,
        2.259967088699341,
        2.2614314556121826,
        2.268733501434326,
        2.2581000328063965,
        2.2637338638305664,
        2.260666847229004,
        2.2654213905334473,
        2.258511543273926,
        2.2577857971191406,
        2.2590856552124023,
        2.2598507404327393,
        2.2630815505981445,
        2.2511162757873535,
        2.2554123401641846,
        2.253772258758545,
        2.2547144889831543,
        2.2509262561798096,
        2.2559361457824707,
        2.2470602989196777,
        2.253909111022949,
        2.249102830886841,
        2.253126621246338,
        2.239737033843994,
        2.2422003746032715,
        2.2426187992095947,
        2.254223346710205,
        2.250338554382324,
        2.241260051727295,
        2.2437386512756348,
        2.242849826812744,
        2.241973876953125,
        2.236508369445801,
        2.2369279861450195
    ],
    "stu_test_loss": [
        2.3602406978607178,
        2.360326051712036,
        2.358881950378418,
        2.3938546180725098,
        2.3378076553344727,
        2.3610572814941406,
        2.3743715286254883,
        2.3407998085021973,
        2.369619369506836,
        2.357403516769409,
        2.364380121231079,
        2.3405017852783203,
        2.3640918731689453,
        2.354856491088867,
        2.361065149307251,
        2.3178327083587646,
        2.3583266735076904,
        2.345550537109375,
        2.371401309967041,
        2.3616418838500977,
        2.3608357906341553,
        2.3661417961120605,
        2.366091251373291,
        2.34997820854187,
        2.3711516857147217,
        2.358729124069214,
        2.3516361713409424,
        2.3638267517089844,
        2.371105432510376,
        2.375284433364868,
        2.3529224395751953,
        2.3732926845550537,
        2.390777349472046,
        2.3661630153656006,
        2.3549017906188965,
        2.3657336235046387,
        2.3654072284698486,
        2.3581809997558594,
        2.3780648708343506,
        2.380723237991333,
        2.3512258529663086,
        2.347018003463745,
        2.353680372238159,
        2.3554434776306152,
        2.349316120147705,
        2.358957052230835,
        2.3742690086364746,
        2.381355047225952,
        2.3387539386749268,
        2.360511302947998,
        2.369805335998535,
        2.3336081504821777,
        2.3399033546447754,
        2.3527724742889404,
        2.340160369873047,
        2.3812966346740723,
        2.3712966442108154,
        2.3499982357025146,
        2.3625240325927734,
        2.3461642265319824,
        2.3721365928649902,
        2.379481315612793,
        2.3510406017303467,
        2.341869354248047,
        2.3555448055267334,
        2.3654117584228516,
        2.3625333309173584,
        2.3581550121307373,
        2.339503526687622,
        2.35819935798645,
        2.364872455596924,
        2.3510360717773438,
        2.365760564804077,
        2.365990161895752,
        2.3433799743652344,
        2.351454019546509,
        2.3532440662384033,
        2.3497257232666016,
        2.3659112453460693,
        2.3682548999786377,
        2.37176513671875,
        2.3634235858917236,
        2.3840062618255615,
        2.350738048553467,
        2.362488031387329,
        2.3853914737701416,
        2.3654708862304688,
        2.3519606590270996,
        2.3870787620544434,
        2.34279465675354,
        2.372072458267212,
        2.353010416030884,
        2.35217022895813,
        2.362314462661743,
        2.3747398853302,
        2.367849349975586,
        2.3618040084838867,
        2.3697750568389893,
        2.335601568222046,
        2.3566088676452637,
        2.37243390083313,
        2.350560426712036,
        2.3330464363098145,
        2.3679404258728027,
        2.3654236793518066,
        2.3788225650787354,
        2.361684560775757,
        2.3460800647735596,
        2.346285104751587,
        2.3648805618286133,
        2.3585519790649414,
        2.373328924179077,
        2.372126579284668,
        2.383716344833374,
        2.360227108001709,
        2.3501994609832764,
        2.3628129959106445,
        2.3579580783843994,
        2.362912893295288,
        2.365192413330078,
        2.3366892337799072,
        2.3456668853759766,
        2.3473570346832275,
        2.3321332931518555,
        2.3392040729522705,
        2.382012367248535,
        2.3858468532562256,
        2.348691463470459,
        2.3737685680389404,
        2.37138295173645,
        2.3587939739227295,
        2.3653571605682373,
        2.3421108722686768,
        2.361787796020508,
        2.3500638008117676,
        2.3419618606567383,
        2.3637404441833496,
        2.3676154613494873,
        2.3686723709106445,
        2.3473520278930664,
        2.369293689727783,
        2.354607582092285,
        2.3635082244873047,
        2.3416943550109863,
        2.369203805923462,
        2.3658764362335205,
        2.355525255203247,
        2.340545415878296,
        2.3860392570495605,
        2.3565714359283447,
        2.3555045127868652,
        2.3609657287597656,
        2.36816143989563,
        2.386688709259033,
        2.3385205268859863,
        2.375471591949463,
        2.370150089263916,
        2.346156120300293,
        2.3526816368103027,
        2.3507144451141357,
        2.338794231414795,
        2.3661141395568848,
        2.38411808013916,
        2.369349718093872,
        2.3725743293762207,
        2.343905448913574,
        2.3584065437316895,
        2.361191749572754,
        2.3659276962280273,
        2.337534189224243,
        2.3648648262023926,
        2.3645031452178955,
        2.3640167713165283,
        2.348914623260498,
        2.3533570766448975,
        2.383739471435547,
        2.369145631790161,
        2.366568088531494,
        2.374316453933716,
        2.3590874671936035,
        2.342027187347412,
        2.3647620677948,
        2.3990986347198486,
        2.3432652950286865,
        2.3572566509246826,
        2.3682024478912354,
        2.3059284687042236,
        2.365737199783325,
        2.3496410846710205,
        2.349321126937866,
        2.3416385650634766,
        2.3640785217285156,
        2.3635480403900146,
        2.345290184020996,
        2.3680577278137207,
        2.366382598876953,
        2.3469808101654053,
        2.3629865646362305,
        2.3826141357421875,
        2.35608172416687,
        2.362178087234497,
        2.363879680633545,
        2.379271984100342,
        2.3621678352355957,
        2.3659136295318604,
        2.353994131088257,
        2.354032278060913,
        2.3317806720733643,
        2.3537771701812744,
        2.388392448425293,
        2.367323398590088,
        2.388193368911743,
        2.3369030952453613,
        2.3714847564697266,
        2.3509647846221924,
        2.3869967460632324,
        2.368483304977417,
        2.350520133972168,
        2.375148296356201,
        2.356144666671753,
        2.339345693588257,
        2.3467297554016113,
        2.35306453704834,
        2.3363406658172607,
        2.337048053741455,
        2.3984668254852295,
        2.3423256874084473,
        2.365502119064331,
        2.351938247680664,
        2.36289644241333,
        2.3564984798431396,
        2.3715739250183105,
        2.371244430541992,
        2.350395917892456,
        2.3808655738830566,
        2.3289380073547363,
        2.3861374855041504,
        2.345461845397949,
        2.3519999980926514,
        2.3433666229248047,
        2.3350131511688232,
        2.354891538619995,
        2.3245174884796143,
        2.3707633018493652,
        2.373224973678589,
        2.3572535514831543,
        2.362548351287842,
        2.3565218448638916,
        2.384514093399048,
        2.3396248817443848,
        2.3625693321228027,
