{
    "stu_train_loss": [
        1.9953969717025757,
        1.9744348526000977,
        1.9640227556228638,
        1.9710283279418945,
        1.97954523563385,
        1.983090877532959,
        1.9964914321899414,
        1.981297492980957,
        1.983306646347046,
        1.9691460132598877,
        1.9887584447860718,
        1.9666857719421387,
        1.9877443313598633,
        1.9599812030792236,
        1.9829530715942383,
        2.0078229904174805,
        1.963767409324646,
        1.9883707761764526,
        1.9568039178848267,
        1.9727054834365845,
        1.9490705728530884,
        1.975951910018921,
        1.9707547426223755,
        1.9364656209945679,
        1.9497020244598389,
        1.9612540006637573,
        2.015930414199829,
        1.9505537748336792,
        1.9487051963806152,
        1.9565274715423584,
        1.9189304113388062,
        1.9457756280899048,
        1.9450321197509766,
        1.9466643333435059,
        1.9486156702041626,
        1.9118099212646484,
        1.8967355489730835
    ],
    "stu_test_loss": [
        2.0792617797851562,
        2.066399097442627,
        2.0576672554016113,
        2.1609363555908203,
        2.0427045822143555,
        2.003283977508545,
        2.100797653198242,
        2.0121312141418457,
        2.042184591293335,
        2.034636974334717,
        2.072411298751831,
        2.013990640640259,
        2.065887689590454,
        2.1262025833129883,
        2.1333041191101074,
        1.9792178869247437,
        2.040656328201294,
        2.020481824874878,
        2.0951969623565674,
        2.089040517807007,
        2.0341413021087646,
        2.096663475036621,
        2.056718111038208,
        2.072406053543091,
        2.122290849685669,
        2.1074700355529785,
        2.0775747299194336,
        2.0539052486419678,
        2.1260719299316406,
        2.120922088623047,
        2.001528739929199,
        2.0223138332366943,
        2.1640992164611816,
        2.0022237300872803,
        2.0360147953033447,
        2.0943117141723633,
        2.018784761428833,
        2.0512421131134033,
        2.0724985599517822,
        2.105318069458008,
        2.045548439025879,
        2.052173614501953,
        2.0270590782165527,
        2.0899791717529297,
        2.004087209701538,
        2.067063093185425,
        2.0648036003112793,
        2.1543469429016113,
        2.0714542865753174,
        2.0950403213500977,
        2.1446874141693115,
        2.0020904541015625,
        2.0285749435424805,
        2.062486171722412,
        1.9927276372909546,
        2.1102564334869385,
        2.077666759490967,
        2.043175220489502,
        2.1051363945007324,
        2.0420289039611816,
        2.1006035804748535,
        2.1720468997955322,
        2.036426305770874,
        1.9848297834396362,
        2.044100522994995,
        2.104010820388794,
        2.041417121887207,
        2.0787222385406494,
        2.021456718444824,
        2.1246471405029297,
        2.0470173358917236,
        2.0185225009918213,
        2.1392314434051514,
        2.1080968379974365,
        1.9823479652404785,
        2.0592498779296875,
        2.007369041442871,
        2.059943675994873,
        2.0755274295806885,
        2.1461219787597656,
        2.1591482162475586,
        2.088953733444214,
        2.1790027618408203,
        2.1134746074676514,
        2.0601308345794678,
        2.089482307434082,
        2.139528512954712,
        2.0194175243377686,
        2.159759998321533,
        2.0755279064178467,
        2.0799741744995117,
        2.029554605484009,
        2.1240086555480957,
        2.104093551635742,
        2.1130454540252686,
        2.103508472442627,
        2.0610527992248535,
        2.142495632171631,
        1.907677173614502,
        2.0517985820770264,
        2.0929079055786133,
        2.098198175430298,
        2.0086686611175537,
        2.1588058471679688,
        2.1543383598327637,
        2.0860402584075928,
        2.1270980834960938,
        2.012489080429077,
        2.1056787967681885,
        2.018709182739258,
        2.0320985317230225,
        2.119480609893799,
        2.1045470237731934,
        2.1327953338623047,
        2.10783314704895,
        2.023728609085083,
        2.1233627796173096,
        2.120199680328369,
        2.089449405670166,
        2.0298213958740234,
        1.9952576160430908,
        2.1053550243377686,
        2.0673580169677734,
        1.988325595855713,
        2.0302882194519043,
        2.10426926612854,
        2.193605899810791,
        2.0587611198425293,
        2.122849464416504,
        2.055065155029297,
        2.070028305053711,
        2.0566089153289795,
        2.0389809608459473,
        2.0556938648223877,
        2.0628890991210938,
        1.9748961925506592,
        2.0379316806793213,
        2.0833475589752197,
        2.092303991317749,
        2.0142436027526855,
        2.093519449234009,
        2.065945625305176,
        2.1152985095977783,
        2.0551044940948486,
        2.123845338821411,
        2.065753698348999,
        2.074317455291748,
        1.9644356966018677,
        2.1743874549865723,
        2.1272125244140625,
        2.0798234939575195,
        2.0632002353668213,
        2.068634271621704,
        2.1171557903289795,
        1.9615980386734009,
        2.081618070602417,
        2.1549136638641357,
        2.057077646255493,
        2.0289833545684814,
        2.0577456951141357,
        2.007438898086548,
        2.1024439334869385,
        2.18448805809021,
        2.0951390266418457,
        2.1161632537841797,
        2.0734853744506836,
        2.0988802909851074,
        2.0948784351348877,
        2.1254074573516846,
        1.9801490306854248,
        2.101334571838379,
        2.040806531906128,
        2.1352639198303223,
        2.118032455444336,
        2.058316230773926,
        2.130891799926758,
        2.1421663761138916,
        2.1309802532196045,
        2.1146469116210938,
        2.0384809970855713,
        2.0447282791137695,
        2.06575608253479,
        2.2226555347442627,
        2.046967029571533,
        2.0676817893981934,
        2.120824098587036,
        1.9482359886169434,
        2.0954508781433105,
        2.0632455348968506,
        2.0782694816589355,
        2.015606641769409,
        2.0589818954467773,
        2.203258514404297,
        2.0410003662109375,
        2.151622772216797,
        2.114284038543701,
        1.9536170959472656,
        2.141838550567627,
        2.176443576812744,
        2.041792392730713,
        2.048032760620117,
        2.0483474731445312,
        2.124422788619995,
        2.099708080291748,
        2.088718891143799,
        2.0310466289520264,
        2.093930721282959,
        1.9980649948120117,
        2.102004051208496,
        2.1487889289855957,
        2.052222728729248,
        2.1543164253234863,
        1.9690170288085938,
        1.9958810806274414,
        2.0562446117401123,
        2.154186487197876,
        2.121502161026001,
        2.0479018688201904,
        2.0401782989501953,
        2.0634355545043945,
        2.0639760494232178,
        2.052473783493042,
        2.0696868896484375,
        1.940740942955017,
        2.075208902359009,
        2.223287582397461,
        2.040320634841919,
        2.0639824867248535,
        2.046536684036255,
        2.125363349914551,
        2.0808300971984863,
        2.0877339839935303,
        2.098750114440918,
        2.0016233921051025,
        2.1326355934143066,
        1.9736018180847168,
        2.099154233932495,
        2.035601854324341,
        2.093691825866699,
        2.06136417388916,
        1.9698593616485596,
        2.0746960639953613,
        2.0311405658721924,
        2.070946216583252,
        2.094278573989868,
        2.0844764709472656,
        2.0310187339782715,
        2.090480089187622,
        2.159993886947632,
        2.0314764976501465,
        2.0904030799865723,
