{
    "stu_train_loss": [
        2.3034415245056152,
        2.3052937984466553,
        2.304892063140869,
        2.302417039871216,
        2.2945055961608887,
        2.301945686340332,
        2.3043906688690186,
        2.3064277172088623,
        2.3055291175842285,
        2.305643081665039,
        2.301158905029297,
        2.3006949424743652,
        2.306199789047241,
        2.3014140129089355,
        2.2996575832366943,
        2.2979557514190674,
        2.3018507957458496,
        2.306243896484375,
        2.3050436973571777,
        2.2968480587005615,
        2.304324150085449,
        2.299358606338501,
        2.3014132976531982,
        2.2964463233947754,
        2.2995615005493164,
        2.3018152713775635,
        2.303013324737549,
        2.3012287616729736,
        2.3016130924224854,
        2.3072690963745117,
        2.2991561889648438,
        2.300684690475464,
        2.301067352294922,
        2.3021128177642822,
        2.2967495918273926,
        2.2992208003997803,
        2.2955894470214844
    ],
    "stu_test_loss": [
        2.407388687133789,
        2.4173130989074707,
        2.406161069869995,
        2.4214818477630615,
        2.400789737701416,
        2.3970842361450195,
        2.3986401557922363,
        2.3989360332489014,
        2.4219257831573486,
        2.412196159362793,
        2.4116616249084473,
        2.3963606357574463,
        2.41955304145813,
        2.404897451400757,
        2.405573606491089,
        2.379121780395508,
        2.4019155502319336,
        2.4058825969696045,
        2.4116179943084717,
        2.405029535293579,
        2.4091289043426514,
        2.404017925262451,
        2.39178729057312,
        2.4170784950256348,
        2.413259506225586,
        2.4114468097686768,
        2.4156763553619385,
        2.4207518100738525,
        2.4147212505340576,
        2.4282259941101074,
        2.4008281230926514,
        2.4208626747131348,
        2.429489850997925,
        2.4105327129364014,
        2.411998748779297,
        2.410510301589966,
        2.425530195236206,
        2.400940418243408,
        2.414426326751709,
        2.4071238040924072,
        2.399876117706299,
        2.3990795612335205,
        2.3958399295806885,
        2.4109365940093994,
        2.4104268550872803,
        2.4049508571624756,
        2.4163787364959717,
        2.4096438884735107,
        2.387275218963623,
        2.414114475250244,
        2.419825792312622,
        2.399888515472412,
        2.399447441101074,
        2.407540798187256,
        2.406745433807373,
        2.4309732913970947,
        2.404101848602295,
        2.4018774032592773,
        2.4166276454925537,
        2.391833543777466,
        2.4075067043304443,
        2.4255359172821045,
        2.4054677486419678,
        2.400465965270996,
        2.4010069370269775,
        2.4134528636932373,
        2.40995192527771,
        2.4053473472595215,
        2.4024641513824463,
        2.409184217453003,
        2.413539409637451,
        2.4161949157714844,
        2.413872718811035,
        2.412816286087036,
        2.402615547180176,
        2.397338390350342,
        2.3991856575012207,
        2.402841329574585,
        2.414363384246826,
        2.4094347953796387,
        2.405453681945801,
        2.395648956298828,
        2.4235401153564453,
        2.41953444480896,
        2.3998959064483643,
        2.4291958808898926,
        2.4159481525421143,
        2.4161362648010254,
        2.4232137203216553,
        2.3993730545043945,
        2.4194562435150146,
        2.4094035625457764,
        2.4060721397399902,
        2.396794557571411,
        2.416188955307007,
        2.416483163833618,
        2.4104812145233154,
        2.4151523113250732,
        2.3957183361053467,
        2.4138174057006836,
        2.412734270095825,
        2.4113235473632812,
        2.3904173374176025,
        2.4101922512054443,
        2.4136064052581787,
        2.409389019012451,
        2.397965908050537,
        2.3919060230255127,
        2.4103386402130127,
        2.412466526031494,
        2.411638021469116,
        2.4223458766937256,
        2.4244744777679443,
        2.4185657501220703,
        2.418419122695923,
        2.3991336822509766,
        2.42101788520813,
        2.408134937286377,
        2.409532308578491,
        2.4027256965637207,
        2.3951284885406494,
        2.4072818756103516,
        2.415447235107422,
        2.384509563446045,
        2.4113264083862305,
        2.4050981998443604,
        2.431939125061035,
        2.4023494720458984,
        2.399810791015625,
        2.407813787460327,
        2.4140937328338623,
        2.4073309898376465,
        2.3940439224243164,
        2.404309034347534,
        2.4051966667175293,
        2.396449327468872,
        2.423454523086548,
        2.411824941635132,
        2.4186863899230957,
        2.4039556980133057,
        2.4249069690704346,
        2.3994109630584717,
        2.410250186920166,
        2.392274856567383,
        2.414405345916748,
        2.4103262424468994,
        2.4041144847869873,
        2.4086966514587402,
        2.4188082218170166,
        2.4007136821746826,
        2.403752326965332,
        2.4199845790863037,
        2.4176137447357178,
        2.421626567840576,
        2.402747869491577,
        2.421473979949951,
        2.417764663696289,
        2.4032466411590576,
        2.408825397491455,
        2.4091389179229736,
        2.4054512977600098,
        2.4176905155181885,
        2.410872220993042,
        2.4184272289276123,
        2.408714771270752,
        2.4083659648895264,
        2.4081690311431885,
        2.4171347618103027,
        2.4097328186035156,
        2.4140572547912598,
        2.4186792373657227,
        2.4238107204437256,
        2.4242684841156006,
        2.404888153076172,
        2.417088508605957,
        2.404459238052368,
        2.394562244415283,
        2.415623426437378,
        2.4174628257751465,
        2.401338815689087,
        2.410841703414917,
        2.4090042114257812,
        2.4243030548095703,
        2.4045798778533936,
        2.406386137008667,
        2.406367301940918,
        2.3862476348876953,
        2.4008893966674805,
        2.3972866535186768,
        2.392220973968506,
        2.4035377502441406,
        2.4036221504211426,
        2.4101881980895996,
        2.404879570007324,
        2.4083251953125,
        2.4022374153137207,
        2.415703773498535,
        2.410909414291382,
        2.414781332015991,
        2.4135286808013916,
        2.4031171798706055,
        2.404000759124756,
        2.41111159324646,
        2.4018895626068115,
        2.415632963180542,
        2.406898260116577,
        2.3990635871887207,
        2.389896869659424,
        2.4027533531188965,
        2.424759864807129,
        2.406972646713257,
        2.412987232208252,
        2.400015354156494,
        2.4269731044769287,
        2.392103672027588,
        2.429980754852295,
        2.410024642944336,
        2.4018115997314453,
        2.409959077835083,
        2.4120914936065674,
        2.4008729457855225,
        2.4020211696624756,
        2.409987211227417,
        2.394563674926758,
        2.391735315322876,
        2.435168504714966,
        2.3897523880004883,
        2.413248062133789,
        2.3974852561950684,
        2.406287908554077,
        2.416045904159546,
        2.4076602458953857,
        2.421144962310791,
        2.4001379013061523,
        2.428166389465332,
        2.3858516216278076,
        2.4127442836761475,
        2.4199106693267822,
        2.404313564300537,
        2.395493745803833,
        2.4063198566436768,
        2.4107961654663086,
        2.396641492843628,
        2.4088306427001953,
        2.423774242401123,
        2.4198789596557617,
        2.425206422805786,
        2.4020397663116455,
        2.424464464187622,
        2.4061074256896973,
        2.4147896766662598,
