{
    "stu_train_loss": [
        2.224299669265747,
        2.2164018154144287,
        2.228867769241333,
        2.2294094562530518,
        2.228803873062134,
        2.211236000061035,
        2.225656509399414,
        2.223562479019165,
        2.2217960357666016,
        2.2216928005218506,
        2.210665464401245,
        2.2178750038146973,
        2.221715211868286,
        2.2158048152923584,
        2.2264959812164307,
        2.215322256088257,
        2.2101101875305176,
        2.2101316452026367,
        2.2133138179779053,
        2.206599473953247,
        2.200026273727417,
        2.1997971534729004,
        2.1904194355010986,
        2.198796510696411,
        2.203397274017334,
        2.2116119861602783,
        2.1928977966308594,
        2.195174217224121,
        2.1921825408935547,
        2.1842362880706787,
        2.1919448375701904,
        2.1950321197509766,
        2.1741485595703125,
        2.1841111183166504,
        2.1880900859832764,
        2.1868057250976562,
        2.225001335144043
    ],
    "stu_test_loss": [
        2.3050694465637207,
        2.3060619831085205,
        2.309539794921875,
        2.3593432903289795,
        2.2997078895568848,
        2.298070192337036,
        2.331366539001465,
        2.283640146255493,
        2.304325580596924,
        2.300309419631958,
        2.3119263648986816,
        2.2820584774017334,
        2.3036155700683594,
        2.315415382385254,
        2.31946063041687,
        2.263536214828491,
        2.2930147647857666,
        2.2881202697753906,
        2.333279609680176,
        2.3094449043273926,
        2.3031423091888428,
        2.31087064743042,
        2.313415765762329,
        2.3082661628723145,
        2.3205671310424805,
        2.3151566982269287,
        2.3092079162597656,
        2.3109326362609863,
        2.3316473960876465,
        2.3242287635803223,
        2.2824018001556396,
        2.3107752799987793,
        2.354004144668579,
        2.2996697425842285,
        2.3006155490875244,
        2.315431833267212,
        2.3089864253997803,
        2.2979164123535156,
        2.3203606605529785,
        2.3326516151428223,
        2.2928969860076904,
        2.2914416790008545,
        2.2964892387390137,
        2.313958168029785,
        2.2907192707061768,
        2.300218343734741,
        2.314513683319092,
        2.3370161056518555,
        2.279888391494751,
        2.313992977142334,
        2.3394527435302734,
        2.282369375228882,
        2.275278329849243,
        2.3092715740203857,
        2.2918481826782227,
        2.339968681335449,
        2.316854238510132,
        2.289390802383423,
        2.3232016563415527,
        2.298004627227783,
        2.3355207443237305,
        2.331897497177124,
        2.3058321475982666,
        2.274334192276001,
        2.308760643005371,
        2.3254287242889404,
        2.311638355255127,
        2.2936668395996094,
        2.2791337966918945,
        2.314342737197876,
        2.317244052886963,
        2.308565855026245,
        2.334085464477539,
        2.330390453338623,
        2.2988290786743164,
        2.3085081577301025,
        2.2890377044677734,
        2.3089306354522705,
        2.3119094371795654,
        2.3208508491516113,
        2.337740182876587,
        2.3087592124938965,
        2.354506492614746,
        2.3101634979248047,
        2.321526527404785,
        2.333197832107544,
        2.3178327083587646,
        2.2893431186676025,
        2.349264621734619,
        2.3004424571990967,
        2.3155205249786377,
        2.2940545082092285,
        2.3050296306610107,
        2.3073489665985107,
        2.331796169281006,
        2.320075273513794,
        2.302855968475342,
        2.3317017555236816,
        2.262287139892578,
        2.311558246612549,
        2.322143793106079,
        2.2982749938964844,
        2.2841813564300537,
        2.3287487030029297,
        2.3262887001037598,
        2.3280866146087646,
        2.322789430618286,
        2.2775022983551025,
        2.3013150691986084,
        2.2940545082092285,
        2.295726776123047,
        2.3127005100250244,
        2.320017099380493,
        2.3294689655303955,
        2.317308187484741,
        2.2881174087524414,
        2.323606252670288,
        2.319993257522583,
        2.3137552738189697,
        2.300316333770752,
        2.2710464000701904,
        2.3099734783172607,
        2.29718279838562,
        2.265392780303955,
        2.275726556777954,
        2.3326921463012695,
        2.341193675994873,
        2.2981438636779785,
        2.333899974822998,
        2.318535804748535,
        2.3116142749786377,
        2.325026512145996,
        2.2905311584472656,
        2.307662010192871,
        2.298301935195923,
        2.2823381423950195,
        2.3026342391967773,
        2.323024272918701,
        2.3255615234375,
        2.282613515853882,
        2.3306729793548584,
        2.309079170227051,
        2.3305492401123047,
        2.29580020904541,
        2.3208425045013428,
        2.305086374282837,
        2.300452470779419,
        2.2809643745422363,
        2.3420329093933105,
        2.320443630218506,
        2.293729543685913,
        2.305307388305664,
        2.314032554626465,
        2.336407423019409,
        2.273340940475464,
        2.3170230388641357,
        2.332300901412964,
        2.2980430126190186,
        2.2860307693481445,
        2.2905755043029785,
        2.281865119934082,
        2.322270154953003,
        2.3523359298706055,
        2.3243906497955322,
        2.3241288661956787,
        2.295830488204956,
        2.3176238536834717,
        2.3114943504333496,
        2.3220674991607666,
        2.2776308059692383,
        2.3185806274414062,
        2.3040692806243896,
        2.3164918422698975,
        2.310765027999878,
        2.303299903869629,
        2.3360753059387207,
        2.3357560634613037,
        2.3270456790924072,
        2.3303768634796143,
        2.2982804775238037,
        2.2903895378112793,
        2.3063783645629883,
        2.3634183406829834,
        2.2831406593322754,
        2.3091044425964355,
        2.3266382217407227,
        2.2465808391571045,
        2.3243298530578613,
        2.305108070373535,
        2.310256242752075,
        2.281371593475342,
        2.3242146968841553,
        2.3427011966705322,
        2.2929553985595703,
        2.328258991241455,
        2.3030920028686523,
        2.273698091506958,
        2.3133373260498047,
        2.351856231689453,
        2.2992405891418457,
        2.314037561416626,
        2.3133392333984375,
        2.342287302017212,
        2.3121604919433594,
        2.3274521827697754,
        2.2876291275024414,
        2.3026680946350098,
        2.2729854583740234,
        2.3017666339874268,
        2.356607675552368,
        2.3161590099334717,
        2.35260272026062,
        2.2655484676361084,
        2.303668260574341,
        2.2997994422912598,
        2.3353991508483887,
        2.3326196670532227,
        2.2971158027648926,
        2.3155856132507324,
        2.29783296585083,
        2.286048412322998,
        2.2855677604675293,
        2.301854133605957,
        2.2697536945343018,
        2.2921576499938965,
        2.379422426223755,
        2.294477939605713,
        2.2982678413391113,
        2.2935118675231934,
        2.3173420429229736,
        2.303119421005249,
        2.328270196914673,
        2.3204851150512695,
        2.2850749492645264,
        2.336864471435547,
        2.2830986976623535,
        2.330021858215332,
        2.29213809967041,
        2.309126853942871,
        2.2959630489349365,
        2.2770872116088867,
        2.304553985595703,
        2.275938034057617,
        2.3239426612854004,
        2.329174280166626,
        2.310288906097412,
        2.302556037902832,
        2.3225669860839844,
        2.3443751335144043,
        2.286672353744507,
        2.323011875152588,
