{
    "stu_train_loss": [
        1.9207379817962646,
        1.9454519748687744,
        1.9533379077911377,
        1.9327478408813477,
        1.967524766921997,
        1.9204111099243164,
        1.9790667295455933,
        1.9297397136688232,
        1.9462695121765137,
        1.9267547130584717,
        1.9224134683609009,
        1.966869592666626,
        1.9152933359146118,
        1.9275213479995728,
        1.947803258895874,
        1.9215829372406006,
        1.9334150552749634,
        1.909551739692688,
        1.9549731016159058,
        1.8938641548156738,
        1.8880575895309448,
        1.9376152753829956,
        1.911373496055603,
        1.899596095085144,
        1.9611589908599854,
        1.9093835353851318,
        1.914543867111206,
        1.90350341796875,
        1.9475752115249634,
        1.8887677192687988,
        1.8894809484481812,
        1.9098215103149414,
        1.8742938041687012,
        1.8481030464172363,
        1.8653923273086548,
        1.8925299644470215,
        1.947766661643982
    ],
    "stu_test_loss": [
        2.0571556091308594,
        2.0194475650787354,
        2.0161166191101074,
        2.1020359992980957,
        2.014573812484741,
        1.956073522567749,
        2.066619396209717,
        1.9687283039093018,
        2.0171570777893066,
        2.0082030296325684,
        2.032132863998413,
        1.9798945188522339,
        1.996748447418213,
        2.0870914459228516,
        2.085509777069092,
        1.928316593170166,
        2.01920223236084,
        1.9598627090454102,
        2.0494697093963623,
        2.021388053894043,
        1.9900307655334473,
        2.061964988708496,
        2.0388424396514893,
        2.02852463722229,
        2.0804331302642822,
        2.0726828575134277,
        2.040001630783081,
        1.9958771467208862,
        2.117246150970459,
        2.081143856048584,
        1.9563568830490112,
        1.9511994123458862,
        2.1125004291534424,
        1.93036687374115,
        1.9713943004608154,
        2.0580666065216064,
        1.9804625511169434,
        2.0365443229675293,
        2.0145633220672607,
        2.053532838821411,
        1.9864634275436401,
        2.0065369606018066,
        1.9922786951065063,
        2.06410551071167,
        1.9481650590896606,
        2.0180962085723877,
        2.0265164375305176,
        2.1278741359710693,
        2.02345871925354,
        2.074084520339966,
        2.1041150093078613,
        1.9616587162017822,
        1.9737412929534912,
        2.0332999229431152,
        1.9393895864486694,
        2.057030200958252,
        2.031738758087158,
        2.002950429916382,
        2.056736707687378,
        2.007932186126709,
        2.069887161254883,
        2.13140606880188,
        1.9908815622329712,
        1.9434082508087158,
        1.990389108657837,
        2.053494691848755,
        2.003218412399292,
        2.0353736877441406,
        1.965036392211914,
        2.0999839305877686,
        2.001859664916992,
        1.9810315370559692,
        2.1155173778533936,
        2.0701208114624023,
        1.9270014762878418,
        2.013360023498535,
        1.9703452587127686,
        2.0330657958984375,
        2.047201633453369,
        2.0989763736724854,
        2.1362972259521484,
        2.0365476608276367,
        2.1566054821014404,
        2.076566696166992,
        2.015625238418579,
        2.042133092880249,
        2.1096067428588867,
        1.9711554050445557,
        2.1088201999664307,
        2.045748472213745,
        2.0394818782806396,
        1.959070086479187,
        2.088343381881714,
        2.0436275005340576,
        2.0592923164367676,
        2.0587258338928223,
        2.0096142292022705,
        2.0885794162750244,
        1.8506660461425781,
        2.0044915676116943,
        2.043663740158081,
        2.035161018371582,
        1.9817012548446655,
        2.1211066246032715,
        2.105400562286377,
        2.029026508331299,
        2.1226279735565186,
        1.9477733373641968,
        2.0509135723114014,
        1.9865825176239014,
        1.9985034465789795,
        2.0586464405059814,
        2.0538487434387207,
        2.066847324371338,
        2.0669405460357666,
        1.955651044845581,
        2.096346616744995,
        2.077120304107666,
        2.0542590618133545,
        1.9861090183258057,
        1.935057520866394,
        2.085902690887451,
        2.0196099281311035,
        1.9241865873336792,
        2.016260862350464,
        2.0771074295043945,
        2.1648201942443848,
        2.0099542140960693,
        2.0833332538604736,
        2.001803159713745,
        2.0306878089904785,
        2.020595073699951,
        1.99602210521698,
        1.9909194707870483,
        2.023911714553833,
        1.930906057357788,
        1.9817020893096924,
        2.0375161170959473,
        2.0526680946350098,
        1.9748700857162476,
        2.0518741607666016,
        2.0353126525878906,
        2.0632474422454834,
        2.015002489089966,
        2.0704169273376465,
        2.0095643997192383,
        2.031005620956421,
        1.906148910522461,
        2.1424753665924072,
        2.0906336307525635,
        2.009795904159546,
        2.0055785179138184,
        2.0204966068267822,
        2.068903684616089,
        1.9028269052505493,
        2.0627827644348145,
        2.111771821975708,
        2.0184125900268555,
        1.981721043586731,
        2.005441188812256,
        1.9775216579437256,
        2.076415777206421,
        2.1540238857269287,
        2.0579657554626465,
        2.0766074657440186,
        2.0105245113372803,
        2.066133975982666,
        2.0582962036132812,
        2.0840961933135986,
        1.9452589750289917,
        2.064880847930908,
        1.986972689628601,
        2.0951507091522217,
        2.102757692337036,
        2.039639949798584,
        2.081547737121582,
        2.103025436401367,
        2.1114518642425537,
        2.0649478435516357,
        2.006284475326538,
        1.9960097074508667,
        2.010044813156128,
        2.18660306930542,
        1.9941251277923584,
        2.0509791374206543,
        2.088242530822754,
        1.8977763652801514,
        2.035078763961792,
        2.012516736984253,
        2.049046516418457,
        1.9605413675308228,
        2.0464913845062256,
        2.1771411895751953,
        1.9945927858352661,
        2.114192485809326,
        2.0672247409820557,
        1.8949147462844849,
        2.0879595279693604,
        2.133115291595459,
        1.9842358827590942,
        2.0094313621520996,
        1.9884839057922363,
        2.082327365875244,
        2.0479705333709717,
        2.056609869003296,
        1.967410683631897,
        2.0378270149230957,
        1.962206482887268,
        2.0699541568756104,
        2.0999622344970703,
        2.0261247158050537,
        2.1463334560394287,
        1.9110227823257446,
        1.9481348991394043,
        2.016810417175293,
        2.1346402168273926,
        2.0811243057250977,
        2.017652988433838,
        2.0202980041503906,
        1.9953261613845825,
        2.0442559719085693,
        2.02561354637146,
        2.049605369567871,
        1.8933937549591064,
        2.0390801429748535,
        2.1949148178100586,
        1.982056975364685,
        2.009455919265747,
        1.9953505992889404,
        2.0940356254577637,
        2.0415303707122803,
        2.052480697631836,
        2.0853497982025146,
        1.9733957052230835,
        2.0946779251098633,
        1.9303069114685059,
        2.0600454807281494,
        1.9850924015045166,
        2.0513317584991455,
        2.0205821990966797,
        1.9269704818725586,
        2.0411274433135986,
        1.9698588848114014,
        2.041080951690674,
        2.0519731044769287,
        2.0382585525512695,
        2.0023207664489746,
        2.061143398284912,
        2.1379988193511963,
        2.001227617263794,
