{
    "stu_train_loss": 0.3686632541484303,
    "mentor_train_loss": 0.20338861674070358,
    "stu_test_loss": 0.3709053505247774,
    "mentor_test_loss": 0.2901500265914411,
    "stu_train_acc": 0.9049679488605923,
    "mentor_train_acc": 0.9520512821939257,
    "stu_test_acc": 0.8995607028753994,
    "mentor_test_acc": 0.9196285942492013
}