{
    "stu_train_loss": 0.3828733453154564,
    "mentor_train_loss": 0.1916365742021137,
    "stu_test_loss": 0.362239433767887,
    "mentor_test_loss": 0.2895573037691391,
    "stu_train_acc": 0.906784188217587,
    "mentor_train_acc": 0.9538247866100735,
    "stu_test_acc": 0.9068490415335463,
    "mentor_test_acc": 0.9205271565495208
}