{
    "stu_train_loss": 0.3799154880642891,
    "mentor_train_loss": 0.19005776517921025,
    "stu_test_loss": 0.3669207083483854,
    "mentor_test_loss": 0.28079460397029454,
    "stu_train_acc": 0.9029273504681058,
    "mentor_train_acc": 0.9574358977211846,
    "stu_test_acc": 0.90435303514377,
    "mentor_test_acc": 0.9234225239616614
}