{
    "stu_train_loss": 0.38161443889141083,
    "mentor_train_loss": 0.1949241888523102,
    "stu_test_loss": 0.37455269575309447,
    "mentor_test_loss": 0.2955936866874893,
    "stu_train_acc": 0.9044871796502008,
    "mentor_train_acc": 0.9558012821939257,
    "stu_test_acc": 0.9020567092651757,
    "mentor_test_acc": 0.9199281150159745
}