{
    "stu_train_loss": 0.35900297588772245,
    "mentor_train_loss": 0.22145738111601934,
    "stu_test_loss": 0.3595617579671141,
    "mentor_test_loss": 0.30805914389630096,
    "stu_train_acc": 0.902820512983534,
    "mentor_train_acc": 0.9463247866100735,
    "stu_test_acc": 0.902555910543131,
    "mentor_test_acc": 0.9138378594249201
}