{
    "stu_train_loss": 0.36324794239468045,
    "mentor_train_loss": 0.1883279408680068,
    "stu_test_loss": 0.3751208646514545,
    "mentor_test_loss": 0.2916699025434808,
    "stu_train_acc": 0.9058760685390896,
    "mentor_train_acc": 0.955459401872423,
    "stu_test_acc": 0.9015575079872205,
    "mentor_test_acc": 0.9179313099041534
}