{
    "stu_train_loss": 0.38141752504640153,
    "mentor_train_loss": 0.1799104168348842,
    "stu_test_loss": 0.3887524270592406,
    "mentor_test_loss": 0.30695024539773075,
    "stu_train_acc": 0.9089957266383701,
    "mentor_train_acc": 0.9595833333333333,
    "stu_test_acc": 0.9036541533546326,
    "mentor_test_acc": 0.9195287539936102
}