{
    "stu_train_loss": 0.36192415528827243,
    "mentor_train_loss": 0.20401653869284525,
    "stu_test_loss": 0.35549736122925063,
    "mentor_test_loss": 0.2926906373696967,
    "stu_train_acc": 0.9044444444444445,
    "mentor_train_acc": 0.9536111111111111,
    "stu_test_acc": 0.9042531948881789,
    "mentor_test_acc": 0.9194289137380192
}