{
    "stu_train_loss": 2.3360910843003473,
    "mentor_train_loss": 2.0131127024596593,
    "stu_test_loss": 2.339739631159237,
    "mentor_test_loss": 1.9155007071388415,
    "stu_train_acc": 0.1724387620042705,
    "mentor_train_acc": 0.2970456802432642,
    "stu_test_acc": 0.18230830670926518,
    "mentor_test_acc": 0.36880990415335463
}