{
    "stu_train_loss": 2.194456012743824,
    "mentor_train_loss": 1.6296182529731367,
    "stu_test_loss": 2.1705028698467217,
    "mentor_test_loss": 1.564378443236549,
    "stu_train_acc": 0.28905474183694374,
    "mentor_train_acc": 0.5126975752272696,
    "stu_test_acc": 0.30411341853035145,
    "mentor_test_acc": 0.5465255591054313
}