{
    "stu_train_loss": 1.720581517279523,
    "mentor_train_loss": 0.9106569556320239,
    "stu_test_loss": 1.7071468060770736,
    "mentor_test_loss": 0.8892155322023093,
    "stu_train_acc": 0.4262506206455471,
    "mentor_train_acc": 0.7725918570404533,
    "stu_test_acc": 0.4331070287539936,
    "mentor_test_acc": 0.7774560702875399
}