{
    "stu_train_loss": 1.899777204735474,
    "mentor_train_loss": 1.1616717852511496,
    "stu_test_loss": 1.88480401534242,
    "mentor_test_loss": 1.14363075026308,
    "stu_train_acc": 0.35469939592499405,
    "mentor_train_acc": 0.6779936280265544,
    "stu_test_acc": 0.3647164536741214,
    "mentor_test_acc": 0.6882987220447284
}