{
    "stu_train_loss": 1.7216649122957914,
    "mentor_train_loss": 0.9532592384695256,
    "stu_test_loss": 1.7026552624595812,
    "mentor_test_loss": 0.9306154329175005,
    "stu_train_acc": 0.4192010095846728,
    "mentor_train_acc": 0.7577581926711701,
    "stu_test_acc": 0.42711661341853036,
    "mentor_test_acc": 0.7673722044728435
}