{
    "stu_train_loss": 2.3445875952078863,
    "mentor_train_loss": 2.3397029975675188,
    "stu_test_loss": 2.3375347071943193,
    "mentor_test_loss": 2.331861106732402,
    "stu_train_acc": 0.11154212179423878,
    "mentor_train_acc": 0.11356959616144498,
    "stu_test_acc": 0.11661341853035144,
    "mentor_test_acc": 0.11441693290734824
}