{
    "stu_train_loss": 0.14272180196097597,
    "mentor_train_loss": 0.11177902759202647,
    "stu_test_loss": 0.14921387656332966,
    "mentor_test_loss": 0.12542601690267602,
    "stu_train_acc": 0.9859029968454258,
    "mentor_train_acc": 0.9915220820189274,
    "stu_test_acc": 0.9877196485623003,
    "mentor_test_acc": 0.9916134185303515
}