{
    "stu_train_loss": 0.13818001186575046,
    "mentor_train_loss": 0.1115250883371296,
    "stu_test_loss": 0.14105735933437896,
    "mentor_test_loss": 0.13600923100742288,
    "stu_train_acc": 0.9861001577287066,
    "mentor_train_acc": 0.9916206624605678,
    "stu_test_acc": 0.9880191693290735,
    "mentor_test_acc": 0.9886182108626198
}