{
    "stu_train_loss": 0.13305792709583364,
    "mentor_train_loss": 0.10842614362386499,
    "stu_test_loss": 0.13663286862139123,
    "mentor_test_loss": 0.1021875145193487,
    "stu_train_acc": 0.9859424289844766,
    "mentor_train_acc": 0.9920149842271293,
    "stu_test_acc": 0.9880191693290735,
    "mentor_test_acc": 0.9936102236421726
}