{
    "stu_train_loss": 0.15462699386787715,
    "mentor_train_loss": 0.13729569306508976,
    "stu_test_loss": 0.15146395642631733,
    "mentor_test_loss": 0.11907630313794834,
    "stu_train_acc": 0.985410094637224,
    "mentor_train_acc": 0.9912263406940063,
    "stu_test_acc": 0.9869209265175719,
    "mentor_test_acc": 0.9921126198083067
}