{
    "stu_train_loss": 0.14250877779270948,
    "mentor_train_loss": 0.10978053134134515,
    "stu_test_loss": 0.1326839858279251,
    "mentor_test_loss": 0.11662166181225746,
    "stu_train_acc": 0.9861395898677573,
    "mentor_train_acc": 0.9920544163661801,
    "stu_test_acc": 0.9884185303514377,
    "mentor_test_acc": 0.9906150159744409
}