{
    "stu_train_loss": 0.1362282952722691,
    "mentor_train_loss": 0.11138120092663104,
    "stu_test_loss": 0.1207089379025153,
    "mentor_test_loss": 0.10910953864598046,
    "stu_train_acc": 0.9871845425867508,
    "mentor_train_acc": 0.9908320189274448,
    "stu_test_acc": 0.989117412140575,
    "mentor_test_acc": 0.9924121405750799
}