{
    "stu_train_loss": 2.3387019388815937,
    "mentor_train_loss": 2.328349408857963,
    "stu_test_loss": 2.3347819788387407,
    "mentor_test_loss": 2.30524409617098,
    "stu_train_acc": 0.15092677699730678,
    "mentor_train_acc": 0.18412443102501772,
    "stu_test_acc": 0.18819888178913738,
    "mentor_test_acc": 0.2800519169329074
}