{
    "stu_train_loss": 1.8693697224645054,
    "mentor_train_loss": 1.5460975726737696,
    "stu_test_loss": 1.647785739395946,
    "mentor_test_loss": 1.4926676475963654,
    "stu_train_acc": 0.46360731793238835,
    "mentor_train_acc": 0.5091692928005668,
    "stu_test_acc": 0.5540135782747604,
    "mentor_test_acc": 0.5094848242811502
}