{
    "stu_train_loss": 0.42324777831171834,
    "mentor_train_loss": 0.2717277691807858,
    "stu_test_loss": 0.40894095323527585,
    "mentor_test_loss": 0.4501851850424331,
    "stu_train_acc": 0.8913517441860465,
    "mentor_train_acc": 0.9469476744186046,
    "stu_test_acc": 0.8850838658146964,
    "mentor_test_acc": 0.8715055910543131
}