{
    "stu_train_loss": 0.4130833630644998,
    "mentor_train_loss": 0.20251011753151582,
    "stu_test_loss": 0.4098716592445922,
    "mentor_test_loss": 0.4318015950080305,
    "stu_train_acc": 0.9015261627906976,
    "mentor_train_acc": 0.9542151162790697,
    "stu_test_acc": 0.8991613418530351,
    "mentor_test_acc": 0.8758985623003195
}