{
    "stu_train_loss": 0.4215737906999366,
    "mentor_train_loss": 0.21099554582737212,
    "stu_test_loss": 0.42541017195287223,
    "mentor_test_loss": 0.4555350704886281,
    "stu_train_acc": 0.8971656976744186,
    "mentor_train_acc": 0.951671511627907,
    "stu_test_acc": 0.8884784345047924,
    "mentor_test_acc": 0.8793929712460063
}