{
    "stu_train_loss": 0.41852973713431246,
    "mentor_train_loss": 0.2892319790499155,
    "stu_test_loss": 0.4293581150686398,
    "mentor_test_loss": 0.48174122366280603,
    "stu_train_acc": 0.8917151162790697,
    "mentor_train_acc": 0.9465843023255814,
    "stu_test_acc": 0.8848841853035144,
    "mentor_test_acc": 0.8642172523961661
}