{
    "stu_train_loss": 0.4234200560076292,
    "mentor_train_loss": 0.21970566457440688,
    "stu_test_loss": 0.3865193785569919,
    "mentor_test_loss": 0.4381947938245706,
    "stu_train_acc": 0.8971656976744186,
    "mentor_train_acc": 0.9527616279069767,
    "stu_test_acc": 0.9013578274760383,
    "mentor_test_acc": 0.8704073482428115
}