{
    "stu_train_loss": 0.42615026876676915,
    "mentor_train_loss": 0.2935120967584987,
    "stu_test_loss": 0.42912842309513033,
    "mentor_test_loss": 0.4640407871228818,
    "stu_train_acc": 0.8924418604651163,
    "mentor_train_acc": 0.9396802325581395,
    "stu_test_acc": 0.886082268370607,
    "mentor_test_acc": 0.8735023961661342
}