{
    "stu_train_loss": 0.39880356157934943,
    "mentor_train_loss": 0.25131349542806314,
    "stu_test_loss": 0.3789551003386799,
    "mentor_test_loss": 0.4387325442637118,
    "stu_train_acc": 0.9007994186046512,
    "mentor_train_acc": 0.9436773255813954,
    "stu_test_acc": 0.8968650159744409,
    "mentor_test_acc": 0.8777955271565495
}