{
    "stu_train_loss": [
        1.6134185791015625,
        1.6111282110214233,
        1.606566071510315,
        1.591691493988037,
        1.6460813283920288,
        1.5882049798965454,
        1.6063541173934937,
        1.6184436082839966,
        1.6049702167510986,
        1.6199774742126465,
        1.5875790119171143,
        1.5998079776763916,
        1.6107208728790283,
        1.568987488746643,
        1.570705771446228,
        1.5774555206298828,
        1.5449553728103638,
        1.5401257276535034,
        1.5357158184051514,
        1.5791128873825073,
        1.5174846649169922,
        1.557528018951416,
        1.5763614177703857,
        1.5520936250686646,
        1.5365731716156006,
        1.5348613262176514,
        1.5404545068740845,
        1.5004950761795044,
        1.5384304523468018,
        1.527464747428894,
        1.4674081802368164,
        1.507907509803772,
        1.5055415630340576,
        1.5075513124465942,
        1.4886038303375244,
        1.4911468029022217,
        1.4710191488265991,
        1.4735342264175415,
        1.5270371437072754,
        1.4584712982177734
    ],
    "stu_test_loss": [
        1.4517439603805542,
        1.5492340326309204,
        1.5987186431884766,
        1.57326340675354,
        1.6037081480026245,
        1.4987558126449585,
        1.6047041416168213,
        1.5552544593811035,
        1.5703527927398682,
        1.6066951751708984,
        1.6191987991333008,
        1.5495022535324097,
        1.579939603805542,
        1.5695586204528809,
        1.736391544342041,
        1.5636887550354004,
        1.6033912897109985,
        1.668351173400879,
        1.6748548746109009,
        1.7501035928726196,
        1.5908267498016357,
        1.5616838932037354,
        1.563982605934143,
        1.5194292068481445,
        1.575290560722351,
        1.5294456481933594,
        1.560923457145691,
        1.759243130683899,
        1.5709600448608398,
        1.6793365478515625,
        1.5197501182556152,
        1.5438616275787354,
        1.5619587898254395,
        1.6187117099761963,
        1.6745933294296265,
        1.6086373329162598,
        1.6440194845199585,
        1.6346309185028076,
        1.6821123361587524,
        1.6096116304397583,
        1.5742297172546387,
        1.4900436401367188,
        1.6337223052978516,
        1.7182378768920898,
        1.6448404788970947,
        1.7477455139160156,
        1.6400452852249146,
        1.6070635318756104,
        1.594529151916504,
        1.6336060762405396,
        1.6220752000808716,
        1.5697005987167358,
        1.6536935567855835,
        1.585013508796692,
        1.5913255214691162,
        1.4584752321243286,
        1.7185112237930298,
        1.5061860084533691,
        1.5177122354507446,
        1.7073994874954224,
        1.6811249256134033,
        1.6809906959533691,
        1.4847708940505981,
        1.6041945219039917,
        1.699139952659607,
        1.7114933729171753,
        1.7446551322937012,
        1.5217905044555664,
        1.7526977062225342,
        1.5630000829696655,
        1.5801093578338623,
        1.541412115097046,
        1.5240881443023682,
        1.5071489810943604,
        1.6207813024520874,
        1.5699504613876343,
        1.6828590631484985,
        1.6525143384933472,
        1.5663425922393799,
        1.6581848859786987,
        1.6164969205856323,
        1.6559175252914429,
        1.669252872467041,
        1.5584452152252197,
        1.5171657800674438,
        1.7475029230117798,
        1.6213996410369873,
        1.5707011222839355,
        1.6118582487106323,
        1.5903656482696533,
        1.5317931175231934,
        1.7177814245224,
        1.6238617897033691,
        1.6346462965011597,
        1.4947305917739868,
        1.653407335281372,
        1.5337142944335938,
        1.656327247619629,
        1.6078070402145386,
        1.6248226165771484,
        1.598374843597412,
        1.6001055240631104,
        1.5338077545166016,
        1.6033921241760254,
        1.7338765859603882,
        1.669001817703247,
        1.600539207458496,
        1.5273982286453247,
        1.4716211557388306,
        1.6823866367340088,
        1.621864914894104,
        1.7390457391738892,
        1.5200097560882568,
        1.5569239854812622,
        1.517047643661499,
        1.6711550951004028,
        1.6140351295471191,
        1.5930629968643188,
        1.600252628326416,
        1.715730905532837,
        1.6369677782058716,
        1.6333028078079224,
        1.6746090650558472,
        1.6774522066116333,
        1.576719880104065,
        1.5532004833221436,
        1.505151391029358,
        1.5719034671783447,
        1.71720290184021,
        1.6809852123260498,
        1.4647951126098633,
        1.701907753944397,
        1.7234007120132446,
        1.546688199043274,
        1.5386860370635986,
        1.6101865768432617,
        1.7091329097747803,
        1.646301031112671,
        1.7237006425857544,
        1.6730995178222656,
        1.6956307888031006,
        1.52036714553833,
        1.6996630430221558,
        1.4695332050323486,
        1.694786787033081,
        1.5641121864318848,
        1.6125956773757935,
        1.5430046319961548,
        1.6724328994750977,
        1.5875273942947388,
        1.676254391670227,
        1.5272823572158813,
        1.56596040725708,
        1.5117692947387695,
        1.5519254207611084,
        1.6060444116592407,
        1.5538192987442017,
        1.4550844430923462,
        1.5700777769088745,
        1.5059432983398438,
        1.5600320100784302,
        1.6254907846450806,
        1.502342939376831,
        1.6438699960708618,
        1.5571092367172241,
        1.5922558307647705,
        1.4341232776641846,
        1.477642297744751,
        1.595197081565857,
        1.540790319442749,
        1.5076045989990234,
        1.476262092590332,
        1.474271535873413,
        1.5411388874053955,
        1.5338897705078125,
        1.5588645935058594,
        1.6394994258880615,
        1.5225509405136108,
        1.5500322580337524,
        1.6864066123962402,
        1.587295651435852,
        1.5555002689361572,
        1.636033535003662,
        1.5858666896820068,
        1.5425124168395996,
        1.6262918710708618,
        1.7174197435379028,
        1.5577360391616821,
        1.6686500310897827,
        1.6226723194122314,
        1.5850145816802979,
        1.630019187927246,
        1.6548937559127808,
        1.5783379077911377,
        1.5056498050689697,
        1.5801632404327393,
        1.5824617147445679,
        1.484643816947937,
        1.520239233970642,
        1.5171685218811035,
        1.5733243227005005,
        1.5235481262207031,
        1.5480964183807373,
        1.53902006149292,
        1.6458297967910767,
        1.8562898635864258,
        1.7338014841079712,
        1.6183851957321167,
        1.5070209503173828,
        1.5534862279891968,
        1.4774736166000366,
        1.7590128183364868,
        1.5283851623535156,
        1.5873606204986572,
        1.3958015441894531,
        1.5916948318481445,
        1.488741397857666,
        1.5207291841506958,
        1.5664829015731812,
        1.5831198692321777,
        1.566338062286377,
        1.4382985830307007,
        1.6254239082336426,
        1.532407522201538,
        1.4793424606323242,
        1.5225423574447632,
        1.5492777824401855,
        1.54560124874115,
        1.5014432668685913,
        1.638277530670166,
        1.5502302646636963,
        1.5467875003814697,
        1.7306294441223145,
        1.6674540042877197,
        1.591825246810913,
        1.6611137390136719,
        1.492434024810791,
        1.5615184307098389,
        1.5113027095794678,
        1.535213589668274,
        1.5876693725585938,
        1.5828378200531006,
        1.604667067527771,
        1.6060370206832886,
        1.4854390621185303,
        1.687329649925232,
