{
    "stu_train_loss": [
        1.0870112180709839,
        1.0512895584106445,
        1.0926114320755005,
        1.0657423734664917,
        1.0876946449279785,
        1.0505032539367676,
        1.102569818496704,
        1.109264612197876,
        1.1261168718338013,
        1.0874933004379272,
        1.0578933954238892,
        1.0261224508285522,
        1.0586130619049072,
        1.0658761262893677,
        1.0614356994628906,
        1.069859266281128,
        1.0190993547439575,
        1.035712480545044,
        1.020143985748291,
        1.0641193389892578,
        1.029813289642334,
        1.0101675987243652,
        1.0656182765960693,
        1.0421421527862549,
        1.0256729125976562,
        1.057105541229248,
        1.0405430793762207,
        1.0436069965362549,
        0.9811750650405884,
        1.0289506912231445,
        0.9997903108596802,
        1.0127021074295044,
        0.9773385524749756,
        1.0108987092971802,
        1.012211561203003,
        1.0078204870224,
        0.970320999622345,
        0.9667295813560486,
        1.010499358177185,
        0.947603166103363
    ],
    "stu_test_loss": [
        0.9624389410018921,
        1.108860969543457,
        1.1036566495895386,
        1.075817584991455,
        1.125051736831665,
        1.058223009109497,
        1.184360146522522,
        1.13271164894104,
        1.107959270477295,
        1.1698094606399536,
        1.1737884283065796,
        1.0830976963043213,
        1.1015124320983887,
        1.0167491436004639,
        1.3028534650802612,
        1.1398744583129883,
        1.1547986268997192,
        1.1788105964660645,
        1.251697063446045,
        1.3473689556121826,
        1.1606824398040771,
        1.0783331394195557,
        1.0779099464416504,
        1.1009037494659424,
        1.1275256872177124,
        1.045008659362793,
        1.0705541372299194,
        1.2871005535125732,
        1.194432020187378,
        1.2409932613372803,
        1.0792696475982666,
        1.0549556016921997,
        1.160690188407898,
        1.169435977935791,
        1.235041856765747,
        1.1646605730056763,
        1.1346663236618042,
        1.194892406463623,
        1.2832438945770264,
        1.1391459703445435,
        1.07958984375,
        1.0209102630615234,
        1.2257113456726074,
        1.248090386390686,
        1.1466941833496094,
        1.2595397233963013,
        1.162967324256897,
        1.210756540298462,
        1.1651619672775269,
        1.066275954246521,
        1.2388980388641357,
        1.0549726486206055,
        1.1891084909439087,
        1.0898277759552002,
        1.1694079637527466,
        1.015091896057129,
        1.235457420349121,
        1.071315884590149,
        1.056239128112793,
        1.2379014492034912,
        1.1399281024932861,
        1.1474683284759521,
        0.9953920841217041,
        1.2453670501708984,
        1.2490789890289307,
        1.2712825536727905,
        1.3452928066253662,
        0.9863158464431763,
        1.2848480939865112,
        1.0288437604904175,
        1.1150330305099487,
        1.182754397392273,
        1.064664363861084,
        1.054215908050537,
        1.096482515335083,
        1.1065890789031982,
        1.235880732536316,
        1.083043098449707,
        1.1667110919952393,
        1.2591121196746826,
        1.1913704872131348,
        1.2163859605789185,
        1.2068657875061035,
        1.0992110967636108,
        1.0792768001556396,
        1.2565089464187622,
        1.113397479057312,
        1.0979067087173462,
        1.15645432472229,
        1.0760232210159302,
        1.0435073375701904,
        1.3612507581710815,
        1.141106128692627,
        1.1749649047851562,
        1.039222002029419,
        1.1746106147766113,
        1.1104967594146729,
        1.2267003059387207,
        1.1284979581832886,
        1.0946719646453857,
        1.1276272535324097,
        1.1420559883117676,
        1.0821467638015747,
        1.1285361051559448,
        1.266570806503296,
        1.2069059610366821,
        1.1226025819778442,
        1.044797658920288,
        1.0037628412246704,
        1.177159309387207,
        1.1310549974441528,
        1.3179759979248047,
        1.0296745300292969,
        1.0837602615356445,
        1.0230591297149658,
        1.16742742061615,
        1.181381344795227,
        1.1763279438018799,
        1.1998155117034912,
        1.3508601188659668,
        1.1767339706420898,
        1.1134194135665894,
        1.2505042552947998,
        1.1948027610778809,
        1.0682326555252075,
        1.1068575382232666,
        1.015704870223999,
        1.199141263961792,
        1.25968337059021,
        1.1803607940673828,
        1.1043494939804077,
        1.3102937936782837,
        1.2357797622680664,
        1.0803136825561523,
        1.0834814310073853,
        1.12975013256073,
        1.1777446269989014,
        1.146614670753479,
        1.2400106191635132,
        1.1319923400878906,
        1.2939518690109253,
        1.128720760345459,
        1.1897356510162354,
        1.0245113372802734,
        1.191410779953003,
        1.1264405250549316,
        1.075402021408081,
        1.1012132167816162,
        1.2839372158050537,
        1.0915523767471313,
        1.2201416492462158,
        1.0553135871887207,
        1.1000916957855225,
        1.0168966054916382,
        1.1012057065963745,
        1.154834508895874,
        1.0069035291671753,
        0.95164954662323,
        1.051138997077942,
        1.0393104553222656,
        1.0320987701416016,
        1.1681973934173584,
        1.078900933265686,
        1.1340094804763794,
        1.0388835668563843,
        1.0293605327606201,
        0.9519323110580444,
        0.9366888999938965,
        1.0629069805145264,
        1.0064852237701416,
        1.015372633934021,
        0.9670543670654297,
        1.0119062662124634,
        1.0358434915542603,
        0.9956529140472412,
        1.1028467416763306,
        1.2595750093460083,
        0.9730629324913025,
        1.0267173051834106,
        1.2859899997711182,
        1.1531715393066406,
        1.0690162181854248,
        1.1844364404678345,
        1.1055397987365723,
        1.1148490905761719,
        1.096961259841919,
        1.2737627029418945,
        1.0705608129501343,
        1.179660677909851,
        1.1696676015853882,
        1.2177343368530273,
        1.1943913698196411,
        1.3379783630371094,
        1.0753110647201538,
        0.99140465259552,
        1.0344910621643066,
        1.0598948001861572,
        0.9491052627563477,
        1.001676082611084,
        1.03029203414917,
        1.1000417470932007,
        0.9979804158210754,
        1.0825448036193848,
        1.0636602640151978,
        1.275249719619751,
        1.5344901084899902,
        1.408997654914856,
        1.204612374305725,
        1.0068045854568481,
        1.0093681812286377,
        1.0677748918533325,
        1.2830995321273804,
        1.0693373680114746,
        1.0712693929672241,
        0.9443337917327881,
        1.1060247421264648,
        0.9472091197967529,
        1.0500553846359253,
        1.1102930307388306,
        1.0876919031143188,
        1.0412861108779907,
        0.9212707877159119,
        1.113779902458191,
        1.0088717937469482,
        0.9622259140014648,
        1.067552089691162,
        1.063515067100525,
        1.0355911254882812,
        1.0373176336288452,
        1.0996747016906738,
        1.0147650241851807,
        1.057815432548523,
        1.354286789894104,
        1.2348248958587646,
        1.1242562532424927,
        1.1305816173553467,
        1.098456859588623,
        1.082242488861084,
        1.0239390134811401,
        1.0004451274871826,
        1.0269361734390259,
        1.1228053569793701,
        1.050471305847168,
        1.1027361154556274,
        0.9923814535140991,
        1.1532238721847534,
        1.0519554615020752,
