{
    "stu_train_loss": [
        0.6771815419197083,
        0.6710870862007141,
        0.6913816332817078,
        0.7078867554664612,
        0.6454793810844421,
        0.6934090852737427,
        0.7006096243858337,
        0.6151352524757385,
        0.7060907483100891,
        0.767207145690918,
        0.7538430094718933,
        0.7169102430343628,
        0.6961669325828552,
        0.7061000466346741,
        0.6560891270637512,
        0.6935173869132996,
        0.6651971936225891,
        0.6895866990089417,
        0.6427298784255981,
        0.7004752159118652,
        0.6922896504402161,
        0.6023805737495422,
        0.6856129765510559,
        0.6333977580070496,
        0.6810208559036255,
        0.6805510520935059,
        0.6809772253036499,
        0.6716852784156799,
        0.615800142288208,
        0.6121062636375427,
        0.6616920232772827,
        0.5670419335365295,
        0.6457430720329285,
        0.6238703727722168,
        0.6709170937538147,
        0.6273901462554932,
        0.6919978857040405,
        0.5861448049545288,
        0.5726276636123657,
        0.563743531703949
    ],
    "stu_test_loss": [
        0.661690890789032,
        0.8471782207489014,
        0.7911493182182312,
        0.7319117188453674,
        0.8226149082183838,
        0.7572923302650452,
        0.8767880797386169,
        0.8857688903808594,
        0.7807654142379761,
        0.8529896140098572,
        0.8680068254470825,
        0.7948633432388306,
        0.7602146863937378,
        0.7010133266448975,
        1.0371596813201904,
        0.883324146270752,
        0.8243085145950317,
        0.8722503781318665,
        0.918764591217041,
        1.0066132545471191,
        0.8293820023536682,
        0.8050457239151001,
        0.7930042743682861,
        0.8107352256774902,
        0.8632311820983887,
        0.7954977750778198,
        0.724618673324585,
        0.9133907556533813,
        0.8927041292190552,
        0.9551594257354736,
        0.7742189168930054,
        0.7525436282157898,
        0.823131799697876,
        0.8034235239028931,
        0.9723086357116699,
        0.8427218794822693,
        0.8422712683677673,
        0.8834062814712524,
        1.0477415323257446,
        0.777288556098938,
        0.7455666065216064,
        0.729270339012146,
        0.8908063769340515,
        0.8933749198913574,
        0.790166974067688,
        0.9034919738769531,
        0.8518497943878174,
        0.9570955634117126,
        0.8259198069572449,
        0.7296106219291687,
        0.9728426933288574,
        0.7279027700424194,
        0.8582202196121216,
        0.8374219536781311,
        0.855887770652771,
        0.8120622634887695,
        0.8944978713989258,
        0.7764317989349365,
        0.7775408625602722,
        0.948460578918457,
        0.8351406455039978,
        0.8204999566078186,
        0.696978747844696,
        0.9856393337249756,
        0.9178023934364319,
        1.0255804061889648,
        1.027959942817688,
        0.6664962768554688,
        0.997666597366333,
        0.7260658740997314,
        0.843716025352478,
        0.8947122693061829,
        0.7738932371139526,
        0.7824998497962952,
        0.767791211605072,
        0.7504667639732361,
        0.9198026657104492,
        0.678969144821167,
        0.8788703680038452,
        0.98969966173172,
        0.9165464639663696,
        0.9217755794525146,
        0.8918017148971558,
        0.7721005082130432,
        0.8406497240066528,
        0.8810478448867798,
        0.7902809381484985,
        0.7620779275894165,
        0.8335489630699158,
        0.7168852090835571,
        0.7878422141075134,
        1.0845073461532593,
        0.8102143406867981,
        0.8579158186912537,
        0.7069083452224731,
        0.8051899075508118,
        0.857343852519989,
        1.0387197732925415,
        0.8495316505432129,
        0.744098961353302,
        0.805056095123291,
        0.8643298745155334,
        0.7484228610992432,
        0.7979167699813843,
        0.964647114276886,
        0.8690100908279419,
        0.7367218732833862,
        0.7595258951187134,
        0.7189381122589111,
        0.8212655186653137,
        0.8520280122756958,
        0.9806911945343018,
        0.7230525016784668,
        0.7413766384124756,
        0.7270181179046631,
        0.8212150931358337,
        0.8824238777160645,
        0.8945268392562866,
        0.8712842464447021,
        1.0548274517059326,
        0.8497433662414551,
        0.7804265022277832,
        0.9433754682540894,
        0.8696418404579163,
        0.7758713960647583,
        0.8079768419265747,
        0.7025383114814758,
        0.9130900502204895,
        0.9021146297454834,
        0.8606356978416443,
        0.8297804594039917,
        1.0147881507873535,
        0.895168662071228,
        0.7839031219482422,
        0.8194289207458496,
        0.8227560520172119,
        0.832411527633667,
        0.7165589332580566,
        0.9008811712265015,
        0.8515816330909729,
        1.079414963722229,
        0.811172604560852,
        0.870381236076355,
        0.7112525701522827,
        0.8178355693817139,
        0.8137127161026001,
        0.7492536902427673,
        0.8117461800575256,
        0.9715545177459717,
        0.7995647192001343,
        0.9515491724014282,
        0.7393344640731812,
        0.8612546920776367,
        0.7004218697547913,
        0.8102847933769226,
        0.8658111095428467,
        0.7139949202537537,
        0.6279562711715698,
        0.704494833946228,
        0.6905821561813354,
        0.687949538230896,
        0.85904860496521,
        0.7764463424682617,
        0.7561098337173462,
        0.7132525444030762,
        0.6778057813644409,
        0.643571138381958,
        0.6445294618606567,
        0.67017662525177,
        0.6594706773757935,
        0.6802074909210205,
        0.6522223353385925,
        0.7391846179962158,
        0.7985007166862488,
        0.6934774518013,
        0.7878147959709167,
        0.9287365674972534,
        0.6466741561889648,
        0.7492146492004395,
        0.9281089305877686,
        0.7621626257896423,
        0.7354496121406555,
        0.8312574625015259,
        0.7853204011917114,
        0.7525038123130798,
        0.7444765567779541,
        0.9080882668495178,
        0.770004153251648,
        0.7897020578384399,
        0.8618473410606384,
        0.9420309662818909,
        0.9408601522445679,
        1.151954174041748,
        0.7053655385971069,
        0.6864283680915833,
        0.6949548125267029,
        0.7146238088607788,
        0.6383491158485413,
        0.6271219253540039,
        0.7129737138748169,
        0.7426958084106445,
        0.6483996510505676,
        0.7156021595001221,
        0.7777314782142639,
        0.926475465297699,
        1.2143769264221191,
        1.0656791925430298,
        0.8485356569290161,
        0.6852309703826904,
        0.6781940460205078,
        0.8147806525230408,
        0.9496903419494629,
        0.7970839738845825,
        0.7144230604171753,
        0.6486106514930725,
        0.768780529499054,
        0.6060605049133301,
        0.7243781089782715,
        0.7519370913505554,
        0.71931391954422,
        0.64027339220047,
        0.614856481552124,
        0.744086742401123,
        0.6692743897438049,
        0.629951000213623,
        0.7233217358589172,
        0.7703796625137329,
        0.7202649116516113,
        0.6760935187339783,
        0.739150881767273,
        0.6297770738601685,
        0.7796047329902649,
        0.9838160276412964,
        0.8364902138710022,
        0.801824688911438,
        0.7946634888648987,
        0.8195952773094177,
        0.7285723686218262,
        0.7237710952758789,
        0.688305139541626,
        0.7083890438079834,
        0.836201012134552,
        0.6812419891357422,
        0.8009387254714966,
        0.7114440202713013,
