{
    "stu_train_loss": [
        2.2090470790863037,
        2.20051908493042,
        2.2124242782592773,
        2.206578016281128,
        2.207597255706787,
        2.2126786708831787,
        2.2084224224090576,
        2.2022364139556885,
        2.20141339302063,
        2.1969799995422363,
        2.20282244682312,
        2.1996524333953857,
        2.2066891193389893,
        2.192600727081299,
        2.187211751937866,
        2.181100845336914,
        2.196497678756714,
        2.191049814224243,
        2.1937239170074463,
        2.204700231552124,
        2.1920464038848877,
        2.183006763458252,
        2.177229404449463,
        2.1781742572784424,
        2.1662790775299072,
        2.1713240146636963,
        2.1696410179138184,
        2.167943000793457,
        2.154378652572632,
        2.164330005645752,
        2.16607666015625,
        2.153722047805786,
        2.161210298538208,
        2.140076160430908,
        2.1510136127471924,
        2.131343364715576,
        2.1388139724731445,
        2.142404079437256,
        2.156632661819458,
        2.1527116298675537
    ],
    "stu_test_loss": [
        2.2045090198516846,
        2.2075014114379883,
        2.2391514778137207,
        2.2253174781799316,
        2.250013589859009,
        2.185185432434082,
        2.235945463180542,
        2.228273391723633,
        2.23464298248291,
        2.2371606826782227,
        2.219388246536255,
        2.217582941055298,
        2.2108829021453857,
        2.2293505668640137,
        2.283278465270996,
        2.2249631881713867,
        2.2552595138549805,
        2.27767014503479,
        2.281886339187622,
        2.2817444801330566,
        2.2338244915008545,
        2.228771448135376,
        2.23081111907959,
        2.1905572414398193,
        2.218937397003174,
        2.227261543273926,
        2.2185566425323486,
        2.291410207748413,
        2.2141237258911133,
        2.2587924003601074,
        2.1920368671417236,
        2.2207858562469482,
        2.2025301456451416,
        2.2529354095458984,
        2.2765228748321533,
        2.2293145656585693,
        2.26009202003479,
        2.239732265472412,
        2.2660322189331055,
        2.2584900856018066,
        2.2343432903289795,
        2.1974878311157227,
        2.212541341781616,
        2.278665065765381,
        2.2694084644317627,
        2.2925913333892822,
        2.252829074859619,
        2.252346992492676,
        2.2144463062286377,
        2.2575173377990723,
        2.2522881031036377,
        2.2238857746124268,
        2.279421329498291,
        2.2283551692962646,
        2.2311460971832275,
        2.1936604976654053,
        2.279017925262451,
        2.2079668045043945,
        2.218446731567383,
        2.268841505050659,
        2.2342419624328613,
        2.286102294921875,
        2.195612907409668,
        2.212233543395996,
        2.2699244022369385,
        2.2894203662872314,
        2.277160406112671,
        2.201674461364746,
        2.2702584266662598,
        2.2324397563934326,
        2.2107667922973633,
        2.208709955215454,
        2.224065065383911,
        2.2033228874206543,
        2.2581729888916016,
        2.2305755615234375,
        2.277979850769043,
        2.2638072967529297,
        2.22843861579895,
        2.2425692081451416,
        2.241316795349121,
        2.2620749473571777,
        2.2901790142059326,
        2.210933208465576,
        2.221052408218384,
        2.2717199325561523,
        2.259617805480957,
        2.2286853790283203,
        2.2339229583740234,
        2.2529654502868652,
        2.2396624088287354,
        2.2659192085266113,
        2.2550413608551025,
        2.2598206996917725,
        2.2122137546539307,
        2.2721824645996094,
        2.208261728286743,
        2.246155023574829,
        2.246558427810669,
        2.255641460418701,
        2.221384286880493,
        2.2162346839904785,
        2.2103707790374756,
        2.248378038406372,
        2.285353660583496,
        2.245779275894165,
        2.2455360889434814,
        2.2060444355010986,
        2.224961757659912,
        2.274873971939087,
        2.2290661334991455,
        2.2792253494262695,
        2.1916110515594482,
        2.2309093475341797,
        2.2031619548797607,
        2.2984092235565186,
        2.262531280517578,
        2.2525057792663574,
        2.2493438720703125,
        2.260352611541748,
        2.2650609016418457,
        2.2749950885772705,
        2.2283737659454346,
        2.2769882678985596,
        2.240980625152588,
        2.1976377964019775,
        2.2028660774230957,
        2.263831615447998,
        2.278214931488037,
        2.2939162254333496,
        2.159010648727417,
        2.2501730918884277,
        2.2968502044677734,
        2.2212681770324707,
        2.212756395339966,
        2.245224714279175,
        2.2918543815612793,
        2.2848329544067383,
        2.2963080406188965,
        2.288827657699585,
        2.2648990154266357,
        2.2133076190948486,
        2.2452962398529053,
        2.1940407752990723,
        2.2798421382904053,
        2.2049050331115723,
        2.2212629318237305,
        2.2161710262298584,
        2.2734642028808594,
        2.2506232261657715,
        2.2667722702026367,
        2.2288482189178467,
        2.2254762649536133,
        2.208203077316284,
        2.226226806640625,
        2.2577083110809326,
        2.2455368041992188,
        2.1916439533233643,
        2.248680353164673,
        2.205695867538452,
        2.239072322845459,
        2.241785764694214,
        2.2079436779022217,
        2.2589149475097656,
        2.2177603244781494,
        2.2541441917419434,
        2.1734859943389893,
        2.187230348587036,
        2.2403299808502197,
        2.215822458267212,
        2.1781198978424072,
        2.1978440284729004,
        2.1843132972717285,
        2.207808494567871,
        2.2263593673706055,
        2.2307209968566895,
        2.219865560531616,
        2.2288379669189453,
        2.227357864379883,
        2.265232801437378,
        2.2291791439056396,
        2.2217087745666504,
        2.2568399906158447,
        2.238004684448242,
        2.216456413269043,
        2.2390599250793457,
        2.235307216644287,
        2.1885387897491455,
        2.241387128829956,
        2.223803997039795,
        2.2184090614318848,
        2.243704080581665,
        2.243687868118286,
        2.226337194442749,
        2.2025716304779053,
        2.2203855514526367,
        2.239487648010254,
        2.1861348152160645,
        2.212557554244995,
        2.2243683338165283,
        2.23721981048584,
        2.204864978790283,
        2.219456434249878,
        2.216765880584717,
        2.2284889221191406,
        2.291823148727417,
        2.274998903274536,
        2.2561864852905273,
        2.19358491897583,
        2.227694511413574,
        2.1894612312316895,
        2.295253038406372,
        2.22235107421875,
        2.2422354221343994,
        2.1775927543640137,
        2.224339485168457,
        2.1995038986206055,
        2.2041144371032715,
        2.211831569671631,
        2.220062255859375,
        2.233978509902954,
        2.1915805339813232,
        2.2449402809143066,
        2.2058284282684326,
        2.202000856399536,
        2.2223286628723145,
        2.228506565093994,
        2.20869779586792,
        2.1755964756011963,
        2.224532127380371,
        2.2167539596557617,
        2.1914758682250977,
        2.254948616027832,
        2.254072427749634,
        2.2409913539886475,
        2.262587547302246,
        2.2028040885925293,
        2.2297019958496094,
        2.195504665374756,
        2.22499418258667,
        2.2441558837890625,
        2.2152061462402344,
        2.2616286277770996,
        2.2290730476379395,
        2.196099042892456,
        2.2725000381469727,
        2.2274060249328613,
        2.2594680786132812,
