{
    "stu_train_loss": [
        0.8395617008209229,
        0.7925973534584045,
        0.7505866885185242,
        0.7541757822036743,
        0.7765036225318909,
        0.7266833782196045,
        0.744072675704956,
        0.7991970181465149,
        0.7258467078208923,
        0.7600195407867432,
        0.8564168810844421,
        0.7878574132919312,
        0.7716498374938965,
        0.7203488349914551,
        0.7462165355682373,
        0.7410584092140198,
        0.7181587219238281,
        0.6854637861251831,
        0.7321837544441223,
        0.789021372795105,
        0.7464831471443176,
        0.6984272599220276,
        0.7632318139076233,
        0.7634168863296509,
        0.7535763382911682,
        0.7392755746841431,
        0.7398793697357178,
        0.6975747346878052,
        0.7704866528511047,
        0.6642492413520813,
        0.6758805513381958,
        0.7651324272155762,
        0.7299352884292603,
        0.6616659760475159,
        0.6930144429206848,
        0.68643718957901,
        0.7252087593078613,
        0.6857802867889404,
        0.7164531350135803,
        0.6411856412887573
    ],
    "stu_test_loss": [
        0.744543194770813,
        0.9306166172027588,
        0.8197939395904541,
        0.7792282700538635,
        0.866214394569397,
        0.8387048840522766,
        0.9512993097305298,
        0.9041731357574463,
        0.7686557769775391,
        0.9134997129440308,
        0.9369966387748718,
        0.8772245049476624,
        0.8779261112213135,
        0.7394513487815857,
        1.1180078983306885,
        0.8786624670028687,
        0.8460248708724976,
        0.903274655342102,
        0.9695243835449219,
        1.0113451480865479,
        0.9293203353881836,
        0.8620056509971619,
        0.7951041460037231,
        0.9055646657943726,
        1.0234943628311157,
        0.8351957201957703,
        0.8080176115036011,
        0.99813312292099,
        0.9774289131164551,
        1.0525857210159302,
        0.8328908085823059,
        0.793235182762146,
        0.9004786610603333,
        0.927256166934967,
        1.0380350351333618,
        0.9058346152305603,
        0.8771082162857056,
        0.9115154147148132,
        1.0097920894622803,
        0.8644823431968689,
        0.8691117763519287,
        0.7752941250801086,
        0.9325085878372192,
        1.0131995677947998,
        0.779217541217804,
        1.027185320854187,
        0.904473066329956,
        0.9702528119087219,
        0.8715909123420715,
        0.7840297818183899,
        1.0852489471435547,
        0.8262754082679749,
        0.9998250603675842,
        0.8312679529190063,
        0.9703429937362671,
        0.8556705117225647,
        0.9087404012680054,
        0.8563329577445984,
        0.860988438129425,
        0.9612076282501221,
        0.9284323453903198,
        0.9304823875427246,
        0.8011667728424072,
        1.0120177268981934,
        1.020200490951538,
        1.0607186555862427,
        1.132967233657837,
        0.7966407537460327,
        0.9677581787109375,
        0.8622974753379822,
        0.8522171974182129,
        0.9260226488113403,
        0.8003027439117432,
        0.8399563431739807,
        0.828376054763794,
        0.8743992447853088,
        0.9596991539001465,
        0.731252908706665,
        0.9216600656509399,
        1.0559288263320923,
        0.9750733375549316,
        0.9406135082244873,
        0.9411003589630127,
        0.8960314989089966,
        0.8710094094276428,
        0.9402562379837036,
        0.8488774299621582,
        0.8651061058044434,
        0.9155254364013672,
        0.8447639346122742,
        0.8704936504364014,
        1.1879631280899048,
        0.9131485223770142,
        0.9043959975242615,
        0.8025885820388794,
        0.8578965067863464,
        0.943310022354126,
        1.1026630401611328,
        0.8702700138092041,
        0.8359283208847046,
        0.8478699326515198,
        0.9344120025634766,
        0.8456876873970032,
        0.8658198118209839,
        1.0228077173233032,
        0.8782075643539429,
        0.8374453186988831,
        0.859076201915741,
        0.7784979343414307,
        0.8949341773986816,
        0.9292058348655701,
        1.0601966381072998,
        0.797993540763855,
        0.814568042755127,
        0.7879679799079895,
        0.8840577602386475,
        0.9644289016723633,
        0.964915931224823,
        1.0061522722244263,
        1.0652655363082886,
        0.8935680985450745,
        0.7956224083900452,
        1.0057307481765747,
        0.9443442821502686,
        0.8104652166366577,
        0.9175828695297241,
        0.8019015789031982,
        0.9766188859939575,
        0.9509081840515137,
        0.8941574096679688,
        0.8588151335716248,
        1.0924568176269531,
        0.9731478095054626,
        0.8940286040306091,
        0.9062727689743042,
        0.8647000789642334,
        0.9454195499420166,
        0.8382233381271362,
        0.9648751020431519,
        0.8592394590377808,
        1.0430490970611572,
        0.8668602705001831,
        0.9739373326301575,
        0.7935587763786316,
        0.9251952767372131,
        0.8400289416313171,
        0.8201600313186646,
        0.8635968565940857,
        1.057437777519226,
        0.9299168586730957,
        0.962644100189209,
        0.8035740852355957,
        0.9048917293548584,
        0.8089878559112549,
        0.8988145589828491,
        0.8650211095809937,
        0.7373913526535034,
        0.6792151927947998,
        0.8191516399383545,
        0.7659916877746582,
        0.7643673419952393,
        0.8847259283065796,
        0.877648115158081,
        0.8111159801483154,
        0.7823226451873779,
        0.7813932299613953,
        0.7687418460845947,
        0.7076739072799683,
        0.8013319969177246,
        0.6982308626174927,
        0.7132958769798279,
        0.7247340679168701,
        0.7904135584831238,
        0.7988699078559875,
        0.7804962396621704,
        0.8109946250915527,
        0.9509944915771484,
        0.7263132929801941,
        0.7952932119369507,
        1.0186915397644043,
        0.8654083013534546,
        0.8021931052207947,
        0.8369478583335876,
        0.7733303904533386,
        0.7873349189758301,
        0.897133469581604,
        1.1159547567367554,
        0.8792580962181091,
        0.9287706017494202,
        0.9294893741607666,
        0.9574194550514221,
        0.9316479563713074,
        1.089718222618103,
        0.8063206672668457,
        0.7352392673492432,
        0.7466082572937012,
        0.7908097505569458,
        0.7253972291946411,
        0.6703886985778809,
        0.812201976776123,
        0.7953574061393738,
        0.7341636419296265,
        0.8017905354499817,
        0.8543275594711304,
        1.0998272895812988,
        1.2961666584014893,
        1.137377381324768,
        0.9343247413635254,
        0.7392375469207764,
        0.7991183996200562,
        0.8457772135734558,
        1.0379016399383545,
        0.821264922618866,
        0.7664344906806946,
        0.6963764429092407,
        0.8125069737434387,
        0.6607966423034668,
        0.8140252828598022,
        0.815093994140625,
        0.7867123484611511,
        0.715820848941803,
        0.6919398307800293,
        0.803341269493103,
        0.7429040670394897,
        0.7186192870140076,
        0.8511026501655579,
        0.8319697380065918,
        0.7791515588760376,
        0.782494068145752,
        0.8267538547515869,
        0.7128044366836548,
        0.8562260866165161,
        1.1323031187057495,
        0.8866879940032959,
        0.8433544635772705,
        0.8507548570632935,
        0.7996542453765869,
        0.7723457217216492,
        0.7781140804290771,
        0.7783244848251343,
        0.7386004328727722,
        0.8936119079589844,
        0.7578884959220886,
        0.8500691652297974,
        0.7570745944976807,
