{
    "stu_train_loss": [
        1.7135200500488281,
        1.7287520170211792,
        1.733293056488037,
        1.765455722808838,
        1.7289541959762573,
        1.7037378549575806,
        1.7242929935455322,
        1.710290551185608,
        1.7225112915039062,
        1.7165929079055786,
        1.700801134109497,
        1.720055103302002,
        1.7586965560913086,
        1.70370614528656,
        1.6996523141860962,
        1.696467399597168,
        1.6759928464889526,
        1.6709460020065308,
        1.658471941947937,
        1.6719489097595215,
        1.6870639324188232,
        1.6808708906173706,
        1.6897056102752686,
        1.6653423309326172,
        1.6615662574768066,
        1.6592082977294922,
        1.6436494588851929,
        1.659419059753418,
        1.6419296264648438,
        1.6400611400604248,
        1.6166363954544067,
        1.6926395893096924,
        1.6490839719772339,
        1.6221157312393188,
        1.6204555034637451,
        1.615110158920288,
        1.6253304481506348,
        1.634583592414856,
        1.6118296384811401,
        1.6121138334274292
    ],
    "stu_test_loss": [
        1.6038011312484741,
        1.6639788150787354,
        1.732643485069275,
        1.6987253427505493,
        1.7174304723739624,
        1.6208099126815796,
        1.7125236988067627,
        1.6672658920288086,
        1.707350254058838,
        1.7316765785217285,
        1.7070735692977905,
        1.656118392944336,
        1.6867042779922485,
        1.7183440923690796,
        1.8499122858047485,
        1.6939469575881958,
        1.7358639240264893,
        1.8267534971237183,
        1.8132846355438232,
        1.8445801734924316,
        1.7208406925201416,
        1.6796938180923462,
        1.699263095855713,
        1.6477539539337158,
        1.6545380353927612,
        1.6512041091918945,
        1.661683440208435,
        1.8741902112960815,
        1.6810107231140137,
        1.768930435180664,
        1.633738398551941,
        1.657738447189331,
        1.6537152528762817,
        1.736778736114502,
        1.8049018383026123,
        1.710549235343933,
        1.7791167497634888,
        1.7501063346862793,
        1.7768064737319946,
        1.7626473903656006,
        1.7015507221221924,
        1.636437177658081,
        1.7300279140472412,
        1.822019100189209,
        1.7575732469558716,
        1.839096188545227,
        1.7425554990768433,
        1.7429742813110352,
        1.7191269397735596,
        1.782448410987854,
        1.729517936706543,
        1.6961044073104858,
        1.770674467086792,
        1.7208882570266724,
        1.7008682489395142,
        1.5948410034179688,
        1.839508056640625,
        1.6268045902252197,
        1.6468713283538818,
        1.806422233581543,
        1.7802414894104004,
        1.8096520900726318,
        1.6121121644973755,
        1.6899371147155762,
        1.7893047332763672,
        1.8298945426940918,
        1.843614101409912,
        1.6327393054962158,
        1.8540995121002197,
        1.6751227378845215,
        1.6741384267807007,
        1.663393259048462,
        1.6667118072509766,
        1.6248884201049805,
        1.7603813409805298,
        1.6667497158050537,
        1.8057894706726074,
        1.8043928146362305,
        1.7032225131988525,
        1.7846784591674805,
        1.7248215675354004,
        1.75807785987854,
        1.7990055084228516,
        1.684782862663269,
        1.6387749910354614,
        1.8417253494262695,
        1.741032361984253,
        1.6745481491088867,
        1.7215616703033447,
        1.7321892976760864,
        1.671554446220398,
        1.8248659372329712,
        1.7168718576431274,
        1.7523380517959595,
        1.6302050352096558,
        1.7849575281143188,
        1.6612720489501953,
        1.7503057718276978,
        1.751099944114685,
        1.7498825788497925,
        1.7149531841278076,
        1.6908540725708008,
        1.6478281021118164,
        1.731821060180664,
        1.8766543865203857,
        1.791043758392334,
        1.74169921875,
        1.6365872621536255,
        1.6243257522583008,
        1.788399577140808,
        1.7347478866577148,
        1.854075312614441,
        1.6738237142562866,
        1.6767359972000122,
        1.63960862159729,
        1.7891674041748047,
        1.760305404663086,
        1.7509026527404785,
        1.7208583354949951,
        1.82443368434906,
        1.7581746578216553,
        1.7590159177780151,
        1.7800532579421997,
        1.8011044263839722,
        1.7244621515274048,
        1.671154499053955,
        1.61814284324646,
        1.7380156517028809,
        1.824120283126831,
        1.8149356842041016,
        1.5892120599746704,
        1.8070927858352661,
        1.8511767387390137,
        1.6759213209152222,
        1.6637893915176392,
        1.7174979448318481,
        1.8022184371948242,
        1.7884182929992676,
        1.8564406633377075,
        1.783517837524414,
        1.8400216102600098,
        1.6839423179626465,
        1.7980948686599731,
        1.5833542346954346,
        1.8240025043487549,
        1.6885958909988403,
        1.7343428134918213,
        1.642810344696045,
        1.7852059602737427,
        1.7050857543945312,
        1.7808383703231812,
        1.6623166799545288,
        1.6927928924560547,
        1.6348042488098145,
        1.6725481748580933,
        1.739944577217102,
        1.6928521394729614,
        1.6040911674499512,
        1.693569302558899,
        1.6400717496871948,
        1.6633737087249756,
        1.756919264793396,
        1.6214909553527832,
        1.7567672729492188,
        1.6984072923660278,
        1.7308645248413086,
        1.5504225492477417,
        1.5963294506072998,
        1.7249482870101929,
        1.6819615364074707,
        1.6445478200912476,
        1.6023788452148438,
        1.6062644720077515,
        1.696311593055725,
        1.6619257926940918,
        1.6831943988800049,
        1.7459160089492798,
        1.655797004699707,
        1.681430697441101,
        1.8150146007537842,
        1.7052416801452637,
        1.6893725395202637,
        1.7599749565124512,
        1.723839521408081,
        1.65932297706604,
        1.7341228723526,
        1.7804234027862549,
        1.6873499155044556,
        1.791693091392517,
        1.706221342086792,
        1.7284421920776367,
        1.752618432044983,
        1.7718371152877808,
        1.68998122215271,
        1.6574556827545166,
        1.6988651752471924,
        1.6883474588394165,
        1.6142406463623047,
        1.6648647785186768,
        1.6507830619812012,
        1.7225360870361328,
        1.6568516492843628,
        1.6547507047653198,
        1.6872079372406006,
        1.749139666557312,
        1.9209744930267334,
        1.8449795246124268,
        1.7636594772338867,
        1.6253437995910645,
        1.6821544170379639,
        1.6294469833374023,
        1.8973637819290161,
        1.6920605897903442,
        1.728010892868042,
        1.5270336866378784,
        1.7129491567611694,
        1.6047415733337402,
        1.643580675125122,
        1.6770906448364258,
        1.7027382850646973,
        1.6735856533050537,
        1.5612136125564575,
        1.7303273677825928,
        1.6457339525222778,
        1.6407644748687744,
        1.6418488025665283,
        1.726658582687378,
        1.654052495956421,
        1.6446127891540527,
        1.7288802862167358,
        1.6953500509262085,
        1.645829677581787,
        1.8290913105010986,
        1.7970861196517944,
        1.7235742807388306,
        1.7869192361831665,
        1.6439427137374878,
        1.693603754043579,
        1.6126761436462402,
        1.6487202644348145,
        1.7459105253219604,
        1.6945948600769043,
        1.743179202079773,
        1.7051340341567993,
        1.6493135690689087,
        1.8237552642822266,
