{
    "stu_train_loss": [
        2.297909736633301,
        2.2988080978393555,
        2.313565492630005,
        2.3046653270721436,
        2.3019206523895264,
        2.301691770553589,
        2.3046770095825195,
        2.3020946979522705,
        2.3033039569854736,
        2.3065271377563477,
        2.303349018096924,
        2.3030643463134766,
        2.304076671600342,
        2.3009700775146484,
        2.301604747772217,
        2.298283338546753,
        2.301736831665039,
        2.3059980869293213,
        2.3025290966033936,
        2.3027374744415283,
        2.306788444519043,
        2.306591272354126,
        2.2999491691589355,
        2.302983522415161,
        2.3002681732177734,
        2.296565532684326,
        2.3046493530273438,
        2.2967307567596436,
        2.3082289695739746,
        2.301619052886963,
        2.303419351577759,
        2.3052890300750732,
        2.296661615371704,
        2.301769971847534,
        2.3003499507904053,
        2.2996034622192383,
        2.3043406009674072,
        2.298004388809204,
        2.302293300628662,
        2.294294595718384
    ],
    "stu_test_loss": [
        2.3705973625183105,
        2.3892264366149902,
        2.391890048980713,
        2.366849422454834,
        2.388339042663574,
        2.372170925140381,
        2.377768039703369,
        2.3812105655670166,
        2.378208875656128,
        2.393519163131714,
        2.386866807937622,
        2.3853633403778076,
        2.381747245788574,
        2.3767340183258057,
        2.399911403656006,
        2.3760263919830322,
        2.392582654953003,
        2.394094944000244,
        2.3982040882110596,
        2.396240472793579,
        2.389575958251953,
        2.3846664428710938,
        2.3894362449645996,
        2.368295669555664,
        2.377344846725464,
        2.402599334716797,
        2.3890981674194336,
        2.4085559844970703,
        2.3918044567108154,
        2.398817300796509,
        2.38936710357666,
        2.3757505416870117,
        2.3873744010925293,
        2.381692886352539,
        2.37960147857666,
        2.391228437423706,
        2.3857929706573486,
        2.402045965194702,
        2.376289129257202,
        2.390223264694214,
        2.3771347999572754,
        2.3767757415771484,
        2.399744749069214,
        2.3888449668884277,
        2.375849962234497,
        2.396699905395508,
        2.3934097290039062,
        2.396845579147339,
        2.368262529373169,
        2.386641025543213,
        2.4064483642578125,
        2.3737730979919434,
        2.381659984588623,
        2.3860909938812256,
        2.382643461227417,
        2.3890299797058105,
        2.400736093521118,
        2.3984713554382324,
        2.37117075920105,
        2.3864963054656982,
        2.398212432861328,
        2.388719320297241,
        2.3756704330444336,
        2.3856186866760254,
        2.393195390701294,
        2.4067046642303467,
        2.395233154296875,
        2.377575159072876,
        2.389104127883911,
        2.3779735565185547,
        2.370014190673828,
        2.387382745742798,
        2.3831615447998047,
        2.3788270950317383,
        2.391881227493286,
        2.3893847465515137,
        2.3929731845855713,
        2.3847503662109375,
        2.3816583156585693,
        2.3822271823883057,
        2.3817358016967773,
        2.393914222717285,
        2.4025275707244873,
        2.380683422088623,
        2.3776767253875732,
        2.3905389308929443,
        2.3872623443603516,
        2.3825604915618896,
        2.384282350540161,
        2.3715298175811768,
        2.384425640106201,
        2.377481460571289,
        2.3913660049438477,
        2.382084608078003,
        2.3834967613220215,
        2.389317750930786,
        2.396836757659912,
        2.3986754417419434,
        2.3872573375701904,
        2.3863401412963867,
        2.387727737426758,
        2.3815977573394775,
        2.3894553184509277,
        2.39871883392334,
        2.3975601196289062,
        2.3808162212371826,
        2.384207248687744,
        2.388744354248047,
        2.377902030944824,
        2.3832457065582275,
        2.3799855709075928,
        2.3864071369171143,
        2.3728795051574707,
        2.3914175033569336,
        2.3858208656311035,
        2.3879783153533936,
        2.393693447113037,
        2.3900394439697266,
        2.3810951709747314,
        2.392913579940796,
        2.366471767425537,
        2.3734116554260254,
        2.389521360397339,
        2.396071672439575,
        2.37229323387146,
        2.371412754058838,
        2.384202241897583,
        2.379574775695801,
        2.398644208908081,
        2.3859875202178955,
        2.3826239109039307,
        2.371628522872925,
        2.3913261890411377,
        2.379694938659668,
        2.348379611968994,
        2.392758846282959,
        2.373147964477539,
        2.389167070388794,
        2.3808341026306152,
        2.4044158458709717,
        2.382098436355591,
        2.3927676677703857,
        2.3682899475097656,
        2.3742165565490723,
        2.4052698612213135,
        2.3706586360931396,
        2.3661715984344482,
        2.3844587802886963,
        2.385591745376587,
        2.381859540939331,
        2.3943800926208496,
        2.377448081970215,
        2.390443801879883,
        2.372652292251587,
        2.3967933654785156,
        2.381214141845703,
        2.3763296604156494,
        2.3746421337127686,
        2.3743343353271484,
        2.376154899597168,
        2.3834662437438965,
        2.3869025707244873,
        2.3800604343414307,
        2.390296459197998,
        2.385331630706787,
        2.3834259510040283,
        2.380959987640381,
        2.3733103275299072,
        2.3739027976989746,
        2.3783397674560547,
        2.380927324295044,
        2.377929210662842,
        2.3870790004730225,
        2.386502265930176,
        2.3782029151916504,
        2.3811817169189453,
        2.3833189010620117,
        2.386295795440674,
        2.3806025981903076,
        2.3881430625915527,
        2.393723249435425,
        2.391117811203003,
        2.3962981700897217,
        2.392507314682007,
        2.3868634700775146,
        2.383192300796509,
        2.3725733757019043,
        2.3764679431915283,
        2.388552188873291,
        2.3900885581970215,
        2.3859074115753174,
        2.388359308242798,
        2.372901439666748,
        2.3949694633483887,
        2.3637325763702393,
        2.382415771484375,
        2.3923282623291016,
        2.386953353881836,
        2.3952529430389404,
        2.385746717453003,
        2.375702381134033,
        2.38919997215271,
        2.382382392883301,
        2.375112295150757,
        2.3838553428649902,
        2.3994085788726807,
        2.385024070739746,
        2.376237392425537,
        2.383152961730957,
        2.379223585128784,
        2.3739278316497803,
        2.3883914947509766,
        2.3909759521484375,
        2.393768310546875,
        2.388789176940918,
        2.367389678955078,
        2.3803610801696777,
        2.3772940635681152,
        2.3692290782928467,
        2.384535789489746,
        2.3774795532226562,
        2.3634161949157715,
        2.3850858211517334,
        2.3837037086486816,
        2.3837125301361084,
        2.4007115364074707,
        2.3796350955963135,
        2.3783023357391357,
        2.3630433082580566,
        2.3892171382904053,
        2.3646936416625977,
        2.3770289421081543,
        2.3857462406158447,
        2.385725975036621,
        2.3765885829925537,
        2.384173631668091,
        2.361983060836792,
        2.387068271636963,
        2.3831787109375,
        2.3839359283447266,
        2.391582727432251,
        2.384215831756592,
        2.386045217514038,
        2.386500597000122,
        2.366091728210449,
        2.378126859664917,
        2.3724966049194336,
        2.387300968170166,
        2.37489652633667,
