{
    "stu_train_loss": [
        1.959734320640564,
        1.9571510553359985,
        1.945451021194458,
        1.961610198020935,
        1.9516514539718628,
        1.9235938787460327,
        1.9389095306396484,
        1.9467887878417969,
        1.975035548210144,
        1.9621020555496216,
        1.9319130182266235,
        1.9142996072769165,
        1.9358326196670532,
        1.930024266242981,
        1.8975121974945068,
        1.900463581085205,
        1.9415009021759033,
        1.9212231636047363,
        1.8979541063308716,
        1.881832242012024,
        1.8945529460906982,
        1.9086260795593262,
        1.9340460300445557,
        1.8813849687576294,
        1.8765044212341309,
        1.900124192237854,
        1.9040110111236572,
        1.9261937141418457,
        1.8756166696548462,
        1.8782124519348145,
        1.9177038669586182,
        1.8764269351959229,
        1.8897631168365479,
        1.9052441120147705,
        1.85953688621521,
        1.8764454126358032,
        1.8438541889190674,
        1.8775588274002075,
        1.8507347106933594,
        1.849442720413208
    ],
    "stu_test_loss": [
        1.8588865995407104,
        1.9005266427993774,
        1.9607958793640137,
        1.9481852054595947,
        1.9645134210586548,
        1.8471068143844604,
        1.9481003284454346,
        1.929602861404419,
        1.946575403213501,
        1.951384425163269,
        1.922236680984497,
        1.909934639930725,
        1.9238847494125366,
        1.9349634647369385,
        2.0385584831237793,
        1.9354392290115356,
        1.9695485830307007,
        2.0266425609588623,
        2.029507637023926,
        2.051368474960327,
        1.9367599487304688,
        1.9238998889923096,
        1.9495375156402588,
        1.8886170387268066,
        1.9046754837036133,
        1.8934826850891113,
        1.919417142868042,
        2.079710006713867,
        1.9072048664093018,
        1.994705080986023,
        1.8806962966918945,
        1.8991152048110962,
        1.9054813385009766,
        1.985544204711914,
        2.011701822280884,
        1.9360865354537964,
        2.001417636871338,
        1.9544810056686401,
        2.021719455718994,
        2.0091898441314697,
        1.9403042793273926,
        1.8907806873321533,
        1.9330592155456543,
        2.0394434928894043,
        2.0154473781585693,
        2.0631089210510254,
        1.9852458238601685,
        1.9696621894836426,
        1.9582401514053345,
        2.0186522006988525,
        1.9842957258224487,
        1.9200413227081299,
        1.9958908557891846,
        1.930227518081665,
        1.942185401916504,
        1.849584698677063,
        2.0483031272888184,
        1.8755173683166504,
        1.9127815961837769,
        2.0324549674987793,
        2.005192279815674,
        2.0477380752563477,
        1.8695687055587769,
        1.919708013534546,
        2.038140296936035,
        2.0542352199554443,
        2.0395796298980713,
        1.8829376697540283,
        2.0531787872314453,
        1.9455848932266235,
        1.9134550094604492,
        1.884268045425415,
        1.9071824550628662,
        1.8793812990188599,
        1.9856504201889038,
        1.929009199142456,
        2.0185658931732178,
        2.025714159011841,
        1.933789849281311,
        1.999066948890686,
        1.9639683961868286,
        1.989717721939087,
        2.021738052368164,
        1.92850923538208,
        1.901549220085144,
        2.0504355430603027,
        1.9815244674682617,
        1.9220083951950073,
        1.9463611841201782,
        1.9712640047073364,
        1.9221488237380981,
        2.0357367992401123,
        1.9907492399215698,
        1.9912797212600708,
        1.8986891508102417,
        2.0241286754608154,
        1.8942053318023682,
        1.987194538116455,
        1.9722157716751099,
        1.9781197309494019,
        1.9234099388122559,
        1.937210202217102,
        1.8919000625610352,
        1.9761128425598145,
        2.055081844329834,
        2.006030797958374,
        1.9612549543380737,
        1.8747888803482056,
        1.878503441810608,
        2.0254554748535156,
        1.963196039199829,
        2.064004421234131,
        1.8852593898773193,
        1.9311329126358032,
        1.8834306001663208,
        2.0421786308288574,
        1.991703748703003,
        1.9673199653625488,
        1.9617871046066284,
        2.013697385787964,
        1.9884496927261353,
        2.009580612182617,
        1.9810186624526978,
        2.008230686187744,
        1.9665508270263672,
        1.8891602754592896,
        1.8759639263153076,
        1.9634054899215698,
        2.0320751667022705,
        2.0413849353790283,
        1.8143744468688965,
        1.992928385734558,
        2.062857151031494,
        1.9091535806655884,
        1.9092769622802734,
        1.9597105979919434,
        2.0394976139068604,
        2.0331287384033203,
        2.086278200149536,
        2.0238592624664307,
        2.0294439792633057,
        1.8970060348510742,
        2.0048787593841553,
        1.8523727655410767,
        2.054023027420044,
        1.9089810848236084,
        1.9445750713348389,
        1.8934340476989746,
        2.044637441635132,
        1.9697502851486206,
        2.011239528656006,
        1.9274537563323975,
        1.9052553176879883,
        1.8872621059417725,
        1.9008889198303223,
        1.9754090309143066,
        1.9555469751358032,
        1.868816614151001,
        1.9479531049728394,
        1.8893064260482788,
        1.9210553169250488,
        1.982356309890747,
        1.8667778968811035,
        2.0031814575195312,
        1.9162129163742065,
        1.97572922706604,
        1.8219822645187378,
        1.8641636371612549,
        1.979817271232605,
        1.9128998517990112,
        1.869060754776001,
        1.8724327087402344,
        1.864467740058899,
        1.899281620979309,
        1.9182077646255493,
        1.9188079833984375,
        1.9605151414871216,
        1.9236692190170288,
        1.9336614608764648,
        2.0213372707366943,
        1.9504554271697998,
        1.9291841983795166,
        1.9879157543182373,
        1.9500616788864136,
        1.8932276964187622,
        1.9775508642196655,
        1.995227575302124,
        1.905641794204712,
        2.0197839736938477,
        1.9513956308364868,
        1.9244093894958496,
        1.9589815139770508,
        1.958112120628357,
        1.9330123662948608,
        1.9014739990234375,
        1.9380888938903809,
        1.9486031532287598,
        1.872011661529541,
        1.9232925176620483,
        1.915514349937439,
        1.958478331565857,
        1.8968309164047241,
        1.9090157747268677,
        1.9087820053100586,
        1.9709022045135498,
        2.0953996181488037,
        2.047330617904663,
        1.9818878173828125,
        1.8747155666351318,
        1.92427659034729,
        1.8330756425857544,
        2.051189422607422,
        1.925001859664917,
        1.9699833393096924,
        1.8221232891082764,
        1.9441558122634888,
        1.8863656520843506,
        1.9202600717544556,
        1.9185618162155151,
        1.949965476989746,
        1.933248519897461,
        1.8494365215301514,
        1.9990241527557373,
        1.8972464799880981,
        1.8737871646881104,
        1.888659954071045,
        1.9258664846420288,
        1.9195729494094849,
        1.8725568056106567,
        1.9501142501831055,
        1.9336233139038086,
        1.8796312808990479,
        2.021531343460083,
        1.9819203615188599,
        1.963200330734253,
        2.0228281021118164,
        1.8775120973587036,
        1.9522517919540405,
        1.865530014038086,
        1.9163343906402588,
        1.990091323852539,
        1.921910047531128,
        1.9806396961212158,
        1.9289344549179077,
        1.8814457654953003,
        2.0082902908325195,
