{
    "stu_train_loss": 0.4195651613451816,
    "stu_test_loss": 0.9383754968643189,
    "stu_train_acc": 0.8520370136808466,
    "stu_test_acc": 0.8081999802589417
}