{
    "stu_train_loss": 0.4111625850200653,
    "stu_test_loss": 0.94779192507267,
    "stu_train_acc": 0.8627160290877024,
    "stu_test_acc": 0.8024999803304672
}