{
    "stu_train_loss": 0.4597511148011243,
    "stu_test_loss": 0.9272458392381668,
    "stu_train_acc": 0.8387036853366427,
    "stu_test_acc": 0.7883999788761139
}