{
    "stu_train_loss": 0.41508649510365947,
    "stu_test_loss": 0.9021509748697281,
    "stu_train_acc": 0.859444425061897,
    "stu_test_acc": 0.8033999782800675
}