{
    "stu_train_loss": 0.4270743021258601,
    "stu_test_loss": 0.8891065949201584,
    "stu_train_acc": 0.856111094907478,
    "stu_test_acc": 0.8092999792098999
}