{
    "stu_train_loss": 0.4133607629272673,
    "stu_test_loss": 0.8954050141572952,
    "stu_train_acc": 0.8619752879495974,
    "stu_test_acc": 0.8062999784946442
}