{
    "stu_train_loss": 0.44249280321377293,
    "stu_test_loss": 0.8981759881973267,
    "stu_train_acc": 0.8471604729140246,
    "stu_test_acc": 0.8079999756813049
}