{
    "stu_train_loss": 0.41342194433565493,
    "stu_test_loss": 0.8621421873569488,
    "stu_train_acc": 0.8574691205113022,
    "stu_test_acc": 0.8077999782562256
}