{
    "stu_train_loss": 0.41377868282574193,
    "stu_test_loss": 0.8861991894245148,
    "stu_train_acc": 0.8580246722256696,
    "stu_test_acc": 0.8130999755859375
}