{
    "stu_train_loss": 0.42082899201799323,
    "stu_test_loss": 0.9419737464189529,
    "stu_train_acc": 0.8564197365884427,
    "stu_test_acc": 0.8034999775886535
}