{
    "stu_train_loss": 0.4212020972260722,
    "stu_test_loss": 0.922903550863266,
    "stu_train_acc": 0.862098745725773,
    "stu_test_acc": 0.8078999793529511
}