{
    "stu_train_loss": 0.41319238642851513,
    "stu_test_loss": 0.9141660803556442,
    "stu_train_acc": 0.8596913361990893,
    "stu_test_acc": 0.796799978017807
}