{
    "stu_train_loss": 0.06736338778439155,
    "mentor_train_loss": 0.08063022835656654,
    "stu_test_loss": 0.15184250473976135,
    "mentor_test_loss": 0.12335698874280475,
    "stu_train_acc": 0.9990656146179402,
    "mentor_train_acc": 0.9978197674418605,
    "stu_test_acc": 0.9887180511182109,
    "mentor_test_acc": 0.9923123003194888
}