{
    "stu_train_loss": 0.05018518321166601,
    "mentor_train_loss": 0.04720351738589151,
    "stu_test_loss": 0.36569973931740074,
    "mentor_test_loss": 0.17838858726163642,
    "stu_train_acc": 0.9987541528239202,
    "mentor_train_acc": 0.9991694352159468,
    "stu_test_acc": 0.981629392971246,
    "mentor_test_acc": 0.9924121405750799
}