{
    "stu_train_loss": 0.12116252153220763,
    "mentor_train_loss": 0.12525819714778286,
    "stu_test_loss": 0.1412138471397729,
    "mentor_test_loss": 0.1321542109734715,
    "stu_train_acc": 0.9960548172757475,
    "mentor_train_acc": 0.9947051495016611,
    "stu_test_acc": 0.9873202875399361,
    "mentor_test_acc": 0.9900159744408946
}