{
    "stu_train_loss": 0.10392603258357888,
    "mentor_train_loss": 0.10677664075975006,
    "stu_test_loss": 0.13873058640823577,
    "mentor_test_loss": 0.1326943345296497,
    "stu_train_acc": 0.9966777408637874,
    "mentor_train_acc": 0.9961586378737541,
    "stu_test_acc": 0.9879193290734825,
    "mentor_test_acc": 0.9912140575079872
}