{
    "stu_train_loss": 0.0648725124639134,
    "mentor_train_loss": 0.07294105321317416,
    "stu_test_loss": 0.146970823109626,
    "mentor_test_loss": 0.21477633270735558,
    "stu_train_acc": 0.998546511627907,
    "mentor_train_acc": 0.9975083056478405,
    "stu_test_acc": 0.9885183706070287,
    "mentor_test_acc": 0.9874201277955271
}