{
    "stu_train_loss": 0.7449487772989907,
    "mentor_train_loss": 0.6071022488053058,
    "stu_test_loss": 0.34544849619507406,
    "mentor_test_loss": 0.30183172625855514,
    "stu_train_acc": 0.8293821320581277,
    "mentor_train_acc": 0.8954120323903537,
    "stu_test_acc": 0.9681509584664537,
    "mentor_test_acc": 0.981529552715655
}