{
    "stu_train_loss": 0.08640745190587946,
    "mentor_train_loss": 0.09600770442539275,
    "stu_test_loss": 0.15971211436838387,
    "mentor_test_loss": 0.1308724756557911,
    "stu_train_acc": 0.9978197674418605,
    "mentor_train_acc": 0.9965739202657807,
    "stu_test_acc": 0.9849241214057508,
    "mentor_test_acc": 0.9903154952076677
}