{
    "stu_train_loss": 0.04857481753707328,
    "mentor_train_loss": 0.054222956510180255,
    "stu_test_loss": 0.15954228147221639,
    "mentor_test_loss": 0.19061761442869427,
    "stu_train_acc": 0.998857973421927,
    "mentor_train_acc": 0.9982982450149384,
    "stu_test_acc": 0.988917731629393,
    "mentor_test_acc": 0.9895167731629393
}