{
    "stu_train_loss": 0.13645112133303353,
    "mentor_train_loss": 0.14727879526013155,
    "stu_test_loss": 0.16753702784498659,
    "mentor_test_loss": 0.1549220242486975,
    "stu_train_acc": 0.9944975083056479,
    "mentor_train_acc": 0.9922134551495017,
    "stu_test_acc": 0.9839257188498403,
    "mentor_test_acc": 0.988917731629393
}