{
    "stu_train_loss": [
        0.40896904468536377,
        0.4287090599536896,
        0.5396503806114197,
        0.47247254848480225,
        0.3499069809913635,
        0.40613728761672974,
        0.2948966920375824,
        0.5574036240577698,
        0.2099132239818573,
        0.5975054502487183,
        0.32135483622550964,
        0.2227371335029602,
        0.30077001452445984,
        0.4428652822971344,
        0.5813643932342529,
        0.2597200572490692,
        0.5361014604568481,
        0.4043605923652649,
        0.5719321370124817,
        0.3556728661060333,
        0.4844247102737427,
        0.32985159754753113,
        0.24193333089351654,
        0.3655160963535309,
        0.49893951416015625,
        0.3913080096244812,
        0.5253720283508301,
        0.2333059161901474,
        0.40498435497283936,
        0.5119361281394958,
        0.2211357206106186,
        0.4266740083694458,
        0.4527539908885956,
        0.26900601387023926,
        0.39911413192749023,
        0.3571578562259674,
        0.7537775039672852,
        0.2971087098121643,
        0.5927714109420776,
        0.3715728223323822,
        0.2978581190109253,
        0.5090047717094421,
        0.3137895464897156,
        0.5749185681343079,
        0.2506446838378906,
        0.7244465947151184,
        0.5894293785095215,
        0.3417915105819702,
        0.4320421814918518,
        0.5640266537666321,
        0.2405419498682022,
        0.4895916283130646,
        0.4418744444847107,
        0.7290867567062378,
        0.42008742690086365,
        0.5009903907775879,
        0.3051771819591522,
        0.3065727651119232,
        0.4249281585216522,
        0.4262218773365021,
        0.5334058403968811,
        0.46525290608406067,
        0.3831808567047119,
        0.2780890166759491,
        0.507943332195282,
        0.47146669030189514,
        0.3453683853149414,
        0.3123546242713928,
        0.24994799494743347,
        0.3885394036769867,
        0.19170036911964417,
        0.16236688196659088,
        0.2821274995803833,
        0.5322478413581848,
        0.3796955645084381,
        0.30500146746635437,
        0.4350135922431946,
        0.34519991278648376,
        0.42816928029060364,
        0.3800464868545532,
        0.7361536026000977,
        0.38769739866256714,
        0.5240248441696167,
        0.5587199926376343,
        0.3727649748325348,
        0.08445876836776733
    ],
    "stu_test_loss": [
        0.7287411689758301,
        0.7038607597351074,
        0.7816462516784668,
        0.7669638395309448,
        0.7451525330543518,
        0.47981566190719604,
        0.5520702004432678,
        0.6132106781005859,
        0.7005558013916016,
        0.8832025527954102,
        0.5244287848472595,
        0.5339967012405396,
        0.8185974359512329,
        0.5783507227897644,
        0.6866014003753662,
        0.5972273945808411,
        0.47791051864624023,
        0.6179938912391663,
        0.6708371043205261,
        0.9211602210998535,
        0.6558023691177368,
        0.7125734090805054,
        0.8707289099693298,
        0.7980801463127136,
        0.4624031186103821,
        0.8524341583251953,
        0.5245280861854553,
        0.7381535768508911,
        0.6144042015075684,
        0.7225310802459717,
        0.9067152142524719,
        0.6622151136398315,
        0.626563310623169,
        0.65517657995224,
        0.6729130744934082,
        0.7714443206787109,
        0.767770528793335,
        0.6143054962158203,
        0.6831520795822144,
        0.7948758006095886,
        0.613521933555603,
        0.6482754945755005,
        0.6593778133392334,
        0.6086406111717224,
        0.44410598278045654,
        0.8376703858375549,
        0.8432459831237793,
        0.5613970756530762,
        0.7268628478050232,
        0.7389214038848877,
        0.5522289276123047,
        0.6293238401412964,
        0.5474003553390503,
        0.7970461845397949,
        0.8249903917312622,
        0.6088142395019531,
        0.6856563687324524,
        0.751770555973053,
        0.5370569229125977,
        0.6147011518478394,
        0.710091769695282,
        0.9180225729942322,
        0.7978838086128235,
        0.8094764947891235,
        0.8362489938735962,
        0.5526110529899597,
        0.5328029990196228,
        0.6291341781616211,
        0.8257362842559814,
        0.5965397357940674,
        0.6592175960540771,
        0.81712806224823,
        1.021081805229187,
        0.6415812969207764,
        0.7052905559539795,
        0.6329753398895264,
        0.6048754453659058,
        1.0051835775375366,
        0.7010184526443481,
        0.8230684399604797,
        0.7165195941925049,
        0.8590785264968872,
        0.892645537853241,
        0.7971891760826111,
        0.6218551993370056,
        0.9149284958839417,
        0.7081968784332275,
        0.6622945666313171,
        0.7565988302230835,
        0.7740073800086975,
        1.080794334411621,
        1.0476086139678955,
        0.688996434211731,
        1.1330841779708862,
        0.9325277805328369,
        0.6789791584014893,
        0.6965566277503967,
        0.881003737449646,
        0.553308367729187,
        0.791278600692749,
        1.0213836431503296,
        1.0522315502166748,
        0.9075748920440674,
        0.7481372952461243,
        0.8431066274642944,
        0.5421074032783508,
        0.5417377352714539,
        0.6562880277633667,
        0.7388960719108582,
        0.818069577217102,
        0.7795867919921875,
        0.604082465171814,
        0.5619522929191589,
        0.6900144815444946,
        0.7462053298950195,
        0.6239187717437744,
        0.6718344688415527,
        0.71832275390625,
        0.8261329531669617,
        1.0477205514907837,
        0.7184617519378662,
        0.9900693893432617,
        0.8278206586837769,
        0.825899064540863,
        0.928519606590271,
        0.8253936767578125,
        0.8873412609100342,
        0.9141690135002136,
        0.6442300081253052,
        1.175307035446167,
        0.5403938293457031,
        0.6866999864578247,
        0.8277988433837891,
        0.9319723844528198,
        0.5317907333374023,
        0.5083895921707153,
        0.7315032482147217,
        0.7247357368469238,
        0.6313308477401733,
        0.7546101212501526,
        0.8510192632675171,
        0.5353705883026123,
        0.5077493786811829,
        0.5987098217010498,
        0.5653576850891113,
        0.7854622602462769,
        0.5649173259735107,
        0.7245235443115234,
        0.8969895839691162,
        0.5524529218673706,
        0.5187615156173706,
        0.6829941868782043,
        0.6985393166542053,
        0.8199827075004578,
        0.7236305475234985,
        0.47725266218185425,
        0.8907923698425293,
        0.871617317199707,
        0.7818487286567688,
        0.7415409088134766,
        0.782709538936615,
        0.8448896408081055,
        0.6539592146873474,
        0.684670090675354,
        0.9617693424224854,
        0.7412737607955933,
        0.6625540256500244,
        0.48846572637557983,
        0.4909440577030182,
        0.7883987426757812,
        1.091939926147461,
        0.8488723039627075,
        1.3723164796829224,
        0.8849157691001892,
        1.073474645614624,
        0.8837433457374573,
        0.6866921186447144,
        0.5797576904296875,
        0.5968811511993408,
        0.49301469326019287,
        0.5263239145278931,
        0.7445485591888428,
        0.6836798787117004,
        0.6597366333007812,
        0.49613621830940247,
        0.7281304597854614,
        0.7864490747451782,
        0.8657366633415222,
        0.6459643840789795,
        0.6218602657318115,
        0.6613816022872925,
        0.9267013072967529,
        0.9195257425308228,
        0.6719337701797485,
        0.7264094352722168,
        0.9935739040374756,
        1.0811893939971924,
