{
    "stu_train_loss": [
        0.4184078574180603,
        0.3713622987270355,
        0.5133143663406372,
        0.21950675547122955,
        0.3657931685447693,
        0.27436596155166626,
        0.322595477104187,
        0.4073598384857178,
        0.35705554485321045,
        0.6365721225738525,
        0.1340574026107788,
        0.6072571277618408,
        0.41906818747520447,
        0.30128952860832214,
        0.47098278999328613,
        0.2915671169757843,
        0.20571282505989075,
        0.36818671226501465,
        0.359426885843277,
        0.4083319902420044,
        0.7590514421463013,
        0.4747570753097534,
        0.38612717390060425,
        0.5674578547477722,
        0.25084131956100464,
        0.6299135684967041,
        0.2649000287055969,
        0.653734564781189,
        0.418961763381958,
        0.25154969096183777,
        0.3097338080406189,
        0.3866852819919586,
        0.2808662950992584,
        0.3079460561275482,
        0.5590525269508362,
        0.32524216175079346,
        0.18024538457393646,
        0.3255920112133026,
        0.26984891295433044,
        0.286345899105072,
        0.5655155777931213,
        0.4372175931930542,
        0.44246184825897217,
        0.23540526628494263,
        0.34075093269348145,
        0.3030005693435669,
        0.7889114022254944,
        0.5396220684051514,
        0.15211422741413116,
        0.5449155569076538,
        0.4243658185005188,
        0.299986869096756,
        0.37565019726753235,
        0.27490565180778503,
        0.2835824489593506,
        0.565172016620636,
        0.42762985825538635,
        0.5278732180595398,
        0.5574707388877869,
        0.48086458444595337,
        0.6685505509376526,
        0.1336720585823059,
        0.43632498383522034,
        0.3029307723045349,
        0.3365447521209717,
        0.5560504198074341,
        0.6930977702140808,
        0.34581780433654785,
        0.45281487703323364,
        0.37470951676368713,
        0.22968576848506927,
        0.36891478300094604,
        0.4740590751171112,
        0.6633317470550537,
        0.15465056896209717,
        0.25603270530700684,
        0.5941959023475647,
        0.33362236618995667,
        0.5291923880577087,
        0.3280305564403534,
        0.3944951295852661,
        0.44255056977272034,
        0.3627963364124298,
        0.3111187219619751,
        0.5266769528388977,
        0.47272396087646484
    ],
    "stu_test_loss": [
        0.6804649829864502,
        0.8296393156051636,
        0.7099341154098511,
        0.774445652961731,
        0.6743768453598022,
        0.4442901611328125,
        0.5465023517608643,
        0.5893661975860596,
        0.5669621229171753,
        0.6562222242355347,
        0.47864705324172974,
        0.5036916732788086,
        0.8051333427429199,
        0.5787698030471802,
        0.630420446395874,
        0.5924500226974487,
        0.5340828895568848,
        0.5986526608467102,
        0.7470319271087646,
        0.9179824590682983,
        0.6588804721832275,
        0.7570500373840332,
        0.7314451336860657,
        0.7312206029891968,
        0.4991898536682129,
        0.7091367840766907,
        0.500247597694397,
        0.6627596020698547,
        0.5295661687850952,
        0.6339793801307678,
        0.9726390838623047,
        0.5817148685455322,
        0.5746012330055237,
        0.6113873720169067,
        0.7473498582839966,
        0.675576388835907,
        0.6574596166610718,
        0.7798619270324707,
        0.5950074195861816,
        0.8023824691772461,
        0.5262755155563354,
        0.6538301110267639,
        0.7307174205780029,
        0.5661543607711792,
        0.41923731565475464,
        0.9692090749740601,
        0.5976271629333496,
        0.7497619986534119,
        0.5793178081512451,
        0.6885294914245605,
        0.6263657212257385,
        0.6876835227012634,
        0.6294741034507751,
        0.7388246655464172,
        0.7669153213500977,
        0.6094222068786621,
        0.5800349116325378,
        0.7504475712776184,
        0.5606017112731934,
        0.6955956816673279,
        0.636757493019104,
        0.860650897026062,
        0.8292121887207031,
        0.7656329274177551,
        0.7360951900482178,
        0.6611130237579346,
        0.48246878385543823,
        0.651034414768219,
        0.6258320808410645,
        0.5849123001098633,
        0.577312707901001,
        0.750917911529541,
        0.658417820930481,
        0.568885862827301,
        0.6565145254135132,
        0.5624771118164062,
        0.5680150985717773,
        0.7980082631111145,
        0.6622694730758667,
        0.846877932548523,
        0.7083783149719238,
        0.8390969634056091,
        0.8023372888565063,
        0.7217945456504822,
        0.6210201978683472,
        0.829640805721283,
        0.5906717777252197,
        0.59778892993927,
        0.6778143644332886,
        0.5582045316696167,
        1.0203473567962646,
        1.1672956943511963,
        0.7270201444625854,
        1.12605619430542,
        0.8553783893585205,
        0.6778426170349121,
        0.7538430690765381,
        0.8028985857963562,
        0.47204911708831787,
        0.7818570137023926,
        0.9043737053871155,
        1.0811758041381836,
        0.8790297508239746,
        0.7408052682876587,
        0.6965096592903137,
        0.5973954200744629,
        0.47071021795272827,
        0.6336566209793091,
        0.6664711236953735,
        0.8212908506393433,
        1.0482373237609863,
        0.7094218730926514,
        0.5852550268173218,
        0.6470715999603271,
        0.7382850646972656,
        0.6439720392227173,
        0.6518023014068604,
        0.7750917077064514,
        0.6785447597503662,
        0.9823800325393677,
        0.6249808669090271,
        0.9333899021148682,
        0.8243938684463501,
        0.8281238675117493,
        1.0084540843963623,
        0.69707190990448,
        0.7788200378417969,
        0.8632442355155945,
        0.7574120759963989,
        1.0095981359481812,
        0.44739094376564026,
        0.6620137095451355,
        0.6699895858764648,
        0.7921342849731445,
        0.5389441847801208,
        0.49861812591552734,
        0.5642266869544983,
        0.6234966516494751,
        0.5829221606254578,
        0.5832343101501465,
        0.7266646027565002,
        0.5189931392669678,
        0.5422217845916748,
        0.4702822268009186,
        0.6487249732017517,
        0.7457001209259033,
        0.6507003903388977,
        0.5808148980140686,
        0.9405139684677124,
        0.48257482051849365,
        0.7222094535827637,
        0.6750591993331909,
        0.7242472171783447,
        0.7894824743270874,
        0.5975719094276428,
        0.44945740699768066,
        0.754135012626648,
        0.7093912363052368,
        0.65479576587677,
        0.71075439453125,
        0.8072607517242432,
        0.7480461001396179,
        0.6126790046691895,
        0.6065921783447266,
        0.9305446743965149,
        0.6201913356781006,
        0.699903130531311,
        0.5544189214706421,
        0.4550132155418396,
        0.6206483840942383,
        1.055408000946045,
        0.8215176463127136,
        1.044685959815979,
        0.7677605152130127,
        1.016626000404358,
        0.7334098815917969,
        0.6652948260307312,
        0.5627553462982178,
        0.7997410297393799,
        0.4994529187679291,
        0.4592866897583008,
        0.8071939945220947,
        0.6051738858222961,
        0.600298285484314,
        0.5144249796867371,
        0.8289937376976013,
        0.8196985721588135,
        0.7464386224746704,
        0.7055963277816772,
        0.5994594097137451,
        0.871319055557251,
        0.7637362480163574,
        0.7424888014793396,
        0.6317879557609558,
        0.7201360464096069,
        0.9030758738517761,
        0.8640782833099365,
