{
    "stu_train_loss": [
        0.22914695739746094,
        0.5055035352706909,
        0.2752167880535126,
        0.47395679354667664,
        0.17586219310760498,
        0.3891471028327942,
        0.5130257606506348,
        0.5906562805175781,
        0.7294423580169678,
        0.30509665608406067,
        0.1725519597530365,
        0.44014033675193787,
        0.4095860719680786,
        0.4387750029563904,
        0.23585134744644165,
        0.599753737449646,
        0.4504524767398834,
        0.3575651943683624,
        0.23106749355793,
        0.5532174110412598,
        0.5684921145439148,
        0.49626871943473816,
        0.31913140416145325,
        0.3789742588996887,
        0.23829959332942963,
        0.47709032893180847,
        0.21403396129608154,
        0.4375179409980774,
        0.2487204521894455,
        0.42036232352256775,
        0.49102815985679626,
        0.07068268209695816,
        0.5408297181129456,
        0.26682767271995544,
        0.281349241733551,
        0.2550719380378723,
        0.24303026497364044,
        0.3043147921562195,
        0.32871025800704956,
        0.6081201434135437,
        0.4626607894897461,
        0.2721191942691803,
        0.1445569545030594,
        0.6165421009063721,
        0.2989013195037842,
        0.3576163649559021,
        0.28106018900871277,
        0.28930550813674927,
        0.22787974774837494,
        0.41436702013015747,
        0.5052480697631836,
        0.4693503975868225,
        0.25336864590644836,
        0.23207144439220428,
        0.5726441144943237,
        0.30656564235687256,
        0.5383736491203308,
        0.6607692241668701,
        0.3123232424259186,
        0.3387739956378937,
        0.338932603597641,
        0.37943461537361145,
        0.1483076512813568,
        0.4673007130622864,
        0.3596046268939972,
        0.2215694934129715,
        0.45813751220703125,
        0.3272344470024109,
        0.45572957396507263,
        0.280325323343277,
        0.3895953297615051,
        0.24087807536125183,
        0.5035610795021057,
        0.33478260040283203,
        0.2423541396856308,
        0.5551418662071228,
        0.3337307274341583,
        0.27408161759376526,
        0.5944263935089111,
        0.4606676697731018,
        0.11539000272750854,
        0.3902638554573059,
        0.18057195842266083,
        0.4135567843914032,
        0.19657711684703827,
        0.2245832085609436
    ],
    "stu_test_loss": [
        0.8585988879203796,
        0.8401031494140625,
        0.7848352193832397,
        0.7478958368301392,
        0.7415783405303955,
        0.5402111411094666,
        0.47955572605133057,
        0.639727771282196,
        0.6000964045524597,
        0.6377737522125244,
        0.5377674698829651,
        0.4996136426925659,
        0.8228428363800049,
        0.5218123197555542,
        0.55588698387146,
        0.5834304094314575,
        0.6060788035392761,
        0.6112270355224609,
        0.8676402568817139,
        0.8652117848396301,
        0.7028549909591675,
        0.6322287917137146,
        0.8075639009475708,
        0.5560804605484009,
        0.5162126421928406,
        0.7637029886245728,
        0.5390113592147827,
        0.6892482042312622,
        0.6610438823699951,
        0.6203035712242126,
        0.8952385187149048,
        0.5802040696144104,
        0.6474882960319519,
        0.6110527515411377,
        0.7655528783798218,
        0.8471465110778809,
        0.6452914476394653,
        0.718066394329071,
        0.6284602880477905,
        0.8814404606819153,
        0.6362276673316956,
        0.5842266082763672,
        0.7525919675827026,
        0.6781584024429321,
        0.49144861102104187,
        0.7966681718826294,
        0.6143651008605957,
        0.6833642721176147,
        0.6243549585342407,
        0.6875940561294556,
        0.5694990158081055,
        0.6384598016738892,
        0.5929274559020996,
        0.7487832307815552,
        0.6870840191841125,
        0.6928918361663818,
        0.6454929113388062,
        0.6263702511787415,
        0.591238260269165,
        0.6629486680030823,
        0.6258478164672852,
        0.7345052361488342,
        0.8691419959068298,
        0.8213754892349243,
        0.8251909613609314,
        0.7464021444320679,
        0.5610941052436829,
        0.7709510326385498,
        0.7422581911087036,
        0.664445161819458,
        0.5845153331756592,
        0.7362762093544006,
        0.8721750974655151,
        0.588687539100647,
        0.7834625244140625,
        0.6117299795150757,
        0.5691981315612793,
        1.0552661418914795,
        0.5767685174942017,
        0.843989372253418,
        0.8670321702957153,
        0.8531579971313477,
        0.7364587783813477,
        0.9418015480041504,
        0.6093145608901978,
        0.8565105199813843,
        0.7328590154647827,
        0.6400881409645081,
        0.783776044845581,
        0.6018897294998169,
        0.8932285904884338,
        1.1504230499267578,
        0.8188962340354919,
        1.3275690078735352,
        0.9511079788208008,
        0.7699463367462158,
        0.7850722670555115,
        0.870357096195221,
        0.4551398754119873,
        0.9563305377960205,
        0.997959554195404,
        1.114025354385376,
        1.0387766361236572,
        0.6141217947006226,
        0.8213378190994263,
        0.4674828350543976,
        0.4271416962146759,
        0.6490787267684937,
        0.5520700216293335,
        0.8616136312484741,
        0.8701602220535278,
        0.6748316884040833,
        0.5080852508544922,
        0.7385668754577637,
        0.7764443159103394,
        0.7166265845298767,
        0.7163139581680298,
        0.7296589612960815,
        0.9324468970298767,
        0.7688021659851074,
        0.5192907452583313,
        0.7847018241882324,
        0.7177367210388184,
        0.7395467758178711,
        0.9773569107055664,
        0.6778010725975037,
        0.8590588569641113,
        0.7934257388114929,
        0.82806795835495,
        1.1188416481018066,
        0.5229630470275879,
        0.5963706374168396,
        0.7192307710647583,
        0.9069779515266418,
        0.562985897064209,
        0.46881571412086487,
        0.7042111158370972,
        0.5514791011810303,
        0.6092958450317383,
        0.7153894901275635,
        0.723051905632019,
        0.5402405261993408,
        0.5346367359161377,
        0.5127650499343872,
        0.6112227439880371,
        0.89159095287323,
        0.6952906250953674,
        0.6348639726638794,
        0.9250320196151733,
        0.5800784826278687,
        0.5455808043479919,
        0.6980692148208618,
        0.6965607404708862,
        0.886754035949707,
        0.6426891088485718,
        0.3736441731452942,
        0.7924559116363525,
        0.650536060333252,
        0.5620391368865967,
        0.8330201506614685,
        0.8145089149475098,
        0.7724698185920715,
        0.7428612112998962,
        0.6603845357894897,
        0.9959975481033325,
        0.6597741842269897,
        0.8520073890686035,
        0.5841994285583496,
        0.5351143479347229,
        0.666149377822876,
        1.012329339981079,
        0.8168710470199585,
        1.3846863508224487,
        0.8769091367721558,
        1.1458169221878052,
        0.6536258459091187,
        0.7788596153259277,
        0.5096291899681091,
        0.6460264921188354,
        0.5442298054695129,
        0.4479532837867737,
        0.8033626079559326,
        0.6289340257644653,
        0.5569536685943604,
        0.4644218981266022,
        0.6791025400161743,
        0.7372190952301025,
        0.8950616121292114,
        0.6820324659347534,
        0.6452534198760986,
        0.807574987411499,
        0.9189131259918213,
        0.6201517581939697,
        0.5460649728775024,
        0.8825935125350952,
        0.9092108607292175,
        1.0769553184509277,
