{
    "stu_train_loss": [
        0.8249829411506653,
        0.31055450439453125,
        0.2755392789840698,
        0.7462787628173828,
        0.1369260549545288,
        0.3418620824813843,
        0.34517672657966614,
        0.5782964825630188,
        0.2100214660167694,
        0.35077568888664246,
        0.6346867084503174,
        0.3412456810474396,
        0.6740797758102417,
        0.4647906422615051,
        0.19352084398269653,
        0.3983005881309509,
        0.6888676881790161,
        0.3324900269508362,
        0.24727313220500946,
        0.3094834089279175,
        0.3514804542064667,
        0.3458893895149231,
        0.6128537654876709,
        0.4560893476009369,
        0.15575344860553741,
        0.7203549146652222,
        0.28013595938682556,
        0.46568119525909424,
        0.2483953982591629,
        0.61991947889328,
        0.3851236402988434,
        0.3447953164577484,
        0.2704635560512543,
        0.17395007610321045,
        0.3582928478717804,
        0.41144901514053345,
        0.6985520720481873,
        0.2961847186088562,
        0.20576292276382446,
        0.42389369010925293,
        0.5786057710647583,
        0.4224337935447693,
        0.3069269359111786,
        0.2837444543838501,
        0.25776994228363037,
        0.502026379108429,
        0.39869609475135803,
        0.18829753994941711,
        0.24351191520690918,
        0.6236681342124939,
        0.4209718406200409,
        0.31886976957321167,
        0.3414976894855499,
        0.12078429758548737,
        0.22699129581451416,
        0.17716196179389954,
        0.2317001074552536,
        0.7040621042251587,
        0.14369194209575653,
        0.5458918213844299,
        0.39644432067871094,
        0.5145934224128723,
        0.5512463450431824,
        0.3178110420703888,
        0.24977611005306244,
        0.16357441246509552,
        0.18023356795310974,
        0.18186913430690765,
        0.36063137650489807,
        0.38031676411628723,
        0.2623766362667084,
        0.4283279776573181,
        0.5419152975082397,
        0.5886362791061401,
        0.231604665517807,
        0.37162116169929504,
        0.3560176491737366,
        0.4052380323410034,
        0.20676210522651672,
        0.3521803617477417,
        0.31351348757743835,
        0.4377242624759674,
        0.3491823375225067,
        0.23654499650001526,
        0.14320708811283112,
        0.656933069229126
    ],
    "stu_test_loss": [
        0.7230828404426575,
        0.5714167356491089,
        0.4782697260379791,
        0.7810630798339844,
        0.6217350959777832,
        0.3852340579032898,
        0.4416196346282959,
        0.49756649136543274,
        0.45604783296585083,
        0.6090101003646851,
        0.3987022638320923,
        0.38025787472724915,
        0.6101733446121216,
        0.45326459407806396,
        0.5085446834564209,
        0.6219181418418884,
        0.48792994022369385,
        0.4687879681587219,
        0.5319830179214478,
        0.7033172249794006,
        0.5352598428726196,
        0.5317846536636353,
        0.6800180673599243,
        0.47705331444740295,
        0.4326147437095642,
        0.5510642528533936,
        0.3659096956253052,
        0.5274555683135986,
        0.4914708435535431,
        0.46271222829818726,
        0.7847850918769836,
        0.4469873905181885,
        0.560428261756897,
        0.5379451513290405,
        0.7080137729644775,
        0.6823997497558594,
        0.5377693176269531,
        0.5287894010543823,
        0.5622680187225342,
        0.671599805355072,
        0.4828452169895172,
        0.6012873649597168,
        0.5083967447280884,
        0.4341275691986084,
        0.38333186507225037,
        0.6232305765151978,
        0.5536651611328125,
        0.6800929307937622,
        0.5547381639480591,
        0.46256476640701294,
        0.4787660241127014,
        0.5782647132873535,
        0.5614203214645386,
        0.5751927495002747,
        0.5584867000579834,
        0.47424596548080444,
        0.4845300316810608,
        0.5694520473480225,
        0.4660632610321045,
        0.7182812690734863,
        0.48020344972610474,
        0.8381206393241882,
        0.7646464109420776,
        0.6604447364807129,
        0.697026789188385,
        0.4914962649345398,
        0.3561064600944519,
        0.5552918910980225,
        0.5998343229293823,
        0.393195778131485,
        0.4574745297431946,
        0.5806574821472168,
        0.7578675746917725,
        0.5034012794494629,
        0.6278131008148193,
        0.4798007905483246,
        0.4370885491371155,
        0.9299229383468628,
        0.5729069709777832,
        0.7108321785926819,
        0.5546942353248596,
        0.7790271043777466,
        0.6115900278091431,
        0.6415868401527405,
        0.5098904371261597,
        0.7440272569656372,
        0.49854761362075806,
        0.45171797275543213,
        0.5005673766136169,
        0.4526403248310089,
        0.8966861963272095,
        1.0768053531646729,
        0.7383883595466614,
        0.9397615194320679,
        0.8002322316169739,
        0.6956146955490112,
        0.8190724849700928,
        0.6258113384246826,
        0.321524441242218,
        0.6999839544296265,
        0.8914153575897217,
        0.890718400478363,
        0.729813814163208,
        0.5974934101104736,
        0.529982328414917,
        0.4443953335285187,
        0.34901919960975647,
        0.43524259328842163,
        0.4666815400123596,
        0.6293424367904663,
        0.6757622957229614,
        0.5487834811210632,
        0.56341153383255,
        0.6170812845230103,
        0.5878167152404785,
        0.4488426148891449,
        0.6183006167411804,
        0.5515288710594177,
        0.6323531270027161,
        0.7469254732131958,
        0.41151493787765503,
        0.5873385667800903,
        0.664842963218689,
        0.744051456451416,
        0.6804112195968628,
        0.612288773059845,
        0.8179534673690796,
        0.7237511873245239,
        0.5961534380912781,
        0.9295284748077393,
        0.4997142255306244,
        0.5331770181655884,
        0.494320273399353,
        0.6238300800323486,
        0.4008360803127289,
        0.4075644612312317,
        0.45792144536972046,
        0.7330405116081238,
        0.4254451394081116,
        0.5425545573234558,
        0.5354998111724854,
        0.3681546449661255,
        0.5140728950500488,
        0.4001779854297638,
        0.5982530117034912,
        0.6864520907402039,
        0.5419423580169678,
        0.4148876368999481,
        0.6897714138031006,
        0.42654550075531006,
        0.48739954829216003,
        0.6225438117980957,
        0.6273020505905151,
        0.6620999574661255,
        0.6233341097831726,
        0.3188549280166626,
        0.5610007643699646,
        0.5653954744338989,
        0.656126856803894,
        0.5577342510223389,
        0.6279195547103882,
        0.624518096446991,
        0.5976828336715698,
        0.6695250868797302,
        0.7307679057121277,
        0.46714693307876587,
        0.4730674624443054,
        0.37958550453186035,
        0.5008309483528137,
        0.5287299156188965,
        0.9316046237945557,
        0.7419897317886353,
        1.163666009902954,
        0.6189890503883362,
        0.9073280096054077,
        0.5415947437286377,
        0.6116226315498352,
        0.42311662435531616,
        0.7163712382316589,
        0.40518927574157715,
        0.3815106153488159,
        0.668197512626648,
        0.4879763126373291,
        0.4561343789100647,
        0.388962984085083,
        0.5685189366340637,
        0.6421291828155518,
        0.7059844732284546,
        0.5795737504959106,
        0.38897281885147095,
        0.6034945249557495,
        0.6569715142250061,
        0.6536616086959839,
        0.4755368232727051,
        0.6003166437149048,
        0.6776852607727051,
