{
    "stu_train_loss": [
        0.88324373960495,
        0.514220118522644,
        0.5870214104652405,
        0.37693914771080017,
        0.44431471824645996,
        0.19678831100463867,
        0.18918058276176453,
        0.9486051797866821,
        1.5483781099319458,
        0.39339351654052734,
        0.6002830862998962,
        0.754690945148468,
        0.3366498351097107,
        1.0143327713012695,
        0.7882015705108643,
        0.7544504404067993,
        0.6546128392219543,
        0.27631041407585144,
        0.315090537071228,
        0.21240535378456116,
        0.9175557494163513,
        1.1436738967895508,
        1.0420063734054565,
        0.15750502049922943,
        0.61865234375,
        0.45722275972366333,
        0.37272971868515015,
        0.3830341398715973,
        0.6970856785774231,
        0.5129331350326538,
        0.20004773139953613,
        0.49317651987075806,
        0.30478620529174805,
        0.5576147437095642,
        0.7684590816497803,
        0.2614842355251312,
        0.36566951870918274,
        0.26121971011161804,
        0.6043511033058167,
        0.2877218723297119,
        0.5473902225494385,
        0.5560072064399719,
        0.36758673191070557,
        0.16170892119407654,
        0.5165103077888489,
        0.2513495683670044,
        0.2934012711048126,
        0.4699189364910126,
        0.25090283155441284,
        0.12297861278057098,
        0.477777361869812,
        0.5542764067649841,
        0.5795475244522095,
        0.3141675889492035,
        0.1865692138671875,
        0.49691691994667053,
        0.9312388896942139,
        0.6029895544052124,
        0.3805675208568573,
        0.3738241195678711,
        0.3759332299232483,
        0.39251506328582764,
        0.6291142106056213,
        0.2582850754261017,
        0.2789396345615387,
        0.35600078105926514,
        0.38698914647102356,
        0.3026127517223358,
        0.40672990679740906,
        0.18803617358207703,
        0.3138110637664795,
        0.3283897936344147,
        0.33841100335121155,
        0.22821590304374695,
        0.322452574968338,
        0.18784013390541077,
        0.263785719871521,
        0.49468994140625,
        0.24444900453090668,
        0.3298782706260681,
        0.41717904806137085,
        0.4329889118671417,
        0.45295146107673645,
        0.15466666221618652,
        0.22579312324523926,
        0.6771209239959717
    ],
    "stu_test_loss": [
        0.6603542566299438,
        0.636786937713623,
        0.42929670214653015,
        0.7511278986930847,
        0.6825597286224365,
        0.34381434321403503,
        0.33425211906433105,
        0.4912206530570984,
        0.3319576382637024,
        0.6076481342315674,
        0.3715340197086334,
        0.31385698914527893,
        0.6293820142745972,
        0.43965160846710205,
        0.6056814789772034,
        0.5880244970321655,
        0.43423768877983093,
        0.4479036331176758,
        0.5232222676277161,
        0.7075016498565674,
        0.5513777732849121,
        0.6020765900611877,
        0.7095904350280762,
        0.5432583093643188,
        0.42652446031570435,
        0.6086375713348389,
        0.39862561225891113,
        0.5474829077720642,
        0.4632715880870819,
        0.5990166664123535,
        0.8081666827201843,
        0.4943156838417053,
        0.4412713944911957,
        0.5084002017974854,
        0.6241005659103394,
        0.669005274772644,
        0.4187108278274536,
        0.4948657155036926,
        0.5926035642623901,
        0.5988293290138245,
        0.466589093208313,
        0.6151614189147949,
        0.5505236387252808,
        0.5096303224563599,
        0.36915123462677,
        0.5502806305885315,
        0.5297077298164368,
        0.7377351522445679,
        0.6130820512771606,
        0.4837448298931122,
        0.5116942524909973,
        0.636198878288269,
        0.4723396897315979,
        0.544325590133667,
        0.41595444083213806,
        0.4048195481300354,
        0.4961158037185669,
        0.5251527428627014,
        0.4210434854030609,
        0.675095796585083,
        0.4683693051338196,
        0.7505225539207458,
        0.8507944345474243,
        0.8114875555038452,
        0.6883017420768738,
        0.3605080842971802,
        0.2651468515396118,
        0.5303699970245361,
        0.6127746105194092,
        0.37247753143310547,
        0.5141406059265137,
        0.47037363052368164,
        0.542961835861206,
        0.4416901767253876,
        0.5878873467445374,
        0.5011502504348755,
        0.4287078082561493,
        0.762484073638916,
        0.39943790435791016,
        0.701913058757782,
        0.6734431385993958,
        0.9029165506362915,
        0.662888765335083,
        0.698461651802063,
        0.6402793526649475,
        0.5970665216445923,
        0.5549421906471252,
        0.6206480860710144,
        0.5198450684547424,
        0.39735835790634155,
        0.726058840751648,
        1.3267756700515747,
        0.6494153738021851,
        1.0565978288650513,
        0.9003000259399414,
        0.6997471451759338,
        0.8625893592834473,
        0.6158220767974854,
        0.44002148509025574,
        0.7848626375198364,
        0.734919011592865,
        1.0617012977600098,
        0.7219609618186951,
        0.6476236581802368,
        0.521296501159668,
        0.3926587700843811,
        0.29481685161590576,
        0.38318759202957153,
        0.5095089673995972,
        0.7513797283172607,
        0.7052183747291565,
        0.6229622960090637,
        0.5521928071975708,
        0.7131882905960083,
        0.5489174127578735,
        0.47127193212509155,
        0.7527685761451721,
        0.5345578193664551,
        0.584374189376831,
        0.6256435513496399,
        0.37746649980545044,
        0.6841954588890076,
        0.6304064989089966,
        0.7022746205329895,
        0.7369027137756348,
        0.5563415884971619,
        0.8767269849777222,
        0.5832886099815369,
        0.7035019397735596,
        0.977789044380188,
        0.49317657947540283,
        0.4300053119659424,
        0.5036797523498535,
        0.6295427083969116,
        0.5000914931297302,
        0.3536248803138733,
        0.5081007480621338,
        0.6106469035148621,
        0.37451720237731934,
        0.4888111352920532,
        0.577139675617218,
        0.4449634552001953,
        0.5793216824531555,
        0.43671250343322754,
        0.5980667471885681,
        0.8158519268035889,
        0.5557697415351868,
        0.38529855012893677,
        0.6623797416687012,
        0.42630958557128906,
        0.4127480089664459,
        0.5537466406822205,
        0.63141930103302,
        0.6412383913993835,
        0.7059130668640137,
        0.2690220773220062,
        0.666807234287262,
        0.5384722948074341,
        0.515697717666626,
        0.4785318970680237,
        0.5944392085075378,
        0.526923656463623,
        0.5902568101882935,
        0.530245840549469,
        0.8040057420730591,
        0.5217892527580261,
        0.5343770384788513,
        0.3523779809474945,
        0.5290088653564453,
        0.4268036484718323,
        0.8973468542098999,
        0.8866394758224487,
        1.121090054512024,
        0.7843326330184937,
        0.8235372304916382,
        0.5856860280036926,
        0.8671230673789978,
        0.4927036762237549,
        0.7366703748703003,
        0.3786125183105469,
        0.33534157276153564,
        0.6585085988044739,
        0.48964840173721313,
        0.4789852499961853,
        0.34378382563591003,
        0.6077780723571777,
        0.5227439403533936,
        0.7915071249008179,
        0.6105818748474121,
        0.5059693455696106,
        0.6601635813713074,
        0.7510833144187927,
        0.5065155029296875,
        0.4771565794944763,
        0.7463463544845581,
        0.7220373749732971,
        0.8294748067855835,
