{
    "stu_train_loss": [
        0.7072626352310181,
        0.4404388964176178,
        0.2966236174106598,
        0.679811954498291,
        0.10772590339183807,
        0.6732920408248901,
        0.24426904320716858,
        0.4076560139656067,
        0.4358114004135132,
        0.680213212966919,
        0.5684347748756409,
        0.7077778577804565,
        0.4180324375629425,
        0.3391159772872925,
        0.5151166915893555,
        0.593871533870697,
        0.23724359273910522,
        0.7706350684165955,
        0.8155567049980164,
        0.8591684103012085,
        0.5476908683776855,
        0.37838172912597656,
        0.3446686565876007,
        0.2911311686038971,
        0.3175019919872284,
        0.5047968626022339,
        0.5496622920036316,
        0.46436622738838196,
        0.561739444732666,
        0.201170414686203,
        0.2701904773712158,
        0.4484790563583374,
        0.21069984138011932,
        0.3525892496109009,
        0.20000524818897247,
        0.400358647108078,
        0.2335704118013382,
        0.2518615126609802,
        0.6575788855552673,
        0.4244043827056885,
        0.33519139885902405,
        0.41759631037712097,
        0.20822954177856445,
        0.4070330262184143,
        0.27879008650779724,
        0.27373775839805603,
        0.29741814732551575,
        0.2116430699825287,
        0.2034149467945099,
        0.2239248901605606,
        0.17293760180473328,
        0.4214286804199219,
        0.6285377740859985,
        0.40770041942596436,
        0.3353387415409088,
        0.1763976365327835,
        0.5986410975456238,
        0.4183847904205322,
        0.17422457039356232,
        0.5006112456321716,
        0.4380062222480774,
        0.20492003858089447,
        0.29400381445884705,
        0.4324936270713806,
        0.1440303772687912,
        0.37165120244026184,
        0.23738199472427368,
        0.3417518138885498,
        0.38345521688461304,
        0.6777235865592957,
        0.26561814546585083,
        0.07040441036224365,
        0.40508607029914856,
        0.2357838749885559,
        0.3227468430995941,
        0.3159751296043396,
        0.2501727044582367,
        0.28087112307548523,
        0.1834963858127594,
        0.1617857962846756,
        0.49485892057418823,
        0.5456408262252808,
        0.6068830490112305,
        0.5129034519195557,
        0.3639541566371918,
        0.661115288734436
    ],
    "stu_test_loss": [
        0.5612367987632751,
        0.8460160493850708,
        0.4916877746582031,
        0.6420800089836121,
        0.6302335858345032,
        0.45794299244880676,
        0.499552845954895,
        0.6381993293762207,
        0.44406914710998535,
        0.6862011551856995,
        0.39007383584976196,
        0.4353051483631134,
        0.6464069485664368,
        0.408575177192688,
        0.5878528952598572,
        0.8227386474609375,
        0.41795891523361206,
        0.5734665393829346,
        0.6479737758636475,
        0.6861702799797058,
        0.621378481388092,
        0.5926483869552612,
        0.8718003034591675,
        0.589885950088501,
        0.47906914353370667,
        0.6156754493713379,
        0.594842791557312,
        0.6355596780776978,
        0.5413570404052734,
        0.5983783602714539,
        0.8128240704536438,
        0.5413856506347656,
        0.5268329977989197,
        0.5871756076812744,
        0.654954195022583,
        0.6717661619186401,
        0.5933393239974976,
        0.6913873553276062,
        0.61333167552948,
        0.7374284267425537,
        0.5216812491416931,
        0.6747908592224121,
        0.7400307059288025,
        0.4590781331062317,
        0.40320730209350586,
        0.6822995543479919,
        0.4872596859931946,
        0.721042275428772,
        0.6951315402984619,
        0.6687976717948914,
        0.6009223461151123,
        0.6681629419326782,
        0.5529071688652039,
        0.5368105173110962,
        0.7150367498397827,
        0.573405385017395,
        0.5185568332672119,
        0.5974085330963135,
        0.5506502985954285,
        0.6049448251724243,
        0.6998836994171143,
        0.9592528343200684,
        0.9475335478782654,
        0.6744133234024048,
        0.7707506418228149,
        0.5396749377250671,
        0.3664988577365875,
        0.6407148838043213,
        0.5478496551513672,
        0.6129394769668579,
        0.4375079274177551,
        0.702546238899231,
        0.6631354689598083,
        0.5776752233505249,
        0.5826483368873596,
        0.4871947169303894,
        0.4368525445461273,
        0.7540187239646912,
        0.5526910424232483,
        0.753436803817749,
        0.7634590268135071,
        0.9633992314338684,
        0.8014513254165649,
        0.6207916736602783,
        0.5551478862762451,
        0.7988336086273193,
        0.5524120330810547,
        0.6052073240280151,
        0.6817183494567871,
        0.4699660539627075,
        0.8981051445007324,
        1.1844781637191772,
        0.6467171311378479,
        1.1014492511749268,
        0.817229688167572,
        0.6889511346817017,
        0.7549633979797363,
        0.7074465751647949,
        0.5022770166397095,
        0.7626569867134094,
        0.7380419969558716,
        0.9867265224456787,
        0.7973411083221436,
        0.6107149124145508,
        0.6626400351524353,
        0.5804698467254639,
        0.44743525981903076,
        0.6688020825386047,
        0.5925190448760986,
        0.9120720624923706,
        0.9233191013336182,
        0.6201148629188538,
        0.5490659475326538,
        0.6457138061523438,
        0.8149529695510864,
        0.6711783409118652,
        0.6260362863540649,
        0.7267192602157593,
        0.6038028001785278,
        0.8458797931671143,
        0.5109770894050598,
        0.6610583066940308,
        0.83209228515625,
        0.8400990962982178,
        0.8304601311683655,
        0.5263482332229614,
        1.0072060823440552,
        0.8124575614929199,
        0.8211060166358948,
        1.0447193384170532,
        0.39073923230171204,
        0.5767484903335571,
        0.6441222429275513,
        0.6802769899368286,
        0.4822257459163666,
        0.4111456274986267,
        0.7080628275871277,
        0.7199915051460266,
        0.371667742729187,
        0.47751569747924805,
        0.7014341354370117,
        0.4375492334365845,
        0.4341393709182739,
        0.478201299905777,
        0.5473774671554565,
        0.6557363271713257,
        0.7787231802940369,
        0.4486263394355774,
        0.8996418714523315,
        0.6178727746009827,
        0.545410692691803,
        0.647357702255249,
        0.5456975102424622,
        0.9228426218032837,
        0.6441404819488525,
        0.39337438344955444,
        0.7114896178245544,
        0.7116382122039795,
        0.5631928443908691,
        0.6677802205085754,
        0.6392589807510376,
        0.5749868154525757,
        0.6173315048217773,
        0.48801764845848083,
        0.6514253616333008,
        0.598224937915802,
        0.6990631818771362,
        0.47972404956817627,
        0.3588520884513855,
        0.5308122038841248,
        0.9401034712791443,
        0.7571556568145752,
        0.9649220108985901,
        0.7542413473129272,
        1.1323859691619873,
        0.49746885895729065,
        0.7016651630401611,
        0.47911345958709717,
        0.9456675052642822,
        0.5734710097312927,
        0.43705999851226807,
        0.7217264175415039,
        0.6432129740715027,
        0.6050705909729004,
        0.45173919200897217,
        0.6035735011100769,
        0.7030942440032959,
        0.7744583487510681,
        0.6496838331222534,
        0.5931901335716248,
        1.0281989574432373,
        0.813152551651001,
        0.6761091351509094,
        0.6122086048126221,
        0.8392876386642456,
        0.8534200191497803,
        0.8069981932640076,
