{
    "stu_train_loss": 0.09519619582548886,
    "mentor_train_loss": 0.10638565802791981,
    "stu_test_loss": 0.15994631551420346,
    "mentor_test_loss": 0.1419823900960124,
    "stu_train_acc": 0.9977159468438538,
    "mentor_train_acc": 0.9960548172757475,
    "stu_test_acc": 0.9868210862619808,
    "mentor_test_acc": 0.9910143769968051
}