{
    "stu_train_loss": 0.05298029472339787,
    "mentor_train_loss": 0.07844009374785067,
    "stu_test_loss": 0.31267502249334567,
    "mentor_test_loss": 0.15480770384922576,
    "stu_train_acc": 0.9987541528239202,
    "mentor_train_acc": 0.9971968438538206,
    "stu_test_acc": 0.9814297124600639,
    "mentor_test_acc": 0.9925119808306709
}