{
    "stu_train_loss": 0.10068918306665167,
    "mentor_train_loss": 0.10884494348073323,
    "stu_test_loss": 0.1836216414031891,
    "mentor_test_loss": 0.14122904056367783,
    "stu_train_acc": 0.9971968438538206,
    "mentor_train_acc": 0.9958471760797342,
    "stu_test_acc": 0.9842252396166135,
    "mentor_test_acc": 0.9920127795527156
}