{
    "stu_train_loss": 0.06901345012146373,
    "mentor_train_loss": 0.07855763755416949,
    "stu_test_loss": 0.18811193364449202,
    "mentor_test_loss": 0.14174284821691605,
    "stu_train_acc": 0.9986503322259136,
    "mentor_train_acc": 0.9975083056478405,
    "stu_test_acc": 0.9869209265175719,
    "mentor_test_acc": 0.990714856230032
}