{
    "stu_train_loss": 0.0858860040126845,
    "mentor_train_loss": 0.09243651366857596,
    "stu_test_loss": 0.15106896758555605,
    "mentor_test_loss": 0.12526935622238886,
    "stu_train_acc": 0.9980274086378738,
    "mentor_train_acc": 0.9964700996677741,
    "stu_test_acc": 0.9880191693290735,
    "mentor_test_acc": 0.9927116613418531
}