{
    "stu_train_loss": 0.09886985443581972,
    "mentor_train_loss": 0.11420252067083338,
    "stu_test_loss": 0.16811196936871678,
    "mentor_test_loss": 0.13080880372002482,
    "stu_train_acc": 0.9984426910299004,
    "mentor_train_acc": 0.9923172757475083,
    "stu_test_acc": 0.9867212460063898,
    "mentor_test_acc": 0.9932108626198083
}