{
    "stu_train_loss": 0.062054045349854564,
    "mentor_train_loss": 0.07077798102533699,
    "stu_test_loss": 0.2049348213540289,
    "mentor_test_loss": 0.1140798724497469,
    "stu_train_acc": 0.9983388704318937,
    "mentor_train_acc": 0.998235049833887,
    "stu_test_acc": 0.9866214057507987,
    "mentor_test_acc": 0.9946086261980831
}