{
    "stu_train_loss": 0.26238749302502884,
    "mentor_train_loss": 0.26345249748111166,
    "stu_test_loss": 0.2249551682521741,
    "mentor_test_loss": 0.2019628448227343,
    "stu_train_acc": 0.978405315614618,
    "mentor_train_acc": 0.9794435215946844,
    "stu_test_acc": 0.9807308306709265,
    "mentor_test_acc": 0.987020766773163
}