{
    "stu_train_loss": 0.08881738455192591,
    "mentor_train_loss": 0.0947599247518766,
    "stu_test_loss": 0.18183427162397023,
    "mentor_test_loss": 0.1306458948114619,
    "stu_train_acc": 0.9980274086378738,
    "mentor_train_acc": 0.9963256536528121,
    "stu_test_acc": 0.9847244408945687,
    "mentor_test_acc": 0.9928115015974441
}