{
    "stu_train_loss": 0.05534256055357052,
    "mentor_train_loss": 0.061508101135789355,
    "stu_test_loss": 0.22146761348953073,
    "mentor_test_loss": 0.11346795692587622,
    "stu_train_acc": 0.9987541528239202,
    "mentor_train_acc": 0.9975083056478405,
    "stu_test_acc": 0.9865215654952076,
    "mentor_test_acc": 0.9942092651757188
}