{
    "stu_train_loss": 0.06619977236932695,
    "mentor_train_loss": 0.0714297230630816,
    "stu_test_loss": 0.2157313551384801,
    "mentor_test_loss": 0.13731821833517605,
    "stu_train_acc": 0.9986503322259136,
    "mentor_train_acc": 0.9976753214268985,
    "stu_test_acc": 0.987120607028754,
    "mentor_test_acc": 0.9924121405750799
}