{
    "stu_train_loss": 0.0941072232229171,
    "mentor_train_loss": 0.10673792834743313,
    "stu_test_loss": 0.1740026608133278,
    "mentor_test_loss": 0.12357964991523435,
    "stu_train_acc": 0.9979235880398671,
    "mentor_train_acc": 0.9961586378737541,
    "stu_test_acc": 0.9858226837060703,
    "mentor_test_acc": 0.9929113418530351
}