{
    "stu_train_loss": 0.08204847348983897,
    "mentor_train_loss": 0.09553149916800946,
    "stu_test_loss": 0.15848215114765654,
    "mentor_test_loss": 0.14787553213893795,
    "stu_train_acc": 0.9977159468438538,
    "mentor_train_acc": 0.9965739202657807,
    "stu_test_acc": 0.9893170926517572,
    "mentor_test_acc": 0.9902156549520766
}