{
    "stu_train_loss": 0.07591448564614568,
    "mentor_train_loss": 0.07639811650859162,
    "stu_test_loss": 0.1857943722186759,
    "mentor_test_loss": 0.15774548984468936,
    "stu_train_acc": 0.9977159468438538,
    "mentor_train_acc": 0.9973006644518272,
    "stu_test_acc": 0.9866214057507987,
    "mentor_test_acc": 0.9912140575079872
}