{
    "stu_train_loss": 0.6513765770137508,
    "mentor_train_loss": 0.6216250056048168,
    "stu_test_loss": 0.29843766882587164,
    "mentor_test_loss": 0.272492754383209,
    "stu_train_acc": 0.8641620323903537,
    "mentor_train_acc": 0.8763090423571311,
    "stu_test_acc": 0.9752396166134185,
    "mentor_test_acc": 0.9814297124600639
}