{
    "stu_train_loss": 0.08770633689390861,
    "mentor_train_loss": 0.09052980857038023,
    "stu_test_loss": 0.18042780213748305,
    "mentor_test_loss": 0.1359321645821055,
    "stu_train_acc": 0.997093023255814,
    "mentor_train_acc": 0.9966777408637874,
    "stu_test_acc": 0.9861222044728435,
    "mentor_test_acc": 0.990714856230032
}