{
    "stu_train_loss": 0.09315536976281392,
    "mentor_train_loss": 0.14092376679058288,
    "stu_test_loss": 0.25358398083728345,
    "mentor_test_loss": 0.1363033151236205,
    "stu_train_acc": 0.996781561461794,
    "mentor_train_acc": 0.9928363787375415,
    "stu_test_acc": 0.9863218849840255,
    "mentor_test_acc": 0.9937100638977636
}