{
    "stu_train_loss": 0.062308734951175726,
    "mentor_train_loss": 0.0713775603478137,
    "stu_test_loss": 0.21131418551357029,
    "mentor_test_loss": 0.17002821811281454,
    "stu_train_acc": 0.9983388704318937,
    "mentor_train_acc": 0.9977791420249051,
    "stu_test_acc": 0.9851238019169329,
    "mentor_test_acc": 0.9892172523961661
}