{
    "stu_train_loss": [
        0.7559865713119507,
        0.6648456454277039,
        0.43660709261894226,
        0.355548620223999,
        0.7246304750442505,
        0.687964677810669,
        0.6133314967155457,
        0.47714707255363464,
        0.43342310190200806,
        0.7741905450820923,
        0.4201880991458893,
        0.7481919527053833,
        0.658743143081665,
        0.3772156238555908,
        0.4105190336704254,
        0.7077919840812683,
        0.2773345112800598,
        0.4922255277633667,
        0.5128061175346375,
        0.5012813210487366,
        0.31777334213256836,
        0.543064534664154,
        0.6766966581344604,
        0.6258695125579834,
        0.6057391166687012,
        0.3786783516407013,
        0.7392024993896484,
        0.6846338510513306,
        0.4737139940261841,
        0.5820579528808594,
        0.6229021549224854,
        0.6276081800460815,
        0.5851595997810364,
        0.5131559371948242,
        0.4531644284725189,
        0.48989975452423096,
        0.4868675768375397,
        0.42080312967300415,
        0.6269362568855286,
        0.44624724984169006,
        0.7744741439819336,
        0.4736219644546509,
        0.8467328548431396,
        0.8419386744499207,
        0.7380732893943787,
        0.4858241081237793,
        0.5454216003417969,
        0.45124006271362305,
        0.5848299860954285,
        0.4192635118961334,
        0.7460154891014099,
        0.5906925201416016,
        0.7487806677818298,
        0.6609446406364441,
        0.6600040197372437,
        0.8341032862663269,
        0.46144214272499084,
        0.5621933937072754,
        0.8592413067817688,
        0.4620457589626312,
        0.34608322381973267,
        0.6880289912223816,
        0.5743424892425537,
        0.4698147177696228,
        0.4331452250480652,
        0.8180591464042664,
        0.5608149170875549,
        0.7161604762077332,
        0.6993367671966553,
        0.5800670385360718,
        0.5960938334465027,
        0.39607053995132446,
        0.4355524778366089,
        0.5182556509971619,
        0.35521912574768066,
        0.5249499082565308,
        0.4456912577152252,
        0.47518908977508545,
        0.6169542074203491,
        0.40200865268707275
    ],
    "stu_test_loss": [
        0.764878511428833,
        0.8468958139419556,
        0.734683632850647,
        0.7923526763916016,
        0.6325572729110718,
        0.7180856466293335,
        0.6475132703781128,
        0.6948586106300354,
        0.7256577610969543,
        0.9638944864273071,
        0.6188703775405884,
        0.6504855155944824,
        0.8703325986862183,
        0.7137593030929565,
        0.8189715147018433,
        0.7720208168029785,
        0.5493064522743225,
        0.8065183162689209,
        0.8791913986206055,
        1.0738579034805298,
        0.7507122755050659,
        0.8722628951072693,
        0.8014342188835144,
        0.9556601643562317,
        0.5497708320617676,
        0.9575777053833008,
        0.6132937073707581,
        0.7084063291549683,
        0.737166166305542,
        0.7452544569969177,
        1.1689503192901611,
        0.7395229935646057,
        0.8322163224220276,
        0.6716144680976868,
        0.774267315864563,
        0.790551483631134,
        0.8751046061515808,
        0.7850693464279175,
        0.6857941746711731,
        0.884053647518158,
        0.6838746666908264,
        0.7450065612792969,
        0.785635232925415,
        0.8370765447616577,
        0.5175837278366089,
        0.9654200673103333,
        0.8728971481323242,
        0.6879490613937378,
        0.766304075717926,
        0.944665789604187,
        0.675591230392456,
        0.7446467280387878,
        0.6625550985336304,
        0.9523266553878784,
        0.9257534146308899,
        0.7282528877258301,
        0.8790892958641052,
        0.8399837017059326,
        0.6361801028251648,
        0.6356629729270935,
        0.8628677129745483,
        1.0225088596343994,
        0.739579975605011,
        0.783218264579773,
        0.8488853573799133,
        0.7218461036682129,
        0.6996608972549438,
        0.611285388469696,
        0.8193455934524536,
        0.6735154986381531,
        0.7055258750915527,
        0.7563591599464417,
        0.9720761179924011,
        0.6068786382675171,
        0.7908917665481567,
        0.7233313322067261,
        0.768803596496582,
        0.9368646144866943,
        0.6428158283233643,
        0.7172210216522217,
        0.6647922992706299,
        0.882703959941864,
        0.8375968933105469,
        0.8903343081474304,
        0.8394261598587036,
        1.1288201808929443,
        0.7064638137817383,
        0.7320442199707031,
        0.8047082424163818,
        0.714421272277832,
        1.3070613145828247,
        1.1148561239242554,
        0.7451866865158081,
        1.1649616956710815,
        0.95424884557724,
        0.6970919370651245,
        0.8728232979774475,
        0.8136113882064819,
        0.7168618440628052,
        0.7982348203659058,
        0.9791067838668823,
        1.076245903968811,
        1.039881706237793,
        0.7899733781814575,
        0.7454658150672913,
        0.6640604734420776,
        0.82923424243927,
        0.7843925952911377,
        0.8890290260314941,
        0.9549386501312256,
        0.811954915523529,
        0.718812882900238,
        0.7114353775978088,
        0.777651309967041,
        0.8396332859992981,
        0.8154406547546387,
        0.7589362859725952,
        0.7720162868499756,
        0.8266608715057373,
        1.0486871004104614,
        0.7642028331756592,
        1.0375206470489502,
        0.851351261138916,
        0.8889967799186707,
        1.0003459453582764,
        0.7573316693305969,
        0.7993456125259399,
        0.9707409739494324,
        0.7922574877738953,
        1.087414026260376,
        0.6541696190834045,
        0.8457372784614563,
        0.8972716927528381,
        0.7353594303131104,
        0.6397578716278076,
        0.5742453336715698,
        0.8125446438789368,
        0.8185060024261475,
        0.7093523740768433,
        0.7511150240898132,
        0.7944109439849854,
        0.6003355979919434,
        0.5458853244781494,
        0.6387060880661011,
        0.6329640746116638,
        0.9218922853469849,
        0.6344552040100098,
        0.7435425519943237,
        1.0114318132400513,
        0.660798192024231,
        0.6680588722229004,
        0.6856613755226135,
        0.7076306343078613,
        0.8560467958450317,
        0.8229756951332092,
        0.6006776094436646,
        1.0732316970825195,
        0.90919029712677,
        0.9373887181282043,
        0.794350266456604,
        0.9059290289878845,
        0.7847273945808411,
        0.735870361328125,
        0.6987366676330566,
        1.0639457702636719,
        0.6676971316337585,
        0.7061665058135986,
        0.605312168598175,
        0.5452097654342651,
        0.628980815410614,
        1.2252771854400635,
        0.8893516063690186,
        1.162431001663208,
        0.8053357601165771,
        1.1015044450759888,
        0.9088190793991089,
        0.7935733199119568,
        0.7637845277786255,
        0.8159856796264648,
        0.6064118146896362,
        0.6903740763664246,
        0.8332218527793884,
        0.7439383864402771,
        0.7065103054046631,
        0.6802467107772827,
        0.8024290800094604,
        0.8155032992362976,
        0.8488280773162842,
        0.7263585329055786,
        0.7986640334129333,
        0.81044602394104,
        0.8976727724075317,
        0.9686502814292908,
        0.6871196627616882,
        0.9156774282455444,
        0.9313921928405762,
        0.9279661774635315,
        0.9155125617980957,
        0.688355028629303,
        0.7805240154266357,
        0.8220208883285522,
        0.8494881391525269,
        0.8727720975875854,
        0.7460988759994507,
