{
    "stu_train_loss": [
        0.3701394498348236,
        0.28909215331077576,
        0.6018966436386108,
        0.3928925096988678,
        0.5805734992027283,
        0.7253730297088623,
        0.4788397550582886,
        0.16299791634082794,
        0.2451559454202652,
        0.7137612700462341,
        0.30376681685447693,
        0.20956936478614807,
        0.4771900475025177,
        0.13088588416576385,
        0.5359217524528503,
        0.18895016610622406,
        0.2507900893688202,
        0.13873738050460815,
        0.3506580591201782,
        0.1895381510257721,
        0.14167694747447968,
        0.41500407457351685,
        0.5096957683563232,
        0.2340918481349945,
        0.2416074126958847,
        0.47605520486831665,
        0.4623515009880066,
        0.32402268052101135,
        0.3962198495864868,
        0.3847358226776123,
        0.22490860521793365,
        0.22530697286128998,
        0.18731224536895752,
        0.4245782196521759,
        0.8246046900749207,
        0.11916280537843704,
        0.7109696865081787,
        0.744353175163269,
        0.19462397694587708,
        0.4955967664718628,
        0.36896660923957825,
        0.4143450856208801,
        0.375682532787323,
        0.5334225296974182,
        0.47970134019851685,
        0.31094858050346375,
        0.21706177294254303,
        0.2908599078655243,
        0.36190593242645264,
        0.32026416063308716,
        0.3886791467666626,
        0.4334474205970764,
        0.4919095039367676,
        0.30141711235046387,
        0.33618903160095215,
        0.3994768559932709,
        0.296163409948349,
        0.32812148332595825,
        0.3656495213508606,
        0.6619491577148438,
        0.35731080174446106,
        0.38775113224983215,
        0.5793979167938232,
        0.7868508100509644,
        0.25553181767463684,
        0.23778186738491058,
        0.22426454722881317,
        0.12107118964195251,
        0.4502793550491333,
        0.29925256967544556,
        0.2400805652141571,
        0.4853583574295044,
        0.2581735849380493,
        0.4997860789299011,
        0.15899969637393951,
        0.4131067097187042,
        0.29382359981536865,
        0.07605252414941788,
        0.4058127999305725,
        0.431002140045166
    ],
    "stu_test_loss": [
        0.694823682308197,
        0.6315129995346069,
        0.48983681201934814,
        0.7017197608947754,
        0.584122359752655,
        0.4236641526222229,
        0.39981091022491455,
        0.6390285491943359,
        0.5956292152404785,
        0.6653734445571899,
        0.4478808343410492,
        0.45582839846611023,
        0.684148907661438,
        0.49426978826522827,
        0.5642337203025818,
        0.6687717437744141,
        0.45562782883644104,
        0.5177340507507324,
        0.5970360040664673,
        0.738165020942688,
        0.49925029277801514,
        0.6718278527259827,
        0.9016610383987427,
        0.656650722026825,
        0.42320793867111206,
        0.646935224533081,
        0.5929005742073059,
        0.707037627696991,
        0.6322657465934753,
        0.6737112402915955,
        0.7889847159385681,
        0.5015742778778076,
        0.5960381031036377,
        0.6358018517494202,
        0.6315120458602905,
        0.7041494846343994,
        0.654209554195404,
        0.7340067625045776,
        0.6120874881744385,
        0.6366912126541138,
        0.5256026983261108,
        0.5684813261032104,
        0.7334790229797363,
        0.5017439723014832,
        0.40951210260391235,
        0.6008868217468262,
        0.7840376496315002,
        0.5537500977516174,
        0.591100811958313,
        0.6864348649978638,
        0.6268079876899719,
        0.6884642839431763,
        0.5597361922264099,
        0.6273277997970581,
        0.7550997138023376,
        0.5625720024108887,
        0.507965624332428,
        0.6206650733947754,
        0.5371443033218384,
        0.7087607383728027,
        0.6211143136024475,
        0.9464861154556274,
        0.8269232511520386,
        0.7350855469703674,
        0.7436754107475281,
        0.6280498504638672,
        0.3665387034416199,
        0.6182426810264587,
        0.5859684944152832,
        0.7180889844894409,
        0.49913308024406433,
        0.5752203464508057,
        0.6830739974975586,
        0.7166803479194641,
        0.713801383972168,
        0.4889198839664459,
        0.4137192368507385,
        0.7571199536323547,
        0.5937256217002869,
        0.753595769405365,
        0.7691659927368164,
        0.8907594680786133,
        0.760398805141449,
        0.5392435789108276,
        0.6929179430007935,
        0.7633541822433472,
        0.5608258247375488,
        0.6504676342010498,
        0.7045365571975708,
        0.5622636079788208,
        0.8942223787307739,
        1.1385102272033691,
        0.7777819037437439,
        1.1065794229507446,
        0.8695588111877441,
        0.5438793301582336,
        0.6235791444778442,
        0.8667166829109192,
        0.5441735982894897,
        0.8550304174423218,
        0.8172181248664856,
        1.0341349840164185,
        0.858910083770752,
        0.5770130157470703,
        0.7793234586715698,
        0.508245587348938,
        0.5113211870193481,
        0.6466991901397705,
        0.5730310678482056,
        0.8545641303062439,
        0.9006651639938354,
        0.44175246357917786,
        0.6146202683448792,
        0.7133821249008179,
        0.7449148297309875,
        0.5554550886154175,
        0.5485299825668335,
        0.631149172782898,
        0.7673855423927307,
        0.8409990668296814,
        0.5389460325241089,
        0.7732053399085999,
        0.7065902948379517,
        0.7476938962936401,
        0.8778914213180542,
        0.6137200593948364,
        0.8368232846260071,
        0.8789464235305786,
        0.8262624144554138,
        1.0673599243164062,
        0.4866914451122284,
        0.5900402665138245,
        0.5786652565002441,
        0.6937548518180847,
        0.5245748162269592,
        0.41276490688323975,
        0.6661392450332642,
        0.6130119562149048,
        0.39926016330718994,
        0.4986836314201355,
        0.5554218888282776,
        0.5394682884216309,
        0.40641215443611145,
        0.5389255285263062,
        0.6231038570404053,
        0.6521538496017456,
        0.5765619277954102,
        0.5246880054473877,
        0.8969876170158386,
        0.4865063428878784,
        0.4621213674545288,
        0.5346843004226685,
        0.5260981321334839,
        0.8149226903915405,
        0.6080819964408875,
        0.575146496295929,
        0.8014552593231201,
        0.7782530188560486,
        0.6039743423461914,
        0.6139777898788452,
        0.7185118794441223,
        0.7612188458442688,
        0.5876539945602417,
        0.5397147536277771,
        0.7756133675575256,
        0.5719296932220459,
        0.6907037496566772,
        0.4180471897125244,
        0.42070087790489197,
        0.6902421712875366,
        0.7887213230133057,
        0.7265576124191284,
        1.1407544612884521,
        0.6843874454498291,
        0.918142557144165,
        0.6867780089378357,
        0.6564627885818481,
        0.5127736926078796,
        0.7812761068344116,
        0.4803312122821808,
        0.5279338359832764,
        0.6867886781692505,
        0.5376038551330566,
        0.6716182827949524,
        0.5603370666503906,
        0.6056719422340393,
        0.7667125463485718,
        0.7177315354347229,
        0.5416219830513,
        0.7665197849273682,
        0.8151710033416748,
        0.8345808386802673,
        0.7144979238510132,
        0.6496701836585999,
        0.7448602914810181,
        0.8588997721672058,
        0.8204523324966431,
        0.872460126876831,
        0.4377861022949219,
        0.5650695562362671,
        0.6380171775817871,
        0.8167186975479126,
