{
    "stu_train_loss": [
        0.5818836688995361,
        0.3506597578525543,
        0.034938693046569824,
        0.4394402503967285,
        0.4974978566169739,
        0.29759106040000916,
        0.8612025380134583,
        0.5366222262382507,
        0.253294974565506,
        0.06027211993932724,
        0.3361978530883789,
        0.5404133796691895,
        0.5330116152763367,
        0.8660931587219238,
        0.7510939240455627,
        0.7114470601081848,
        0.4195021092891693,
        0.19709764420986176,
        0.2689041793346405,
        0.530150294303894,
        0.47655606269836426,
        0.9151952266693115,
        0.8786801099777222,
        0.8255138993263245,
        0.15204574167728424,
        1.2969412803649902,
        0.9613072872161865,
        0.407146692276001,
        0.26186200976371765,
        0.5368511080741882,
        0.6883339285850525,
        0.39857247471809387,
        0.29835817217826843,
        0.2556196451187134,
        0.42209702730178833,
        0.36416950821876526,
        0.5987022519111633,
        0.2741555869579315,
        0.32973992824554443,
        0.2677910625934601,
        0.28306737542152405,
        0.4792170524597168,
        0.5733146071434021,
        0.48291561007499695,
        0.5138368606567383,
        0.6396222114562988,
        0.5181259512901306,
        0.4942573308944702,
        0.354613721370697,
        0.5300105810165405,
        0.16849733889102936,
        0.6916510462760925,
        0.27643728256225586,
        0.4301895201206207,
        0.19617238640785217,
        0.42962369322776794,
        0.40568289160728455,
        0.2353079468011856,
        0.34917041659355164,
        0.6516128778457642,
        0.19354504346847534,
        0.39981788396835327,
        0.4392828941345215,
        0.35837697982788086,
        0.13876162469387054,
        0.2903488278388977,
        0.251225084066391,
        0.3892242908477783,
        0.24733003973960876,
        0.5081254839897156,
        0.1842435896396637,
        0.29349708557128906,
        0.14944934844970703,
        0.45964062213897705,
        0.29161107540130615,
        0.4562026858329773,
        0.15171468257904053,
        0.22050738334655762,
        0.39591702818870544,
        0.11139294505119324
    ],
    "stu_test_loss": [
        0.5208631753921509,
        0.6241261959075928,
        0.43287786841392517,
        0.5491635799407959,
        0.5908631086349487,
        0.3137131333351135,
        0.34702110290527344,
        0.6099984049797058,
        0.42682433128356934,
        0.48433583974838257,
        0.405953049659729,
        0.3759075403213501,
        0.5563126802444458,
        0.341948002576828,
        0.5064385533332825,
        0.6647338271141052,
        0.3755364418029785,
        0.5666084885597229,
        0.6903326511383057,
        0.617617130279541,
        0.5397896766662598,
        0.5696761012077332,
        0.6072446703910828,
        0.5387409925460815,
        0.3999210596084595,
        0.4932505786418915,
        0.41869327425956726,
        0.5540437698364258,
        0.3641173243522644,
        0.35236698389053345,
        0.7867173552513123,
        0.460132360458374,
        0.5103026032447815,
        0.5300248861312866,
        0.5699882507324219,
        0.6287851929664612,
        0.5920013785362244,
        0.6535836458206177,
        0.550463080406189,
        0.6070562601089478,
        0.5388801097869873,
        0.536751925945282,
        0.49886590242385864,
        0.40738123655319214,
        0.30679160356521606,
        0.4980376958847046,
        0.5354816317558289,
        0.6170485019683838,
        0.5758407115936279,
        0.5717088580131531,
        0.4862472414970398,
        0.6420373320579529,
        0.5377331972122192,
        0.42103078961372375,
        0.5025216937065125,
        0.5263727903366089,
        0.4933296740055084,
        0.5256705284118652,
        0.5072306394577026,
        0.6065462827682495,
        0.4340837299823761,
        0.8794712424278259,
        0.7998030185699463,
        0.6433632969856262,
        0.843925952911377,
        0.528445839881897,
        0.3165736794471741,
        0.5644713640213013,
        0.7023519277572632,
        0.4386275112628937,
        0.43727073073387146,
        0.49407774209976196,
        0.5411745309829712,
        0.5053645372390747,
        0.6032555103302002,
        0.45834797620773315,
        0.3680318295955658,
        0.8185207843780518,
        0.37548568844795227,
        0.7019347548484802,
        0.6328994035720825,
        0.7163499593734741,
        0.5746852159500122,
        0.6227470636367798,
        0.4897702932357788,
        0.7957167625427246,
        0.5542603731155396,
        0.47449925541877747,
        0.6137145757675171,
        0.44973665475845337,
        0.8840312361717224,
        1.170685052871704,
        0.9599831104278564,
        0.9892714023590088,
        0.8667532801628113,
        0.6416712999343872,
        0.8125188946723938,
        0.6266082525253296,
        0.5433436632156372,
        0.7419438362121582,
        0.6282292604446411,
        1.1435704231262207,
        0.7727493047714233,
        0.595686674118042,
        0.6046226024627686,
        0.37033939361572266,
        0.3362883925437927,
        0.5177085399627686,
        0.532288670539856,
        0.837393045425415,
        0.6742658615112305,
        0.5077049732208252,
        0.550273597240448,
        0.7640814185142517,
        0.6148194074630737,
        0.5885922312736511,
        0.5604190230369568,
        0.6364759802818298,
        0.6619609594345093,
        0.7007308602333069,
        0.3162340521812439,
        0.5237629413604736,
        0.7959587574005127,
        0.710719108581543,
        0.8615829348564148,
        0.5906521081924438,
        0.6923601627349854,
        0.6511656045913696,
        0.6574372053146362,
        0.9227266907691956,
        0.5331428647041321,
        0.5158101320266724,
        0.5047484636306763,
        0.6088879108428955,
        0.5808173418045044,
        0.31994515657424927,
        0.5960608124732971,
        0.5988573431968689,
        0.29837217926979065,
        0.45897042751312256,
        0.5028005242347717,
        0.4348061680793762,
        0.4619610905647278,
        0.4339621067047119,
        0.5281084775924683,
        0.7727175354957581,
        0.5120009183883667,
        0.37806278467178345,
        0.6953833103179932,
        0.4562704861164093,
        0.395569384098053,
        0.7087902426719666,
        0.528523325920105,
        0.7108169794082642,
        0.5891683101654053,
        0.3549382984638214,
        0.6589149832725525,
        0.5363352298736572,
        0.47209468483924866,
        0.5580390095710754,
        0.4457191526889801,
        0.5294348001480103,
        0.6920377016067505,
        0.4662414789199829,
        0.6092227697372437,
        0.5392581224441528,
        0.5623781681060791,
        0.3689458668231964,
        0.38769298791885376,
        0.459767609834671,
        0.8748085498809814,
        0.6691735982894897,
        1.3338887691497803,
        0.7950922250747681,
        1.0314964056015015,
        0.5304185152053833,
        0.7611575126647949,
        0.43099093437194824,
        0.5999337434768677,
        0.3658721148967743,
        0.4433925151824951,
        0.5805435180664062,
        0.5137384533882141,
        0.4455980658531189,
        0.3898579180240631,
        0.5202791690826416,
        0.6838937401771545,
        0.7465977668762207,
        0.5612947940826416,
        0.4415501058101654,
        0.7422323226928711,
        0.8044571876525879,
        0.6458665132522583,
        0.5695973038673401,
        0.901025652885437,
        0.7570755481719971,
        0.7283415794372559,
        0.7058253288269043,
        0.32840535044670105,
        0.39715003967285156,
        0.5386976003646851,
        0.6083056926727295,
