{
    "stu_train_loss": [
        0.03308592364192009,
        0.47999992966651917,
        0.7551743388175964,
        0.38203656673431396,
        0.5996707677841187,
        0.549573540687561,
        0.3836374282836914,
        0.536067008972168,
        0.15710294246673584,
        0.4421805143356323,
        0.08422449976205826,
        0.24665801227092743,
        0.2448783963918686,
        0.49277955293655396,
        0.7284783124923706,
        0.49972718954086304,
        0.3296169638633728,
        0.2371540665626526,
        0.4481896460056305,
        0.1703973263502121,
        0.6905408501625061,
        0.8477696776390076,
        0.7003249526023865,
        0.48665401339530945,
        0.47581958770751953,
        0.5200744271278381,
        0.2745492458343506,
        0.2666204273700714,
        0.48480379581451416,
        0.28613564372062683,
        0.6934276223182678,
        0.17387692630290985,
        0.3154793083667755,
        0.4988419711589813,
        0.34397852420806885,
        0.40990543365478516,
        0.37374964356422424,
        0.35631904006004333,
        0.5279881954193115,
        0.2883809208869934,
        0.5645385980606079,
        0.6302649974822998,
        0.6110007166862488,
        0.3831669092178345,
        0.2675095796585083,
        0.48163488507270813,
        0.5104429721832275,
        0.37380450963974,
        0.2204897105693817,
        0.3401242196559906,
        0.6533220410346985,
        0.5268130302429199,
        0.5572802424430847,
        0.2451084554195404,
        0.6930363774299622,
        0.34489819407463074,
        0.46877992153167725,
        0.37963342666625977,
        0.6561089158058167,
        0.3376612663269043,
        0.3466797173023224,
        0.35287463665008545,
        0.14093169569969177,
        0.25706252455711365,
        0.25779062509536743,
        0.14833612740039825,
        0.4239754378795624,
        0.44521865248680115,
        0.1164420023560524,
        0.27323299646377563,
        0.4053136706352234,
        0.7126980423927307,
        0.387276291847229,
        0.3464784026145935,
        0.1835721731185913,
        0.32087719440460205,
        0.11698305606842041,
        0.3159624934196472,
        0.676945149898529,
        0.19021384418010712
    ],
    "stu_test_loss": [
        0.5647863745689392,
        0.6643136143684387,
        0.4918898344039917,
        0.611992597579956,
        0.5508182644844055,
        0.4498552083969116,
        0.36214369535446167,
        0.6030182838439941,
        0.5256920456886292,
        0.4910879135131836,
        0.37699705362319946,
        0.4454689621925354,
        0.5232977867126465,
        0.39958107471466064,
        0.5659366250038147,
        0.6458275318145752,
        0.39510878920555115,
        0.4834508001804352,
        0.6640504598617554,
        0.6011562347412109,
        0.5485607981681824,
        0.5707427859306335,
        0.5729445219039917,
        0.5614790916442871,
        0.3713604807853699,
        0.4769689440727234,
        0.38654541969299316,
        0.5320613384246826,
        0.434864342212677,
        0.42747753858566284,
        0.8501162528991699,
        0.42812514305114746,
        0.4458816349506378,
        0.486113578081131,
        0.6304925680160522,
        0.6688542366027832,
        0.48456326127052307,
        0.5652809739112854,
        0.5452734231948853,
        0.600577175617218,
        0.4625040292739868,
        0.6468088030815125,
        0.5406801104545593,
        0.4791034162044525,
        0.3721945583820343,
        0.6353143453598022,
        0.5159218907356262,
        0.6093636751174927,
        0.5484298467636108,
        0.4841056764125824,
        0.46779680252075195,
        0.6217347979545593,
        0.584898829460144,
        0.5394099354743958,
        0.5633397102355957,
        0.4178156554698944,
        0.4943210780620575,
        0.5809802412986755,
        0.5643887519836426,
        0.6768873333930969,
        0.531859278678894,
        0.8784948587417603,
        0.7221758365631104,
        0.6589045524597168,
        0.6854026317596436,
        0.5115042924880981,
        0.3849063515663147,
        0.5893336534500122,
        0.7472441792488098,
        0.46108895540237427,
        0.4956868588924408,
        0.5027336478233337,
        0.6480321884155273,
        0.5864311456680298,
        0.7642946243286133,
        0.49739792943000793,
        0.42017877101898193,
        0.8955994844436646,
        0.5001919865608215,
        0.6090930700302124,
        0.6552098989486694,
        0.7756379842758179,
        0.7361974716186523,
        0.6898432374000549,
        0.642174482345581,
        0.6540212631225586,
        0.5353552103042603,
        0.5256857872009277,
        0.5670187473297119,
        0.4814300835132599,
        0.8611644506454468,
        1.1174004077911377,
        0.6683728694915771,
        1.0346803665161133,
        0.792874813079834,
        0.512281060218811,
        0.6313298344612122,
        0.7128006219863892,
        0.3904741406440735,
        0.7867403030395508,
        0.6520013809204102,
        0.9731241464614868,
        0.7464314699172974,
        0.6115689277648926,
        0.624412477016449,
        0.4054242968559265,
        0.3517022430896759,
        0.5312172770500183,
        0.5263084769248962,
        0.7646239995956421,
        0.7213429808616638,
        0.5408229827880859,
        0.5824477076530457,
        0.5580567717552185,
        0.6521884202957153,
        0.5195450782775879,
        0.5732125043869019,
        0.6113825440406799,
        0.6197012662887573,
        0.5380449295043945,
        0.5102039575576782,
        0.50196373462677,
        0.62149578332901,
        0.7887859344482422,
        0.9842596650123596,
        0.479582816362381,
        0.7417004108428955,
        0.6687526106834412,
        0.7568367719650269,
        0.9176624417304993,
        0.42228907346725464,
        0.5211446285247803,
        0.5438370108604431,
        0.554612398147583,
        0.4901490807533264,
        0.41963115334510803,
        0.6218644976615906,
        0.4974898099899292,
        0.348996102809906,
        0.4856126010417938,
        0.5236008763313293,
        0.3639525771141052,
        0.47752702236175537,
        0.4403055012226105,
        0.5286261439323425,
        0.7712123394012451,
        0.526799738407135,
        0.4686256945133209,
        0.8097360134124756,
        0.4619070291519165,
        0.5540568828582764,
        0.5641195774078369,
        0.5650040507316589,
        0.7607173919677734,
        0.5568215250968933,
        0.38975322246551514,
        0.6876106262207031,
        0.6297796964645386,
        0.5314134359359741,
        0.5887348055839539,
        0.6185647249221802,
        0.6359546780586243,
        0.5492584109306335,
        0.5088796615600586,
        0.7210321426391602,
        0.5103589296340942,
        0.5077496767044067,
        0.40558332204818726,
        0.4632434546947479,
        0.4798123240470886,
        0.8320202231407166,
        0.6804987192153931,
        1.1827197074890137,
        0.816154956817627,
        0.9782987236976624,
        0.5803045630455017,
        0.6298894286155701,
        0.40468984842300415,
        0.6464183926582336,
        0.40253371000289917,
        0.4684324860572815,
        0.5993876457214355,
        0.4737050235271454,
        0.47053784132003784,
        0.5286402702331543,
        0.533410370349884,
        0.6661596298217773,
        0.694567084312439,
        0.46658724546432495,
        0.45716220140457153,
        0.6626030206680298,
        0.8031495809555054,
        0.6197267770767212,
        0.5243009328842163,
        0.7129778861999512,
        0.6648221611976624,
        0.7663364410400391,
        0.7489286065101624,
        0.3829243779182434,
        0.5136261582374573,
        0.6254163384437561,
        0.7450676560401917,
