{
    "stu_train_loss": [
        0.948988139629364,
        1.2271326780319214,
        0.7474605441093445,
        0.23724643886089325,
        0.7424041628837585,
        0.4897497892379761,
        0.09386292099952698,
        0.3642297089099884,
        0.2633448839187622,
        0.6863704323768616,
        0.9443761706352234,
        0.5446957945823669,
        1.1039913892745972,
        0.3055831789970398,
        0.2470599263906479,
        0.6812334656715393,
        0.9907577037811279,
        1.1117480993270874,
        0.9356561303138733,
        0.0890413224697113,
        0.1807132512331009,
        0.15180301666259766,
        0.2619504928588867,
        0.13501188158988953,
        0.33526283502578735,
        0.570696234703064,
        0.5098071098327637,
        0.7839133739471436,
        0.36047980189323425,
        0.3620678186416626,
        0.20969757437705994,
        0.5033588409423828,
        0.5305818319320679,
        0.3051852881908417,
        0.6850258708000183,
        0.2568003237247467,
        0.3487362861633301,
        0.2168852835893631,
        0.2787792682647705,
        0.5064107775688171,
        0.1743282526731491,
        0.8491269946098328,
        0.14841555058956146,
        0.07799343764781952,
        0.21047231554985046,
        0.19989962875843048,
        0.46432623267173767,
        0.49032077193260193,
        0.1796666532754898,
        0.4824985861778259,
        0.21529774367809296,
        0.2746448218822479,
        0.2594248950481415,
        0.6625139117240906,
        0.47088098526000977,
        0.46785154938697815,
        0.27346181869506836,
        0.2657489776611328,
        0.3064285218715668,
        0.46551257371902466,
        0.2671751081943512,
        0.3638131320476532,
        0.4685195982456207,
        0.24872584640979767,
        0.33426135778427124,
        0.51532381772995,
        0.35349199175834656,
        0.7340855002403259,
        0.48465782403945923,
        0.5645809173583984,
        0.44136297702789307,
        0.34398335218429565,
        0.4560580551624298,
        0.1255120038986206,
        0.24215266108512878,
        0.6884099841117859,
        0.36074745655059814,
        0.3726259171962738,
        0.304537832736969,
        0.28150925040245056
    ],
    "stu_test_loss": [
        0.5708822011947632,
        0.8183603286743164,
        0.3978302478790283,
        0.5765565037727356,
        0.5650408267974854,
        0.3402082622051239,
        0.3701781630516052,
        0.5496737360954285,
        0.47911569476127625,
        0.663473904132843,
        0.45538198947906494,
        0.4351605772972107,
        0.5513893365859985,
        0.36012381315231323,
        0.5122108459472656,
        0.8048864603042603,
        0.3921542763710022,
        0.6038120985031128,
        0.6788915395736694,
        0.580007791519165,
        0.5598651766777039,
        0.5590412020683289,
        0.7446020841598511,
        0.6122034192085266,
        0.46084803342819214,
        0.609651505947113,
        0.44128090143203735,
        0.5778148174285889,
        0.5205478668212891,
        0.5036107897758484,
        0.6721868515014648,
        0.39279574155807495,
        0.45261725783348083,
        0.5917327404022217,
        0.6529163122177124,
        0.7358807325363159,
        0.6222482323646545,
        0.6427462100982666,
        0.5691055655479431,
        0.6045159697532654,
        0.47906580567359924,
        0.6590615510940552,
        0.5347022414207458,
        0.43364983797073364,
        0.3458520174026489,
        0.5457290410995483,
        0.5199330449104309,
        0.6995258927345276,
        0.6205679178237915,
        0.5303477048873901,
        0.45093977451324463,
        0.6787410974502563,
        0.5395140051841736,
        0.4562707245349884,
        0.5087456703186035,
        0.5974846482276917,
        0.5295649766921997,
        0.6969230771064758,
        0.5796782374382019,
        0.6001795530319214,
        0.5600974559783936,
        0.8243690133094788,
        0.8398817181587219,
        0.7158588171005249,
        0.7450947761535645,
        0.45190295577049255,
        0.3062969446182251,
        0.5011085271835327,
        0.5924521684646606,
        0.5119743943214417,
        0.520889401435852,
        0.4456465542316437,
        0.6081933975219727,
        0.4188385009765625,
        0.5562059879302979,
        0.3862725794315338,
        0.38159286975860596,
        0.8415728807449341,
        0.4068329930305481,
        0.7372960448265076,
        0.7723795175552368,
        0.9899619817733765,
        0.7010425925254822,
        0.6423887014389038,
        0.6124444603919983,
        0.7257511019706726,
        0.5408375263214111,
        0.5964940190315247,
        0.6081997156143188,
        0.4025230407714844,
        0.765450119972229,
        1.0919826030731201,
        0.7305089235305786,
        1.1361124515533447,
        0.777917206287384,
        0.6371190547943115,
        0.8846111297607422,
        0.6854992508888245,
        0.41214945912361145,
        0.8336372971534729,
        0.5099269151687622,
        0.8604347705841064,
        0.7584622502326965,
        0.6374281644821167,
        0.505780041217804,
        0.4420199394226074,
        0.32811081409454346,
        0.6893293261528015,
        0.5885083675384521,
        0.6960816383361816,
        0.6539260745048523,
        0.6490161418914795,
        0.46527862548828125,
        0.6279184818267822,
        0.6645857691764832,
        0.6605446338653564,
        0.5636167526245117,
        0.4956098198890686,
        0.7117314338684082,
        0.6961507797241211,
        0.3480091094970703,
        0.5084297060966492,
        0.668201744556427,
        0.7332212328910828,
        0.9902485609054565,
        0.5296720266342163,
        0.8665827512741089,
        0.6847612857818604,
        0.7804140448570251,
        0.8564407229423523,
        0.4736728072166443,
        0.5129309892654419,
        0.5613416433334351,
        0.5643062591552734,
        0.45408380031585693,
        0.32817542552948,
        0.6387969851493835,
        0.5125091075897217,
        0.2791306674480438,
        0.4201298952102661,
        0.5821223855018616,
        0.40950649976730347,
        0.39899885654449463,
        0.4115186929702759,
        0.476968377828598,
        0.7853397727012634,
        0.6176425218582153,
        0.4226142466068268,
        0.6543591618537903,
        0.511436939239502,
        0.4722196161746979,
        0.6583529710769653,
        0.5269221067428589,
        0.7444949150085449,
        0.6602308750152588,
        0.31159505248069763,
        0.5148406028747559,
        0.5646390318870544,
        0.43339791893959045,
        0.4483879804611206,
        0.65915447473526,
        0.47782599925994873,
        0.6808900833129883,
        0.44072940945625305,
        0.6169923543930054,
        0.5571143627166748,
        0.7191847562789917,
        0.48533278703689575,
        0.42309102416038513,
        0.4934077858924866,
        0.7802537679672241,
        0.7768344879150391,
        1.1694087982177734,
        0.6123543977737427,
        0.8930761218070984,
        0.5594189167022705,
        0.5945186018943787,
        0.46686357259750366,
        0.7622239589691162,
        0.4479362964630127,
        0.5417761206626892,
        0.641731321811676,
        0.5963541269302368,
        0.5516079664230347,
        0.4992084205150604,
        0.5981214046478271,
        0.6357223987579346,
        0.7410012483596802,
        0.5899041891098022,
        0.5104443430900574,
        0.8540265560150146,
        0.7348039150238037,
        0.610169529914856,
        0.536023736000061,
        0.819750189781189,
        0.7252070903778076,
        0.7959415316581726,
        0.6592236757278442,
        0.334999680519104,
        0.4084422290325165,
        0.6156458854675293,
        0.7172024846076965,
