{
    "stu_train_loss": [
        0.7070961594581604,
        0.5498880743980408,
        0.8588709831237793,
        0.8605345487594604,
        0.6021115183830261,
        0.7339330315589905,
        0.6682615280151367,
        0.6547136902809143,
        0.8921754956245422,
        0.5950957536697388,
        0.6434887647628784,
        0.8541269898414612,
        0.816126823425293,
        0.7114471793174744,
        0.7597339153289795,
        0.7244046330451965,
        0.941757082939148,
        0.7450078129768372,
        0.6653842926025391,
        0.6157581210136414,
        0.9772275686264038,
        0.5194393992424011,
        0.8140826225280762,
        0.7502502202987671,
        0.7359640002250671,
        0.6916216015815735,
        0.7221465110778809,
        0.8345840573310852,
        0.7417596578598022,
        0.6322606801986694,
        0.6372767090797424,
        0.6245853900909424,
        0.7923596501350403,
        0.4978850185871124,
        0.5644165873527527,
        0.45304423570632935,
        0.8252583146095276,
        0.5115708112716675,
        0.5540345907211304,
        0.7595339417457581,
        0.7141100764274597,
        0.5476096868515015,
        0.9119230508804321,
        0.6805797219276428,
        0.6610193848609924,
        0.6321201920509338,
        0.6223607659339905,
        0.6411495804786682,
        0.6931242942810059,
        0.49335193634033203,
        0.744791567325592,
        0.5070720314979553,
        0.7300295829772949,
        0.7811113595962524,
        0.7661408185958862,
        0.456318199634552,
        0.6658399105072021,
        0.7658843994140625,
        0.9190710186958313,
        0.5033487677574158,
        0.6069791316986084,
        0.6437824964523315,
        0.7773537635803223,
        0.5932776927947998,
        0.5007487535476685,
        0.518557608127594,
        0.5495168566703796,
        0.6344179511070251,
        0.4574281573295593,
        0.814639687538147,
        0.5515475869178772,
        0.7040048241615295,
        0.5421929359436035,
        0.4583720862865448,
        0.8125894069671631,
        0.6712151169776917,
        0.49062156677246094,
        0.6470739245414734,
        0.6375250220298767,
        0.6966875791549683
    ],
    "stu_test_loss": [
        0.8266412615776062,
        0.9857088327407837,
        0.8265405297279358,
        0.8083130121231079,
        0.816243588924408,
        0.8967441916465759,
        0.8376943469047546,
        0.8300151824951172,
        0.8263214826583862,
        1.1193181276321411,
        0.7643128633499146,
        0.8089182376861572,
        1.0238986015319824,
        0.8307470083236694,
        0.9140881299972534,
        0.9602519273757935,
        0.7085522413253784,
        1.0213595628738403,
        0.9432245492935181,
        1.2426995038986206,
        0.8220909833908081,
        0.8554704189300537,
        0.8832554221153259,
        1.1045305728912354,
        0.695915937423706,
        1.085974931716919,
        0.7464576363563538,
        0.7464061975479126,
        0.8674472570419312,
        0.9051461219787598,
        1.2589060068130493,
        0.8672857880592346,
        1.027732491493225,
        0.8233655691146851,
        0.9237504005432129,
        0.9365084171295166,
        1.0531764030456543,
        0.923436164855957,
        0.8922619819641113,
        0.9956640005111694,
        0.9206948280334473,
        0.9120595455169678,
        0.9777788519859314,
        0.9840121865272522,
        0.6555421352386475,
        1.0791393518447876,
        0.9780058860778809,
        0.8090076446533203,
        0.8361791968345642,
        1.0392695665359497,
        0.8134865760803223,
        0.8643990755081177,
        0.8096911311149597,
        1.01743483543396,
        1.0897976160049438,
        0.9005134701728821,
        1.0257028341293335,
        1.0677235126495361,
        0.7610322833061218,
        0.6664940714836121,
        1.0326261520385742,
        1.05462646484375,
        0.8806583285331726,
        0.9350147247314453,
        0.9600043296813965,
        0.9042088389396667,
        0.7806082963943481,
        0.7170982956886292,
        0.8931969404220581,
        0.7945734262466431,
        0.762576699256897,
        0.8456646203994751,
        1.0896742343902588,
        0.6984381675720215,
        1.0161620378494263,
        0.8513778448104858,
        0.9088722467422485,
        0.8857777118682861,
        0.7267360091209412,
        0.8373867869377136,
        0.769951343536377,
        0.9723452925682068,
        1.0024491548538208,
        1.0630528926849365,
        0.9549156427383423,
        1.2226485013961792,
        0.8249720931053162,
        0.8883787989616394,
        0.853024959564209,
        0.9253890514373779,
        1.349565863609314,
        1.1693919897079468,
        0.8479751348495483,
        1.094386339187622,
        0.9412328004837036,
        0.9147400856018066,
        1.0279990434646606,
        0.9415940046310425,
        0.8829609751701355,
        0.8505107760429382,
        0.9859373569488525,
        1.1727062463760376,
        1.0930627584457397,
        0.8720735907554626,
        0.8613495826721191,
        0.7526323795318604,
        1.0592517852783203,
        1.012380599975586,
        0.9887709617614746,
        0.9792473316192627,
        0.9151169061660767,
        0.7501161098480225,
        0.8367752432823181,
        0.9601982235908508,
        0.9740604162216187,
        0.9703645706176758,
        0.9104952812194824,
        0.8738594651222229,
        0.8851152062416077,
        1.1137045621871948,
        0.8817064166069031,
        1.0781714916229248,
        0.9476421475410461,
        0.998410701751709,
        1.1128313541412354,
        0.8886291980743408,
        1.0053170919418335,
        1.0127876996994019,
        0.8976926803588867,
        1.1740856170654297,
        0.7814975380897522,
        0.9621790647506714,
        0.981136679649353,
        0.8258729577064514,
        0.792078971862793,
        0.6986151337623596,
        0.9692463874816895,
        0.9418251514434814,
        0.8389821648597717,
        0.8101909160614014,
        0.9022985696792603,
        0.6978178024291992,
        0.6978845000267029,
        0.8607701063156128,
        0.7623152732849121,
        0.977124035358429,
        0.791081428527832,
        0.8883376121520996,
        1.0682854652404785,
        0.8433752059936523,
        0.7632650136947632,
        0.8748971819877625,
        0.7919670939445496,
        0.9756327867507935,
        0.9334123134613037,
        0.6822662949562073,
        1.1384164094924927,
        0.9947313070297241,
        1.0639939308166504,
        0.8669220209121704,
        0.9792149066925049,
        0.8150794506072998,
        0.8826842904090881,
        0.8454021215438843,
        1.1750684976577759,
        0.7526413202285767,
        0.8198356032371521,
        0.8281585574150085,
        0.6734191179275513,
        0.7459033727645874,
        1.3346325159072876,
        0.9243521690368652,
        1.0908970832824707,
        0.9815459251403809,
        1.2047704458236694,
        0.962459921836853,
        0.8729866743087769,
        1.0010042190551758,
        0.9312549829483032,
        0.7126858830451965,
        0.8924109935760498,
        0.9300277233123779,
        0.8855822086334229,
        0.7221598625183105,
        0.8340231776237488,
        0.8893420696258545,
        0.8927227854728699,
        0.984478771686554,
        0.862401008605957,
        0.894001305103302,
        0.8988652229309082,
        1.081836223602295,
        1.0128411054611206,
        0.7799892425537109,
        1.09388267993927,
        1.0048309564590454,
        1.0793839693069458,
        1.0212244987487793,
        0.7609312534332275,
        0.9075907468795776,
        0.9058138728141785,
        0.979540228843689,
        0.8875975012779236,
        0.8976988196372986,
