{
    "stu_train_loss": [
        0.5685222148895264,
        0.5222299695014954,
        0.3123202323913574,
        0.19795843958854675,
        0.261432945728302,
        0.5788326859474182,
        0.5062759518623352,
        0.7442076802253723,
        0.9235014319419861,
        0.6375718712806702,
        0.7292236089706421,
        0.18791857361793518,
        0.833211362361908,
        1.0602957010269165,
        0.41742709279060364,
        0.6752675771713257,
        0.7119380235671997,
        0.8703432083129883,
        0.11417761445045471,
        0.32218605279922485,
        0.6252452731132507,
        0.6240745782852173,
        0.8208698034286499,
        0.7542728781700134,
        0.5946298837661743,
        0.31461572647094727,
        0.4029693603515625,
        0.2147301435470581,
        0.615973174571991,
        0.5359951853752136,
        0.38993749022483826,
        0.5381465554237366,
        0.5225973129272461,
        0.39323896169662476,
        0.38407742977142334,
        0.43689239025115967,
        0.5334612727165222,
        0.324299693107605,
        0.36989983916282654,
        0.6006802916526794,
        0.2691733241081238,
        0.19349032640457153,
        0.5131292939186096,
        0.26504451036453247,
        0.212624654173851,
        0.2481554001569748,
        0.46199333667755127,
        0.5279549956321716,
        0.2796587347984314,
        0.4036596119403839,
        0.42560839653015137,
        0.2665175795555115,
        0.2404990941286087,
        0.2273428738117218,
        0.283588707447052,
        0.22975894808769226,
        0.48983871936798096,
        0.5778012871742249,
        0.4048975706100464,
        0.4383694529533386,
        0.27181845903396606,
        0.40248939394950867,
        0.5518505573272705,
        0.5598189234733582,
        0.4029994308948517,
        0.22621440887451172,
        0.3245951533317566,
        0.10140229761600494,
        0.38997337222099304,
        0.3633282482624054,
        0.44893109798431396,
        0.5950102210044861,
        0.30319085717201233,
        0.28184962272644043,
        0.29969120025634766,
        0.20800702273845673,
        0.31151866912841797,
        0.5449609756469727,
        0.5075891613960266,
        0.855659544467926
    ],
    "stu_test_loss": [
        0.5018602013587952,
        0.48586219549179077,
        0.4526965022087097,
        0.6549941897392273,
        0.5483687520027161,
        0.36105144023895264,
        0.3853608965873718,
        0.5654259324073792,
        0.47556787729263306,
        0.48350846767425537,
        0.34456968307495117,
        0.4092971384525299,
        0.4994164705276489,
        0.39803987741470337,
        0.6259337663650513,
        0.5898909568786621,
        0.337474524974823,
        0.4066582918167114,
        0.5334889888763428,
        0.5648840665817261,
        0.47951391339302063,
        0.6428190469741821,
        0.5616943836212158,
        0.5400270819664001,
        0.36328810453414917,
        0.4660295844078064,
        0.360323965549469,
        0.6241954565048218,
        0.3893209993839264,
        0.4671490788459778,
        0.6648359298706055,
        0.45792949199676514,
        0.4677046239376068,
        0.45735159516334534,
        0.62779700756073,
        0.5348076820373535,
        0.5088636875152588,
        0.6141031384468079,
        0.4995918869972229,
        0.5356009602546692,
        0.509219765663147,
        0.584999680519104,
        0.5372867584228516,
        0.4080885052680969,
        0.35443979501724243,
        0.5856490135192871,
        0.6103734970092773,
        0.5713154077529907,
        0.5518699884414673,
        0.650052011013031,
        0.43141406774520874,
        0.6869374513626099,
        0.47219085693359375,
        0.573285698890686,
        0.64066481590271,
        0.38782361149787903,
        0.5094790458679199,
        0.6361373662948608,
        0.5648341178894043,
        0.65335613489151,
        0.5252859592437744,
        0.7531241178512573,
        0.7411196231842041,
        0.6532471776008606,
        0.7846590280532837,
        0.5335569381713867,
        0.2723049223423004,
        0.5102695226669312,
        0.6993340849876404,
        0.41482025384902954,
        0.5460881590843201,
        0.4695470333099365,
        0.6061397790908813,
        0.5628306865692139,
        0.6536661386489868,
        0.43881022930145264,
        0.3291172981262207,
        0.8295693397521973,
        0.49209773540496826,
        0.6572245359420776,
        0.5188847780227661,
        0.8523406982421875,
        0.6023858785629272,
        0.6135007739067078,
        0.5514776110649109,
        0.7589835524559021,
        0.4248732924461365,
        0.6119170784950256,
        0.705657958984375,
        0.4847588539123535,
        0.8837231397628784,
        1.0531470775604248,
        0.7490353584289551,
        1.0911927223205566,
        0.7285802364349365,
        0.7585680484771729,
        0.6200674772262573,
        0.7121089696884155,
        0.4797589182853699,
        0.7669708728790283,
        0.5428965091705322,
        0.9071776270866394,
        0.6036975383758545,
        0.5600360631942749,
        0.5312951803207397,
        0.463302880525589,
        0.3369947671890259,
        0.48892349004745483,
        0.5483497977256775,
        0.8618183135986328,
        0.8162768483161926,
        0.42047208547592163,
        0.4895588755607605,
        0.5394995212554932,
        0.6477800011634827,
        0.4795081615447998,
        0.6801255345344543,
        0.5541566610336304,
        0.6479817032814026,
        0.6336487531661987,
        0.33408838510513306,
        0.5830236077308655,
        0.7152587175369263,
        0.7135896682739258,
        0.8181577920913696,
        0.5360782146453857,
        0.6943792104721069,
        0.6133028864860535,
        0.6840103268623352,
        0.9519476294517517,
        0.5627906322479248,
        0.5234552621841431,
        0.5149906873703003,
        0.5597027540206909,
        0.3884044885635376,
        0.3397027552127838,
        0.6094730496406555,
        0.5436996221542358,
        0.2899326682090759,
        0.46630412340164185,
        0.4001462459564209,
        0.45032739639282227,
        0.33327847719192505,
        0.3643014132976532,
        0.5605065822601318,
        0.7009727954864502,
        0.501028299331665,
        0.4731466472148895,
        0.6895043849945068,
        0.4368681311607361,
        0.42731937766075134,
        0.5652664303779602,
        0.5987701416015625,
        0.6685898900032043,
        0.5561684370040894,
        0.4167194068431854,
        0.6858960390090942,
        0.660481333732605,
        0.5288628339767456,
        0.42145201563835144,
        0.595994770526886,
        0.5340726971626282,
        0.5753206610679626,
        0.44071465730667114,
        0.5751142501831055,
        0.48882201313972473,
        0.603252649307251,
        0.3847741484642029,
        0.35745441913604736,
        0.4201010465621948,
        0.7043999433517456,
        0.8145354390144348,
        1.2707487344741821,
        0.6117647886276245,
        0.8676517605781555,
        0.564471960067749,
        0.7873072624206543,
        0.3367483913898468,
        0.5982795357704163,
        0.3848780393600464,
        0.47683292627334595,
        0.5505967140197754,
        0.6435107588768005,
        0.4605597257614136,
        0.3201946020126343,
        0.5403482913970947,
        0.6667655110359192,
        0.6183637976646423,
        0.516291618347168,
        0.5387750864028931,
        0.6764996647834778,
        0.633182942867279,
        0.69234699010849,
        0.6362611651420593,
        0.6263912916183472,
        0.5826781988143921,
        0.6205034255981445,
        0.7296953797340393,
        0.3276228606700897,
        0.3873225450515747,
        0.5615969896316528,
        0.6603335738182068,
