{
    "stu_train_loss": [
        1.0048744678497314,
        1.736554503440857,
        0.7940449118614197,
        0.10491965711116791,
        0.7268905639648438,
        0.7637328505516052,
        0.8196516036987305,
        0.3663715720176697,
        0.7697774171829224,
        0.3374711871147156,
        0.9112316966056824,
        0.4413084089756012,
        0.478915274143219,
        1.0386755466461182,
        0.4585750997066498,
        0.1341935694217682,
        1.0691144466400146,
        0.576620876789093,
        0.6711883544921875,
        0.3917876183986664,
        0.5850816965103149,
        0.052799616008996964,
        0.5830556154251099,
        0.22023431956768036,
        0.3540712296962738,
        0.7043212652206421,
        0.11495815217494965,
        0.33957797288894653,
        0.48020994663238525,
        0.4829089045524597,
        0.25707879662513733,
        0.5422597527503967,
        0.24594718217849731,
        0.7709776759147644,
        0.7516881823539734,
        0.5476906299591064,
        0.42363691329956055,
        0.7825713157653809,
        0.5418799519538879,
        0.3815643787384033,
        0.3167285919189453,
        0.19175152480602264,
        0.5868683457374573,
        0.35726818442344666,
        0.4527333080768585,
        0.3477822542190552,
        0.22609072923660278,
        0.22603145241737366,
        0.5272502899169922,
        0.6567453742027283,
        0.24267150461673737,
        0.19767260551452637,
        0.28677645325660706,
        0.32356247305870056,
        0.19132423400878906,
        0.2430673986673355,
        0.5121814012527466,
        0.42754244804382324,
        0.5245310664176941,
        0.2639905512332916,
        0.7860322594642639,
        0.42533954977989197,
        0.38547375798225403,
        0.6041096448898315,
        0.3673103153705597,
        0.37024176120758057,
        0.24485093355178833,
        0.24282342195510864,
        0.3220809996128082,
        0.438904345035553,
        0.37991225719451904,
        0.46208903193473816,
        0.5910450220108032,
        0.5233028531074524,
        0.23401713371276855,
        0.38678666949272156,
        0.36555612087249756,
        0.30412110686302185,
        0.285104364156723,
        0.8384096026420593
    ],
    "stu_test_loss": [
        0.6960437297821045,
        0.5267900228500366,
        0.5505712032318115,
        0.5720070600509644,
        0.5562924146652222,
        0.3223974108695984,
        0.3710290193557739,
        0.5513717532157898,
        0.5371139645576477,
        0.4186311960220337,
        0.3453441560268402,
        0.3812553584575653,
        0.4436066746711731,
        0.335071861743927,
        0.5236328840255737,
        0.5562731027603149,
        0.36776596307754517,
        0.45826610922813416,
        0.5795722007751465,
        0.5559021234512329,
        0.5743510723114014,
        0.7202976942062378,
        0.5640051960945129,
        0.634014368057251,
        0.3324943482875824,
        0.5507777333259583,
        0.3354470729827881,
        0.5514370799064636,
        0.3850823640823364,
        0.5666110515594482,
        0.7779664993286133,
        0.5310179591178894,
        0.5822199583053589,
        0.4774148762226105,
        0.6566085815429688,
        0.6670126914978027,
        0.4747127890586853,
        0.5074690580368042,
        0.572807788848877,
        0.48987266421318054,
        0.5218105316162109,
        0.6145233511924744,
        0.48904821276664734,
        0.3942647874355316,
        0.2879273295402527,
        0.5970757007598877,
        0.540945827960968,
        0.4613839387893677,
        0.5946147441864014,
        0.5090352296829224,
        0.40018415451049805,
        0.6664690375328064,
        0.738493800163269,
        0.4817584753036499,
        0.5105633735656738,
        0.3562402129173279,
        0.3629530668258667,
        0.6114226579666138,
        0.42527294158935547,
        0.686997652053833,
        0.5781581401824951,
        0.7424687147140503,
        0.5996420383453369,
        0.5894832611083984,
        0.6799441576004028,
        0.37414252758026123,
        0.3111531734466553,
        0.4380068778991699,
        0.5902857780456543,
        0.4182102084159851,
        0.527276873588562,
        0.3698900043964386,
        0.7221215963363647,
        0.6190274953842163,
        0.6062271595001221,
        0.43080776929855347,
        0.36761972308158875,
        0.8749997615814209,
        0.5215110182762146,
        0.5947712659835815,
        0.5833045840263367,
        0.7899823188781738,
        0.6403152346611023,
        0.6630092263221741,
        0.677992045879364,
        0.6775892972946167,
        0.49905383586883545,
        0.5486475825309753,
        0.6982795596122742,
        0.6377986669540405,
        0.6665861010551453,
        1.1318774223327637,
        0.738239049911499,
        0.9864215850830078,
        0.6559552550315857,
        0.4543180465698242,
        0.5718482732772827,
        0.6860001087188721,
        0.39868277311325073,
        0.745532214641571,
        0.6555676460266113,
        1.0536308288574219,
        0.6587044596672058,
        0.5805644989013672,
        0.662754476070404,
        0.3804400563240051,
        0.2959732413291931,
        0.4364510476589203,
        0.4682193994522095,
        0.8756753206253052,
        0.786562979221344,
        0.4346303343772888,
        0.5749178528785706,
        0.5315848588943481,
        0.595493733882904,
        0.44196850061416626,
        0.5226659774780273,
        0.6149653196334839,
        0.719027042388916,
        0.6423076391220093,
        0.36386463046073914,
        0.6133158206939697,
        0.5857934951782227,
        1.03866446018219,
        0.9301891326904297,
        0.60950767993927,
        0.7314316034317017,
        0.7401416301727295,
        0.644788384437561,
        1.0620739459991455,
        0.4648849368095398,
        0.5134672522544861,
        0.41114214062690735,
        0.6890137195587158,
        0.6008674502372742,
        0.3513934910297394,
        0.5206852555274963,
        0.5308037400245667,
        0.34093326330184937,
        0.5274515151977539,
        0.5122665762901306,
        0.36305177211761475,
        0.45040246844291687,
        0.4100741147994995,
        0.5616846084594727,
        0.5994372367858887,
        0.5624604225158691,
        0.4389711022377014,
        0.7269368767738342,
        0.4638206362724304,
        0.45397454500198364,
        0.5337358117103577,
        0.5200172662734985,
        0.6063144207000732,
        0.6026757955551147,
        0.43580135703086853,
        0.8283473253250122,
        0.6986212730407715,
        0.5084717869758606,
        0.42312920093536377,
        0.67863529920578,
        0.532969057559967,
        0.5614742040634155,
        0.47148069739341736,
        0.6837241649627686,
        0.5183509588241577,
        0.5322098135948181,
        0.40972471237182617,
        0.47826018929481506,
        0.40456676483154297,
        0.6656243801116943,
        0.6569454669952393,
        1.3063535690307617,
        0.6538976430892944,
        1.0778815746307373,
        0.5961816310882568,
        0.6533099412918091,
        0.42270126938819885,
        0.43177706003189087,
        0.3903660178184509,
        0.34890812635421753,
        0.5447214841842651,
        0.4230678081512451,
        0.5868505239486694,
        0.46326106786727905,
        0.5440069437026978,
        0.631078839302063,
        0.6471849679946899,
        0.42611080408096313,
        0.5258558988571167,
        0.6322064399719238,
        0.6669023036956787,
        0.6533366441726685,
        0.6711323261260986,
        0.5418206453323364,
        0.5165805816650391,
        0.6034191846847534,
        0.6465457677841187,
        0.3336818814277649,
        0.4575032591819763,
        0.5182491540908813,
        0.699172854423523,
