{
    "stu_train_loss": [
        0.21778525412082672,
        0.5890880227088928,
        0.6281676888465881,
        0.32614457607269287,
        0.2489827275276184,
        0.6201901435852051,
        0.6199737191200256,
        0.47100692987442017,
        0.6124860644340515,
        0.9434204697608948,
        0.6626493334770203,
        0.6516335010528564,
        0.8236724734306335,
        0.4090893566608429,
        0.2580310106277466,
        0.7208310961723328,
        0.2813445031642914,
        0.21121783554553986,
        0.5297365784645081,
        0.38670918345451355,
        0.38978058099746704,
        0.7667226195335388,
        0.7045639753341675,
        0.49173250794410706,
        0.6297062039375305,
        0.2891049385070801,
        0.4456113576889038,
        0.3746062219142914,
        0.44660690426826477,
        0.36883050203323364,
        0.15458250045776367,
        0.5589872002601624,
        0.2781921327114105,
        0.25526490807533264,
        0.3372429311275482,
        0.27869969606399536,
        0.3668336570262909,
        0.6158592700958252,
        0.49785205721855164,
        0.3177489936351776,
        0.15939825773239136,
        0.25693556666374207,
        0.3753643035888672,
        0.15800102055072784,
        0.22843138873577118,
        0.6222235560417175,
        0.4580644369125366,
        0.31620654463768005,
        0.23013408482074738,
        0.34121936559677124,
        0.3409532606601715,
        0.22682422399520874,
        0.4225483238697052,
        0.32934799790382385,
        0.5604539513587952,
        0.2070614993572235,
        0.18365797400474548,
        0.3977046608924866,
        0.336521714925766,
        0.3136710822582245,
        0.188443124294281,
        0.24204984307289124,
        0.1457522213459015,
        0.1254446804523468,
        0.3965319097042084,
        0.2653949558734894,
        0.22093284130096436,
        0.36945775151252747,
        0.45799770951271057,
        0.514492392539978,
        0.21894140541553497,
        0.3158561587333679,
        0.42773377895355225,
        0.1959814876317978,
        0.49424615502357483,
        0.46864140033721924,
        0.7572494149208069,
        0.5099384188652039,
        0.5796810388565063,
        0.7972701787948608
    ],
    "stu_test_loss": [
        0.7103669047355652,
        0.6890103220939636,
        0.615719199180603,
        0.7433726191520691,
        0.48537373542785645,
        0.34053879976272583,
        0.3394504189491272,
        0.5002082586288452,
        0.48844239115715027,
        0.5634955167770386,
        0.3773168921470642,
        0.3653315305709839,
        0.5368856191635132,
        0.5472948551177979,
        0.6317552924156189,
        0.6536616683006287,
        0.40883392095565796,
        0.5548604130744934,
        0.6265969276428223,
        0.6176928281784058,
        0.5429056882858276,
        0.599115252494812,
        0.5320897102355957,
        0.6456104516983032,
        0.3570687770843506,
        0.566756010055542,
        0.40026265382766724,
        0.5823115110397339,
        0.4189503788948059,
        0.4955664575099945,
        0.960175633430481,
        0.4519551992416382,
        0.6818944811820984,
        0.5094613432884216,
        0.6151944398880005,
        0.731086015701294,
        0.5365396738052368,
        0.44325369596481323,
        0.5138423442840576,
        0.5479763150215149,
        0.5382680296897888,
        0.7041928172111511,
        0.46887731552124023,
        0.4636463522911072,
        0.315313458442688,
        0.5670108199119568,
        0.6493800282478333,
        0.5620816946029663,
        0.5691674947738647,
        0.558142900466919,
        0.49496325850486755,
        0.7235543131828308,
        0.6418336033821106,
        0.5428255200386047,
        0.495663046836853,
        0.40775126218795776,
        0.6600955128669739,
        0.8017080426216125,
        0.5089055299758911,
        0.6307020783424377,
        0.5929833650588989,
        0.8820494413375854,
        0.6267062425613403,
        0.750531792640686,
        0.7821004390716553,
        0.41787081956863403,
        0.3400188684463501,
        0.5840579867362976,
        0.8058267831802368,
        0.39450958371162415,
        0.5368731617927551,
        0.42428845167160034,
        0.7095054388046265,
        0.533682107925415,
        0.6251210570335388,
        0.3962392210960388,
        0.38589608669281006,
        0.8343343138694763,
        0.5451440811157227,
        0.7806940078735352,
        0.5801751613616943,
        0.7684364318847656,
        0.7356438040733337,
        0.8103780746459961,
        0.5777713060379028,
        0.9355677366256714,
        0.4734300374984741,
        0.5467681884765625,
        0.6825354695320129,
        0.6235308647155762,
        0.9640638828277588,
        1.1968375444412231,
        0.8137572407722473,
        1.0620391368865967,
        0.794408917427063,
        0.656816840171814,
        0.6356461048126221,
        0.6564124822616577,
        0.48762109875679016,
        0.8246205449104309,
        0.6857266426086426,
        0.8927865624427795,
        0.83226078748703,
        0.7235405445098877,
        0.6253505945205688,
        0.42162930965423584,
        0.3242814242839813,
        0.4515233039855957,
        0.643417477607727,
        0.7437729835510254,
        0.592986524105072,
        0.4936557114124298,
        0.6964694261550903,
        0.6388265490531921,
        0.6575004458427429,
        0.46429577469825745,
        0.6198912262916565,
        0.5621839761734009,
        0.6866744756698608,
        0.513479471206665,
        0.3239365816116333,
        0.6221814751625061,
        0.6374292969703674,
        0.948676347732544,
        0.7199866771697998,
        0.6577564477920532,
        0.8249469995498657,
        0.7504975199699402,
        0.5460280179977417,
        0.9196071624755859,
        0.5009764432907104,
        0.5737100839614868,
        0.5388808250427246,
        0.5361678600311279,
        0.4445244073867798,
        0.3524414598941803,
        0.4715464115142822,
        0.6304495334625244,
        0.4236305058002472,
        0.5056485533714294,
        0.5191954374313354,
        0.38320392370224,
        0.44238048791885376,
        0.41869837045669556,
        0.6388911008834839,
        0.748669445514679,
        0.49581190943717957,
        0.3949236273765564,
        0.8322005271911621,
        0.5098040103912354,
        0.4428299069404602,
        0.709099531173706,
        0.7322101593017578,
        0.5768629312515259,
        0.5869834423065186,
        0.38228321075439453,
        0.7328672409057617,
        0.6329611539840698,
        0.5970844626426697,
        0.4689928889274597,
        0.4928058683872223,
        0.521479606628418,
        0.5892974138259888,
        0.4032237231731415,
        0.7345322370529175,
        0.5205185413360596,
        0.5143381953239441,
        0.44675642251968384,
        0.41572850942611694,
        0.5369630455970764,
        0.8377261161804199,
        0.8011522889137268,
        1.4563684463500977,
        0.8466031551361084,
        1.0440356731414795,
        0.6053994297981262,
        0.7126061916351318,
        0.41588616371154785,
        0.5458025932312012,
        0.37699711322784424,
        0.4692629277706146,
        0.6083862781524658,
        0.5300289392471313,
        0.5020901560783386,
        0.4832773804664612,
        0.717393159866333,
        0.7942513227462769,
        0.7402774095535278,
        0.5003218650817871,
        0.451805055141449,
        0.6400028467178345,
        0.6724209785461426,
        0.8282316327095032,
        0.7212802171707153,
        0.6968331336975098,
        0.5838496685028076,
        0.6093921661376953,
        0.7731260657310486,
        0.3711807131767273,
        0.5858765244483948,
        0.5511651039123535,
        0.6899517178535461,
