{
    "stu_train_loss": [
        0.6953407526016235,
        0.24650193750858307,
        0.432137668132782,
        0.4791731834411621,
        0.18386143445968628,
        0.3927508592605591,
        0.4320146143436432,
        0.24751855432987213,
        0.587837815284729,
        0.5730266571044922,
        0.31594929099082947,
        0.5031954050064087,
        0.42350101470947266,
        0.5216913223266602,
        0.333141952753067,
        0.2101861834526062,
        0.3672195374965668,
        0.375730961561203,
        0.1734621375799179,
        0.42025643587112427,
        0.28652653098106384,
        0.40868744254112244,
        0.3035281002521515,
        0.6245018243789673,
        0.42216917872428894,
        0.19894665479660034,
        0.43336164951324463,
        0.3586951494216919,
        0.13858257234096527,
        0.5231133699417114,
        0.20366662740707397,
        0.43804582953453064,
        0.33311405777931213,
        0.3923521339893341,
        0.7143213748931885,
        0.47277405858039856,
        0.17649763822555542,
        0.3677012026309967,
        0.20039530098438263,
        0.15133623778820038,
        0.4108375608921051,
        0.2780134677886963,
        0.5472332239151001,
        0.3668071925640106,
        0.29022085666656494,
        0.4263947904109955,
        0.3645789921283722,
        0.2772361934185028,
        0.30698609352111816,
        0.26184239983558655,
        0.44332611560821533,
        0.24676591157913208,
        0.5429046750068665,
        0.38169121742248535,
        0.432773232460022,
        0.10398945957422256,
        0.3322015702724457,
        0.835832953453064,
        0.22412823140621185,
        0.2569620907306671,
        0.36833637952804565,
        0.21293318271636963,
        0.36922621726989746,
        0.5273780226707458,
        0.6641963720321655,
        0.5122196078300476,
        0.33281898498535156,
        0.1903797835111618,
        0.2193518877029419,
        0.3628060817718506,
        0.3813265562057495,
        0.3581584393978119,
        0.20938651263713837,
        0.5187612771987915,
        0.42037931084632874,
        0.5382100343704224,
        0.36292558908462524,
        0.3197401463985443,
        0.5210212469100952,
        0.17455610632896423
    ],
    "stu_test_loss": [
        0.6198363304138184,
        0.6725674867630005,
        0.5984219908714294,
        0.7985116243362427,
        0.6028661131858826,
        0.41528230905532837,
        0.47604888677597046,
        0.624453067779541,
        0.6245023012161255,
        0.6908681392669678,
        0.46688535809516907,
        0.5665882229804993,
        0.6574530601501465,
        0.5145094394683838,
        0.6320991516113281,
        0.5850344896316528,
        0.42319369316101074,
        0.6132268905639648,
        0.6978765726089478,
        0.7001550197601318,
        0.6175698041915894,
        0.7150468826293945,
        0.7375199794769287,
        0.8229954242706299,
        0.433319628238678,
        0.7692229747772217,
        0.6112129092216492,
        0.71329665184021,
        0.5317823886871338,
        0.6512008905410767,
        0.9567476511001587,
        0.5679092407226562,
        0.6286169290542603,
        0.605919599533081,
        0.6392737627029419,
        0.7053737640380859,
        0.6872535347938538,
        0.6094549298286438,
        0.6284807324409485,
        0.6703633666038513,
        0.5401976108551025,
        0.615485668182373,
        0.6574483513832092,
        0.5185470581054688,
        0.4168001413345337,
        0.683580219745636,
        0.8225984573364258,
        0.6625232100486755,
        0.5155112743377686,
        0.8528975248336792,
        0.57761549949646,
        0.594108521938324,
        0.7359411716461182,
        0.7401573657989502,
        0.8475062847137451,
        0.45174890756607056,
        0.6663652658462524,
        0.778912365436554,
        0.5303870439529419,
        0.6164017915725708,
        0.6706114411354065,
        0.9784598350524902,
        0.807346761226654,
        0.6946854591369629,
        0.8873167634010315,
        0.5819287300109863,
        0.4563118517398834,
        0.7138022780418396,
        0.7217737436294556,
        0.6114945411682129,
        0.6583476066589355,
        0.5757608413696289,
        0.8977528214454651,
        0.5815075039863586,
        0.752651572227478,
        0.5295224189758301,
        0.47146064043045044,
        0.760810375213623,
        0.6785467863082886,
        0.7248469591140747,
        0.62703937292099,
        0.7969355583190918,
        0.8755147457122803,
        0.8438650369644165,
        0.6428307294845581,
        0.9943571090698242,
        0.5711419582366943,
        0.7073817849159241,
        0.7407221794128418,
        0.728775143623352,
        0.9804627895355225,
        1.1896066665649414,
        0.9150222539901733,
        1.127468228340149,
        0.9201490879058838,
        0.6534794569015503,
        0.7262951135635376,
        0.8028888702392578,
        0.5520604252815247,
        0.7801469564437866,
        0.7757543921470642,
        1.0448541641235352,
        0.9404006004333496,
        0.5910145044326782,
        0.791742742061615,
        0.5166715383529663,
        0.5532984733581543,
        0.6220870614051819,
        0.6786372661590576,
        0.8028274774551392,
        0.8234387636184692,
        0.5339608192443848,
        0.5702285170555115,
        0.5926521420478821,
        0.7273741960525513,
        0.6608473062515259,
        0.5521702766418457,
        0.7128769159317017,
        0.8345445394515991,
        0.8157703280448914,
        0.5733797550201416,
        0.8736815452575684,
        0.7540123462677002,
        0.8872299194335938,
        1.0489903688430786,
        0.7856924533843994,
        0.8470431566238403,
        0.8658087849617004,
        0.6843593120574951,
        1.0658292770385742,
        0.5212833881378174,
        0.6237877607345581,
        0.6395395994186401,
        0.8281351327896118,
        0.5661323666572571,
        0.39427465200424194,
        0.6339675188064575,
        0.6921888589859009,
        0.41201692819595337,
        0.6229491233825684,
        0.5732068419456482,
        0.5063596963882446,
        0.41865408420562744,
        0.5607857704162598,
        0.527804970741272,
        0.7437211275100708,
        0.5626680850982666,
        0.5711920261383057,
        0.9296222925186157,
        0.5664854049682617,
        0.5014128088951111,
        0.5775949954986572,
        0.5450140237808228,
        0.7241913080215454,
        0.6767918467521667,
        0.4724283218383789,
        0.7763320207595825,
        0.8584058880805969,
        0.5890639424324036,
        0.6075544357299805,
        0.6227530241012573,
        0.7160979509353638,
        0.660642683506012,
        0.4915652275085449,
        0.9017764925956726,
        0.5800783634185791,
        0.726474404335022,
        0.4063372313976288,
        0.437411367893219,
        0.58135986328125,
        0.8512733578681946,
        0.7931270599365234,
        1.0582826137542725,
        0.8897640705108643,
        1.1563291549682617,
        0.7632765769958496,
        0.6775603294372559,
        0.5889745950698853,
        0.7350630164146423,
        0.4493245780467987,
        0.6241555213928223,
        0.7173265218734741,
        0.5863950252532959,
        0.6998503804206848,
        0.4827879071235657,
        0.6676746010780334,
        0.8307461738586426,
        0.7963746190071106,
        0.5961339473724365,
        0.7463041543960571,
        0.7565339803695679,
        0.8900500535964966,
        0.8438997864723206,
        0.7938289642333984,
        0.8668021559715271,
        0.7695351839065552,
        0.7881675958633423,
        0.8450602293014526,
        0.4918716549873352,
        0.6160566806793213,
        0.6677636504173279,
        0.8131131529808044,
        0.747093915939331,
