{
    "stu_train_loss": [
        0.27806520462036133,
        0.20759908854961395,
        0.407189279794693,
        0.4177793264389038,
        0.3166068196296692,
        0.7330532670021057,
        0.36180663108825684,
        0.3345373272895813,
        0.3155832290649414,
        0.15889479219913483,
        0.4512755274772644,
        0.37946563959121704,
        0.4263789653778076,
        0.2513817846775055,
        0.3202339708805084,
        0.49737104773521423,
        0.4064027667045593,
        0.43214401602745056,
        0.6834326386451721,
        0.31763333082199097,
        0.3556489646434784,
        0.45352327823638916,
        0.09758372604846954,
        0.18017663061618805,
        0.45181888341903687,
        0.32594144344329834,
        0.44937843084335327,
        0.34404706954956055,
        0.43037644028663635,
        0.19886188209056854,
        0.18612103164196014,
        0.23207974433898926,
        0.177852064371109,
        0.2666860818862915,
        0.055675674229860306,
        0.5125058889389038,
        0.3716687262058258,
        0.5517860651016235,
        0.3861718773841858,
        0.2917656898498535,
        0.5902121663093567,
        0.37092411518096924,
        0.5225226879119873,
        0.2949588894844055,
        0.47576814889907837,
        0.6761570572853088,
        0.555461049079895,
        0.3687722086906433,
        0.30521532893180847,
        0.6590480804443359,
        0.4971451461315155,
        0.4882010519504547,
        0.55939781665802,
        0.3512641489505768,
        0.5126867890357971,
        0.5405300259590149,
        0.4316469728946686,
        0.25042134523391724,
        0.549159586429596,
        0.32361260056495667,
        0.5583295822143555,
        0.1729649007320404,
        0.16349849104881287,
        0.8487967848777771,
        0.24516603350639343,
        0.3047935366630554,
        0.42045894265174866,
        0.2647506296634674,
        0.35963815450668335,
        0.3195072114467621,
        0.5141763687133789,
        0.3278519809246063,
        0.13724596798419952,
        0.13592718541622162,
        0.47446101903915405,
        0.3794248402118683,
        0.5516619086265564,
        0.17146706581115723,
        0.328133225440979,
        0.35747388005256653
    ],
    "stu_test_loss": [
        0.6263327598571777,
        0.6204292178153992,
        0.5819981694221497,
        0.643785297870636,
        0.6235119104385376,
        0.3936591148376465,
        0.4032999873161316,
        0.6687305569648743,
        0.497768372297287,
        0.5799347758293152,
        0.43081390857696533,
        0.45399734377861023,
        0.6303995251655579,
        0.4450836181640625,
        0.5005910992622375,
        0.5256713628768921,
        0.4129279553890228,
        0.5418573617935181,
        0.653965950012207,
        0.7420920133590698,
        0.7226656675338745,
        0.6002615690231323,
        0.6787405610084534,
        0.5990379452705383,
        0.4356802999973297,
        0.6376271843910217,
        0.4539514183998108,
        0.6503944396972656,
        0.43479520082473755,
        0.4598855972290039,
        0.8335465788841248,
        0.4701125919818878,
        0.47843217849731445,
        0.5836541056632996,
        0.7613436579704285,
        0.7179921865463257,
        0.6219283938407898,
        0.6131578683853149,
        0.6072090864181519,
        0.5996392965316772,
        0.49313849210739136,
        0.5210933685302734,
        0.5673759579658508,
        0.4554596543312073,
        0.3483605980873108,
        0.581368625164032,
        0.7862133383750916,
        0.5612088441848755,
        0.5073493123054504,
        0.6629897356033325,
        0.5316372513771057,
        0.622565507888794,
        0.5925154089927673,
        0.617790699005127,
        0.664623498916626,
        0.5089460611343384,
        0.47105371952056885,
        0.5878674983978271,
        0.4771312475204468,
        0.6337080001831055,
        0.4836499094963074,
        0.8806192874908447,
        0.8452697396278381,
        0.5350855588912964,
        0.7022163271903992,
        0.6651231050491333,
        0.4187218248844147,
        0.6658353209495544,
        0.7316335439682007,
        0.4182972311973572,
        0.48915836215019226,
        0.5334396958351135,
        0.6111727356910706,
        0.6101439595222473,
        0.6771993637084961,
        0.5066453218460083,
        0.3676220178604126,
        0.7297382950782776,
        0.5281702876091003,
        0.6816091537475586,
        0.621083676815033,
        0.7628511190414429,
        0.7218976020812988,
        0.6794769763946533,
        0.5364706516265869,
        0.7305386066436768,
        0.48986536264419556,
        0.4506412744522095,
        0.6318585276603699,
        0.5608056783676147,
        0.8776792883872986,
        1.0010967254638672,
        0.7392978668212891,
        1.180440068244934,
        0.8947020769119263,
        0.5719704627990723,
        0.7895601987838745,
        0.7276010513305664,
        0.42975640296936035,
        0.7012053728103638,
        0.695534884929657,
        1.0645416975021362,
        0.629170298576355,
        0.5908610820770264,
        0.5516151189804077,
        0.4483538269996643,
        0.3839483857154846,
        0.5367246270179749,
        0.5395542979240417,
        0.8422817587852478,
        0.7409203052520752,
        0.5224225521087646,
        0.5196307897567749,
        0.6512142419815063,
        0.6249588131904602,
        0.5524784326553345,
        0.6008237600326538,
        0.5976042747497559,
        0.8203139305114746,
        0.7765909433364868,
        0.4541269540786743,
        0.7111378908157349,
        0.7204200625419617,
        0.5802233219146729,
        0.7769196033477783,
        0.49531352519989014,
        0.8131997585296631,
        0.6982420086860657,
        0.6828846335411072,
        1.028836965560913,
        0.5222316980361938,
        0.5515648722648621,
        0.5507030487060547,
        0.7392722368240356,
        0.458329975605011,
        0.36930686235427856,
        0.5249845385551453,
        0.6683327555656433,
        0.38993722200393677,
        0.4785235524177551,
        0.5528125166893005,
        0.4510788321495056,
        0.3989797830581665,
        0.4129079580307007,
        0.5351935029029846,
        0.7790823578834534,
        0.5269112586975098,
        0.4642535448074341,
        0.6949763298034668,
        0.4685027301311493,
        0.5350046753883362,
        0.7145475149154663,
        0.6490591168403625,
        0.7131990194320679,
        0.46146315336227417,
        0.3613922595977783,
        0.6183810234069824,
        0.6743212938308716,
        0.4869100749492645,
        0.6709036231040955,
        0.5925557613372803,
        0.6973919868469238,
        0.6046452522277832,
        0.4603928327560425,
        0.7983354926109314,
        0.6446855068206787,
        0.6029999256134033,
        0.3507727086544037,
        0.34503090381622314,
        0.6107765436172485,
        0.895298957824707,
        0.7448976635932922,
        1.1963547468185425,
        0.7079181671142578,
        0.9718179702758789,
        0.451227068901062,
        0.8057290315628052,
        0.47358644008636475,
        0.5613564252853394,
        0.47195786237716675,
        0.5948153138160706,
        0.7010990381240845,
        0.5076488852500916,
        0.47656765580177307,
        0.45066145062446594,
        0.5598500370979309,
        0.7444369792938232,
        0.7727800011634827,
        0.7012282609939575,
        0.36328423023223877,
        0.6365042924880981,
        0.6226041316986084,
        0.6849055290222168,
        0.5742847323417664,
        0.8436898589134216,
        0.7406143546104431,
        0.721098780632019,
        0.8267127275466919,
        0.4294387400150299,
        0.5005309581756592,
        0.6057823300361633,
        0.653610348701477,
