{
    "stu_train_loss": [
        0.06280220299959183,
        0.5886825323104858,
        0.6453538537025452,
        0.8135823607444763,
        0.33069393038749695,
        0.40705645084381104,
        0.35558566451072693,
        0.5685531497001648,
        0.4163132905960083,
        0.847658097743988,
        0.8964755535125732,
        1.2715178728103638,
        0.8866705894470215,
        0.2580348253250122,
        0.3673587441444397,
        0.6606134176254272,
        0.10447393357753754,
        1.1365340948104858,
        1.1493562459945679,
        0.7348241209983826,
        0.794864296913147,
        0.5005213022232056,
        0.6880190372467041,
        0.35796892642974854,
        0.4971882700920105,
        0.19249354302883148,
        0.536334753036499,
        0.83714759349823,
        0.47479426860809326,
        0.4520469307899475,
        0.8416898250579834,
        0.43891140818595886,
        0.6698024868965149,
        0.1447891891002655,
        0.3436102569103241,
        0.34632569551467896,
        1.0954551696777344,
        0.5088683366775513,
        0.32781633734703064,
        0.4195529520511627,
        0.27730292081832886,
        0.5951533913612366,
        0.5085216164588928,
        0.687843918800354,
        0.4229198694229126,
        0.3657229244709015,
        0.45735451579093933,
        0.28256359696388245,
        0.3205651044845581,
        0.18150471150875092,
        0.3279176950454712,
        0.1275266706943512,
        0.2755698263645172,
        0.29212331771850586,
        0.25016504526138306,
        0.6931179761886597,
        0.3369506299495697,
        0.197219118475914,
        0.217088982462883,
        0.27030929923057556,
        0.3330122232437134,
        0.3820061683654785,
        0.20845246315002441,
        0.6662899851799011,
        0.26904478669166565,
        0.2790463864803314,
        0.43339210748672485,
        0.180307537317276,
        0.17068606615066528,
        0.3855140805244446,
        0.37802305817604065,
        0.20967388153076172,
        0.44505399465560913,
        0.2970416247844696,
        0.5073782205581665,
        0.1442660242319107,
        0.4118734300136566,
        0.40081360936164856,
        0.37123727798461914,
        0.21191290020942688
    ],
    "stu_test_loss": [
        0.599441409111023,
        0.5257811546325684,
        0.4844167232513428,
        0.6645312309265137,
        0.6189566850662231,
        0.3172661066055298,
        0.30161482095718384,
        0.608256459236145,
        0.4746336340904236,
        0.5561503767967224,
        0.34329381585121155,
        0.39658626914024353,
        0.4891262352466583,
        0.4036024510860443,
        0.5166381001472473,
        0.5906144976615906,
        0.3007446527481079,
        0.40535855293273926,
        0.5229803323745728,
        0.6320505142211914,
        0.5088630318641663,
        0.5597814321517944,
        0.6873423457145691,
        0.5969445109367371,
        0.3690526485443115,
        0.416363000869751,
        0.34014755487442017,
        0.670833945274353,
        0.38213658332824707,
        0.39876508712768555,
        0.7416937351226807,
        0.39645591378211975,
        0.480379581451416,
        0.4406115412712097,
        0.6793991327285767,
        0.6582406759262085,
        0.5052456259727478,
        0.5132321715354919,
        0.4883068799972534,
        0.5498315691947937,
        0.5228287577629089,
        0.5975879430770874,
        0.523898184299469,
        0.44326478242874146,
        0.4082270860671997,
        0.6248538494110107,
        0.4631853997707367,
        0.5465103387832642,
        0.6021773219108582,
        0.577781617641449,
        0.4444614052772522,
        0.6044638156890869,
        0.6077919006347656,
        0.39734947681427,
        0.45287197828292847,
        0.4602755308151245,
        0.44517672061920166,
        0.5378272533416748,
        0.5480107069015503,
        0.7297340631484985,
        0.5079423189163208,
        0.8418935537338257,
        0.7164589166641235,
        0.5910544395446777,
        0.7098479270935059,
        0.40760642290115356,
        0.32119062542915344,
        0.5319004654884338,
        0.835267961025238,
        0.47801312804222107,
        0.4560196101665497,
        0.3925818204879761,
        0.6312060356140137,
        0.4610882103443146,
        0.6919957995414734,
        0.47921645641326904,
        0.4020671546459198,
        1.0135388374328613,
        0.5513784885406494,
        0.746099054813385,
        0.7762067914009094,
        0.9216278791427612,
        0.6803025603294373,
        0.7589354515075684,
        0.6724607944488525,
        0.7223173975944519,
        0.49819764494895935,
        0.524656355381012,
        0.7256804704666138,
        0.43762385845184326,
        0.7008822560310364,
        0.9852842688560486,
        0.559856116771698,
        1.0343472957611084,
        0.934874415397644,
        0.40182408690452576,
        0.664436936378479,
        0.712597131729126,
        0.4462680220603943,
        0.7032619714736938,
        0.7816703915596008,
        1.1007224321365356,
        0.6546794176101685,
        0.6176667809486389,
        0.5561114549636841,
        0.438743531703949,
        0.29994720220565796,
        0.41671907901763916,
        0.5966924428939819,
        0.9187013506889343,
        0.8012037873268127,
        0.5043485164642334,
        0.5603693723678589,
        0.5138862729072571,
        0.7394412755966187,
        0.4095005393028259,
        0.5931586027145386,
        0.5403372049331665,
        0.6867908239364624,
        0.6490993499755859,
        0.38431665301322937,
        0.7310270667076111,
        0.5871261954307556,
        0.8351011276245117,
        0.7536861300468445,
        0.5789225101470947,
        0.7073829770088196,
        0.6546542644500732,
        0.5728698372840881,
        1.050779104232788,
        0.4711269736289978,
        0.4232279062271118,
        0.45207518339157104,
        0.6905683279037476,
        0.5668191909790039,
        0.3794984817504883,
        0.5458492040634155,
        0.5114282369613647,
        0.3026975393295288,
        0.5244667530059814,
        0.4195695221424103,
        0.3804500997066498,
        0.47985681891441345,
        0.36153674125671387,
        0.5538191795349121,
        0.7225711941719055,
        0.5629875659942627,
        0.4665963649749756,
        0.6758952140808105,
        0.499530166387558,
        0.5126336216926575,
        0.6198346614837646,
        0.6254334449768066,
        0.707097053527832,
        0.5845815539360046,
        0.3527807593345642,
        0.6883271932601929,
        0.7198740243911743,
        0.5175962448120117,
        0.4347352683544159,
        0.5900079607963562,
        0.4630456864833832,
        0.5669102072715759,
        0.4475478529930115,
        0.7887542843818665,
        0.4280579686164856,
        0.4902721643447876,
        0.36127421259880066,
        0.38247114419937134,
        0.4657799303531647,
        0.8415969610214233,
        0.8560688495635986,
        1.238680124282837,
        0.8317042589187622,
        0.8831294775009155,
        0.5259755849838257,
        0.6419293880462646,
        0.46069765090942383,
        0.5969507694244385,
        0.38394075632095337,
        0.35478055477142334,
        0.6099088788032532,
        0.4576569199562073,
        0.4935927391052246,
        0.39700010418891907,
        0.6240261197090149,
        0.5679917335510254,
        0.8076663017272949,
        0.5024819374084473,
        0.5234038829803467,
        0.7277239561080933,
        0.6660295724868774,
        0.7305262088775635,
        0.6633241772651672,
        0.7067722082138062,
        0.7183815240859985,
        0.5546069145202637,
        0.8412200212478638,
        0.37133386731147766,
        0.4495222270488739,
        0.5954480171203613,
        0.6451746821403503,
