{
    "stu_train_loss": [
        0.3833499252796173,
        0.020259568467736244,
        0.40330925583839417,
        0.17018797993659973,
        0.689752459526062,
        0.33506932854652405,
        0.17067280411720276,
        0.6525842547416687,
        0.30314818024635315,
        0.9973831176757812,
        0.8571025729179382,
        0.8018221259117126,
        0.5814226865768433,
        0.1579064428806305,
        0.37722450494766235,
        0.521540641784668,
        0.202187180519104,
        0.2643084228038788,
        0.18044432997703552,
        0.419779509305954,
        0.33935821056365967,
        0.17985807359218597,
        0.5839574933052063,
        0.42999032139778137,
        0.3103944659233093,
        0.11335233598947525,
        0.31668853759765625,
        0.3052014410495758,
        0.25976452231407166,
        0.19465157389640808,
        0.3646687865257263,
        0.17324690520763397,
        0.46405017375946045,
        0.4611619710922241,
        0.263401061296463,
        0.5942649841308594,
        0.38198933005332947,
        0.33929547667503357,
        0.5789835453033447,
        0.3634762167930603,
        0.6050466299057007,
        0.34212154150009155,
        0.45610636472702026,
        0.24761591851711273,
        0.4924123287200928,
        0.11371871829032898,
        0.20014409720897675,
        0.3458240032196045,
        0.33571353554725647,
        0.2446819394826889,
        0.26571759581565857,
        0.24513302743434906,
        0.5100222229957581,
        0.43651899695396423,
        0.3877601623535156,
        0.5575547218322754,
        0.5374053716659546,
        0.37109386920928955,
        0.11678969115018845,
        0.45049336552619934,
        0.5253944993019104,
        0.3472580015659332,
        0.5970243215560913,
        0.37505581974983215,
        0.498617947101593,
        0.27548661828041077,
        0.5649481415748596,
        0.32050541043281555,
        0.12103426456451416,
        0.3044571876525879,
        0.41400039196014404,
        0.7041224837303162,
        0.5605024695396423,
        0.43444380164146423,
        0.3492761254310608,
        0.28168997168540955,
        0.5876216888427734,
        0.5465912222862244,
        0.3743160367012024,
        0.815858006477356
    ],
    "stu_test_loss": [
        0.6659200191497803,
        0.6467925310134888,
        0.46440374851226807,
        0.5800114274024963,
        0.7335273623466492,
        0.3651924431324005,
        0.3621188700199127,
        0.6446093320846558,
        0.525963544845581,
        0.5327285528182983,
        0.3916476368904114,
        0.3840278387069702,
        0.5406685471534729,
        0.39226865768432617,
        0.4516580104827881,
        0.5351539850234985,
        0.4549095034599304,
        0.5168681740760803,
        0.6416766047477722,
        0.6636209487915039,
        0.5312567949295044,
        0.5756261944770813,
        0.7655665278434753,
        0.4797385632991791,
        0.3502171039581299,
        0.5685819983482361,
        0.376719206571579,
        0.6209551095962524,
        0.47057169675827026,
        0.5887850522994995,
        0.7078942060470581,
        0.4878162741661072,
        0.5043776035308838,
        0.5795646905899048,
        0.5756551027297974,
        0.7328881025314331,
        0.6309587359428406,
        0.6637385487556458,
        0.6110877394676208,
        0.5952487587928772,
        0.43813803791999817,
        0.5369894504547119,
        0.6974348425865173,
        0.4185400605201721,
        0.34208977222442627,
        0.5446776151657104,
        0.7113243937492371,
        0.6225992441177368,
        0.6050519943237305,
        0.5048452615737915,
        0.5253076553344727,
        0.6298368573188782,
        0.4335920214653015,
        0.4826807379722595,
        0.6485379338264465,
        0.4663945138454437,
        0.43007898330688477,
        0.4489220380783081,
        0.46076294779777527,
        0.5507973432540894,
        0.5080470442771912,
        0.8780300617218018,
        0.7633434534072876,
        0.604893684387207,
        0.8546487092971802,
        0.43476712703704834,
        0.3440800905227661,
        0.5649145841598511,
        0.6293574571609497,
        0.5067452192306519,
        0.4825141727924347,
        0.551729679107666,
        0.6228652000427246,
        0.6400457620620728,
        0.647046685218811,
        0.5050370693206787,
        0.4251481592655182,
        0.8718504905700684,
        0.5097633600234985,
        0.7124146223068237,
        0.6448941230773926,
        0.8474807739257812,
        0.5391480326652527,
        0.6448197364807129,
        0.451507031917572,
        0.7161742448806763,
        0.5456828474998474,
        0.4742473363876343,
        0.7195247411727905,
        0.428631067276001,
        0.625731885433197,
        1.0340640544891357,
        0.7566347718238831,
        1.0625261068344116,
        0.8334549069404602,
        0.6378886699676514,
        0.7378592491149902,
        0.6743206977844238,
        0.4827517569065094,
        0.7418323755264282,
        0.6403698921203613,
        1.026059627532959,
        0.6235544681549072,
        0.5063155293464661,
        0.5709174871444702,
        0.3690073490142822,
        0.4004432260990143,
        0.5595622062683105,
        0.5310178399085999,
        0.8878660798072815,
        0.8308472037315369,
        0.4743782579898834,
        0.490294486284256,
        0.6351736187934875,
        0.6616296768188477,
        0.47425878047943115,
        0.6782135963439941,
        0.5514678359031677,
        0.7286919355392456,
        0.8404208421707153,
        0.45388850569725037,
        0.7288531064987183,
        0.7692556381225586,
        0.6161143183708191,
        0.7104891538619995,
        0.5470544099807739,
        0.7863258719444275,
        0.682793140411377,
        0.7889411449432373,
        1.1053882837295532,
        0.4850689470767975,
        0.4628029763698578,
        0.5516640543937683,
        0.6678406000137329,
        0.4312174320220947,
        0.36130934953689575,
        0.6265124082565308,
        0.6524382829666138,
        0.32423171401023865,
        0.5057233572006226,
        0.6311277151107788,
        0.46934229135513306,
        0.3899994492530823,
        0.5164235830307007,
        0.5719130635261536,
        0.8352147340774536,
        0.5274456143379211,
        0.48103460669517517,
        0.7173383831977844,
        0.5076714754104614,
        0.618705689907074,
        0.6682049036026001,
        0.5205726623535156,
        0.7393093109130859,
        0.484984815120697,
        0.34869879484176636,
        0.7499406337738037,
        0.7041009068489075,
        0.5956264734268188,
        0.5945611000061035,
        0.6215909123420715,
        0.6331764459609985,
        0.5523291230201721,
        0.42357802391052246,
        0.7442513704299927,
        0.566399097442627,
        0.5652529001235962,
        0.3387756049633026,
        0.38201627135276794,
        0.5593170523643494,
        0.8357999324798584,
        0.8126005530357361,
        1.1859546899795532,
        0.5767383575439453,
        0.8664957880973816,
        0.5468740463256836,
        0.665460467338562,
        0.53941410779953,
        0.6866762638092041,
        0.41389745473861694,
        0.38704726099967957,
        0.7523839473724365,
        0.45155707001686096,
        0.569579005241394,
        0.4075746536254883,
        0.46653878688812256,
        0.6897977590560913,
        0.7376605272293091,
        0.569054901599884,
        0.4144529402256012,
        0.6119303703308105,
        0.6899538040161133,
        0.6902735233306885,
        0.5561517477035522,
        0.8298648595809937,
        0.8429365754127502,
        0.7094640731811523,
        0.8109834790229797,
        0.4407118856906891,
        0.4715428650379181,
        0.5118381977081299,
        0.6755170822143555,
