{
    "stu_train_loss": [
        0.2983265817165375,
        0.6293004751205444,
        0.6951380372047424,
        0.3501812517642975,
        0.2256789356470108,
        0.22527243196964264,
        0.8050714731216431,
        0.4799745976924896,
        0.716326892375946,
        0.5281834006309509,
        0.12306899577379227,
        0.25692009925842285,
        0.3042081892490387,
        0.6343463659286499,
        0.7133046388626099,
        0.5787127614021301,
        0.5759241580963135,
        0.3665960431098938,
        0.18377213180065155,
        0.3227272629737854,
        0.43190109729766846,
        0.2921660542488098,
        0.3102920651435852,
        0.5198748707771301,
        0.596879780292511,
        0.7312185168266296,
        0.4697977304458618,
        0.2500183880329132,
        0.5206639170646667,
        0.2984895408153534,
        0.31311941146850586,
        1.0019562244415283,
        0.3952612280845642,
        0.3270661532878876,
        0.46180588006973267,
        0.43696990609169006,
        0.5379408001899719,
        0.220451220870018,
        0.41361334919929504,
        0.17202714085578918,
        0.48678022623062134,
        0.3065561354160309,
        0.4263535141944885,
        0.3975903391838074,
        0.535854697227478,
        0.6260559558868408,
        0.5848372578620911,
        0.36345118284225464,
        0.3217950463294983,
        0.48900845646858215,
        0.19908946752548218,
        0.4259699881076813,
        0.30348899960517883,
        0.5534524321556091,
        0.364599347114563,
        0.29944536089897156,
        0.4528212547302246,
        0.1247570663690567,
        0.2534968852996826,
        0.3419169783592224,
        0.24897527694702148,
        0.23685482144355774,
        0.22706247866153717,
        0.2811785340309143,
        0.2551245391368866,
        0.47792646288871765,
        0.4192958474159241,
        0.3533036708831787,
        0.6440486907958984,
        0.3731265366077423,
        0.38204729557037354,
        0.2854672372341156,
        0.37757307291030884,
        0.4891647696495056,
        0.32391688227653503,
        0.1374528855085373,
        0.14089131355285645,
        0.24540026485919952,
        0.4317089021205902,
        0.1476191133260727
    ],
    "stu_test_loss": [
        0.6069679260253906,
        0.7292801141738892,
        0.5249948501586914,
        0.6316315531730652,
        0.5845434665679932,
        0.36175471544265747,
        0.45085689425468445,
        0.6150832176208496,
        0.44274258613586426,
        0.6081132888793945,
        0.37248873710632324,
        0.5155430436134338,
        0.595665454864502,
        0.46896791458129883,
        0.5429320335388184,
        0.768805742263794,
        0.38228651881217957,
        0.5469810962677002,
        0.5677924156188965,
        0.6569449305534363,
        0.5593010783195496,
        0.7453730702400208,
        0.7745954990386963,
        0.6407246589660645,
        0.4623703360557556,
        0.6627014875411987,
        0.4790833592414856,
        0.7135815620422363,
        0.4986221194267273,
        0.6753739714622498,
        0.7940135598182678,
        0.6163384914398193,
        0.6097846031188965,
        0.5554431676864624,
        0.5887194275856018,
        0.691886842250824,
        0.537997841835022,
        0.5853478908538818,
        0.6142024993896484,
        0.673790454864502,
        0.5957084894180298,
        0.5442203879356384,
        0.6486713886260986,
        0.5341591835021973,
        0.3533762991428375,
        0.5830539464950562,
        0.7569366693496704,
        0.631284773349762,
        0.5950407981872559,
        0.6851921081542969,
        0.6211779117584229,
        0.6798720955848694,
        0.632746696472168,
        0.6231931447982788,
        0.8341081142425537,
        0.47943952679634094,
        0.5273696780204773,
        0.6887598037719727,
        0.5843859910964966,
        0.6449280381202698,
        0.6349400281906128,
        1.1613988876342773,
        0.7140257954597473,
        0.6530481576919556,
        0.6429048776626587,
        0.48903554677963257,
        0.3282789885997772,
        0.5598013401031494,
        0.47774386405944824,
        0.6865577697753906,
        0.5114552974700928,
        0.6319079995155334,
        0.7632778882980347,
        0.6205859184265137,
        0.8302308320999146,
        0.45075762271881104,
        0.40972965955734253,
        0.7010717391967773,
        0.6654840707778931,
        0.6680484414100647,
        0.6933344006538391,
        0.9223619699478149,
        0.8013070225715637,
        0.6141514778137207,
        0.6642920970916748,
        0.8962118625640869,
        0.47520917654037476,
        0.6600066423416138,
        0.7337868213653564,
        0.6263672113418579,
        1.102332353591919,
        1.2767959833145142,
        0.6829054355621338,
        0.9979984760284424,
        0.8605290055274963,
        0.5919517278671265,
        0.6085088849067688,
        0.8062254190444946,
        0.5355404615402222,
        0.7276994585990906,
        0.6297169923782349,
        1.0395623445510864,
        0.7532460689544678,
        0.7120256423950195,
        0.7024328708648682,
        0.5448722839355469,
        0.43934983015060425,
        0.5875162482261658,
        0.6087648272514343,
        0.9285105466842651,
        0.9267226457595825,
        0.45631861686706543,
        0.5557347536087036,
        0.5308781862258911,
        0.8258770108222961,
        0.4519135355949402,
        0.6641591191291809,
        0.6669794321060181,
        0.6780595779418945,
        0.620792031288147,
        0.4712425470352173,
        0.7230187654495239,
        0.6935248374938965,
        0.864962100982666,
        0.8344463109970093,
        0.6542261838912964,
        0.7466384172439575,
        0.8380373120307922,
        0.8294758796691895,
        1.1982409954071045,
        0.4447038769721985,
        0.5771099328994751,
        0.5154221653938293,
        0.5907313227653503,
        0.47570547461509705,
        0.4844438135623932,
        0.6331118941307068,
        0.5479333400726318,
        0.39680784940719604,
        0.5450952649116516,
        0.45333391427993774,
        0.42840686440467834,
        0.4041154384613037,
        0.5074254870414734,
        0.6412627696990967,
        0.7603048086166382,
        0.6426734924316406,
        0.5261821746826172,
        0.8621512651443481,
        0.4649117588996887,
        0.5085757374763489,
        0.5557960867881775,
        0.562138020992279,
        0.8110288381576538,
        0.6821846961975098,
        0.47444313764572144,
        0.8195031881332397,
        0.7598789930343628,
        0.6709312796592712,
        0.6404335498809814,
        0.6349050402641296,
        0.6329728364944458,
        0.589282751083374,
        0.5035846829414368,
        0.6981942653656006,
        0.49780207872390747,
        0.6871947646141052,
        0.3741142153739929,
        0.3882518410682678,
        0.5453881025314331,
        0.850385308265686,
        0.8957065343856812,
        1.2445807456970215,
        0.8488843441009521,
        1.0687016248703003,
        0.6128793954849243,
        0.6638197898864746,
        0.46088773012161255,
        0.7934788465499878,
        0.451090931892395,
        0.6322791576385498,
        0.7348241806030273,
        0.5593258142471313,
        0.5764026045799255,
        0.46592360734939575,
        0.5265429019927979,
        0.7610583901405334,
        0.7286752462387085,
        0.6087847352027893,
        0.7739593982696533,
        0.9398549199104309,
        0.7583227753639221,
        0.7674701809883118,
        0.7161317467689514,
        0.7853482365608215,
        0.6941796541213989,
        0.6930159330368042,
        0.7862033843994141,
        0.4203068017959595,
        0.5259250402450562,
        0.6917192935943604,
        0.8252911567687988,
