{
    "stu_train_loss": [
        1.6465204954147339,
        1.722017526626587,
        1.7281548976898193,
        1.6727215051651,
        1.726518988609314,
        1.698156714439392,
        1.703322410583496,
        1.6199181079864502,
        1.6688684225082397,
        1.662027359008789,
        1.5711623430252075,
        1.7322980165481567,
        1.6661145687103271,
        1.6676074266433716,
        1.5707210302352905,
        1.5879467725753784,
        1.660028338432312,
        1.6592719554901123,
        1.5793237686157227,
        1.659967064857483,
        1.5321067571640015,
        1.6611915826797485,
        1.6078002452850342,
        1.5100648403167725,
        1.7390429973602295,
        1.7409759759902954,
        1.5668625831604004,
        1.609910488128662,
        1.690018892288208,
        1.648402214050293,
        1.554038405418396,
        1.5923391580581665,
        1.6173973083496094,
        1.6039376258850098,
        1.5924179553985596,
        1.4882932901382446,
        1.605018138885498,
        1.6673403978347778,
        1.6774731874465942,
        1.6174980401992798,
        1.6106717586517334,
        1.5521904230117798,
        1.626846432685852,
        1.4705053567886353,
        1.5028783082962036,
        1.6554598808288574,
        1.551283836364746,
        1.581361174583435,
        1.514062762260437,
        1.5737427473068237,
        1.4001206159591675,
        1.606024980545044,
        1.4812790155410767,
        1.5361511707305908,
        1.6079905033111572,
        1.484655499458313,
        1.5584837198257446,
        1.4656327962875366,
        1.4981331825256348,
        1.5047333240509033,
        1.4750587940216064,
        1.4586855173110962,
        1.5156925916671753,
        1.4832544326782227,
        1.4770978689193726,
        1.5275965929031372,
        1.5117192268371582,
        1.4992754459381104,
        1.5116761922836304,
        1.5279324054718018,
        1.5145673751831055,
        1.4689751863479614,
        1.5391795635223389,
        1.5872827768325806,
        1.546816110610962,
        1.3030385971069336,
        1.558431625366211,
        1.4187313318252563,
        1.457115888595581,
        1.4786572456359863
    ],
    "stu_test_loss": [
        1.5307602882385254,
        1.6273889541625977,
        1.5523775815963745,
        1.5914890766143799,
        1.5495662689208984,
        1.589464783668518,
        1.6231971979141235,
        1.5370891094207764,
        1.739503026008606,
        1.6529897451400757,
        1.5433400869369507,
        1.6360225677490234,
        1.6515767574310303,
        1.584083080291748,
        1.6824190616607666,
        1.6760599613189697,
        1.54043710231781,
        1.6095837354660034,
        1.5901052951812744,
        1.7922816276550293,
        1.5976394414901733,
        1.6606844663619995,
        1.6137568950653076,
        1.6533207893371582,
        1.522557258605957,
        1.5800613164901733,
        1.5097612142562866,
        1.5338059663772583,
        1.6230127811431885,
        1.6753730773925781,
        1.7334182262420654,
        1.5129499435424805,
        1.6400212049484253,
        1.6296674013137817,
        1.6027201414108276,
        1.6609411239624023,
        1.6518973112106323,
        1.5467278957366943,
        1.6307480335235596,
        1.7026160955429077,
        1.6367483139038086,
        1.6118910312652588,
        1.6580640077590942,
        1.6475377082824707,
        1.4228566884994507,
        1.638631820678711,
        1.6290920972824097,
        1.524471640586853,
        1.6135878562927246,
        1.6238775253295898,
        1.6129395961761475,
        1.6119670867919922,
        1.5266952514648438,
        1.6907557249069214,
        1.7355808019638062,
        1.5497024059295654,
        1.6157708168029785,
        1.6876893043518066,
        1.542277455329895,
        1.486036777496338,
        1.6218963861465454,
        1.591684341430664,
        1.5697417259216309,
        1.5330466032028198,
        1.558186411857605,
        1.5881812572479248,
        1.5334498882293701,
        1.5728726387023926,
        1.52072012424469,
        1.5620371103286743,
        1.560307502746582,
        1.6092478036880493,
        1.664279818534851,
        1.5266728401184082,
        1.6133701801300049,
        1.6440024375915527,
        1.6370412111282349,
        1.6091265678405762,
        1.6128871440887451,
        1.5115361213684082,
        1.5246661901474,
        1.659034252166748,
        1.7168160676956177,
        1.684033989906311,
        1.5416078567504883,
        1.6214134693145752,
        1.5890430212020874,
        1.5999358892440796,
        1.6504720449447632,
        1.615825891494751,
        1.763609528541565,
        1.6189055442810059,
        1.5808277130126953,
        1.7291388511657715,
        1.6225595474243164,
        1.7315495014190674,
        1.5870051383972168,
        1.677997350692749,
        1.5856091976165771,
        1.6119816303253174,
        1.6288083791732788,
        1.6276085376739502,
        1.6824947595596313,
        1.6598738431930542,
        1.681747317314148,
        1.4543209075927734,
        1.5423073768615723,
        1.6995368003845215,
        1.668752670288086,
        1.5457514524459839,
        1.5955734252929688,
        1.4976346492767334,
        1.6219909191131592,
        1.576306700706482,
        1.5771229267120361,
        1.5122649669647217,
        1.6414844989776611,
        1.692482590675354,
        1.642223596572876,
        1.6971465349197388,
        1.5289430618286133,
        1.5767936706542969,
        1.6526525020599365,
        1.638843059539795,
        1.6405823230743408,
        1.600059986114502,
        1.6119402647018433,
        1.5932869911193848,
        1.6192842721939087,
        1.7518835067749023,
        1.511320948600769,
        1.6604418754577637,
        1.6641802787780762,
        1.592251181602478,
        1.6728692054748535,
        1.5421199798583984,
        1.5524150133132935,
        1.5048375129699707,
        1.6133778095245361,
        1.5424411296844482,
        1.583501935005188,
        1.547721028327942,
        1.5395824909210205,
        1.5732330083847046,
        1.535417914390564,
        1.66913902759552,
        1.5966044664382935,
        1.6322611570358276,
        1.6581648588180542,
        1.5869518518447876,
        1.5536030530929565,
        1.5707508325576782,
        1.5336177349090576,
        1.622012972831726,
        1.677354335784912,
        1.517014503479004,
        1.6959372758865356,
        1.593207597732544,
        1.615907073020935,
        1.567537784576416,
        1.757764220237732,
        1.620560646057129,
        1.5751142501831055,
        1.565229058265686,
        1.7749003171920776,
        1.5655313730239868,
        1.4819854497909546,
        1.633885383605957,
        1.5419135093688965,
        1.4516878128051758,
        1.6773419380187988,
        1.5479848384857178,
        1.7344263792037964,
        1.5960736274719238,
        1.700388789176941,
        1.6222411394119263,
        1.6480046510696411,
        1.6711636781692505,
        1.582145094871521,
        1.5154396295547485,
        1.5072041749954224,
        1.575042963027954,
        1.6032991409301758,
        1.545224905014038,
        1.5135027170181274,
        1.6156846284866333,
        1.6254239082336426,
        1.6237144470214844,
        1.5440654754638672,
        1.596308946609497,
        1.5727859735488892,
        1.559072732925415,
        1.5349456071853638,
        1.4891241788864136,
        1.6517237424850464,
        1.5895586013793945,
        1.6740928888320923,
        1.676536202430725,
        1.5316435098648071,
        1.5442728996276855,
        1.6083585023880005,
        1.65040123462677,
        1.587324619293213,
        1.6152584552764893,
        1.583249568939209,
        1.6834471225738525,
