{
    "stu_train_loss": 0.7236667963690563,
    "mentor_train_loss": 0.2634329270629105,
    "stu_test_loss": 0.7853665949818426,
    "mentor_test_loss": 0.3379307921035602,
    "stu_train_acc": 0.8025965813007704,
    "mentor_train_acc": 0.9785952883263009,
    "stu_test_acc": 0.7816493610223643,
    "mentor_test_acc": 0.9341054313099042
}