{
    "stu_train_loss": 1.0227155538718575,
    "mentor_train_loss": 0.40477591484743164,
    "stu_test_loss": 0.9952925489352534,
    "mentor_test_loss": 0.4378595610205739,
    "stu_train_acc": 0.6984072296595942,
    "mentor_train_acc": 0.9519588493764317,
    "stu_test_acc": 0.6982827476038339,
    "mentor_test_acc": 0.9230231629392971
}