{
    "stu_train_loss": 0.7816870696685485,
    "mentor_train_loss": 0.29876191375460137,
    "stu_test_loss": 0.8019969808979156,
    "mentor_test_loss": 0.3715140143522439,
    "stu_train_acc": 0.7814839389253769,
    "mentor_train_acc": 0.9777105733144468,
    "stu_test_acc": 0.7680710862619808,
    "mentor_test_acc": 0.928314696485623
}