{
    "stu_train_loss": 0.7360455981454433,
    "mentor_train_loss": 0.26767427668122135,
    "stu_test_loss": 0.810646320208193,
    "mentor_test_loss": 0.3408596797968252,
    "stu_train_acc": 0.7977037112924117,
    "mentor_train_acc": 0.9784166439005426,
    "stu_test_acc": 0.7748602236421726,
    "mentor_test_acc": 0.9339057507987221
}