{
    "stu_train_loss": 1.5173421625346575,
    "mentor_train_loss": 0.6570524453027003,
    "stu_test_loss": 1.3585887774110983,
    "mentor_test_loss": 0.5223854780197144,
    "stu_train_acc": 0.5030638923038074,
    "mentor_train_acc": 0.8558722947384906,
    "stu_test_acc": 0.577076677316294,
    "mentor_test_acc": 0.911841054313099
}