{
    "stu_train_loss": 0.15251419752836226,
    "mentor_train_loss": 0.14030828300449583,
    "stu_test_loss": 0.13695417575466748,
    "mentor_test_loss": 0.14164879296820004,
    "stu_train_acc": 0.9875,
    "mentor_train_acc": 0.9918055555555556,
    "stu_test_acc": 0.9865215654952076,
    "mentor_test_acc": 0.9873202875399361
}