{
    "stu_train_loss": 0.14509537352455987,
    "mentor_train_loss": 0.13010384794738558,
    "stu_test_loss": 0.13275647137206964,
    "mentor_test_loss": 0.12210671441814008,
    "stu_train_acc": 0.9872222222222222,
    "mentor_train_acc": 0.9923611111111111,
    "stu_test_acc": 0.9873202875399361,
    "mentor_test_acc": 0.9915135782747604
}