{
    "stu_train_loss": 0.14199718602829509,
    "mentor_train_loss": 0.12337741317020522,
    "stu_test_loss": 0.12439595930540143,
    "mentor_test_loss": 0.10814380815948922,
    "stu_train_acc": 0.9877777777777778,
    "mentor_train_acc": 0.9931944444444445,
    "stu_test_acc": 0.9877196485623003,
    "mentor_test_acc": 0.9913138977635783
}