{
    "stu_train_loss": 0.26226435628202227,
    "mentor_train_loss": 0.2565698245498869,
    "stu_test_loss": 0.22544713504017352,
    "mentor_test_loss": 0.21359808009843856,
    "stu_train_acc": 0.9734401710828146,
    "mentor_train_acc": 0.9742735044161479,
    "stu_test_acc": 0.9808306709265175,
    "mentor_test_acc": 0.9810303514376997
}