{
    "stu_train_loss": 0.14067431007822354,
    "mentor_train_loss": 0.12306887730956077,
    "stu_test_loss": 0.14277156121052872,
    "mentor_test_loss": 0.11286925946990141,
    "stu_train_acc": 0.98875,
    "mentor_train_acc": 0.9926068377494812,
    "stu_test_acc": 0.9862220447284346,
    "mentor_test_acc": 0.992611821086262
}