{
    "stu_train_loss": [
        1.8923556804656982,
        1.9215729236602783,
        1.8863509893417358,
        1.8858431577682495,
        1.9036229848861694,
        1.9093999862670898,
        1.915933609008789,
        1.9014872312545776,
        1.9032583236694336,
        1.8772363662719727,
        1.899662971496582,
        1.8976465463638306,
        1.91842782497406
    ],
    "stu_test_loss": [
        2.050933599472046,
        2.0421042442321777,
        2.004101514816284,
        2.1096529960632324,
        1.9838696718215942,
        1.9452546834945679,
        2.078923225402832,
        1.977569341659546,
        2.030460834503174,
        2.0041134357452393,
        2.0432517528533936,
        1.969483494758606,
        2.0066592693328857,
        2.107806444168091,
        2.1017608642578125,
        1.934883952140808,
        2.0249369144439697,
        1.9644818305969238,
        2.0581350326538086,
        2.0195000171661377,
        1.993659496307373,
        2.0522730350494385,
        2.0269415378570557,
        2.0427803993225098,
        2.1173853874206543,
        2.0469963550567627,
        2.048750162124634,
        2.0023465156555176,
        2.1160998344421387,
        2.0903420448303223,
        1.9630334377288818,
        1.9580332040786743,
        2.129664182662964,
        1.9462734460830688,
        1.9828723669052124,
        2.0649685859680176,
        1.966821312904358,
        2.0318613052368164,
        2.030883312225342,
        2.030017852783203,
        2.0173373222351074,
        2.0191240310668945,
        2.003692865371704,
        2.0546422004699707,
        1.9576802253723145,
        2.02732515335083,
        2.0368058681488037,
        2.119080066680908,
        2.018812417984009,
        2.086357831954956,
        2.097379207611084,
        1.961479663848877,
        1.974825382232666,
        2.0276827812194824,
        1.9335397481918335,
        2.073244094848633,
        2.0398330688476562,
        1.9961986541748047,
        2.054802179336548,
        2.019425630569458,
        2.0552942752838135,
        2.1407470703125,
        2.014902353286743,
        1.9465937614440918,
        1.995995044708252,
        2.058962345123291,
        1.9972662925720215,
        2.0197432041168213,
        1.962389349937439,
        2.090229034423828,
        1.9980058670043945,
        1.9837777614593506,
        2.0989573001861572,
        2.078970193862915,
        1.940094232559204,
        2.0100269317626953,
        1.9944504499435425,
        2.0195467472076416,
        2.0456290245056152,
        2.100796699523926,
        2.132395029067993,
        2.049342155456543,
        2.135838747024536,
        2.078303337097168,
        2.017786741256714,
        2.059821844100952,
        2.097928524017334,
        1.9839779138565063,
        2.125079393386841,
        2.0506887435913086,
        2.0359573364257812,
        1.9535329341888428,
        2.1093125343322754,
        2.0485477447509766,
        2.0816915035247803,
        2.068545341491699,
        2.0315985679626465,
        2.1024162769317627,
        1.8430043458938599,
        2.004413366317749,
        2.059361696243286,
        2.0389254093170166,
        1.9993312358856201,
        2.132136583328247,
        2.11995267868042,
        2.030585527420044,
        2.1181297302246094,
        1.9659721851348877,
        2.070582389831543,
        1.9917620420455933,
        2.0099668502807617,
        2.0568289756774902,
        2.048807144165039,
        2.0778942108154297,
        2.061276435852051,
        1.9625145196914673,
        2.0934791564941406,
        2.065016031265259,
        2.059607744216919,
        1.9908145666122437,
        1.943820834159851,
        2.082031011581421,
        2.0170300006866455,
        1.9434394836425781,
        1.9821445941925049,
        2.0762505531311035,
        2.1735117435455322,
        2.006725788116455,
        2.078626871109009,
        2.014674425125122,
        2.038829803466797,
        2.0097904205322266,
        1.9965800046920776,
        1.999495506286621,
        2.0230133533477783,
        1.9248881340026855,
        1.977240800857544,
        2.046276092529297,
        2.059460401535034,
        1.9758845567703247,
        2.05846905708313,
        2.0235400199890137,
        2.07499098777771,
        2.015166997909546,
        2.0850260257720947,
        2.019376039505005,
        2.040144920349121,
        1.8909976482391357,
        2.1371147632598877,
        2.112698554992676,
        2.04669451713562,
        2.023942232131958,
        2.020895481109619,
        2.066171169281006,
        1.8985695838928223,
        2.0498409271240234,
        2.117479085922241,
        2.018925189971924,
        1.97844660282135,
        2.002075672149658,
        1.98814857006073,
        2.081176280975342,
        2.1320512294769287,
        2.0603129863739014,
        2.084099531173706,
        2.0334882736206055,
        2.0891599655151367,
        2.069528341293335,
        2.081742525100708,
        1.9474842548370361,
        2.0906083583831787,
        1.9908751249313354,
        2.0913615226745605,
        2.1020278930664062,
        2.052548408508301,
        2.10387921333313,
        2.103611946105957,
        2.1152501106262207,
        2.072455406188965,
        1.9968786239624023,
        1.9962457418441772,
        2.0098540782928467,
        2.1992101669311523,
        2.002225875854492,
        2.0448591709136963,
        2.0907418727874756,
        1.8793011903762817,
        2.0331716537475586,
        2.0426270961761475,
        2.0450868606567383,
        1.9647505283355713,
        2.0378072261810303,
        2.178600549697876,
        1.990642786026001,
        2.1214568614959717,
        2.0767407417297363,
        1.9044018983840942,
        2.1086628437042236,
        2.136472702026367,
        1.978569507598877,
        2.003587245941162,
        2.001474142074585,
        2.109157085418701,
        2.0621163845062256,
        2.063624382019043,
        2.0049517154693604,
        2.0328781604766846,
        1.9645942449569702,
        2.0752065181732178,
        2.1102795600891113,
        2.016052484512329,
        2.110276699066162,
        1.920096516609192,
        1.9545928239822388,
        2.014049530029297,
        2.141662836074829,
        2.078049421310425,
        2.0230135917663574,
        2.0157370567321777,
        2.0197999477386475,
        2.028228998184204,
        2.0121779441833496,
        2.046198606491089,
        1.9112110137939453,
        2.0446043014526367,
        2.1951029300689697,
        2.007467269897461,
        2.0233378410339355,
        2.0014424324035645,
        2.1108975410461426,
        2.0331828594207764,
        2.0600898265838623,
        2.0938336849212646,
        1.9744985103607178,
        2.094388961791992,
        1.9427413940429688,
        2.0474441051483154,
        1.9902050495147705,
        2.0570931434631348,
        2.0308680534362793,
        1.928605318069458,
        2.024394989013672,
        1.9696718454360962,
        2.036072015762329,
        2.057644844055176,
        2.042511224746704,
        1.9936326742172241,
        2.063754081726074,
        2.144516944885254,
        1.9765851497650146,
        2.056638240814209,
        1.9741816520690918,
        2.002398729324341,
        2.081202983856201,
        1.9599919319152832,
        1.9780761003494263,
        2.018381118774414,
        2.0198826789855957,
        1.9828389883041382,
        2.005187749862671,
        2.038285493850708,
        2.0722925662994385,
        1.9730535745620728,
        2.065216064453125,
        2.1367359161376953,
        2.040043592453003,
        2.0493836402893066,
        2.0603604316711426,
        2.120945453643799,
        2.0593342781066895,
        2.0793402194976807,
        1.9853286743164062,
        2.0463039875030518,
        2.105391263961792,
        1.9977449178695679,
