{
    "stu_train_loss": [
        2.300750255584717,
        2.293403148651123,
        2.292147397994995,
        2.2891077995300293,
        2.297513723373413,
        2.2981717586517334,
        2.3004791736602783,
        2.2954330444335938,
        2.2941250801086426,
        2.2968521118164062,
        2.297801971435547,
        2.295823335647583,
        2.2920734882354736
    ],
    "stu_test_loss": [
        2.4093708992004395,
        2.4065871238708496,
        2.403433322906494,
        2.4215354919433594,
        2.3961822986602783,
        2.3984291553497314,
        2.40140962600708,
        2.3969619274139404,
        2.417142868041992,
        2.411369800567627,
        2.4077911376953125,
        2.4001264572143555,
        2.411864757537842,
        2.4052507877349854,
        2.405412197113037,
        2.3829715251922607,
        2.3977866172790527,
        2.4016318321228027,
        2.4050378799438477,
        2.3987622261047363,
        2.4042909145355225,
        2.4062860012054443,
        2.3891186714172363,
        2.4144418239593506,
        2.401897668838501,
        2.4022035598754883,
        2.4091360569000244,
        2.4166452884674072,
        2.4179787635803223,
        2.4251210689544678,
        2.409766674041748,
        2.423441171646118,
        2.4318556785583496,
        2.408440589904785,
        2.413738489151001,
        2.4060003757476807,
        2.421954393386841,
        2.411381721496582,
        2.416821241378784,
        2.405468463897705,
        2.393038272857666,
        2.4031596183776855,
        2.398585557937622,
        2.4149208068847656,
        2.404773235321045,
        2.399578094482422,
        2.411228656768799,
        2.4031317234039307,
        2.381194829940796,
        2.415060043334961,
        2.406402826309204,
        2.3929014205932617,
        2.39772891998291,
        2.4088706970214844,
        2.4040122032165527,
        2.4290218353271484,
        2.4037442207336426,
        2.3910553455352783,
        2.413266658782959,
        2.3871517181396484,
        2.4083666801452637,
        2.419491767883301,
        2.402165651321411,
        2.3903236389160156,
        2.3963654041290283,
        2.4110071659088135,
        2.413675546646118,
        2.4052350521087646,
        2.395028829574585,
        2.397559881210327,
        2.408822536468506,
        2.4077606201171875,
        2.416154146194458,
        2.406686782836914,
        2.4162235260009766,
        2.3908627033233643,
        2.4047389030456543,
        2.4004759788513184,
        2.399996280670166,
        2.402745485305786,
        2.4027135372161865,
        2.4006834030151367,
        2.4238572120666504,
        2.416008949279785,
        2.3996524810791016,
        2.4210305213928223,
        2.410461664199829,
        2.405442476272583,
        2.4129526615142822,
        2.390302896499634,
        2.41445255279541,
        2.41142201423645,
        2.389292001724243,
        2.400102376937866,
        2.413710832595825,
        2.4103314876556396,
        2.41218638420105,
        2.4080255031585693,
        2.3952672481536865,
        2.4074747562408447,
        2.4056758880615234,
        2.4011189937591553,
        2.395782470703125,
        2.404019832611084,
        2.4004690647125244,
        2.415403127670288,
        2.401163339614868,
        2.3955624103546143,
        2.405928373336792,
        2.4091694355010986,
        2.401681661605835,
        2.418349027633667,
        2.4174790382385254,
        2.4098739624023438,
        2.405024766921997,
        2.3946921825408936,
        2.408998489379883,
        2.406848907470703,
        2.4080700874328613,
        2.4077250957489014,
        2.3901617527008057,
        2.4126529693603516,
        2.4065186977386475,
        2.3882522583007812,
        2.405698299407959,
        2.4016799926757812,
        2.423483371734619,
        2.3988611698150635,
        2.3950207233428955,
        2.41078782081604,
        2.4133381843566895,
        2.411966562271118,
        2.388068199157715,
        2.4089908599853516,
        2.4058449268341064,
        2.395068407058716,
        2.4150679111480713,
        2.407540798187256,
        2.4239962100982666,
        2.4002959728240967,
        2.424201250076294,
        2.4035568237304688,
        2.403046131134033,
        2.3933141231536865,
        2.404096841812134,
        2.402391195297241,
        2.396925449371338,
        2.4025039672851562,
        2.4266257286071777,
        2.398756265640259,
        2.402890920639038,
        2.4110212326049805,
        2.4072718620300293,
        2.424532413482666,
        2.4003400802612305,
        2.417829990386963,
        2.4111411571502686,
        2.398890495300293,
        2.405871629714966,
        2.4064533710479736,
        2.40411376953125,
        2.410382032394409,
        2.406757354736328,
        2.423471689224243,
        2.411149501800537,
        2.401749849319458,
        2.3996920585632324,
        2.4122281074523926,
        2.4046647548675537,
        2.4065678119659424,
        2.4152841567993164,
        2.414900541305542,
        2.409656286239624,
        2.397212028503418,
        2.4121298789978027,
        2.40324068069458,
        2.394533157348633,
        2.414396286010742,
        2.4188082218170166,
        2.3969626426696777,
        2.4004404544830322,
        2.413311004638672,
        2.4161605834960938,
        2.4030704498291016,
        2.4008240699768066,
        2.3992440700531006,
        2.3753039836883545,
        2.4036407470703125,
        2.3969597816467285,
        2.3980770111083984,
        2.3999979496002197,
        2.4052493572235107,
        2.4014735221862793,
        2.40069317817688,
        2.404916286468506,
        2.3948731422424316,
        2.4117164611816406,
        2.413494825363159,
        2.4163124561309814,
        2.4071667194366455,
        2.409055709838867,
        2.404374122619629,
        2.4103586673736572,
        2.3952176570892334,
        2.4115915298461914,
        2.405538320541382,
        2.3939368724823,
        2.3919267654418945,
        2.4005966186523438,
        2.4243037700653076,
        2.401648759841919,
        2.4165303707122803,
        2.404571056365967,
        2.4181020259857178,
        2.3918440341949463,
        2.4213926792144775,
        2.410818576812744,
        2.3940670490264893,
        2.401698589324951,
        2.411774158477783,
        2.389427900314331,
        2.394526720046997,
        2.4100606441497803,
        2.4020395278930664,
        2.3935751914978027,
        2.424633502960205,
        2.3895583152770996,
        2.4107489585876465,
        2.3969898223876953,
        2.4000062942504883,
        2.409960985183716,
        2.3974058628082275,
        2.4214577674865723,
        2.400704860687256,
        2.416936159133911,
        2.3852455615997314,
        2.4172258377075195,
        2.4140212535858154,
        2.4095869064331055,
        2.3935506343841553,
        2.404693126678467,
        2.4119045734405518,
        2.392535924911499,
        2.405033826828003,
        2.420261859893799,
        2.4188108444213867,
        2.4227190017700195,
        2.3946897983551025,
        2.4159340858459473,
        2.4025213718414307,
        2.4117109775543213,
        2.3978323936462402,
        2.3832004070281982,
        2.4168436527252197,
        2.399230718612671,
        2.404122829437256,
        2.423072338104248,
        2.4089324474334717,
        2.4102883338928223,
        2.4075512886047363,
        2.4041731357574463,
        2.4062182903289795,
        2.406965970993042,
        2.4044089317321777,
        2.3970420360565186,
        2.4054155349731445,
        2.4049324989318848,
        2.416900634765625,
        2.436586856842041,
        2.403350830078125,
        2.3969740867614746,
        2.396660089492798,
        2.40790057182312,
        2.4219958782196045,
        2.396136999130249,
