{
    "stu_train_loss": [
        2.2787413597106934,
        2.2748420238494873,
        2.2774088382720947,
        2.2742342948913574,
        2.2742042541503906,
        2.271341562271118,
        2.27362060546875,
        2.268442392349243,
        2.277019500732422,
        2.270505666732788,
        2.2666008472442627,
        2.2635889053344727,
        2.270690441131592
    ],
    "stu_test_loss": [
        2.386521577835083,
        2.3928539752960205,
        2.374833106994629,
        2.4075684547424316,
        2.374701738357544,
        2.3818979263305664,
        2.3888039588928223,
        2.3732333183288574,
        2.3997390270233154,
        2.385413408279419,
        2.394101619720459,
        2.3805742263793945,
        2.3961668014526367,
        2.3895599842071533,
        2.376974582672119,
        2.3596746921539307,
        2.3764095306396484,
        2.3693618774414062,
        2.3893814086914062,
        2.3831233978271484,
        2.379601001739502,
        2.3789803981781006,
        2.3778932094573975,
        2.3968162536621094,
        2.395195484161377,
        2.3762662410736084,
        2.3789708614349365,
        2.3916831016540527,
        2.4013044834136963,
        2.3938372135162354,
        2.3837673664093018,
        2.4018590450286865,
        2.411830425262451,
        2.381542444229126,
        2.3905904293060303,
        2.3765370845794678,
        2.392091751098633,
        2.395519495010376,
        2.4033994674682617,
        2.3885626792907715,
        2.3777167797088623,
        2.381563663482666,
        2.3695008754730225,
        2.390235185623169,
        2.382214307785034,
        2.387643337249756,
        2.393655776977539,
        2.3943655490875244,
        2.3689351081848145,
        2.395108938217163,
        2.384152412414551,
        2.3694581985473633,
        2.3670027256011963,
        2.38563871383667,
        2.3840479850769043,
        2.40507173538208,
        2.3955798149108887,
        2.3763463497161865,
        2.3913726806640625,
        2.3720004558563232,
        2.3932530879974365,
        2.3995296955108643,
        2.3778035640716553,
        2.3774449825286865,
        2.380387783050537,
        2.3957293033599854,
        2.3878560066223145,
        2.376695394515991,
        2.3735268115997314,
        2.3814945220947266,
        2.3855130672454834,
        2.3876123428344727,
        2.39340877532959,
        2.384843111038208,
        2.390911102294922,
        2.3807594776153564,
        2.381196975708008,
        2.382735013961792,
        2.3781511783599854,
        2.3921680450439453,
        2.388357162475586,
        2.3839454650878906,
        2.397228717803955,
        2.390211582183838,
        2.383466958999634,
        2.39799427986145,
        2.382160186767578,
        2.3783833980560303,
        2.395479917526245,
        2.369969367980957,
        2.3844072818756104,
        2.385680675506592,
        2.3757011890411377,
        2.381208658218384,
        2.3961641788482666,
        2.3861029148101807,
        2.391517162322998,
        2.3984694480895996,
        2.369507074356079,
        2.3829469680786133,
        2.3915023803710938,
        2.378495693206787,
        2.3689637184143066,
        2.3933072090148926,
        2.3929810523986816,
        2.3936855792999268,
        2.3864264488220215,
        2.380553960800171,
        2.3810675144195557,
        2.390434980392456,
        2.387707471847534,
        2.3915538787841797,
        2.3938491344451904,
        2.4025089740753174,
        2.3903846740722656,
        2.368206262588501,
        2.3895626068115234,
        2.3922975063323975,
        2.378641128540039,
        2.385242462158203,
        2.369384765625,
        2.384671926498413,
        2.3780062198638916,
        2.3635854721069336,
        2.3738036155700684,
        2.398967742919922,
        2.402115821838379,
        2.3746132850646973,
        2.3927783966064453,
        2.381572723388672,
        2.3901827335357666,
        2.4004874229431152,
        2.3750462532043457,
        2.384291410446167,
        2.386026382446289,
        2.362199068069458,
        2.3932197093963623,
        2.3940093517303467,
        2.400419235229492,
        2.3756322860717773,
        2.3976316452026367,
        2.378243923187256,
        2.384181022644043,
        2.3678863048553467,
        2.3963308334350586,
        2.3788704872131348,
        2.3817529678344727,
        2.3733365535736084,
        2.4031968116760254,
        2.382408380508423,
        2.3754444122314453,
        2.397672414779663,
        2.397984504699707,
        2.3988828659057617,
        2.3760757446289062,
        2.397614002227783,
        2.3933334350585938,
        2.3806583881378174,
        2.379006862640381,
        2.3744421005249023,
        2.3758397102355957,
        2.393099308013916,
        2.395040988922119,
        2.4057393074035645,
        2.4021835327148438,
        2.3726508617401123,
        2.382124423980713,
        2.387784957885742,
        2.3891243934631348,
        2.3824522495269775,
        2.391932725906372,
        2.3907179832458496,
        2.3849549293518066,
        2.3726646900177,
        2.3881208896636963,
        2.393404960632324,
        2.3898699283599854,
        2.3841145038604736,
        2.402825355529785,
        2.3664515018463135,
        2.3828980922698975,
        2.3866703510284424,
        2.4099550247192383,
        2.3726377487182617,
        2.3831863403320312,
        2.3859431743621826,
        2.350501537322998,
        2.3836958408355713,
        2.3758597373962402,
        2.372990369796753,
        2.3758933544158936,
        2.3895421028137207,
        2.387741804122925,
        2.382796287536621,
        2.3900606632232666,
        2.3869757652282715,
        2.385801076889038,
        2.384850263595581,
        2.4074478149414062,
        2.3850743770599365,
        2.3942434787750244,
        2.3894503116607666,
        2.402519941329956,
        2.380565881729126,
        2.3948774337768555,
        2.3834872245788574,
        2.3747804164886475,
        2.37253737449646,
        2.379716396331787,
        2.4058191776275635,
        2.382840633392334,
        2.401672840118408,
        2.370206832885742,
        2.39701247215271,
        2.3818001747131348,
        2.4012153148651123,
        2.3990914821624756,
        2.3808517456054688,
        2.400533676147461,
        2.388035774230957,
        2.369297504425049,
        2.373828411102295,
        2.390244245529175,
        2.3788275718688965,
        2.37650465965271,
        2.406527519226074,
        2.3737995624542236,
        2.3955190181732178,
        2.3805532455444336,
        2.3819515705108643,
        2.3836405277252197,
        2.3956353664398193,
        2.402092218399048,
        2.378448009490967,
        2.3960413932800293,
        2.370274782180786,
        2.3978805541992188,
        2.390650510787964,
        2.377775192260742,
        2.3696367740631104,
        2.3763833045959473,
        2.3871912956237793,
        2.3634896278381348,
        2.3954641819000244,
        2.401370048522949,
        2.390937328338623,
        2.3961009979248047,
        2.385237216949463,
        2.406426191329956,
        2.3751022815704346,
        2.386014223098755,
        2.382645845413208,
        2.3642702102661133,
        2.3976752758026123,
        2.3756465911865234,
        2.378918409347534,
        2.40531063079834,
        2.3851654529571533,
        2.3906948566436768,
        2.3875582218170166,
        2.3731486797332764,
        2.3825395107269287,
        2.3819172382354736,
        2.38386869430542,
        2.3831562995910645,
        2.38818359375,
        2.379896640777588,
        2.4009017944335938,
        2.4160261154174805,
        2.378523588180542,
        2.3819687366485596,
        2.3752002716064453,
        2.3764312267303467,
        2.4043731689453125,
        2.3816635608673096,
