{
    "stu_train_loss": [
        1.973212480545044,
        2.0022966861724854,
        1.982487678527832,
        2.0043272972106934,
        2.0162904262542725,
        1.9830063581466675,
        2.0022006034851074,
        1.9968949556350708,
        1.9750877618789673,
        1.9621655941009521,
        2.00032377243042,
        1.98914635181427,
        1.9988723993301392
    ],
    "stu_test_loss": [
        2.1263115406036377,
        2.1181328296661377,
        2.1008200645446777,
        2.1970927715301514,
        2.106858968734741,
        2.066953420639038,
        2.13338041305542,
        2.072547435760498,
        2.1033878326416016,
        2.0968637466430664,
        2.123830556869507,
        2.0781078338623047,
        2.087282180786133,
        2.165743827819824,
        2.151986598968506,
        2.0430307388305664,
        2.105381727218628,
        2.07816481590271,
        2.145386219024658,
        2.1130354404449463,
        2.0832343101501465,
        2.1234893798828125,
        2.1096322536468506,
        2.112884998321533,
        2.179131507873535,
        2.1550800800323486,
        2.127345323562622,
        2.110203504562378,
        2.1783556938171387,
        2.177621364593506,
        2.0507936477661133,
        2.0908896923065186,
        2.1958565711975098,
        2.0660581588745117,
        2.079641103744507,
        2.1289098262786865,
        2.0830132961273193,
        2.114619493484497,
        2.1184985637664795,
        2.144822835922241,
        2.0860648155212402,
        2.1280999183654785,
        2.0852768421173096,
        2.1318483352661133,
        2.055799722671509,
        2.118234157562256,
        2.125091314315796,
        2.1907620429992676,
        2.098972797393799,
        2.157731533050537,
        2.17387056350708,
        2.0663132667541504,
        2.05692982673645,
        2.1201729774475098,
        2.0574769973754883,
        2.164543390274048,
        2.130852222442627,
        2.0767672061920166,
        2.148071527481079,
        2.0927915573120117,
        2.1476171016693115,
        2.1986873149871826,
        2.0921690464019775,
        2.0484397411346436,
        2.0998995304107666,
        2.1494314670562744,
        2.1010491847991943,
        2.1170222759246826,
        2.066873073577881,
        2.1761722564697266,
        2.089411497116089,
        2.083374500274658,
        2.200469970703125,
        2.146768808364868,
        2.0658528804779053,
        2.098071813583374,
        2.0724053382873535,
        2.1287903785705566,
        2.1225407123565674,
        2.174321413040161,
        2.200848340988159,
        2.138756513595581,
        2.2204041481018066,
        2.1585030555725098,
        2.1044206619262695,
        2.1409413814544678,
        2.1743483543395996,
        2.06868577003479,
        2.196751356124878,
        2.142465829849243,
        2.1232738494873047,
        2.0661795139312744,
        2.1391489505767822,
        2.143267869949341,
        2.147739887237549,
        2.156578779220581,
        2.112679958343506,
        2.170696496963501,
        1.963483452796936,
        2.0868842601776123,
        2.1339564323425293,
        2.118725061416626,
        2.0880484580993652,
        2.191182851791382,
        2.1918976306915283,
        2.1355154514312744,
        2.183288335800171,
        2.061709403991699,
        2.143855094909668,
        2.087935447692871,
        2.0857930183410645,
        2.133997917175293,
        2.135009527206421,
        2.1624209880828857,
        2.1457529067993164,
        2.0613832473754883,
        2.1720526218414307,
        2.154191732406616,
        2.13126277923584,
        2.1177618503570557,
        2.04060959815979,
        2.155059337615967,
        2.1072192192077637,
        2.045199155807495,
        2.0705416202545166,
        2.156585931777954,
        2.2463977336883545,
        2.0970075130462646,
        2.1500306129455566,
        2.1228041648864746,
        2.1311025619506836,
        2.1081886291503906,
        2.0899930000305176,
        2.109039068222046,
        2.1176505088806152,
        2.0399608612060547,
        2.085972785949707,
        2.1323251724243164,
        2.140613555908203,
        2.076197624206543,
        2.1353635787963867,
        2.1330504417419434,
        2.1661009788513184,
        2.1093950271606445,
        2.1614811420440674,
        2.1282713413238525,
        2.114407539367676,
        1.9950870275497437,
        2.2186436653137207,
        2.1846020221710205,
        2.1185989379882812,
        2.1172616481781006,
        2.1151530742645264,
        2.1379730701446533,
        2.013580083847046,
        2.1383578777313232,
        2.1883158683776855,
        2.1006853580474854,
        2.0760645866394043,
        2.091078519821167,
        2.065460681915283,
        2.1587297916412354,
        2.210847854614258,
        2.1539549827575684,
        2.177863836288452,
        2.1243999004364014,
        2.149242877960205,
        2.1499452590942383,
        2.1638033390045166,
        2.0342280864715576,
        2.162224054336548,
        2.0934455394744873,
        2.1614608764648438,
        2.1739652156829834,
        2.104529857635498,
        2.180499315261841,
        2.180506944656372,
        2.1700103282928467,
        2.1579067707061768,
        2.090122938156128,
        2.0979480743408203,
        2.120847702026367,
        2.2639429569244385,
        2.091484546661377,
        2.11494517326355,
        2.151102066040039,
        1.9844805002212524,
        2.136622667312622,
        2.1100592613220215,
        2.1429550647735596,
        2.076782464981079,
        2.1226134300231934,
        2.245986223220825,
        2.083662748336792,
        2.190856456756592,
        2.1602323055267334,
        2.0150258541107178,
        2.176680326461792,
        2.218820810317993,
        2.097564697265625,
        2.09625506401062,
        2.101975440979004,
        2.1827852725982666,
        2.142625331878662,
        2.1592791080474854,
        2.0973689556121826,
        2.1275265216827393,
        2.0538551807403564,
        2.1518845558166504,
        2.1840906143188477,
        2.1090025901794434,
        2.205872058868408,
        2.0114126205444336,
        2.0752813816070557,
        2.1025540828704834,
        2.1996846199035645,
        2.1575725078582764,
        2.108163833618164,
        2.1153202056884766,
        2.095998764038086,
        2.1096749305725098,
        2.1132023334503174,
        2.132168769836426,
        2.0273213386535645,
        2.1218461990356445,
        2.2382829189300537,
        2.0827932357788086,
        2.1166329383850098,
        2.0835516452789307,
        2.174161911010742,
        2.128361225128174,
        2.136453866958618,
        2.151862144470215,
        2.0712125301361084,
        2.1604650020599365,
        2.0459039211273193,
        2.1530580520629883,
        2.0920958518981934,
        2.124544143676758,
        2.1066813468933105,
        2.0320017337799072,
        2.1152284145355225,
        2.066246271133423,
        2.121992588043213,
        2.144197702407837,
        2.1333963871002197,
        2.0970611572265625,
        2.128516912460327,
        2.20361590385437,
        2.101099967956543,
        2.1452231407165527,
        2.0558838844299316,
        2.0897345542907715,
        2.1531260013580322,
        2.062166690826416,
        2.06596302986145,
        2.1266133785247803,
        2.1079602241516113,
        2.0822315216064453,
        2.1042585372924805,
        2.099410057067871,
        2.159571886062622,
        2.09359073638916,
        2.1269679069519043,
        2.1776132583618164,
        2.1165735721588135,
        2.1286025047302246,
        2.1507556438446045,
        2.17909836769104,
        2.142119884490967,
        2.1449244022369385,
        2.0813817977905273,
        2.123823881149292,
        2.1666204929351807,
        2.0959253311157227,
