{
    "stu_train_loss": [
        2.2960731983184814,
        2.284494161605835,
        2.292175769805908,
        2.2870981693267822,
        2.2919821739196777,
        2.2886571884155273,
        2.29276442527771,
        2.2932186126708984,
        2.290931224822998,
        2.297055959701538,
        2.291543960571289,
        2.292900562286377,
        2.297211170196533
    ],
    "stu_test_loss": [
        2.4082183837890625,
        2.4004619121551514,
        2.399850845336914,
        2.4251720905303955,
        2.3966548442840576,
        2.3915023803710938,
        2.4030439853668213,
        2.3920371532440186,
        2.4171454906463623,
        2.409318447113037,
        2.4027187824249268,
        2.395859956741333,
        2.408308982849121,
        2.399613380432129,
        2.3939971923828125,
        2.377243995666504,
        2.400449752807617,
        2.391184091567993,
        2.405513286590576,
        2.395707607269287,
        2.403402805328369,
        2.3948099613189697,
        2.3850173950195312,
        2.4092206954956055,
        2.4074759483337402,
        2.404146909713745,
        2.4068617820739746,
        2.413530111312866,
        2.417180299758911,
        2.414900541305542,
        2.4057958126068115,
        2.4161226749420166,
        2.4231317043304443,
        2.4089531898498535,
        2.4043819904327393,
        2.403726100921631,
        2.4199979305267334,
        2.403463363647461,
        2.4056432247161865,
        2.403472900390625,
        2.3916585445404053,
        2.3984670639038086,
        2.3850584030151367,
        2.402836561203003,
        2.4029951095581055,
        2.395488977432251,
        2.404052495956421,
        2.4035379886627197,
        2.3790218830108643,
        2.4094204902648926,
        2.398477554321289,
        2.394652843475342,
        2.3948941230773926,
        2.4074599742889404,
        2.3961093425750732,
        2.4198756217956543,
        2.4017441272735596,
        2.388989210128784,
        2.4097981452941895,
        2.394418954849243,
        2.4109182357788086,
        2.4194278717041016,
        2.4014689922332764,
        2.403141736984253,
        2.398375988006592,
        2.4166924953460693,
        2.4047882556915283,
        2.400517463684082,
        2.3879787921905518,
        2.3913040161132812,
        2.404747247695923,
        2.4051342010498047,
        2.4057793617248535,
        2.4066426753997803,
        2.408099412918091,
        2.393956422805786,
        2.3982062339782715,
        2.3951072692871094,
        2.395807981491089,
        2.4016199111938477,
        2.4061710834503174,
        2.3970298767089844,
        2.414289951324463,
        2.407846689224243,
        2.4061779975891113,
        2.421675443649292,
        2.396596908569336,
        2.4044716358184814,
        2.4117448329925537,
        2.3890373706817627,
        2.4090723991394043,
        2.404332160949707,
        2.398906946182251,
        2.395578145980835,
        2.4082956314086914,
        2.398660659790039,
        2.4111835956573486,
        2.40918231010437,
        2.3930790424346924,
        2.4017391204833984,
        2.4069926738739014,
        2.4051339626312256,
        2.3880655765533447,
        2.399935245513916,
        2.4024970531463623,
        2.405463218688965,
        2.4048821926116943,
        2.386047840118408,
        2.4125704765319824,
        2.4039509296417236,
        2.4010162353515625,
        2.4166197776794434,
        2.4173645973205566,
        2.4098775386810303,
        2.4092252254486084,
        2.3915374279022217,
        2.3987293243408203,
        2.400906562805176,
        2.3998918533325195,
        2.3996875286102295,
        2.38474702835083,
        2.3984551429748535,
        2.3983616828918457,
        2.3841712474823,
        2.3963778018951416,
        2.4037039279937744,
        2.4236881732940674,
        2.404862642288208,
        2.393685817718506,
        2.400111198425293,
        2.409290075302124,
        2.401421308517456,
        2.388080596923828,
        2.401141405105591,
        2.3962438106536865,
        2.399807929992676,
        2.4139504432678223,
        2.408174514770508,
        2.4116032123565674,
        2.3992209434509277,
        2.4146928787231445,
        2.394831657409668,
        2.404465675354004,
        2.389246702194214,
        2.411665916442871,
        2.4040393829345703,
        2.389219045639038,
        2.3909506797790527,
        2.418759822845459,
        2.3971598148345947,
        2.3984546661376953,
        2.415011405944824,
        2.4054250717163086,
        2.4141995906829834,
        2.397977828979492,
        2.4135663509368896,
        2.4123668670654297,
        2.3962416648864746,
        2.4059040546417236,
        2.3997738361358643,
        2.3894801139831543,
        2.4068753719329834,
        2.4037985801696777,
        2.4106736183166504,
        2.4086496829986572,
        2.3897557258605957,
        2.3969979286193848,
        2.4115729331970215,
        2.4040863513946533,
        2.4012629985809326,
        2.417454481124878,
        2.4062533378601074,
        2.40398907661438,
        2.3953094482421875,
        2.40297794342041,
        2.4045913219451904,
        2.3919854164123535,
        2.408982276916504,
        2.4166595935821533,
        2.393944501876831,
        2.4006998538970947,
        2.4028351306915283,
        2.412585973739624,
        2.394582509994507,
        2.3951783180236816,
        2.3953120708465576,
        2.372283935546875,
        2.391875743865967,
        2.3885934352874756,
        2.3905162811279297,
        2.3924288749694824,
        2.39509654045105,
        2.3957760334014893,
        2.3962535858154297,
        2.403958797454834,
        2.3920860290527344,
        2.4090535640716553,
        2.4041969776153564,
        2.412463903427124,
        2.4009382724761963,
        2.401186466217041,
        2.4008138179779053,
        2.4120585918426514,
        2.3958792686462402,
        2.4018077850341797,
        2.404301643371582,
        2.394967555999756,
        2.3900978565216064,
        2.3968682289123535,
        2.422675371170044,
        2.4087166786193848,
        2.4093525409698486,
        2.3975517749786377,
        2.4160335063934326,
        2.394012928009033,
        2.416214942932129,
        2.409376621246338,
        2.3971657752990723,
        2.416283130645752,
        2.4053683280944824,
        2.3922948837280273,
        2.393099308013916,
        2.407270669937134,
        2.397977113723755,
        2.391960620880127,
        2.4172523021698,
        2.3886590003967285,
        2.404247283935547,
        2.3915488719940186,
        2.3968544006347656,
        2.4057095050811768,
        2.399507761001587,
        2.41532564163208,
        2.4015049934387207,
        2.409865379333496,
        2.38358473777771,
        2.413825035095215,
        2.40561842918396,
        2.4011032581329346,
        2.3910939693450928,
        2.396759271621704,
        2.3990159034729004,
        2.3877599239349365,
        2.405237913131714,
        2.4183032512664795,
        2.4121124744415283,
        2.4191579818725586,
        2.3913283348083496,
        2.410454034805298,
        2.3928585052490234,
        2.4100375175476074,
        2.4046995639801025,
        2.3862855434417725,
        2.414053440093994,
        2.3913519382476807,
        2.4019007682800293,
        2.421114921569824,
        2.4040021896362305,
        2.4048805236816406,
        2.405222177505493,
        2.394562005996704,
        2.4002506732940674,
        2.3990859985351562,
        2.398214817047119,
        2.399012565612793,
        2.4038753509521484,
        2.3970062732696533,
        2.4148693084716797,
        2.431842565536499,
        2.4066390991210938,
        2.4000167846679688,
        2.3905184268951416,
        2.4025752544403076,
        2.418358564376831,
        2.3978397846221924,
