{
    "stu_train_loss": [
        2.0898120403289795,
        2.090698719024658,
        2.079049825668335,
        2.0686473846435547,
        2.0766661167144775,
        2.0716359615325928,
        2.0949902534484863,
        2.0676894187927246,
        2.081238269805908,
        2.06374454498291,
        2.0863428115844727,
        2.063483953475952,
        2.0728561878204346
    ],
    "stu_test_loss": [
        2.2049460411071777,
        2.1946680545806885,
        2.197775363922119,
        2.2788028717041016,
        2.182680130004883,
        2.1628174781799316,
        2.2375783920288086,
        2.1589906215667725,
        2.1886441707611084,
        2.187087059020996,
        2.2023561000823975,
        2.175229549407959,
        2.185112714767456,
        2.224519968032837,
        2.228790044784546,
        2.1363685131073,
        2.195668935775757,
        2.1662349700927734,
        2.224179267883301,
        2.194013833999634,
        2.1784145832061768,
        2.2100892066955566,
        2.1972620487213135,
        2.211672782897949,
        2.2386832237243652,
        2.229353189468384,
        2.207815170288086,
        2.2087602615356445,
        2.230861186981201,
        2.237978935241699,
        2.152604579925537,
        2.1928935050964355,
        2.2622976303100586,
        2.172093629837036,
        2.179868459701538,
        2.2127974033355713,
        2.1870779991149902,
        2.2005953788757324,
        2.2045068740844727,
        2.2231950759887695,
        2.176074266433716,
        2.2008919715881348,
        2.1963882446289062,
        2.2041985988616943,
        2.143282890319824,
        2.1995060443878174,
        2.196131706237793,
        2.2563445568084717,
        2.185072422027588,
        2.226361036300659,
        2.2360990047454834,
        2.161623239517212,
        2.1483230590820312,
        2.1957077980041504,
        2.15828800201416,
        2.244950771331787,
        2.203618049621582,
        2.169246196746826,
        2.231369972229004,
        2.1724050045013428,
        2.225893497467041,
        2.260993003845215,
        2.187328338623047,
        2.153810977935791,
        2.1920294761657715,
        2.241283416748047,
        2.191570281982422,
        2.1889607906341553,
        2.1575429439544678,
        2.225153684616089,
        2.184621810913086,
        2.1873886585235596,
        2.2555086612701416,
        2.2316818237304688,
        2.1682417392730713,
        2.189141273498535,
        2.1743390560150146,
        2.2082035541534424,
        2.2080962657928467,
        2.24436354637146,
        2.2541284561157227,
        2.217865467071533,
        2.272739887237549,
        2.2342166900634766,
        2.1860408782958984,
        2.238003730773926,
        2.2588870525360107,
        2.171165704727173,
        2.2647757530212402,
        2.209299325942993,
        2.212573528289795,
        2.1634254455566406,
        2.2176554203033447,
        2.215580701828003,
        2.2427217960357666,
        2.2297277450561523,
        2.2042112350463867,
        2.2468621730804443,
        2.0902390480041504,
        2.1918163299560547,
        2.2164838314056396,
        2.208017349243164,
        2.1702253818511963,
        2.249819278717041,
        2.2457001209259033,
        2.220043897628784,
        2.2384958267211914,
        2.1691877841949463,
        2.2167587280273438,
        2.1732165813446045,
        2.178398609161377,
        2.2116405963897705,
        2.221322536468506,
        2.239309310913086,
        2.230715274810791,
        2.150092840194702,
        2.23325252532959,
        2.21785306930542,
        2.2117867469787598,
        2.199496030807495,
        2.1460819244384766,
        2.219210386276245,
        2.1845152378082275,
        2.143022060394287,
        2.156456232070923,
        2.2307205200195312,
        2.2828786373138428,
        2.1966404914855957,
        2.2462282180786133,
        2.202946424484253,
        2.217728853225708,
        2.2015953063964844,
        2.1766693592071533,
        2.191748857498169,
        2.1907403469085693,
        2.149794101715088,
        2.1739277839660645,
        2.2136378288269043,
        2.2274186611175537,
        2.1664578914642334,
        2.2307662963867188,
        2.2191567420959473,
        2.229996919631958,
        2.18662691116333,
        2.2348906993865967,
        2.194445848464966,
        2.1910462379455566,
        2.1284019947052,
        2.2745866775512695,
        2.2405829429626465,
        2.1944351196289062,
        2.2007758617401123,
        2.208627462387085,
        2.221484899520874,
        2.123070478439331,
        2.2251694202423096,
        2.2688193321228027,
        2.194732427597046,
        2.1667168140411377,
        2.1852126121520996,
        2.1598639488220215,
        2.2246503829956055,
        2.272425413131714,
        2.239448070526123,
        2.2543580532073975,
        2.1895201206207275,
        2.220024585723877,
        2.222172260284424,
        2.2319183349609375,
        2.1412198543548584,
        2.231602191925049,
        2.1833245754241943,
        2.213296413421631,
        2.234464168548584,
        2.1986873149871826,
        2.2473835945129395,
        2.2510993480682373,
        2.2422311305999756,
        2.238008975982666,
        2.1945855617523193,
        2.178565502166748,
        2.1993069648742676,
        2.3137707710266113,
        2.162365674972534,
        2.210021734237671,
        2.2284951210021973,
        2.0940864086151123,
        2.230076313018799,
        2.2041242122650146,
        2.217590808868408,
        2.162787675857544,
        2.2091352939605713,
        2.281219959259033,
        2.1700899600982666,
        2.259199619293213,
        2.2345077991485596,
        2.1335208415985107,
        2.243077039718628,
        2.2769360542297363,
        2.176731824874878,
        2.20233154296875,
        2.192751169204712,
        2.254934310913086,
        2.2108237743377686,
        2.2433876991271973,
        2.1775577068328857,
        2.203937292098999,
        2.14511775970459,
        2.2146501541137695,
        2.25795841217041,
        2.1977298259735107,
        2.265214204788208,
        2.129141330718994,
        2.173445224761963,
        2.2020716667175293,
        2.2561557292938232,
        2.244292974472046,
        2.197374105453491,
        2.20192551612854,
        2.193251848220825,
        2.1858067512512207,
        2.185194492340088,
        2.2088875770568848,
        2.1441738605499268,
        2.193967580795288,
        2.2977702617645264,
        2.1880829334259033,
        2.2011771202087402,
        2.184077024459839,
        2.2346031665802,
        2.209777593612671,
        2.21883487701416,
        2.238015651702881,
        2.1664950847625732,
        2.223273515701294,
        2.1491196155548096,
        2.230813503265381,
        2.166073799133301,
        2.2042343616485596,
        2.1935861110687256,
        2.146838903427124,
        2.2050890922546387,
        2.165271043777466,
        2.2096424102783203,
        2.2189993858337402,
        2.2116851806640625,
        2.188286781311035,
        2.2137653827667236,
        2.2735300064086914,
        2.174956798553467,
        2.219651222229004,
        2.1557555198669434,
        2.186544895172119,
        2.2270565032958984,
        2.1603639125823975,
        2.1628127098083496,
        2.2012012004852295,
        2.2018637657165527,
        2.186432123184204,
        2.1989150047302246,
        2.1845345497131348,
        2.222917318344116,
        2.189692497253418,
        2.2181787490844727,
        2.2281081676483154,
        2.187392234802246,
        2.2153053283691406,
        2.2349843978881836,
        2.2519028186798096,
        2.1982316970825195,
        2.226466655731201,
        2.1634562015533447,
        2.2024641036987305,
        2.2427148818969727,
        2.1882829666137695,
        2.2246484756469727,
