{
    "stu_train_loss": [
        1.94856858253479,
        2.0066840648651123,
        1.927664875984192,
        1.9489070177078247,
        1.958497405052185,
        1.9198983907699585,
        1.9458131790161133,
        1.9638651609420776,
        1.9314850568771362,
        1.9425145387649536,
        1.9489245414733887,
        1.927124261856079,
        1.917838454246521
    ],
    "stu_test_loss": [
        2.090454339981079,
        2.0723962783813477,
        2.058471918106079,
        2.157106637954712,
        2.0628974437713623,
        1.997438907623291,
        2.0971896648406982,
        2.0092544555664062,
        2.050945997238159,
        2.0576398372650146,
        2.099963903427124,
        2.014091730117798,
        2.053711414337158,
        2.1337103843688965,
        2.117687702178955,
        1.9804296493530273,
        2.064976215362549,
        2.0202529430389404,
        2.086825370788574,
        2.0720536708831787,
        2.035423994064331,
        2.087394952774048,
        2.059044599533081,
        2.0838699340820312,
        2.1215720176696777,
        2.106221914291382,
        2.08682918548584,
        2.061021566390991,
        2.1443519592285156,
        2.123591899871826,
        2.027972936630249,
        2.045821189880371,
        2.155092716217041,
        2.007450580596924,
        2.030855178833008,
        2.085378646850586,
        2.035705327987671,
        2.0765631198883057,
        2.070910692214966,
        2.082078456878662,
        2.0523221492767334,
        2.0716516971588135,
        2.036618709564209,
        2.07523250579834,
        2.0051944255828857,
        2.0643935203552246,
        2.0881693363189697,
        2.15006160736084,
        2.0724997520446777,
        2.120540142059326,
        2.113873243331909,
        1.9965976476669312,
        2.0004048347473145,
        2.080509901046753,
        2.0011842250823975,
        2.1163086891174316,
        2.082921266555786,
        2.0440454483032227,
        2.106165885925293,
        2.033266067504883,
        2.106802225112915,
        2.174281597137451,
        2.039149284362793,
        2.0030503273010254,
        2.04093337059021,
        2.1138603687286377,
        2.0528247356414795,
        2.051424741744995,
        2.0023996829986572,
        2.1404411792755127,
        2.0517594814300537,
        2.026021957397461,
        2.1560237407684326,
        2.1125552654266357,
        2.0064613819122314,
        2.0440027713775635,
        2.021993637084961,
        2.073578357696533,
        2.0757949352264404,
        2.1476633548736572,
        2.1604397296905518,
        2.0982890129089355,
        2.1854794025421143,
        2.1271212100982666,
        2.0746443271636963,
        2.098909378051758,
        2.1368184089660645,
        2.034919500350952,
        2.1527817249298096,
        2.0850541591644287,
        2.075578451156616,
        2.003403902053833,
        2.1148598194122314,
        2.093780994415283,
        2.113520860671997,
        2.0975468158721924,
        2.057983875274658,
        2.135868549346924,
        1.9199405908584595,
        2.0465638637542725,
        2.068528652191162,
        2.0845298767089844,
        2.0267021656036377,
        2.1541337966918945,
        2.170408248901367,
        2.084742546081543,
        2.147434711456299,
        2.0201454162597656,
        2.1140053272247314,
        2.0248687267303467,
        2.06632399559021,
        2.101422071456909,
        2.097395658493042,
        2.126878023147583,
        2.1070005893707275,
        2.0051183700561523,
        2.1409847736358643,
        2.097752809524536,
        2.0907726287841797,
        2.0531859397888184,
        1.9992825984954834,
        2.1148195266723633,
        2.0615649223327637,
        1.9901082515716553,
        2.04508376121521,
        2.1034064292907715,
        2.2114481925964355,
        2.0547425746917725,
        2.113999605178833,
        2.0574231147766113,
        2.093557119369507,
        2.067348003387451,
        2.0342350006103516,
        2.0591881275177,
        2.076392412185669,
        1.9787540435791016,
        2.045057535171509,
        2.0883710384368896,
        2.105160713195801,
        2.0206780433654785,
        2.0886058807373047,
        2.0731146335601807,
        2.104063034057617,
        2.0469744205474854,
        2.1245157718658447,
        2.074122905731201,
        2.07417631149292,
        1.9505138397216797,
        2.179887056350708,
        2.1455178260803223,
        2.0526437759399414,
        2.079775094985962,
        2.0614426136016846,
        2.1099045276641846,
        1.9588366746902466,
        2.0936131477355957,
        2.1607613563537598,
        2.05397891998291,
        2.022292137145996,
        2.0502305030822754,
        2.0210649967193604,
        2.118283271789551,
        2.1672167778015137,
        2.1181421279907227,
        2.120408535003662,
        2.071070909500122,
        2.0915169715881348,
        2.1024045944213867,
        2.1303322315216064,
        1.9903128147125244,
        2.1062729358673096,
        2.0358920097351074,
        2.122379779815674,
        2.1354756355285645,
        2.0729849338531494,
        2.1240389347076416,
        2.1496055126190186,
        2.146355628967285,
        2.1148979663848877,
        2.032322406768799,
        2.051847219467163,
        2.0699691772460938,
        2.2201170921325684,
        2.049149751663208,
        2.077792167663574,
        2.1161046028137207,
        1.95356023311615,
        2.091991901397705,
        2.072114944458008,
        2.0905730724334717,
        2.011448621749878,
        2.0779879093170166,
        2.2075631618499756,
        2.037494659423828,
        2.1526968479156494,
        2.121509552001953,
        1.9601256847381592,
        2.1467649936676025,
        2.1677286624908447,
        2.034175157546997,
        2.061387777328491,
        2.0445663928985596,
        2.137416362762451,
        2.095066547393799,
        2.102449893951416,
        2.0304551124572754,
        2.0843393802642822,
        2.0141477584838867,
        2.1226401329040527,
        2.1319870948791504,
        2.0666000843048096,
        2.1700663566589355,
        1.9669592380523682,
        2.0129947662353516,
        2.0513055324554443,
        2.1606507301330566,
        2.114544153213501,
        2.056459665298462,
        2.054530143737793,
        2.0616068840026855,
        2.076563835144043,
        2.061452865600586,
        2.0910425186157227,
        1.97060227394104,
        2.102890968322754,
        2.211862802505493,
        2.0504870414733887,
        2.0649282932281494,
        2.049753427505493,
        2.1315104961395264,
        2.0872037410736084,
        2.093005657196045,
        2.1064047813415527,
        2.0125112533569336,
        2.1181981563568115,
        1.992043375968933,
        2.104668617248535,
        2.020702600479126,
        2.095076084136963,
        2.0640792846679688,
        1.974278211593628,
        2.0774106979370117,
        2.018138885498047,
        2.0842599868774414,
        2.092296600341797,
        2.1025338172912598,
        2.042664051055908,
        2.0882887840270996,
        2.1905672550201416,
        2.0288286209106445,
        2.1028056144714355,
        1.9979561567306519,
        2.0400290489196777,
        2.1128084659576416,
        2.0051376819610596,
        2.0192108154296875,
        2.0649635791778564,
        2.0717461109161377,
        2.0288052558898926,
        2.05600905418396,
        2.0645079612731934,
        2.104022741317749,
        2.0299596786499023,
        2.09798002243042,
        2.162499189376831,
        2.0691885948181152,
        2.0927774906158447,
        2.100553274154663,
        2.1284139156341553,
        2.090121269226074,
        2.1123788356781006,
        2.0171775817871094,
        2.0711801052093506,
        2.128655433654785,
        2.0428218841552734,
