{
    "stu_train_loss": [
        2.2441697120666504,
        2.2446963787078857,
        2.244479179382324,
        2.2460479736328125,
        2.237492561340332,
        2.2403292655944824,
        2.247022867202759,
        2.242969036102295,
        2.2442314624786377,
        2.2504665851593018,
        2.237121343612671,
        2.247687816619873,
        2.2434463500976562
    ],
    "stu_test_loss": [
        2.3695027828216553,
        2.364377021789551,
        2.360881805419922,
        2.3872156143188477,
        2.349874496459961,
        2.359044313430786,
        2.36952543258667,
        2.3391551971435547,
        2.3739514350891113,
        2.368349075317383,
        2.37046217918396,
        2.3335490226745605,
        2.3613476753234863,
        2.3570711612701416,
        2.3451340198516846,
        2.326662540435791,
        2.3540899753570557,
        2.343552350997925,
        2.36476731300354,
        2.3574845790863037,
        2.354254961013794,
        2.360311985015869,
        2.362090587615967,
        2.361694812774658,
        2.3620214462280273,
        2.3611860275268555,
        2.3561148643493652,
        2.3720128536224365,
        2.366819143295288,
        2.3834640979766846,
        2.346940755844116,
        2.3787765502929688,
        2.393181800842285,
        2.3546464443206787,
        2.3571701049804688,
        2.3653292655944824,
        2.3634045124053955,
        2.359438419342041,
        2.3762941360473633,
        2.367410898208618,
        2.34395432472229,
        2.351414680480957,
        2.352091073989868,
        2.3582077026367188,
        2.3541319370269775,
        2.3560967445373535,
        2.3616135120391846,
        2.3773529529571533,
        2.337669849395752,
        2.370124578475952,
        2.362260580062866,
        2.3411083221435547,
        2.3442323207855225,
        2.3525338172912598,
        2.354583501815796,
        2.3792154788970947,
        2.3707072734832764,
        2.3323488235473633,
        2.367323637008667,
        2.347726821899414,
        2.3688406944274902,
        2.3708655834198,
        2.3586318492889404,
        2.3446154594421387,
        2.353837251663208,
        2.3706018924713135,
        2.366799831390381,
        2.3483757972717285,
        2.336538076400757,
        2.355870246887207,
        2.3652374744415283,
        2.36729097366333,
        2.3763351440429688,
        2.37727952003479,
        2.363778829574585,
        2.353675127029419,
        2.355292320251465,
        2.3597359657287598,
        2.355924606323242,
        2.3711302280426025,
        2.3758018016815186,
        2.3527703285217285,
        2.3784801959991455,
        2.3584866523742676,
        2.362325668334961,
        2.3811278343200684,
        2.3647494316101074,
        2.341177225112915,
        2.3778324127197266,
        2.352242946624756,
        2.3614165782928467,
        2.351266622543335,
        2.349968910217285,
        2.3688576221466064,
        2.382929563522339,
        2.3615753650665283,
        2.354766368865967,
        2.3741908073425293,
        2.3378853797912598,
        2.3565402030944824,
        2.3681375980377197,
        2.339534044265747,
        2.33870530128479,
        2.3636977672576904,
        2.3768579959869385,
        2.3737478256225586,
        2.3652260303497314,
        2.3445045948028564,
        2.3570539951324463,
        2.3431525230407715,
        2.3575282096862793,
        2.3689208030700684,
        2.3691139221191406,
        2.3693764209747314,
        2.368290424346924,
        2.3434808254241943,
        2.3705461025238037,
        2.360865354537964,
        2.356039047241211,
        2.362973690032959,
        2.337207078933716,
        2.354212522506714,
        2.3510758876800537,
        2.3384361267089844,
        2.3344404697418213,
        2.36466908454895,
        2.3884291648864746,
        2.3457741737365723,
        2.368622064590454,
        2.3746840953826904,
        2.36173677444458,
        2.3734548091888428,
        2.350123882293701,
        2.363798141479492,
        2.3551888465881348,
        2.340420722961426,
        2.3581624031066895,
        2.363696336746216,
        2.3692538738250732,
        2.344454765319824,
        2.3774471282958984,
        2.352783679962158,
        2.3660104274749756,
        2.3531556129455566,
        2.3628857135772705,
        2.3592960834503174,
        2.3464386463165283,
        2.3332769870758057,
        2.3866567611694336,
        2.349848985671997,
        2.3458940982818604,
        2.3643839359283447,
        2.3688290119171143,
        2.3817191123962402,
        2.3389108180999756,
        2.370986223220825,
        2.3700506687164307,
        2.347813367843628,
        2.3431248664855957,
        2.353428363800049,
        2.3412201404571533,
        2.361827850341797,
        2.371843099594116,
        2.3747060298919678,
        2.377851724624634,
        2.3434560298919678,
        2.3564767837524414,
        2.360640048980713,
        2.36236834526062,
        2.3430123329162598,
        2.3719892501831055,
        2.3654325008392334,
        2.358247995376587,
        2.3493335247039795,
        2.352994441986084,
        2.3829634189605713,
        2.366899013519287,
        2.3713605403900146,
        2.384958267211914,
        2.3450047969818115,
        2.3494911193847656,
        2.3585643768310547,
        2.3954010009765625,
        2.348191738128662,
        2.3541364669799805,
        2.3711585998535156,
        2.3157341480255127,
        2.3736629486083984,
        2.352234363555908,
        2.353144884109497,
        2.3438704013824463,
        2.359379291534424,
        2.369417905807495,
        2.3512866497039795,
        2.3743369579315186,
        2.3621139526367188,
        2.349087953567505,
        2.368429183959961,
        2.388815402984619,
        2.3551859855651855,
        2.3625240325927734,
        2.358038902282715,
        2.375466823577881,
        2.354246139526367,
        2.373173475265503,
        2.34678053855896,
        2.3484418392181396,
        2.329336166381836,
        2.360140323638916,
        2.392245292663574,
        2.3605387210845947,
        2.3798649311065674,
        2.3397607803344727,
        2.3665144443511963,
        2.3615026473999023,
        2.381657600402832,
        2.3745715618133545,
        2.3527636528015137,
        2.383049964904785,
        2.347679376602173,
        2.3484697341918945,
        2.3443496227264404,
        2.3657522201538086,
        2.3439323902130127,
        2.34592866897583,
        2.3918817043304443,
        2.341179132461548,
        2.3600337505340576,
        2.3490958213806152,
        2.3628721237182617,
        2.3564035892486572,
        2.37091326713562,
        2.3700196743011475,
        2.3529164791107178,
        2.3758909702301025,
        2.341387987136841,
        2.385920524597168,
        2.3505959510803223,
        2.3556487560272217,
        2.3486487865448,
        2.3468148708343506,
        2.362982749938965,
        2.3248941898345947,
        2.3738181591033936,
        2.3767147064208984,
        2.3566815853118896,
        2.3644187450408936,
        2.358036994934082,
        2.387991428375244,
        2.3437910079956055,
        2.3629848957061768,
        2.354271650314331,
        2.345156669616699,
        2.3780574798583984,
        2.3471922874450684,
        2.352295160293579,
        2.3767261505126953,
        2.3697240352630615,
        2.3626081943511963,
        2.377859115600586,
        2.345271587371826,
        2.356332540512085,
        2.356707811355591,
        2.3700478076934814,
        2.362152338027954,
        2.3615763187408447,
        2.361649751663208,
        2.3801252841949463,
        2.402301073074341,
        2.357664108276367,
        2.36122989654541,
        2.3376293182373047,
        2.354391098022461,
        2.3871047496795654,
        2.3554563522338867,
