{
    "stu_train_loss": 0.39366451256415425,
    "stu_test_loss": 1.0045765900611878,
    "stu_train_acc": 0.8658543229103088,
    "stu_test_acc": 0.7836999797821045
}