{
    "stu_train_loss": 1.195334420484655,
    "stu_test_loss": 1.4972633397579194,
    "stu_train_acc": 0.5505322042633506,
    "stu_test_acc": 0.5800999861955642
}