{
    "stu_train_loss": 0.3938346250968821,
    "stu_test_loss": 1.035689314007759,
    "stu_train_acc": 0.8763025052407208,
    "stu_test_acc": 0.7846999782323837
}