{
    "stu_train_loss": 0.3659592411097358,
    "stu_test_loss": 1.0723512035608291,
    "stu_train_acc": 0.8776190245852751,
    "stu_test_acc": 0.7937999802827835
}