{
    "stu_train_loss": 0.3638930956230444,
    "stu_test_loss": 1.0446936666965485,
    "stu_train_acc": 0.8858823355506448,
    "stu_test_acc": 0.7951999777555465
}