{
    "stu_train_loss": 0.3637227135546067,
    "stu_test_loss": 1.0600344550609588,
    "stu_train_acc": 0.8824929805362925,
    "stu_test_acc": 0.7680999833345413
}