{
    "stu_train_loss": 0.37298810482025146,
    "stu_test_loss": 1.0791406720876693,
    "stu_train_acc": 0.8830812187755809,
    "stu_test_acc": 0.7642999804019928
}