{
    "stu_train_loss": 0.35365867264130535,
    "stu_test_loss": 1.0187875151634216,
    "stu_train_acc": 0.8820447956814486,
    "stu_test_acc": 0.7830999779701233
}