{
    "stu_train_loss": 0.384503589833484,
    "stu_test_loss": 1.0706361293792725,
    "stu_train_acc": 0.8620448077426237,
    "stu_test_acc": 0.7731999784708024
}