{
    "stu_train_loss": 0.37828436822575684,
    "stu_test_loss": 0.9880645489692688,
    "stu_train_acc": 0.874117630369523,
    "stu_test_acc": 0.7988999772071839
}