{
    "stu_train_loss": 0.3839164139593349,
    "stu_test_loss": 0.977904886007309,
    "stu_train_acc": 0.8745377940290114,
    "stu_test_acc": 0.7942999768257141
}