{
    "stu_train_loss": 0.38637733985395994,
    "stu_test_loss": 1.0148558801412582,
    "stu_train_acc": 0.8727730898296132,
    "stu_test_acc": 0.777799978852272
}