{
    "stu_train_loss": 0.406132393023547,
    "stu_test_loss": 0.9784643524885177,
    "stu_train_acc": 0.8820447956814486,
    "stu_test_acc": 0.7897999775409699
}