{
    "stu_train_loss": 0.40102188717573883,
    "mentor_train_loss": 0.29769768454134465,
    "stu_test_loss": 0.39321512855089513,
    "mentor_test_loss": 0.5166194708393024,
    "stu_train_acc": 0.9056423611938953,
    "mentor_train_acc": 0.9396267361938954,
    "stu_test_acc": 0.8986621405750799,
    "mentor_test_acc": 0.8655151757188498
}