{
    "stu_train_loss": 0.4117413893342018,
    "mentor_train_loss": 0.20953101757913828,
    "stu_test_loss": 0.4425980762456553,
    "mentor_test_loss": 0.43242556437516744,
    "stu_train_acc": 0.909375,
    "mentor_train_acc": 0.957421875,
    "stu_test_acc": 0.8893769968051118,
    "mentor_test_acc": 0.8865814696485623
}