{
    "stu_train_loss": 0.40753437839448453,
    "mentor_train_loss": 0.26635965071618556,
    "stu_test_loss": 0.3784437097680454,
    "mentor_test_loss": 0.44159822389721487,
    "stu_train_acc": 0.9078125,
    "mentor_train_acc": 0.953125,
    "stu_test_acc": 0.897064696485623,
    "mentor_test_acc": 0.8745007987220448
}