{
    "stu_train_loss": 0.4014634119346738,
    "mentor_train_loss": 0.24726069215685129,
    "stu_test_loss": 0.39099250895718035,
    "mentor_test_loss": 0.4558332300129028,
    "stu_train_acc": 0.89921875,
    "mentor_train_acc": 0.955078125,
    "stu_test_acc": 0.8947683706070287,
    "mentor_test_acc": 0.8704073482428115
}