{
    "stu_train_loss": 0.4038417089730501,
    "mentor_train_loss": 0.22425517700612546,
    "stu_test_loss": 0.40567128745892556,
    "mentor_test_loss": 0.46685813110286056,
    "stu_train_acc": 0.9062065973877906,
    "mentor_train_acc": 0.95859375,
    "stu_test_acc": 0.8910742811501597,
    "mentor_test_acc": 0.8705071884984026
}