{
    "stu_train_loss": 0.40273882243782283,
    "mentor_train_loss": 0.21604847013950348,
    "stu_test_loss": 0.39608256723553226,
    "mentor_test_loss": 0.4304815581240974,
    "stu_train_acc": 0.908984375,
    "mentor_train_acc": 0.95390625,
    "stu_test_acc": 0.8958666134185304,
    "mentor_test_acc": 0.8774960063897763
}