{
    "stu_train_loss": 0.41243470907211305,
    "mentor_train_loss": 0.25802053026854993,
    "stu_test_loss": 0.3935007222544271,
    "mentor_test_loss": 0.48285925588287865,
    "stu_train_acc": 0.9005642361938954,
    "mentor_train_acc": 0.9474392361938954,
    "stu_test_acc": 0.8944688498402555,
    "mentor_test_acc": 0.8649161341853036
}