{
    "stu_train_loss": 0.39579105842858553,
    "mentor_train_loss": 0.25848108120262625,
    "stu_test_loss": 0.40347160836949514,
    "mentor_test_loss": 0.4329677990640695,
    "stu_train_acc": 0.9060329861938954,
    "mentor_train_acc": 0.948567708581686,
    "stu_test_acc": 0.8962659744408946,
    "mentor_test_acc": 0.8801916932907349
}