{
    "stu_train_loss": 0.39735020585358144,
    "mentor_train_loss": 0.2423965809866786,
    "stu_test_loss": 0.3778768669778166,
    "mentor_test_loss": 0.47679017612728447,
    "stu_train_acc": 0.9101128473877906,
    "mentor_train_acc": 0.9544704861938953,
    "stu_test_acc": 0.8990615015974441,
    "mentor_test_acc": 0.8663138977635783
}