{
    "stu_train_loss": [
        1.4627212285995483,
        1.4837079048156738,
        1.4312920570373535,
        1.4777100086212158,
        1.4801199436187744,
        1.4633269309997559,
        1.4901483058929443,
        1.447313666343689,
        1.4298816919326782,
        1.4446384906768799,
        1.4410227537155151,
        1.4361991882324219,
        1.47354257106781,
        1.4595179557800293,
        1.4364070892333984,
        1.4639525413513184,
        1.3954510688781738,
        1.411885380744934,
        1.4182014465332031,
        1.4036818742752075,
        1.4204767942428589,
        1.4575889110565186,
        1.3458881378173828,
        1.414701223373413,
        1.4037529230117798,
        1.4428826570510864,
        1.4135860204696655,
        1.3828498125076294,
        1.3590307235717773,
        1.3953114748001099,
        1.3839523792266846,
        1.371091604232788,
        1.3292567729949951,
        1.3925821781158447,
        1.294244647026062,
        1.327703595161438,
        1.3198468685150146,
        1.3409919738769531,
        1.3443996906280518,
        1.3275830745697021,
        1.2980905771255493,
        1.35624098777771,
        1.283077359199524,
        1.3131401538848877,
        1.3683289289474487,
        1.4447771310806274
    ],
    "stu_test_loss": [
        1.2997163534164429,
        1.4062252044677734,
        1.4361728429794312,
        1.4232443571090698,
        1.4649488925933838,
        1.3504620790481567,
        1.4735215902328491,
        1.4077589511871338,
        1.412189245223999,
        1.4531738758087158,
        1.4593539237976074,
        1.40299391746521,
        1.4258718490600586,
        1.4130560159683228,
        1.5873982906341553,
        1.442619800567627,
        1.4412479400634766,
        1.5171055793762207,
        1.5157694816589355,
        1.629807472229004,
        1.472521185874939,
        1.387704610824585,
        1.4150183200836182,
        1.368408203125,
        1.4323769807815552,
        1.3895658254623413,
        1.3824939727783203,
        1.6256139278411865,
        1.4495757818222046,
        1.544900894165039,
        1.396111249923706,
        1.3603761196136475,
        1.4011876583099365,
        1.4299949407577515,
        1.554586410522461,
        1.4407535791397095,
        1.5259782075881958,
        1.505110740661621,
        1.5558100938796997,
        1.4853378534317017,
        1.4140018224716187,
        1.343799114227295,
        1.4859306812286377,
        1.5794800519943237,
        1.4592317342758179,
        1.6355055570602417,
        1.4739748239517212,
        1.4710601568222046,
        1.4775991439819336,
        1.4690771102905273,
        1.495478868484497,
        1.4218510389328003,
        1.5440630912780762,
        1.4318913221359253,
        1.4543260335922241,
        1.3239970207214355,
        1.5603797435760498,
        1.3772470951080322,
        1.386392593383789,
        1.5749579668045044,
        1.5284390449523926,
        1.5012842416763306,
        1.3362196683883667,
        1.4851112365722656,
        1.5453217029571533,
        1.566848874092102,
        1.6535677909851074,
        1.3471858501434326,
        1.5947356224060059,
        1.3835361003875732,
        1.423719882965088,
        1.3975191116333008,
        1.362987756729126,
        1.3497257232666016,
        1.469398021697998,
        1.3918936252593994,
        1.5694868564605713,
        1.5006097555160522,
        1.4185926914215088,
        1.522702693939209,
        1.4828059673309326,
        1.4932746887207031,
        1.51762855052948,
        1.4099522829055786,
        1.3967628479003906,
        1.6055166721343994,
        1.4351192712783813,
        1.4269057512283325,
        1.4742062091827393,
        1.445134162902832,
        1.367640495300293,
        1.5886324644088745,
        1.4676212072372437,
        1.4578485488891602,
        1.3427627086639404,
        1.4888358116149902,
        1.394861102104187,
        1.545298457145691,
        1.463871717453003,
        1.4453094005584717,
        1.43805992603302,
        1.4345465898513794,
        1.3944637775421143,
        1.4572523832321167,
        1.6170156002044678,
        1.5291330814361572,
        1.464273452758789,
        1.3853347301483154,
        1.2925959825515747,
        1.515755295753479,
        1.4731132984161377,
        1.6156095266342163,
        1.3831872940063477,
        1.3957326412200928,
        1.3779274225234985,
        1.4965001344680786,
        1.4769787788391113,
        1.4567782878875732,
        1.4510176181793213,
        1.5947407484054565,
        1.4839668273925781,
        1.4516340494155884,
        1.5461288690567017,
        1.536138892173767,
        1.4095286130905151,
        1.4208745956420898,
        1.3234262466430664,
        1.426740288734436,
        1.544927716255188,
        1.521666407585144,
        1.3366107940673828,
        1.5419583320617676,
        1.588830590248108,
        1.3860944509506226,
        1.3871361017227173,
        1.4480018615722656,
        1.5343903303146362,
        1.4722973108291626,
        1.5627158880233765,
        1.5149906873703003,
        1.5675630569458008,
        1.4073071479797363,
        1.5253187417984009,
        1.328817367553711,
        1.5575172901153564,
        1.3838796615600586,
        1.4675312042236328,
        1.378153681755066,
        1.5356498956680298,
        1.4306282997131348,
        1.5210950374603271,
        1.3688247203826904,
        1.4389591217041016,
        1.3927149772644043,
        1.4176850318908691,
        1.4571211338043213,
        1.3483350276947021,
        1.2826298475265503,
        1.436544418334961,
        1.3439810276031494,
        1.3809922933578491,
        1.485715389251709,
        1.3495508432388306,
        1.4602781534194946,
        1.396345615386963,
        1.4358713626861572,
        1.3068928718566895,
        1.3201713562011719,
        1.4374150037765503,
        1.376350998878479,
        1.338907241821289,
        1.3280856609344482,
        1.3383326530456543,
        1.3646904230117798,
        1.3670579195022583,
        1.3762133121490479,
        1.5115224123001099,
        1.3511362075805664,
        1.4073809385299683,
        1.5325901508331299,
        1.427412509918213,
        1.39995539188385,
        1.467881679534912,
        1.4110733270645142,
        1.380141019821167,
        1.4857416152954102,
        1.5509893894195557,
        1.409985065460205,
        1.5612140893936157,
        1.4603478908538818,
        1.4481397867202759,
        1.5022499561309814,
        1.5090937614440918,
        1.4294791221618652,
        1.352267861366272,
        1.3992388248443604,
        1.41688871383667,
        1.3090163469314575,
        1.3546184301376343,
        1.3513975143432617,
        1.4279289245605469,
        1.3245348930358887,
        1.3918042182922363,
        1.3742573261260986,
        1.524548053741455,
        1.6878472566604614,
        1.6198229789733887,
        1.484969973564148,
        1.3382422924041748,
        1.3740341663360596,
        1.3388515710830688,
        1.6307029724121094,
        1.3921504020690918,
        1.4260183572769165,
        1.2366960048675537,
        1.4352434873580933,
        1.3056682348251343,
        1.3719182014465332,
        1.4487179517745972,
        1.446509838104248,
        1.3971151113510132,
        1.2629072666168213,
        1.4558143615722656,
        1.373960018157959,
        1.318977952003479,
        1.3652387857437134,
        1.4039151668548584,
        1.3988685607910156,
        1.373194694519043,
        1.4861533641815186,
        1.4193748235702515,
        1.4253809452056885,
        1.5966717004776,
        1.5125346183776855,
        1.4108632802963257,
        1.4954553842544556,
        1.3431278467178345,
        1.4241547584533691,
        1.3382067680358887,
        1.3705071210861206,
