{
    "stu_train_loss": [
        1.7316203117370605,
        1.6943258047103882,
        1.7305973768234253,
        1.6832878589630127,
        1.7064074277877808,
        1.717991828918457,
        1.7029120922088623,
        1.7313439846038818,
        1.715707778930664,
        1.6953102350234985,
        1.6790422201156616,
        1.7703135013580322,
        1.6978123188018799,
        1.7027937173843384,
        1.701250672340393,
        1.694361686706543,
        1.692735195159912,
        1.674981951713562,
        1.6499969959259033,
        1.677645206451416,
        1.6684225797653198,
        1.647698163986206,
        1.7267520427703857,
        1.6579606533050537,
        1.6430559158325195,
        1.6612516641616821,
        1.6180062294006348,
        1.664559245109558,
        1.6477093696594238,
        1.6601324081420898,
        1.6262286901474,
        1.5966379642486572,
        1.5912253856658936,
        1.6354724168777466,
        1.593022108078003,
        1.6133099794387817,
        1.5936075448989868,
        1.578343391418457,
        1.6480647325515747,
        1.58316171169281,
        1.60649836063385,
        1.5882847309112549,
        1.5412352085113525,
        1.5603047609329224,
        1.5535454750061035,
        1.5256515741348267
    ],
    "stu_test_loss": [
        1.5668963193893433,
        1.6512043476104736,
        1.6952720880508423,
        1.675186276435852,
        1.7108560800552368,
        1.585134506225586,
        1.6903362274169922,
        1.663934588432312,
        1.6700935363769531,
        1.698204517364502,
        1.6706621646881104,
        1.6393444538116455,
        1.6606022119522095,
        1.6948411464691162,
        1.8023401498794556,
        1.665418028831482,
        1.7043476104736328,
        1.7909435033798218,
        1.7689119577407837,
        1.826563835144043,
        1.683179497718811,
        1.6512928009033203,
        1.6654504537582397,
        1.5973869562149048,
        1.6402075290679932,
        1.6043362617492676,
        1.6410408020019531,
        1.8354631662368774,
        1.65378999710083,
        1.7441422939300537,
        1.6029797792434692,
        1.6470251083374023,
        1.6367309093475342,
        1.691195011138916,
        1.7817190885543823,
        1.6987850666046143,
        1.7562732696533203,
        1.7079788446426392,
        1.785345196723938,
        1.729795217514038,
        1.652241826057434,
        1.5945401191711426,
        1.6847167015075684,
        1.8111015558242798,
        1.7377562522888184,
        1.8341784477233887,
        1.713376760482788,
        1.7123069763183594,
        1.6973425149917603,
        1.7285717725753784,
        1.7120225429534912,
        1.6644690036773682,
        1.7469263076782227,
        1.6690839529037476,
        1.670977234840393,
        1.5470926761627197,
        1.8047049045562744,
        1.5905630588531494,
        1.6111197471618652,
        1.7769958972930908,
        1.7586586475372314,
        1.7724322080612183,
        1.5695868730545044,
        1.6787863969802856,
        1.7758028507232666,
        1.8023792505264282,
        1.8397701978683472,
        1.604413390159607,
        1.8305829763412476,
        1.646606206893921,
        1.6511849164962769,
        1.6263623237609863,
        1.6306040287017822,
        1.6041253805160522,
        1.7178558111190796,
        1.6295852661132812,
        1.801012635231018,
        1.7755002975463867,
        1.6614707708358765,
        1.7775908708572388,
        1.722273588180542,
        1.7484229803085327,
        1.7700181007385254,
        1.6444168090820312,
        1.6335020065307617,
        1.8266868591308594,
        1.7201156616210938,
        1.6654052734375,
        1.7007317543029785,
        1.6891531944274902,
        1.6360502243041992,
        1.7776453495025635,
        1.6863327026367188,
        1.7209138870239258,
        1.611877202987671,
        1.7397432327270508,
        1.6370887756347656,
        1.7305439710617065,
        1.711953043937683,
        1.7058180570602417,
        1.6805956363677979,
        1.6672263145446777,
        1.6208384037017822,
        1.6856426000595093,
        1.840700626373291,
        1.746209979057312,
        1.7308764457702637,
        1.5984477996826172,
        1.5920721292495728,
        1.7650372982025146,
        1.7066454887390137,
        1.8250219821929932,
        1.6191341876983643,
        1.6665316820144653,
        1.6148114204406738,
        1.7820916175842285,
        1.7199115753173828,
        1.7115319967269897,
        1.6937335729599,
        1.8011980056762695,
        1.7455053329467773,
        1.7526285648345947,
        1.7668390274047852,
        1.7634692192077637,
        1.6889519691467285,
        1.6213586330413818,
        1.60255765914917,
        1.7068252563476562,
        1.803853988647461,
        1.778051733970642,
        1.5322680473327637,
        1.7620112895965576,
        1.8158801794052124,
        1.661515474319458,
        1.6564459800720215,
        1.6896837949752808,
        1.7784963846206665,
        1.7566828727722168,
        1.8279075622558594,
        1.764283299446106,
        1.7867927551269531,
        1.6465446949005127,
        1.7829325199127197,
        1.5761994123458862,
        1.806282639503479,
        1.6406471729278564,
        1.6978929042816162,
        1.6206200122833252,
        1.7711186408996582,
        1.6902427673339844,
        1.7748241424560547,
        1.654158592224121,
        1.6707546710968018,
        1.6219940185546875,
        1.655690312385559,
        1.7171950340270996,
        1.6517802476882935,
        1.548582673072815,
        1.685472846031189,
        1.6305533647537231,
        1.6359995603561401,
        1.7233394384384155,
        1.585613489151001,
        1.7455013990402222,
        1.6462198495864868,
        1.6917152404785156,
        1.5380887985229492,
        1.5728892087936401,
        1.7108721733093262,
        1.6447532176971436,
        1.5955986976623535,
        1.5881160497665405,
        1.5876103639602661,
        1.6194896697998047,
        1.6279313564300537,
        1.630248785018921,
        1.7301762104034424,
        1.6315033435821533,
        1.6629730463027954,
        1.798035740852356,
        1.6940168142318726,
        1.6569492816925049,
        1.731615424156189,
        1.6808604001998901,
        1.632729411125183,
        1.7119604349136353,
        1.7634589672088623,
        1.6587390899658203,
        1.753504753112793,
        1.6904600858688354,
        1.6872504949569702,
        1.7249715328216553,
        1.7501188516616821,
        1.6698089838027954,
        1.6332612037658691,
        1.667026162147522,
        1.6741435527801514,
        1.5936474800109863,
        1.623644232749939,
        1.6222256422042847,
        1.688163161277771,
        1.6360902786254883,
        1.6318577527999878,
        1.6363635063171387,
        1.7312071323394775,
        1.8952349424362183,
        1.822940707206726,
        1.716639757156372,
        1.5921087265014648,
        1.6478174924850464,
        1.5762865543365479,
        1.8287503719329834,
        1.635274887084961,
        1.6987899541854858,
        1.4974024295806885,
        1.6846154928207397,
        1.5813087224960327,
        1.6260985136032104,
        1.690905213356018,
        1.6950318813323975,
        1.6495590209960938,
        1.530666470527649,
        1.7175387144088745,
        1.6331446170806885,
        1.6027557849884033,
        1.6047316789627075,
        1.6603306531906128,
        1.6463748216629028,
        1.6214351654052734,
        1.713506817817688,
        1.669222354888916,
        1.6222721338272095,
        1.7995712757110596,
        1.763583779335022,
        1.6943849325180054,
        1.7648862600326538,
        1.6091874837875366,
        1.6742820739746094,
        1.5849794149398804,
        1.6387619972229004,
