{
    "stu_train_loss": [
        2.1257994174957275,
        2.1330699920654297,
        2.1340198516845703,
        2.1410422325134277,
        2.129697322845459,
        2.1466071605682373,
        2.13789963722229,
        2.1241846084594727,
        2.141592025756836,
        2.1413564682006836,
        2.124149799346924,
        2.1335086822509766,
        2.1345596313476562,
        2.104999303817749,
        2.115884304046631,
        2.1096091270446777,
        2.100205659866333,
        2.1084070205688477,
        2.1022348403930664,
        2.101795196533203,
        2.1053595542907715,
        2.101123571395874,
        2.080860137939453,
        2.097716808319092,
        2.07373046875,
        2.1004838943481445,
        2.109224557876587,
        2.08771014213562,
        2.0719120502471924,
        2.062171697616577,
        2.076951503753662,
        2.083483934402466,
        2.0451722145080566,
        2.074981212615967,
        2.052978038787842,
        2.054107666015625,
        2.073300361633301,
        2.059105634689331,
        2.0739104747772217,
        2.0418953895568848,
        2.0417885780334473,
        2.0490565299987793,
        2.0382957458496094,
        2.028061628341675,
        2.0296683311462402,
        1.9174330234527588
    ],
    "stu_test_loss": [
        2.076878786087036,
        2.1034996509552,
        2.144202709197998,
        2.133596181869507,
        2.1470134258270264,
        2.0653092861175537,
        2.1403138637542725,
        2.116750955581665,
        2.126549482345581,
        2.145253896713257,
        2.0975189208984375,
        2.1080493927001953,
        2.1087772846221924,
        2.1163928508758545,
        2.1778151988983154,
        2.11616587638855,
        2.1533560752868652,
        2.1923322677612305,
        2.2034871578216553,
        2.1914620399475098,
        2.1355161666870117,
        2.1153719425201416,
        2.131804943084717,
        2.0812573432922363,
        2.104088544845581,
        2.096717119216919,
        2.1059305667877197,
        2.2268502712249756,
        2.0956833362579346,
        2.1670122146606445,
        2.0685975551605225,
        2.103379011154175,
        2.097527503967285,
        2.1601433753967285,
        2.2002391815185547,
        2.1206111907958984,
        2.182311773300171,
        2.135535478591919,
        2.1825079917907715,
        2.1591908931732178,
        2.1300222873687744,
        2.0902206897735596,
        2.108180522918701,
        2.1940133571624756,
        2.166762590408325,
        2.205047607421875,
        2.1536450386047363,
        2.157172441482544,
        2.132335901260376,
        2.1850056648254395,
        2.1455447673797607,
        2.121610403060913,
        2.161660671234131,
        2.1199262142181396,
        2.126469612121582,
        2.0621252059936523,
        2.211024045944214,
        2.067415714263916,
        2.112314462661743,
        2.1808295249938965,
        2.1477277278900146,
        2.195693016052246,
        2.0814125537872314,
        2.1001226902008057,
        2.184980869293213,
        2.2082393169403076,
        2.1973142623901367,
        2.0886921882629395,
        2.1914238929748535,
        2.1329526901245117,
        2.101952075958252,
        2.0946996212005615,
        2.097348928451538,
        2.0716795921325684,
        2.165557384490967,
        2.1083309650421143,
        2.190800189971924,
        2.1856822967529297,
        2.1100590229034424,
        2.177211046218872,
        2.145225763320923,
        2.1809277534484863,
        2.1830317974090576,
        2.1054956912994385,
        2.0981359481811523,
        2.1966896057128906,
        2.1602225303649902,
        2.116314172744751,
        2.138512372970581,
        2.1589953899383545,
        2.1195621490478516,
        2.1819636821746826,
        2.1683104038238525,
        2.1600329875946045,
        2.0972678661346436,
        2.185609817504883,
        2.115340232849121,
        2.1454977989196777,
        2.144172430038452,
        2.1596691608428955,
        2.1010994911193848,
        2.109668731689453,
        2.0805373191833496,
        2.1526224613189697,
        2.192534923553467,
        2.1553738117218018,
        2.1494264602661133,
        2.083301544189453,
        2.100639581680298,
        2.1874070167541504,
        2.133056163787842,
        2.208059310913086,
        2.0815439224243164,
        2.1200435161590576,
        2.0786452293395996,
        2.2053565979003906,
        2.170058250427246,
        2.1476173400878906,
        2.1462392807006836,
        2.1713218688964844,
        2.156812906265259,
        2.1874794960021973,
        2.127936601638794,
        2.1922926902770996,
        2.1437761783599854,
        2.088016986846924,
        2.0811896324157715,
        2.152371883392334,
        2.191441774368286,
        2.1870651245117188,
        2.0142579078674316,
        2.1562705039978027,
        2.215939521789551,
        2.1178369522094727,
        2.0993080139160156,
        2.1385157108306885,
        2.218337059020996,
        2.1867306232452393,
        2.222320079803467,
        2.2015926837921143,
        2.172775983810425,
        2.092094898223877,
        2.169346570968628,
        2.0658504962921143,
        2.208665132522583,
        2.080631732940674,
        2.1226885318756104,
        2.089019775390625,
        2.1950604915618896,
        2.1533610820770264,
        2.183560371398926,
        2.1312196254730225,
        2.0998635292053223,
        2.088067054748535,
        2.106447219848633,
        2.1478934288024902,
        2.1414499282836914,
        2.0733988285064697,
        2.1535322666168213,
        2.0866236686706543,
        2.123124122619629,
        2.150125026702881,
        2.0982298851013184,
        2.1656508445739746,
        2.1037347316741943,
        2.153635025024414,
        2.054450750350952,
        2.079676389694214,
        2.1493823528289795,
        2.1230719089508057,
        2.070424795150757,
        2.069171905517578,
        2.062748670578003,
        2.0998382568359375,
        2.1223931312561035,
        2.106449604034424,
        2.126235008239746,
        2.1229209899902344,
        2.133124589920044,
        2.173227310180664,
        2.1184935569763184,
        2.111955165863037,
        2.1654410362243652,
        2.135685443878174,
        2.095731735229492,
        2.1453166007995605,
        2.150259256362915,
        2.080885887145996,
        2.163193941116333,
        2.112908363342285,
        2.106173038482666,
        2.1336655616760254,
        2.1466543674468994,
        2.1235127449035645,
        2.0962743759155273,
        2.1404635906219482,
        2.128537178039551,
        2.064948797225952,
        2.1016225814819336,
        2.110306739807129,
        2.132749080657959,
        2.096315622329712,
        2.1093015670776367,
        2.093344211578369,
        2.1259591579437256,
        2.2121241092681885,
        2.180925130844116,
        2.151383399963379,
        2.060739517211914,
        2.124037981033325,
        2.0541269779205322,
        2.1994898319244385,
        2.1117396354675293,
        2.1445858478546143,
        2.051593065261841,
        2.122462034225464,
        2.080350160598755,
        2.1071877479553223,
        2.103449583053589,
        2.1195826530456543,
        2.1300346851348877,
        2.078444480895996,
        2.1665964126586914,
        2.0899171829223633,
        2.088942050933838,
        2.089250326156616,
        2.117385149002075,
        2.0952889919281006,
        2.06427264213562,
        2.123108148574829,
        2.1139159202575684,
        2.068424701690674,
        2.174201011657715,
        2.1501684188842773,
        2.141435384750366,
        2.176553964614868,
        2.070563316345215,
        2.1141152381896973,
        2.083695888519287,
        2.1283302307128906,
        2.172433853149414,
        2.1043784618377686,
