{
    "stu_train_loss": [
        1.9487171173095703,
        1.9462089538574219,
        1.9798136949539185,
        1.9328522682189941,
        1.9684405326843262,
        1.9577537775039673,
        1.946302890777588,
        1.927445888519287,
        1.9165462255477905,
        1.9173849821090698,
        1.918041467666626,
        1.9042854309082031,
        1.935252070426941,
        1.950339913368225,
        1.9468861818313599,
        1.9109693765640259,
        1.9455509185791016,
        1.9018718004226685,
        1.9087384939193726,
        1.874548316001892,
        1.9372806549072266,
        1.8874866962432861,
        1.8950992822647095,
        1.8859736919403076,
        1.8928884267807007,
        1.8708869218826294,
        1.9017540216445923,
        1.884268879890442,
        1.864868402481079,
        1.853021264076233,
        1.925764799118042,
        1.8670505285263062,
        1.8450543880462646,
        1.870168924331665,
        1.8450793027877808,
        1.8696317672729492,
        1.874224066734314,
        1.8468196392059326,
        1.874731183052063,
        1.823370099067688,
        1.8310842514038086,
        1.8229458332061768,
        1.8324671983718872,
        1.8317129611968994,
        1.8137208223342896,
        1.8254643678665161
    ],
    "stu_test_loss": [
        1.829092264175415,
        1.872094750404358,
        1.938503623008728,
        1.933972954750061,
        1.9432508945465088,
        1.8239136934280396,
        1.9284684658050537,
        1.9061307907104492,
        1.9224733114242554,
        1.913832187652588,
        1.8799997568130493,
        1.882926344871521,
        1.8968398571014404,
        1.912825584411621,
        2.018051862716675,
        1.9136643409729004,
        1.9406018257141113,
        2.0156147480010986,
        1.9971675872802734,
        2.0218935012817383,
        1.9337900876998901,
        1.8997581005096436,
        1.9136524200439453,
        1.8502154350280762,
        1.8821765184402466,
        1.8669887781143188,
        1.8853750228881836,
        2.0424859523773193,
        1.8707703351974487,
        1.9573578834533691,
        1.8411047458648682,
        1.8782557249069214,
        1.874439001083374,
        1.9617887735366821,
        1.9992649555206299,
        1.9165393114089966,
        1.9912176132202148,
        1.9280097484588623,
        1.9954646825790405,
        1.974446177482605,
        1.9110418558120728,
        1.8734362125396729,
        1.906204342842102,
        2.0270566940307617,
        1.9789173603057861,
        2.0462257862091064,
        1.9617990255355835,
        1.9544905424118042,
        1.9338284730911255,
        1.9949887990951538,
        1.9354486465454102,
        1.8930951356887817,
        1.9787966012954712,
        1.9286576509475708,
        1.9242689609527588,
        1.8103082180023193,
        2.0483672618865967,
        1.8283319473266602,
        1.8928521871566772,
        1.9945253133773804,
        1.9635930061340332,
        2.0267837047576904,
        1.85831880569458,
        1.8889448642730713,
        2.009903907775879,
        2.0274572372436523,
        2.0361485481262207,
        1.863264560699463,
        2.035032272338867,
        1.9111226797103882,
        1.8888213634490967,
        1.852184534072876,
        1.8920984268188477,
        1.8552660942077637,
        1.984313726425171,
        1.8848843574523926,
        1.992812156677246,
        2.0188894271850586,
        1.8933460712432861,
        1.9776647090911865,
        1.9442391395568848,
        1.9699753522872925,
        2.001215696334839,
        1.9056200981140137,
        1.8746892213821411,
        2.0401809215545654,
        1.9609726667404175,
        1.8794174194335938,
        1.943629503250122,
        1.9505248069763184,
        1.9049474000930786,
        2.00299334526062,
        1.928981900215149,
        1.9651020765304565,
        1.8681951761245728,
        1.9837138652801514,
        1.8775309324264526,
        1.9580891132354736,
        1.949358582496643,
        1.9809744358062744,
        1.9025623798370361,
        1.8824408054351807,
        1.8680222034454346,
        1.958544135093689,
        2.0439770221710205,
        1.9810960292816162,
        1.9694157838821411,
        1.8455144166946411,
        1.862928867340088,
        1.9977658987045288,
        1.940282940864563,
        2.0412867069244385,
        1.8696478605270386,
        1.9106866121292114,
        1.835583209991455,
        2.012407064437866,
        1.9688007831573486,
        1.9472529888153076,
        1.9385446310043335,
        2.0080580711364746,
        1.9680150747299194,
        1.9820913076400757,
        1.9536850452423096,
        1.986196517944336,
        1.9440041780471802,
        1.8609775304794312,
        1.8568307161331177,
        1.9380149841308594,
        2.01090407371521,
        2.00750470161438,
        1.764202356338501,
        1.9987934827804565,
        2.043649911880493,
        1.870741844177246,
        1.873142123222351,
        1.9267997741699219,
        2.020594596862793,
        1.9957932233810425,
        2.0448546409606934,
        2.0098321437835693,
        2.0125255584716797,
        1.8608207702636719,
        1.9949456453323364,
        1.821248173713684,
        2.048720598220825,
        1.8871833086013794,
        1.9258614778518677,
        1.8546065092086792,
        2.0093815326690674,
        1.9455727338790894,
        1.9947543144226074,
        1.910899043083191,
        1.888575792312622,
        1.8555251359939575,
        1.8930622339248657,
        1.9612480401992798,
        1.916088342666626,
        1.8218199014663696,
        1.9528390169143677,
        1.8529695272445679,
        1.9066212177276611,
        1.9699907302856445,
        1.85699462890625,
        1.971832275390625,
        1.8995436429977417,
        1.9538178443908691,
        1.8026145696640015,
        1.840484619140625,
        1.9498176574707031,
        1.9063239097595215,
        1.8334721326828003,
        1.8516576290130615,
        1.820730447769165,
        1.8766357898712158,
        1.8856788873672485,
        1.8898229598999023,
        1.9330384731292725,
        1.9132158756256104,
        1.9154205322265625,
        1.9984428882598877,
        1.9102859497070312,
        1.9207769632339478,
        1.9557833671569824,
        1.932884931564331,
        1.8692188262939453,
        1.9488128423690796,
        1.9801660776138306,
        1.8741251230239868,
        1.9776151180267334,
        1.914916753768921,
        1.8856571912765503,
        1.9296635389328003,
        1.9580461978912354,
        1.9114646911621094,
        1.8854838609695435,
        1.9235713481903076,
        1.9297364950180054,
        1.8433282375335693,
        1.8880125284194946,
        1.8795959949493408,
        1.9272534847259521,
        1.8645721673965454,
        1.888243317604065,
        1.8692148923873901,
        1.9339044094085693,
        2.0675137042999268,
        2.0305144786834717,
        1.9622364044189453,
        1.8355040550231934,
        1.8933062553405762,
        1.810365915298462,
        2.029029607772827,
        1.903478741645813,
        1.9580340385437012,
        1.8019073009490967,
        1.930934190750122,
        1.8442929983139038,
        1.887187123298645,
        1.8969238996505737,
        1.9320701360702515,
        1.9029606580734253,
        1.8416587114334106,
        1.9837806224822998,
        1.8818496465682983,
        1.8606696128845215,
        1.8689444065093994,
        1.921112298965454,
        1.8817768096923828,
        1.8602471351623535,
        1.9343546628952026,
        1.918039083480835,
        1.8515679836273193,
        1.9966490268707275,
        1.9609750509262085,
        1.932520866394043,
        2.004441738128662,
        1.8219705820083618,
        1.8993734121322632,
        1.8486545085906982,
        1.885368824005127,
