{
    "stu_train_loss": [
        2.269019365310669,
        2.277362823486328,
        2.2726383209228516,
        2.276494264602661,
        2.279041051864624,
        2.2759525775909424,
        2.278120756149292,
        2.284228563308716,
        2.2844655513763428,
        2.2795286178588867,
        2.2763822078704834,
        2.273594856262207,
        2.2762887477874756,
        2.277198553085327,
        2.2722067832946777,
        2.268998384475708,
        2.270780324935913,
        2.2742910385131836,
        2.270474672317505,
        2.2696707248687744,
        2.26809024810791,
        2.2691218852996826,
        2.268646001815796,
        2.261526107788086,
        2.2775936126708984,
        2.261343479156494,
        2.265214681625366,
        2.271595001220703,
        2.260998010635376,
        2.26395320892334,
        2.2588634490966797,
        2.2598512172698975,
        2.260775327682495,
        2.2571089267730713,
        2.264070510864258,
        2.252660036087036,
        2.2558088302612305,
        2.2572011947631836,
        2.250369071960449,
        2.260803461074829,
        2.2536656856536865,
        2.2461318969726562,
        2.253673791885376,
        2.2433128356933594,
        2.2482187747955322,
        2.260741710662842
    ],
    "stu_test_loss": [
        2.3178300857543945,
        2.3443968296051025,
        2.3376572132110596,
        2.3315789699554443,
        2.351545572280884,
        2.3205549716949463,
        2.335815906524658,
        2.329103708267212,
        2.3367435932159424,
        2.3518242835998535,
        2.3351945877075195,
        2.3451337814331055,
        2.3352322578430176,
        2.3310134410858154,
        2.372605562210083,
        2.341125726699829,
        2.3572490215301514,
        2.357848644256592,
        2.3669302463531494,
        2.352917432785034,
        2.332585096359253,
        2.3319239616394043,
        2.340843439102173,
        2.3213016986846924,
        2.3440334796905518,
        2.342541217803955,
        2.326237916946411,
        2.366377830505371,
        2.325690507888794,
        2.357510805130005,
        2.323922872543335,
        2.3225085735321045,
        2.315660238265991,
        2.357001781463623,
        2.346970796585083,
        2.3395259380340576,
        2.3533761501312256,
        2.333732843399048,
        2.335819959640503,
        2.350260019302368,
        2.3400301933288574,
        2.322754144668579,
        2.3169689178466797,
        2.358269214630127,
        2.3451039791107178,
        2.3818225860595703,
        2.353043556213379,
        2.3497729301452637,
        2.3187096118927,
        2.344322443008423,
        2.350369691848755,
        2.339932441711426,
        2.361295461654663,
        2.3282008171081543,
        2.3435580730438232,
        2.3075757026672363,
        2.3522958755493164,
        2.3234846591949463,
        2.3360235691070557,
        2.353041172027588,
        2.337476968765259,
        2.3663103580474854,
        2.3252179622650146,
        2.3425655364990234,
        2.365226984024048,
        2.36297345161438,
        2.3653652667999268,
        2.334282159805298,
        2.3513669967651367,
        2.3307290077209473,
        2.3198375701904297,
        2.3229854106903076,
        2.3357298374176025,
        2.3227293491363525,
        2.3425517082214355,
        2.3429417610168457,
        2.3542613983154297,
        2.3470888137817383,
        2.335344076156616,
        2.358882427215576,
        2.3563289642333984,
        2.371440887451172,
        2.361412763595581,
        2.3341283798217773,
        2.330260753631592,
        2.3490331172943115,
        2.347254753112793,
        2.338843822479248,
        2.3492660522460938,
        2.342116355895996,
        2.336993932723999,
        2.3550033569335938,
        2.348928928375244,
        2.349581480026245,
        2.319803237915039,
        2.3527541160583496,
        2.341226100921631,
        2.363274335861206,
        2.339216709136963,
        2.3585755825042725,
        2.3231422901153564,
        2.3247604370117188,
        2.3323400020599365,
        2.3521509170532227,
        2.359584093093872,
        2.3273372650146484,
        2.3425824642181396,
        2.3146183490753174,
        2.3365390300750732,
        2.3516528606414795,
        2.345855712890625,
        2.368257522583008,
        2.3191986083984375,
        2.3471477031707764,
        2.326988935470581,
        2.3547523021698,
        2.3481123447418213,
        2.3576812744140625,
        2.3466784954071045,
        2.3548834323883057,
        2.3446249961853027,
        2.358316421508789,
        2.34309720993042,
        2.369748115539551,
        2.328859329223633,
        2.3083343505859375,
        2.333570957183838,
        2.3509700298309326,
        2.3612654209136963,
        2.3460962772369385,
        2.2897422313690186,
        2.3331966400146484,
        2.3756978511810303,
        2.3296096324920654,
        2.325392484664917,
        2.34966778755188,
        2.380868434906006,
        2.35029935836792,
        2.363204002380371,
        2.3688831329345703,
        2.3363020420074463,
        2.3394434452056885,
        2.332796573638916,
        2.316588878631592,
        2.363571882247925,
        2.316953182220459,
        2.3258602619171143,
        2.3340015411376953,
        2.3621866703033447,
        2.3443174362182617,
        2.3706655502319336,
        2.3372838497161865,
        2.342775583267212,
        2.3196308612823486,
        2.3310911655426025,
        2.341850996017456,
        2.340522289276123,
        2.30806040763855,
        2.338763475418091,
        2.3113415241241455,
        2.3250770568847656,
        2.348634719848633,
        2.34690523147583,
        2.3486831188201904,
        2.3245675563812256,
        2.3479485511779785,
        2.306704521179199,
        2.3125808238983154,
        2.3346004486083984,
        2.3318262100219727,
        2.3084371089935303,
        2.3279943466186523,
        2.321160316467285,
        2.3316667079925537,
        2.3486735820770264,
        2.3364109992980957,
        2.334293842315674,
        2.3345792293548584,
        2.3480517864227295,
        2.354114055633545,
        2.3389647006988525,
        2.3350281715393066,
        2.3592586517333984,
        2.3445534706115723,
        2.331611156463623,
        2.3502578735351562,
        2.346266746520996,
        2.3203132152557373,
        2.3481192588806152,
        2.3308615684509277,
        2.334914445877075,
        2.344879150390625,
        2.3425517082214355,
        2.3479206562042236,
        2.3108792304992676,
        2.335676908493042,
        2.341546058654785,
        2.3185713291168213,
        2.3241755962371826,
        2.347902297973633,
        2.335758924484253,
        2.3128795623779297,
        2.32709002494812,
        2.3262927532196045,
        2.3439688682556152,
        2.3588268756866455,
        2.3501505851745605,
        2.334484815597534,
        2.3066437244415283,
        2.325146436691284,
        2.3018527030944824,
        2.346891403198242,
        2.3343074321746826,
        2.3408453464508057,
        2.32816219329834,
        2.3449954986572266,
        2.323603868484497,
        2.3283119201660156,
        2.3152005672454834,
        2.3334884643554688,
        2.328890323638916,
        2.318892478942871,
        2.3489694595336914,
        2.316291332244873,
        2.322220802307129,
        2.328864336013794,
        2.3255410194396973,
        2.3223276138305664,
        2.307103157043457,
        2.334092617034912,
        2.330899477005005,
        2.3186748027801514,
        2.344618320465088,
        2.343494415283203,
        2.331244707107544,
        2.3633928298950195,
        2.3032572269439697,
        2.333158493041992,
        2.3300580978393555,
        2.3455190658569336,
        2.342958688735962,
        2.3458049297332764,
