{
    "stu_train_loss": [
        1.3401365280151367,
        1.3552974462509155,
        1.376564383506775,
        1.3683966398239136,
        1.342309594154358,
        1.3207683563232422,
        1.3197282552719116,
        1.3332628011703491,
        1.3181216716766357,
        1.321071982383728,
        1.3399018049240112,
        1.2920613288879395,
        1.343380331993103,
        1.3153636455535889,
        1.3133628368377686,
        1.2807621955871582,
        1.3108799457550049,
        1.2920918464660645,
        1.2558263540267944,
        1.3160642385482788,
        1.2995693683624268,
        1.3007447719573975,
        1.288753628730774,
        1.2806682586669922,
        1.246565580368042,
        1.2429836988449097,
        1.2888357639312744,
        1.2847081422805786,
        1.216547966003418,
        1.2479521036148071,
        1.2508556842803955,
        1.1972602605819702,
        1.1973850727081299,
        1.1732648611068726,
        1.2305885553359985,
        1.1872161626815796,
        1.240112543106079,
        1.1729215383529663,
        1.1895620822906494,
        1.1676353216171265,
        1.1910901069641113,
        1.1694267988204956,
        1.2169967889785767,
        1.1902939081192017,
        1.2250492572784424,
        1.3488342761993408
    ],
    "stu_test_loss": [
        1.1822116374969482,
        1.3082544803619385,
        1.3141556978225708,
        1.2718446254730225,
        1.361103892326355,
        1.242579460144043,
        1.3985263109207153,
        1.2865188121795654,
        1.294879674911499,
        1.3247642517089844,
        1.36216402053833,
        1.3312301635742188,
        1.3045358657836914,
        1.2776060104370117,
        1.4853893518447876,
        1.2947916984558105,
        1.31842041015625,
        1.3984349966049194,
        1.4038172960281372,
        1.4695122241973877,
        1.3392894268035889,
        1.274086833000183,
        1.2658145427703857,
        1.2621371746063232,
        1.3329041004180908,
        1.2574248313903809,
        1.2675625085830688,
        1.518904209136963,
        1.318554401397705,
        1.4528862237930298,
        1.2495977878570557,
        1.249635934829712,
        1.3139442205429077,
        1.3534049987792969,
        1.4351158142089844,
        1.34111487865448,
        1.3932912349700928,
        1.3975855112075806,
        1.4657288789749146,
        1.3468246459960938,
        1.2965071201324463,
        1.2123626470565796,
        1.4258958101272583,
        1.4624587297439575,
        1.2961291074752808,
        1.5150684118270874,
        1.3444538116455078,
        1.3658407926559448,
        1.3420847654342651,
        1.3205662965774536,
        1.384446382522583,
        1.282855749130249,
        1.419384479522705,
        1.2902936935424805,
        1.3426268100738525,
        1.1950544118881226,
        1.4242955446243286,
        1.2433587312698364,
        1.274454116821289,
        1.4636496305465698,
        1.4142357110977173,
        1.3926478624343872,
        1.2260276079177856,
        1.3923110961914062,
        1.4361298084259033,
        1.4792033433914185,
        1.5475879907608032,
        1.2442845106124878,
        1.4570053815841675,
        1.2814280986785889,
        1.317278504371643,
        1.296228051185608,
        1.2331433296203613,
        1.2490426301956177,
        1.353519082069397,
        1.3141897916793823,
        1.4476479291915894,
        1.3487472534179688,
        1.3097318410873413,
        1.4444248676300049,
        1.3794007301330566,
        1.420780062675476,
        1.3926022052764893,
        1.3042588233947754,
        1.2907099723815918,
        1.4720218181610107,
        1.3231438398361206,
        1.319435477256775,
        1.3538283109664917,
        1.3101285696029663,
        1.2466607093811035,
        1.5163064002990723,
        1.3599120378494263,
        1.3779830932617188,
        1.2432599067687988,
        1.3699041604995728,
        1.2952871322631836,
        1.4630193710327148,
        1.3357394933700562,
        1.3154361248016357,
        1.3300023078918457,
        1.3389809131622314,
        1.2750418186187744,
        1.3270407915115356,
        1.5188508033752441,
        1.4239271879196167,
        1.326621651649475,
        1.2424664497375488,
        1.2022132873535156,
        1.3783745765686035,
        1.3299791812896729,
        1.5300469398498535,
        1.2281781435012817,
        1.3161219358444214,
        1.2526154518127441,
        1.3671393394470215,
        1.3633960485458374,
        1.3888591527938843,
        1.390813946723938,
        1.5123158693313599,
        1.3676221370697021,
        1.3328838348388672,
        1.4605737924575806,
        1.4396454095840454,
        1.2871427536010742,
        1.2932454347610474,
        1.2197308540344238,
        1.321059226989746,
        1.4630422592163086,
        1.366082787513733,
        1.248131275177002,
        1.4803444147109985,
        1.4601387977600098,
        1.2625261545181274,
        1.2748446464538574,
        1.3274867534637451,
        1.3894808292388916,
        1.3367831707000732,
        1.424507975578308,
        1.362457513809204,
        1.4683140516281128,
        1.3008419275283813,
        1.412219524383545,
        1.224180817604065,
        1.435964822769165,
        1.291245460510254,
        1.3084343671798706,
        1.2854634523391724,
        1.445081114768982,
        1.3285592794418335,
        1.4318857192993164,
        1.264602780342102,
        1.3074665069580078,
        1.2422144412994385,
        1.2939152717590332,
        1.2902848720550537,
        1.2319881916046143,
        1.137251853942871,
        1.3160589933395386,
        1.2526235580444336,
        1.252872109413147,
        1.3702151775360107,
        1.2776570320129395,
        1.357844591140747,
        1.2471351623535156,
        1.2907336950302124,
        1.1695526838302612,
        1.1807546615600586,
        1.3037357330322266,
        1.2313079833984375,
        1.2042604684829712,
        1.203089952468872,
        1.22005295753479,
        1.2429697513580322,
        1.2506049871444702,
        1.2481415271759033,
        1.4326258897781372,
        1.2258684635162354,
        1.245368242263794,
        1.4352304935455322,
        1.3280450105667114,
        1.3163992166519165,
        1.3862733840942383,
        1.3092201948165894,
        1.2483323812484741,
        1.3645527362823486,
        1.4888741970062256,
        1.321213960647583,
        1.418204426765442,
        1.3664495944976807,
        1.349353313446045,
        1.3750367164611816,
        1.417087435722351,
        1.2951040267944336,
        1.221091628074646,
        1.2735275030136108,
        1.281998634338379,
        1.2010401487350464,
        1.2411487102508545,
        1.2543339729309082,
        1.2921032905578613,
        1.2091529369354248,
        1.3146352767944336,
        1.2650272846221924,
        1.4459259510040283,
        1.6425777673721313,
        1.5210028886795044,
        1.3589478731155396,
        1.2295984029769897,
        1.2335714101791382,
        1.2192217111587524,
        1.4821304082870483,
        1.2584986686706543,
        1.274564504623413,
        1.1121165752410889,
        1.3148722648620605,
        1.1823463439941406,
        1.2487237453460693,
        1.3207827806472778,
        1.336946725845337,
        1.2538254261016846,
        1.1343547105789185,
        1.3269569873809814,
        1.2640254497528076,
        1.2217751741409302,
        1.2586860656738281,
        1.2563587427139282,
        1.2635831832885742,
        1.2293949127197266,
        1.369046926498413,
        1.248706340789795,
        1.2834043502807617,
        1.5055179595947266,
        1.4072346687316895,
        1.324660062789917,
        1.3605022430419922,
        1.2346105575561523,
        1.298268437385559,
        1.2100939750671387,
