{
    "stu_train_loss": [
        1.1027575731277466,
        1.0758004188537598,
        1.0929566621780396,
        1.0806729793548584,
        1.0840492248535156,
        1.0318758487701416,
        1.0997611284255981,
        1.0390807390213013,
        1.0635257959365845,
        1.0746268033981323,
        1.0806987285614014,
        1.0128334760665894,
        1.0537195205688477,
        1.0624903440475464,
        1.0963966846466064,
        1.0111663341522217,
        1.070127010345459,
        0.9858459830284119,
        1.0632898807525635,
        1.0604116916656494,
        1.0063633918762207,
        1.0164659023284912,
        0.9718424081802368,
        0.9844341278076172,
        1.0136548280715942,
        1.0263079404830933,
        1.0359747409820557,
        1.023218035697937,
        0.9823452234268188,
        1.0723466873168945,
        0.9873623847961426,
        0.9859842658042908,
        1.0381299257278442,
        1.0025898218154907,
        1.013832926750183,
        0.9883827567100525,
        0.9817840456962585,
        1.024215817451477,
        0.9882975816726685,
        0.9691570997238159,
        0.9534021615982056,
        0.9545689821243286,
        0.9465327262878418,
        0.9325826168060303,
        0.9187431931495667,
        0.8612406253814697
    ],
    "stu_test_loss": [
        0.9301785826683044,
        1.1101490259170532,
        1.1194878816604614,
        1.0362862348556519,
        1.1398391723632812,
        1.0752660036087036,
        1.1970406770706177,
        1.1135592460632324,
        1.061700463294983,
        1.1178103685379028,
        1.1488226652145386,
        1.0892009735107422,
        1.075008749961853,
        1.0396679639816284,
        1.302320957183838,
        1.1153370141983032,
        1.1494218111038208,
        1.1542658805847168,
        1.2067060470581055,
        1.2714496850967407,
        1.1549086570739746,
        1.0669832229614258,
        1.060010552406311,
        1.0868831872940063,
        1.1484100818634033,
        1.0750529766082764,
        1.0447311401367188,
        1.2500176429748535,
        1.1354124546051025,
        1.233322262763977,
        1.0573234558105469,
        1.0292874574661255,
        1.115418553352356,
        1.100024938583374,
        1.2665196657180786,
        1.128730297088623,
        1.1570245027542114,
        1.136453628540039,
        1.2524371147155762,
        1.11131751537323,
        1.1023361682891846,
        1.0225749015808105,
        1.1471097469329834,
        1.227883219718933,
        1.0734015703201294,
        1.2467613220214844,
        1.1316910982131958,
        1.1626476049423218,
        1.1255061626434326,
        1.0285969972610474,
        1.1895203590393066,
        1.0440261363983154,
        1.1947349309921265,
        1.0906380414962769,
        1.1479206085205078,
        1.00901198387146,
        1.2268543243408203,
        1.080252766609192,
        1.0723918676376343,
        1.2033509016036987,
        1.1763465404510498,
        1.163417100906372,
        1.0244717597961426,
        1.2077834606170654,
        1.2351826429367065,
        1.2812976837158203,
        1.3121623992919922,
        0.9990805387496948,
        1.2379484176635742,
        1.0686306953430176,
        1.1273154020309448,
        1.1267194747924805,
        1.0029722452163696,
        1.0701806545257568,
        1.1098097562789917,
        1.0805801153182983,
        1.1668139696121216,
        1.0840429067611694,
        1.1238090991973877,
        1.2517807483673096,
        1.158892035484314,
        1.1656955480575562,
        1.1892186403274536,
        1.0868308544158936,
        1.0790529251098633,
        1.252640962600708,
        1.1146162748336792,
        1.085208535194397,
        1.170045018196106,
        1.0599267482757568,
        1.1023023128509521,
        1.323774814605713,
        1.101955533027649,
        1.119759440422058,
        1.0025326013565063,
        1.1508777141571045,
        1.0759403705596924,
        1.2818429470062256,
        1.159659743309021,
        1.106904149055481,
        1.1271419525146484,
        1.1146173477172852,
        1.0732671022415161,
        1.0866584777832031,
        1.3320330381393433,
        1.177018642425537,
        1.0986038446426392,
        1.072356939315796,
        0.9926407933235168,
        1.1784567832946777,
        1.1795172691345215,
        1.2907129526138306,
        1.0681606531143188,
        1.0928339958190918,
        1.0515167713165283,
        1.088922381401062,
        1.1771693229675293,
        1.1498044729232788,
        1.2134993076324463,
        1.3258252143859863,
        1.174728274345398,
        1.1262818574905396,
        1.264749526977539,
        1.2130711078643799,
        1.0602917671203613,
        1.14639413356781,
        1.0158581733703613,
        1.1389206647872925,
        1.2352532148361206,
        1.1599215269088745,
        1.0457687377929688,
        1.3022334575653076,
        1.2103984355926514,
        1.0787837505340576,
        1.0804105997085571,
        1.0892118215560913,
        1.1723159551620483,
        1.1122806072235107,
        1.23976469039917,
        1.1374528408050537,
        1.3288718461990356,
        1.1147626638412476,
        1.1887636184692383,
        0.9917861819267273,
        1.1857678890228271,
        1.0939046144485474,
        1.1099745035171509,
        1.062887191772461,
        1.2467436790466309,
        1.134134292602539,
        1.21894371509552,
        0.9990581274032593,
        1.1431502103805542,
        1.0204299688339233,
        1.1504753828048706,
        1.1309316158294678,
        0.9869610667228699,
        0.8914269208908081,
        1.0336159467697144,
        0.9844331741333008,
        1.0150138139724731,
        1.1460034847259521,
        1.0656658411026,
        1.087571620941162,
        1.0268549919128418,
        1.034985899925232,
        0.9635859727859497,
        0.9429304599761963,
        1.0576231479644775,
        0.9851338267326355,
        0.9935817122459412,
        0.9685652852058411,
        1.0084456205368042,
        1.046766757965088,
        1.0040614604949951,
        1.0521240234375,
        1.1787364482879639,
        0.9646284580230713,
        1.0260074138641357,
        1.2257739305496216,
        1.0893406867980957,
        1.0583806037902832,
        1.108532428741455,
        1.0347566604614258,
        1.020415186882019,
        1.1241731643676758,
        1.2337450981140137,
        1.0923577547073364,
        1.1613401174545288,
        1.1388503313064575,
        1.21480393409729,
        1.1481297016143799,
        1.338187336921692,
        1.0735979080200195,
        0.9579258561134338,
        1.0127408504486084,
        1.0532149076461792,
        0.9576597213745117,
        0.9523037672042847,
        1.0156457424163818,
        1.034122109413147,
        0.9724788665771484,
        1.0389937162399292,
        1.0702476501464844,
        1.2984641790390015,
        1.4932748079299927,
        1.3748927116394043,
        1.1371281147003174,
        0.9952074885368347,
        1.0520960092544556,
        1.1215018033981323,
        1.4234060049057007,
        1.0399315357208252,
        1.041958212852478,
        0.899610161781311,
        1.0707449913024902,
        0.9263128042221069,
        1.0051097869873047,
        1.0454635620117188,
        1.058220624923706,
        0.989815354347229,
        0.9084346294403076,
        1.048433780670166,
        0.9956811666488647,
        0.9732145071029663,
        1.0413644313812256,
        1.0702266693115234,
        1.0212002992630005,
        0.9977750778198242,
        1.0675462484359741,
        0.9788779020309448,
        1.0940717458724976,
        1.308647871017456,
        1.1894727945327759,
        1.062322735786438,
        1.1037400960922241,
        1.0515656471252441,
        1.0517425537109375,
        0.9950898289680481,
        0.985880970954895,
