{
    "stu_train_loss": [
        1.2527027130126953,
        1.151375412940979,
        1.2314249277114868,
        1.1652976274490356,
        1.2040157318115234,
        1.2150670289993286,
        1.1622294187545776,
        1.1872810125350952,
        1.1888158321380615,
        1.2262353897094727,
        1.218505620956421,
        1.1719759702682495,
        1.2245482206344604,
        1.2081440687179565,
        1.1879483461380005,
        1.157740831375122,
        1.1534608602523804,
        1.0896530151367188,
        1.1592799425125122,
        1.1941344738006592,
        1.1833794116973877,
        1.165063500404358,
        1.1307566165924072,
        1.1740835905075073,
        1.1708130836486816,
        1.1293357610702515,
        1.117936134338379,
        1.0852839946746826,
        1.1736317873001099,
        1.1210882663726807,
        1.0661369562149048,
        1.1354162693023682,
        1.1171636581420898,
        1.1170566082000732,
        1.0600457191467285,
        1.0900453329086304,
        1.0999399423599243,
        1.0984241962432861,
        1.0599403381347656,
        1.0921720266342163,
        1.0622133016586304,
        1.0715348720550537,
        1.0621951818466187,
        1.05739164352417,
        1.0508437156677246,
        0.9045717716217041
    ],
    "stu_test_loss": [
        1.0345574617385864,
        1.1972613334655762,
        1.1645578145980835,
        1.1491155624389648,
        1.2162656784057617,
        1.0984199047088623,
        1.246338129043579,
        1.1955446004867554,
        1.1879935264587402,
        1.236840009689331,
        1.2111417055130005,
        1.1626927852630615,
        1.1917808055877686,
        1.1319866180419922,
        1.3724995851516724,
        1.1932204961776733,
        1.2236467599868774,
        1.2573087215423584,
        1.3226417303085327,
        1.3786921501159668,
        1.2326209545135498,
        1.1713755130767822,
        1.1394681930541992,
        1.1262797117233276,
        1.2069824934005737,
        1.139260172843933,
        1.113832712173462,
        1.3924064636230469,
        1.2568176984786987,
        1.3087587356567383,
        1.1529803276062012,
        1.1404457092285156,
        1.207421064376831,
        1.2204300165176392,
        1.354912281036377,
        1.2662911415100098,
        1.2342286109924316,
        1.2855437994003296,
        1.3950115442276,
        1.2051873207092285,
        1.1610710620880127,
        1.1326943635940552,
        1.2923815250396729,
        1.3488126993179321,
        1.2293040752410889,
        1.3510452508926392,
        1.2604095935821533,
        1.2457902431488037,
        1.210707664489746,
        1.2121355533599854,
        1.2858891487121582,
        1.1663169860839844,
        1.303321361541748,
        1.1502206325531006,
        1.2365765571594238,
        1.0925308465957642,
        1.3224730491638184,
        1.1379398107528687,
        1.1589900255203247,
        1.329769253730774,
        1.2402265071868896,
        1.2476816177368164,
        1.1169416904449463,
        1.2704412937164307,
        1.352560043334961,
        1.381512999534607,
        1.4365347623825073,
        1.0828285217285156,
        1.3468050956726074,
        1.1709717512130737,
        1.1691453456878662,
        1.2239861488342285,
        1.1000597476959229,
        1.1440277099609375,
        1.1893893480300903,
        1.1802314519882202,
        1.3041304349899292,
        1.2102935314178467,
        1.1959465742111206,
        1.3329235315322876,
        1.261740803718567,
        1.2624988555908203,
        1.3037800788879395,
        1.1612107753753662,
        1.1449801921844482,
        1.3489022254943848,
        1.1949440240859985,
        1.1950169801712036,
        1.2480465173721313,
        1.176175832748413,
        1.1080657243728638,
        1.4395873546600342,
        1.2300407886505127,
        1.2443245649337769,
        1.1300121545791626,
        1.2260781526565552,
        1.1873027086257935,
        1.3189866542816162,
        1.2222039699554443,
        1.205803394317627,
        1.2212700843811035,
        1.2235430479049683,
        1.1356216669082642,
        1.1940115690231323,
        1.3648253679275513,
        1.2864902019500732,
        1.1923072338104248,
        1.1318385601043701,
        1.077093482017517,
        1.245249629020691,
        1.1958823204040527,
        1.3589098453521729,
        1.095687747001648,
        1.1787229776382446,
        1.1359577178955078,
        1.2286288738250732,
        1.270079493522644,
        1.224604606628418,
        1.2819591760635376,
        1.4089202880859375,
        1.2573487758636475,
        1.2167820930480957,
        1.3121031522750854,
        1.2846479415893555,
        1.1482051610946655,
        1.1695680618286133,
        1.120308518409729,
        1.2412196397781372,
        1.358137845993042,
        1.2679154872894287,
        1.137361764907837,
        1.382831335067749,
        1.3032283782958984,
        1.1586834192276,
        1.1834886074066162,
        1.191909909248352,
        1.2640446424484253,
        1.2102078199386597,
        1.3056374788284302,
        1.238196849822998,
        1.378967523574829,
        1.186349868774414,
        1.2733045816421509,
        1.1080714464187622,
        1.2946412563323975,
        1.2082628011703491,
        1.1718865633010864,
        1.1744437217712402,
        1.3201189041137695,
        1.1928435564041138,
        1.3134548664093018,
        1.1453605890274048,
        1.2097797393798828,
        1.0879371166229248,
        1.1891149282455444,
        1.2186168432235718,
        1.0962567329406738,
        1.018937349319458,
        1.1581372022628784,
        1.1042526960372925,
        1.1004899740219116,
        1.2695330381393433,
        1.1614232063293457,
        1.225827693939209,
        1.0972092151641846,
        1.1719036102294922,
        1.0480554103851318,
        1.0324147939682007,
        1.1752455234527588,
        1.069206953048706,
        1.0857173204421997,
        1.0638142824172974,
        1.0981371402740479,
        1.1067872047424316,
        1.1008542776107788,
        1.128695011138916,
        1.2915245294570923,
        1.0618464946746826,
        1.149681568145752,
        1.330554723739624,
        1.1935451030731201,
        1.1784265041351318,
        1.2427711486816406,
        1.1821848154067993,
        1.1584210395812988,
        1.20913565158844,
        1.3469252586364746,
        1.207256555557251,
        1.270180344581604,
        1.2615739107131958,
        1.267227053642273,
        1.2524899244308472,
        1.3355543613433838,
        1.1767816543579102,
        1.0973258018493652,
        1.1425225734710693,
        1.1556106805801392,
        1.052229881286621,
        1.0897555351257324,
        1.1178210973739624,
        1.172154188156128,
        1.0900464057922363,
        1.1664708852767944,
        1.1365220546722412,
        1.3550361394882202,
        1.586208701133728,
        1.4429725408554077,
        1.271807312965393,
        1.0758326053619385,
        1.1144239902496338,
        1.1257935762405396,
        1.3564832210540771,
        1.1429531574249268,
        1.137923002243042,
        1.0041491985321045,
        1.1881861686706543,
        1.0299561023712158,
        1.1163822412490845,
        1.1696114540100098,
        1.167696237564087,
        1.1164885759353638,
        1.0055859088897705,
        1.2093312740325928,
        1.0930635929107666,
        1.0586110353469849,
        1.1226698160171509,
        1.1633785963058472,
        1.147379755973816,
        1.092759132385254,
        1.202831506729126,
        1.1016387939453125,
        1.184255599975586,
        1.434507966041565,
        1.261634349822998,
        1.1703685522079468,
        1.2433019876480103,
        1.1649523973464966,
        1.1368478536605835,
        1.0866106748580933,
        1.092940092086792,
