{
    "stu_train_loss": [
        0.7827735543251038,
        0.7715821266174316,
        0.7506412267684937,
        0.7704410552978516,
        0.762167751789093,
        0.7512897849082947,
        0.797991156578064,
        0.7959246039390564,
        0.760979950428009,
        0.7165906429290771,
        0.816035270690918,
        0.7129570841789246,
        0.7920316457748413,
        0.7595141530036926,
        0.7454924583435059,
        0.6904387474060059,
        0.7426084876060486,
        0.752063512802124,
        0.7011404037475586,
        0.7458000779151917,
        0.7460685968399048,
        0.7179334163665771,
        0.7034114599227905,
        0.7142510414123535,
        0.7499025464057922,
        0.7322083115577698,
        0.7686071395874023,
        0.7014989852905273,
        0.7135365009307861,
        0.7598754167556763,
        0.693518877029419,
        0.6660638451576233,
        0.7351852059364319,
        0.7230408787727356,
        0.7572472095489502,
        0.6491386890411377,
        0.6589613556861877,
        0.6954730749130249,
        0.6732562184333801,
        0.6687564849853516,
        0.6772444248199463,
        0.6919175386428833,
        0.6912623047828674,
        0.6675655245780945,
        0.6477352380752563,
        0.49943894147872925
    ],
    "stu_test_loss": [
        0.7365355491638184,
        0.8902959823608398,
        0.8176263570785522,
        0.7829465866088867,
        0.8451206684112549,
        0.8023382425308228,
        0.9605815410614014,
        0.9378572106361389,
        0.7717863917350769,
        0.8906705975532532,
        0.9469677209854126,
        0.8593416810035706,
        0.895318865776062,
        0.733121395111084,
        1.0380703210830688,
        0.8813788294792175,
        0.847722053527832,
        0.8600131273269653,
        0.9429473876953125,
        1.1101930141448975,
        0.8798031210899353,
        0.8177613615989685,
        0.8201348781585693,
        0.8745701313018799,
        0.923576831817627,
        0.832310140132904,
        0.7485212087631226,
        1.0093048810958862,
        0.9754941463470459,
        0.9829378128051758,
        0.8235629200935364,
        0.8078538179397583,
        0.9149303436279297,
        0.9075918197631836,
        1.0126872062683105,
        0.8919486403465271,
        0.8448868989944458,
        0.8985576629638672,
        1.046717882156372,
        0.8480433821678162,
        0.8470646142959595,
        0.7885298728942871,
        0.9514901638031006,
        1.0027530193328857,
        0.784321129322052,
        0.9967514872550964,
        0.8738052845001221,
        0.951093316078186,
        0.8435445427894592,
        0.7592217922210693,
        1.0419247150421143,
        0.8158321380615234,
        0.925224781036377,
        0.8075628876686096,
        0.9212343692779541,
        0.8281952142715454,
        0.8780758380889893,
        0.8010836839675903,
        0.8285888433456421,
        0.9578520655632019,
        0.9039797186851501,
        0.8633508086204529,
        0.7499566674232483,
        1.0104511976242065,
        0.9758777618408203,
        1.0884733200073242,
        1.0992474555969238,
        0.7433887720108032,
        0.9787734746932983,
        0.811693549156189,
        0.8440937995910645,
        0.9065459966659546,
        0.7732274532318115,
        0.8044487237930298,
        0.8633759617805481,
        0.8775705695152283,
        0.976576566696167,
        0.7397492527961731,
        0.8935874104499817,
        1.060007929801941,
        0.9655702114105225,
        0.9083713293075562,
        0.911007821559906,
        0.8297560214996338,
        0.8734408617019653,
        0.9309608936309814,
        0.8054947853088379,
        0.8651164174079895,
        0.9037312865257263,
        0.8040158748626709,
        0.8169800043106079,
        1.1453266143798828,
        0.9376245737075806,
        0.9266424775123596,
        0.7688615322113037,
        0.819786012172699,
        0.883561909198761,
        1.0776960849761963,
        0.8390273451805115,
        0.7961313128471375,
        0.8296313285827637,
        0.9384387731552124,
        0.8583074808120728,
        0.8356447219848633,
        1.0024675130844116,
        0.8801229596138,
        0.8262776136398315,
        0.7969837188720703,
        0.7722967863082886,
        0.870397686958313,
        0.8582868576049805,
        1.0483428239822388,
        0.735303521156311,
        0.8116039037704468,
        0.7521396279335022,
        0.8709921836853027,
        0.8971534967422485,
        0.948465883731842,
        0.9507322311401367,
        1.1172869205474854,
        0.8597928285598755,
        0.7801586389541626,
        1.0069974660873413,
        0.9248321056365967,
        0.7581737041473389,
        0.8406151533126831,
        0.7648531198501587,
        0.9040480852127075,
        0.9473758339881897,
        0.8757145404815674,
        0.8337641954421997,
        1.0411421060562134,
        0.9368666410446167,
        0.8549578785896301,
        0.8581713438034058,
        0.8405762910842896,
        0.9337082505226135,
        0.8478745222091675,
        0.9671329855918884,
        0.848482072353363,
        1.0445103645324707,
        0.8326135873794556,
        0.9027884006500244,
        0.7378603219985962,
        0.900540828704834,
        0.8319383859634399,
        0.7616634964942932,
        0.8692200183868408,
        1.0439703464508057,
        0.8895314931869507,
        0.9770311117172241,
        0.7838606834411621,
        0.8306968808174133,
        0.7702531218528748,
        0.8722779750823975,
        0.8690993189811707,
        0.7331743240356445,
        0.6611109972000122,
        0.8073707818984985,
        0.7054298520088196,
        0.7559782266616821,
        0.9069740772247314,
        0.8428248167037964,
        0.789832353591919,
        0.719062089920044,
        0.7477369904518127,
        0.7271709442138672,
        0.7109615802764893,
        0.7558151483535767,
        0.6900439858436584,
        0.7134119868278503,
        0.6847845911979675,
        0.7572500705718994,
        0.7892696857452393,
        0.7469509840011597,
        0.8480918407440186,
        0.9788344502449036,
        0.6707897186279297,
        0.767919659614563,
        1.0011565685272217,
        0.7910996079444885,
        0.7910643815994263,
        0.8412485718727112,
        0.8403420448303223,
        0.804413378238678,
        0.8470898866653442,
        1.0821948051452637,
        0.866678774356842,
        0.8928276300430298,
        0.9695203304290771,
        0.9551216959953308,
        0.9200509786605835,
        1.1016143560409546,
        0.7788476943969727,
        0.7112017869949341,
        0.7416284084320068,
        0.7733664512634277,
        0.6961336731910706,
        0.6692465543746948,
        0.7658704519271851,
        0.747382640838623,
        0.7113632559776306,
        0.8198659420013428,
        0.7817049622535706,
        1.0252541303634644,
        1.3306502103805542,
        1.1131155490875244,
        0.9157595634460449,
        0.6989859938621521,
        0.7182648181915283,
        0.8264284133911133,
        0.9188792705535889,
        0.7969282865524292,
        0.745567262172699,
        0.6636976003646851,
        0.8236442804336548,
        0.6304810643196106,
        0.7677316069602966,
        0.8189314007759094,
        0.7787914872169495,
        0.753885805606842,
        0.6789548397064209,
        0.7914925813674927,
        0.7296466827392578,
        0.6862369775772095,
        0.8029941916465759,
        0.7927119731903076,
        0.7669739127159119,
        0.7692709565162659,
        0.8232800960540771,
        0.7210506200790405,
        0.8166441917419434,
        1.0477678775787354,
        0.858777642250061,
        0.8792797327041626,
        0.8057392835617065,
        0.8149982690811157,
        0.7596415281295776,
        0.793201208114624,
