{
    "stu_train_loss": [
        2.2916505336761475,
        2.2892119884490967,
        2.2896103858947754,
        2.2850472927093506,
        2.2889389991760254,
        2.287343978881836,
        2.291213274002075,
        2.2900924682617188,
        2.281376600265503,
        2.285301446914673,
        2.284489393234253,
        2.2837584018707275,
        2.2896416187286377,
        2.2820379734039307,
        2.287903070449829,
        2.284423828125,
        2.282301664352417,
        2.2829418182373047,
        2.2840704917907715,
        2.285017490386963,
        2.283195972442627,
        2.283095359802246,
        2.285629987716675,
        2.281358242034912,
        2.2808585166931152,
        2.2830445766448975,
        2.2830941677093506,
        2.2833197116851807,
        2.282421827316284,
        2.282548189163208
    ],
    "stu_test_loss": [
        2.397064685821533,
        2.3984620571136475,
        2.389310359954834,
        2.4146671295166016,
        2.3846840858459473,
        2.3900160789489746,
        2.3913369178771973,
        2.385357618331909,
        2.405163049697876,
        2.4009742736816406,
        2.399914264678955,
        2.384491205215454,
        2.3954222202301025,
        2.3988037109375,
        2.391040325164795,
        2.364530563354492,
        2.3879001140594482,
        2.3798909187316895,
        2.396874189376831,
        2.387789249420166,
        2.3972723484039307,
        2.3815159797668457,
        2.379611015319824,
        2.3997249603271484,
        2.3924472332000732,
        2.3924202919006348,
        2.3913161754608154,
        2.4061594009399414,
        2.4005908966064453,
        2.404395818710327,
        2.396291971206665,
        2.4107930660247803,
        2.4164655208587646,
        2.4024479389190674,
        2.392310857772827,
        2.3961081504821777,
        2.406522035598755,
        2.4021594524383545,
        2.403567314147949,
        2.3950860500335693,
        2.392526865005493,
        2.3916215896606445,
        2.384422540664673,
        2.3985867500305176,
        2.398763656616211,
        2.393643617630005,
        2.4016218185424805,
        2.4019744396209717,
        2.3776609897613525,
        2.4014713764190674,
        2.401008367538452,
        2.3784477710723877,
        2.383119583129883,
        2.3890788555145264,
        2.394860029220581,
        2.4192912578582764,
        2.399359703063965,
        2.3918826580047607,
        2.392387628555298,
        2.392981767654419,
        2.3981192111968994,
        2.411261796951294,
        2.3922667503356934,
        2.3817992210388184,
        2.3851163387298584,
        2.407684564590454,
        2.396888494491577,
        2.386537790298462,
        2.382540225982666,
        2.383765697479248,
        2.399923086166382,
        2.39776873588562,
        2.3986623287200928,
        2.3949313163757324,
        2.393601417541504,
        2.3783345222473145,
        2.3896591663360596,
        2.3959145545959473,
        2.391866683959961,
        2.400658369064331,
        2.3888447284698486,
        2.3850862979888916,
        2.403447389602661,
        2.403247833251953,
        2.3916306495666504,
        2.412585973739624,
        2.3928213119506836,
        2.3931639194488525,
        2.407165050506592,
        2.3817265033721924,
        2.407440423965454,
        2.392606496810913,
        2.3840725421905518,
        2.3907878398895264,
        2.405616283416748,
        2.396639585494995,
        2.39852237701416,
        2.390435218811035,
        2.383894681930542,
        2.3942179679870605,
        2.4074246883392334,
        2.4016079902648926,
        2.3749630451202393,
        2.3981800079345703,
        2.3938565254211426,
        2.4047341346740723,
        2.3843576908111572,
        2.3816370964050293,
        2.3927664756774902,
        2.4039053916931152,
        2.3838486671447754,
        2.4039058685302734,
        2.401080846786499,
        2.4037673473358154,
        2.4036543369293213,
        2.381014585494995,
        2.401919364929199,
        2.399719476699829,
        2.3925676345825195,
        2.392199754714966,
        2.378178596496582,
        2.393643379211426,
        2.391700029373169,
        2.367847442626953,
        2.3898770809173584,
        2.3990092277526855,
        2.411613702774048,
        2.382004737854004,
        2.3912534713745117,
        2.3946633338928223,
        2.3981316089630127,
        2.397761583328247,
        2.3761191368103027,
        2.3962533473968506,
        2.38690447807312,
        2.384986400604248,
        2.40720272064209,
        2.393383264541626,
        2.4082963466644287,
        2.3892767429351807,
        2.4040443897247314,
        2.3879151344299316,
        2.3942222595214844,
        2.3845555782318115,
        2.403294801712036,
        2.3922815322875977,
        2.3861918449401855,
        2.392488956451416,
        2.4135847091674805,
        2.3963887691497803,
        2.38485050201416,
        2.40197491645813,
        2.401108980178833,
        2.406027317047119,
        2.386263847351074,
        2.4068400859832764,
        2.4023218154907227,
        2.3856101036071777,
        2.3949036598205566,
        2.3900227546691895,
        2.3872010707855225,
        2.401982307434082,
        2.3918991088867188,
        2.404975652694702,
        2.401209592819214,
        2.3948440551757812,
        2.395442247390747,
        2.4009950160980225,
        2.396493434906006,
        2.3918204307556152,
        2.4018611907958984,
        2.4040141105651855,
        2.3990018367767334,
        2.3933377265930176,
        2.397273302078247,
        2.398460865020752,
        2.38809871673584,
        2.3989622592926025,
        2.410651445388794,
        2.3790841102600098,
        2.390716314315796,
        2.3868165016174316,
        2.4115421772003174,
        2.3860738277435303,
        2.390596628189087,
        2.401582717895508,
        2.3697702884674072,
        2.3932318687438965,
        2.382206916809082,
        2.385000705718994,
        2.3880984783172607,
        2.3877696990966797,
        2.3983280658721924,
        2.3862428665161133,
        2.390227794647217,
        2.3868026733398438,
        2.3941078186035156,
        2.395507574081421,
        2.40517258644104,
        2.395498514175415,
        2.388157367706299,
        2.3920304775238037,
        2.4088706970214844,
        2.380235433578491,
        2.394545316696167,
        2.3899214267730713,
        2.3849246501922607,
        2.380040168762207,
        2.3899240493774414,
        2.410311222076416,
        2.402632236480713,
        2.4060254096984863,
        2.391814947128296,
        2.414318084716797,
        2.3856167793273926,
        2.4131085872650146,
        2.3987324237823486,
        2.39017915725708,
        2.397423505783081,
        2.3906455039978027,
        2.385390281677246,
        2.3825559616088867,
        2.395894765853882,
        2.3789572715759277,
        2.3768362998962402,
        2.4204816818237305,
        2.379389524459839,
        2.391155242919922,
        2.391964912414551,
        2.3851449489593506,
        2.397228479385376,
        2.3982791900634766,
        2.414252281188965,
        2.3912458419799805,
        2.404738426208496,
        2.373541831970215,
        2.4121835231781006,
        2.404845952987671,
        2.397503614425659,
        2.3798255920410156,
        2.3866283893585205,
        2.3990561962127686,
        2.3715438842773438,
        2.3956446647644043,
        2.3993797302246094,
        2.3929214477539062,
        2.4082553386688232,
        2.3902642726898193,
        2.4090576171875,
        2.381051778793335,
        2.398022413253784,
        2.3914437294006348,
        2.3824055194854736,
        2.4068636894226074,
        2.386831045150757,
        2.3930530548095703,
        2.416541814804077,
        2.391685724258423,
        2.4007441997528076,
