{
    "stu_train_loss": [
        2.292391777038574,
        2.293755292892456,
        2.294229507446289,
        2.2955448627471924,
        2.2933411598205566,
        2.2955219745635986,
        2.296915054321289,
        2.2955057621002197,
        2.2892820835113525,
        2.288344144821167,
        2.2889819145202637,
        2.2910995483398438,
        2.2951273918151855,
        2.294302463531494,
        2.292058229446411,
        2.2892909049987793,
        2.288959503173828,
        2.288750648498535,
        2.2874765396118164,
        2.283559560775757,
        2.2882559299468994,
        2.283381223678589,
        2.286813974380493,
        2.286558151245117,
        2.2882540225982666,
        2.287713050842285,
        2.287543296813965,
        2.290138006210327,
        2.289111614227295,
        2.284358263015747
    ],
    "stu_test_loss": [
        2.40238618850708,
        2.4091720581054688,
        2.3907628059387207,
        2.415748119354248,
        2.390124797821045,
        2.3898396492004395,
        2.3985323905944824,
        2.391613245010376,
        2.4128806591033936,
        2.4000296592712402,
        2.401472568511963,
        2.390230894088745,
        2.4015095233917236,
        2.4045004844665527,
        2.3949697017669678,
        2.3686468601226807,
        2.3925797939300537,
        2.3869850635528564,
        2.4032623767852783,
        2.3920748233795166,
        2.3994557857513428,
        2.393420457839966,
        2.384345293045044,
        2.408295154571533,
        2.398615837097168,
        2.3960418701171875,
        2.4005954265594482,
        2.411954879760742,
        2.4104626178741455,
        2.413719654083252,
        2.4014861583709717,
        2.411924123764038,
        2.4291462898254395,
        2.401643753051758,
        2.3983213901519775,
        2.394500494003296,
        2.4072840213775635,
        2.3999874591827393,
        2.4084317684173584,
        2.406132459640503,
        2.3916807174682617,
        2.38615345954895,
        2.3885159492492676,
        2.4047679901123047,
        2.401703357696533,
        2.398533344268799,
        2.4069042205810547,
        2.3979902267456055,
        2.37937593460083,
        2.4043161869049072,
        2.4086179733276367,
        2.387857437133789,
        2.382286787033081,
        2.392845630645752,
        2.3911635875701904,
        2.423161268234253,
        2.3993136882781982,
        2.388561964035034,
        2.404264211654663,
        2.3866207599639893,
        2.3989005088806152,
        2.4174752235412598,
        2.3948521614074707,
        2.3867838382720947,
        2.389096736907959,
        2.406611442565918,
        2.402139186859131,
        2.3929383754730225,
        2.380552291870117,
        2.3893730640411377,
        2.40224289894104,
        2.404235363006592,
        2.400381088256836,
        2.406512975692749,
        2.401940107345581,
        2.3882896900177,
        2.394110918045044,
        2.391108751296997,
        2.3880531787872314,
        2.406109094619751,
        2.401731252670288,
        2.391127347946167,
        2.4061412811279297,
        2.4018003940582275,
        2.391895055770874,
        2.41699481010437,
        2.3975625038146973,
        2.4039106369018555,
        2.407151460647583,
        2.3889806270599365,
        2.4081673622131348,
        2.4029314517974854,
        2.3931148052215576,
        2.394498586654663,
        2.3977131843566895,
        2.3990478515625,
        2.407341241836548,
        2.401963233947754,
        2.3831899166107178,
        2.3983535766601562,
        2.401763677597046,
        2.4011106491088867,
        2.389519453048706,
        2.4008750915527344,
        2.3951032161712646,
        2.4075841903686523,
        2.400477647781372,
        2.383312940597534,
        2.3956735134124756,
        2.4006597995758057,
        2.3977363109588623,
        2.4120545387268066,
        2.409522771835327,
        2.4112181663513184,
        2.4007012844085693,
        2.38761568069458,
        2.403529167175293,
        2.3983848094940186,
        2.3977468013763428,
        2.3968188762664795,
        2.388901472091675,
        2.3947434425354004,
        2.3918373584747314,
        2.383850336074829,
        2.3951797485351562,
        2.4064881801605225,
        2.417020082473755,
        2.389862298965454,
        2.3932595252990723,
        2.3958957195281982,
        2.404926061630249,
        2.4101600646972656,
        2.387798309326172,
        2.3971409797668457,
        2.393563985824585,
        2.3942763805389404,
        2.4139628410339355,
        2.3985886573791504,
        2.4115347862243652,
        2.399775505065918,
        2.411510467529297,
        2.393872022628784,
        2.403069496154785,
        2.387990713119507,
        2.40523099899292,
        2.398927927017212,
        2.388273000717163,
        2.402127504348755,
        2.417368173599243,
        2.4042792320251465,
        2.396935224533081,
        2.4074764251708984,
        2.399096965789795,
        2.409621477127075,
        2.3938121795654297,
        2.410305976867676,
        2.4034059047698975,
        2.3934195041656494,
        2.403726816177368,
        2.400742292404175,
        2.3925421237945557,
        2.4028067588806152,
        2.4032421112060547,
        2.418579339981079,
        2.405975580215454,
        2.394855260848999,
        2.4004955291748047,
        2.4075615406036377,
        2.4072000980377197,
        2.403467893600464,
        2.4041168689727783,
        2.4082841873168945,
        2.4030942916870117,
        2.392794132232666,
        2.3992502689361572,
        2.3977086544036865,
        2.3918135166168213,
        2.401611804962158,
        2.414609909057617,
        2.3851709365844727,
        2.3927252292633057,
        2.396975040435791,
        2.4105303287506104,
        2.4000661373138428,
        2.392225742340088,
        2.3985822200775146,
        2.373286008834839,
        2.4028899669647217,
        2.3880345821380615,
        2.3910069465637207,
        2.3914029598236084,
        2.3916518688201904,
        2.401538133621216,
        2.3985249996185303,
        2.3977160453796387,
        2.3918662071228027,
        2.4038758277893066,
        2.4021806716918945,
        2.4036033153533936,
        2.397594928741455,
        2.3974475860595703,
        2.399244785308838,
        2.409905433654785,
        2.3929617404937744,
        2.4033799171447754,
        2.394443988800049,
        2.388781785964966,
        2.3876771926879883,
        2.3908402919769287,
        2.410511016845703,
        2.398914098739624,
        2.4096875190734863,
        2.394181489944458,
        2.422762393951416,
        2.397644519805908,
        2.413804292678833,
        2.4032955169677734,
        2.3869261741638184,
        2.4046390056610107,
        2.3987691402435303,
        2.392303466796875,
        2.392749309539795,
        2.397447109222412,
        2.3903636932373047,
        2.387326240539551,
        2.4207186698913574,
        2.3854658603668213,
        2.40307354927063,
        2.39643931388855,
        2.392150402069092,
        2.3982584476470947,
        2.400722026824951,
        2.4188427925109863,
        2.3951661586761475,
        2.41292405128479,
        2.386749029159546,
        2.413421869277954,
        2.404134511947632,
        2.4055087566375732,
        2.3788514137268066,
        2.3859763145446777,
        2.399170398712158,
        2.378051280975342,
        2.3953731060028076,
        2.4159915447235107,
        2.4043362140655518,
        2.411358594894409,
        2.3926515579223633,
        2.4165234565734863,
        2.39158296585083,
        2.41169810295105,
        2.39691424369812,
        2.381349563598633,
        2.4150681495666504,
        2.400777578353882,
        2.3945140838623047,
        2.4186806678771973,
        2.3914074897766113,
        2.408550262451172,
