{
    "stu_train_loss": [
        2.036398410797119,
        2.0288400650024414,
        2.0228419303894043,
        2.047323226928711,
        2.0316386222839355,
        2.04949688911438,
        2.048006772994995,
        2.014448642730713,
        2.027937173843384,
        2.0312085151672363,
        2.0145602226257324,
        2.0406007766723633,
        2.028485059738159,
        2.022042989730835,
        2.026498556137085,
        2.0320630073547363,
        2.021082639694214,
        2.0227015018463135,
        2.0279409885406494,
        2.0161428451538086,
        2.0358026027679443,
        1.9972048997879028,
        2.0202858448028564,
        2.0318706035614014,
        1.983642578125,
        1.9914747476577759,
        1.9952075481414795,
        2.006967782974243,
        1.9885212182998657,
        1.9465348720550537
    ],
    "stu_test_loss": [
        2.1377477645874023,
        2.1270766258239746,
        2.104187250137329,
        2.2114734649658203,
        2.0987355709075928,
        2.067697048187256,
        2.1694459915161133,
        2.0891144275665283,
        2.109476327896118,
        2.1060893535614014,
        2.136932373046875,
        2.084430456161499,
        2.1065006256103516,
        2.1797471046447754,
        2.1774580478668213,
        2.0436453819274902,
        2.1202900409698486,
        2.089177131652832,
        2.1439380645751953,
        2.11350154876709,
        2.0975961685180664,
        2.139482259750366,
        2.1076998710632324,
        2.1456289291381836,
        2.169297933578491,
        2.151203155517578,
        2.1444272994995117,
        2.1173784732818604,
        2.1779332160949707,
        2.178818464279175,
        2.077302932739258,
        2.0969362258911133,
        2.1944308280944824,
        2.069896936416626,
        2.0894665718078613,
        2.1417500972747803,
        2.1038284301757812,
        2.123383045196533,
        2.1173434257507324,
        2.1395599842071533,
        2.095802068710327,
        2.1236844062805176,
        2.0968878269195557,
        2.1299757957458496,
        2.0686306953430176,
        2.121690273284912,
        2.1309237480163574,
        2.195127010345459,
        2.109919548034668,
        2.15889835357666,
        2.176750421524048,
        2.0762908458709717,
        2.0710084438323975,
        2.1335175037384033,
        2.059044361114502,
        2.173463821411133,
        2.1339197158813477,
        2.0941390991210938,
        2.1560444831848145,
        2.0973403453826904,
        2.1603970527648926,
        2.2177281379699707,
        2.093815326690674,
        2.055089235305786,
        2.096116304397583,
        2.1713309288024902,
        2.1197915077209473,
        2.1269516944885254,
        2.0628721714019775,
        2.167163372039795,
        2.1128666400909424,
        2.0956270694732666,
        2.1959636211395264,
        2.166249990463257,
        2.0831613540649414,
        2.1097941398620605,
        2.0927810668945312,
        2.1305551528930664,
        2.1463208198547363,
        2.1750030517578125,
        2.2006754875183105,
        2.1520094871520996,
        2.2191579341888428,
        2.155658721923828,
        2.127216339111328,
        2.162496328353882,
        2.188185214996338,
        2.0962653160095215,
        2.2074105739593506,
        2.1388912200927734,
        2.113614320755005,
        2.078810691833496,
        2.1635007858276367,
        2.1340901851654053,
        2.1714839935302734,
        2.1633172035217285,
        2.1418750286102295,
        2.1913764476776123,
        1.9892959594726562,
        2.1028378009796143,
        2.1382429599761963,
        2.134150743484497,
        2.098071813583374,
        2.2219395637512207,
        2.2035892009735107,
        2.1575543880462646,
        2.1838114261627197,
        2.0795180797576904,
        2.151048421859741,
        2.08819317817688,
        2.0975801944732666,
        2.144662857055664,
        2.1435623168945312,
        2.172835111618042,
        2.1492133140563965,
        2.0677692890167236,
        2.1874139308929443,
        2.156027317047119,
        2.14888334274292,
        2.1009445190429688,
        2.0604429244995117,
        2.166881561279297,
        2.1261274814605713,
        2.0580878257751465,
        2.1005444526672363,
        2.1704447269439697,
        2.2356479167938232,
        2.111246347427368,
        2.1541736125946045,
        2.1229612827301025,
        2.1339149475097656,
        2.1326358318328857,
        2.0996198654174805,
        2.1012141704559326,
        2.1267683506011963,
        2.0375118255615234,
        2.1038198471069336,
        2.1320273876190186,
        2.1511168479919434,
        2.1004722118377686,
        2.1577985286712646,
        2.1261167526245117,
        2.1647355556488037,
        2.109126329421997,
        2.169384717941284,
        2.126770257949829,
        2.1202616691589355,
        2.0255279541015625,
        2.214512586593628,
        2.185965061187744,
        2.113933563232422,
        2.121319055557251,
        2.1182703971862793,
        2.1637210845947266,
        2.0202083587646484,
        2.1456730365753174,
        2.2064857482910156,
        2.1153485774993896,
        2.0805444717407227,
        2.095367908477783,
        2.0791003704071045,
        2.174154758453369,
        2.2193284034729004,
        2.1606931686401367,
        2.165914535522461,
        2.1383891105651855,
        2.1561074256896973,
        2.166064500808716,
        2.171666145324707,
        2.0449740886688232,
        2.159106492996216,
        2.099346399307251,
        2.1688637733459473,
        2.1812407970428467,
        2.123447895050049,
        2.1758875846862793,
        2.195528984069824,
        2.186490535736084,
        2.1743412017822266,
        2.10998272895813,
        2.1053028106689453,
        2.1222176551818848,
        2.2575366497039795,
        2.098574161529541,
        2.1436638832092285,
        2.1703579425811768,
        2.0150656700134277,
        2.1435611248016357,
        2.1274189949035645,
        2.1403825283050537,
        2.0902669429779053,
        2.1250052452087402,
        2.236974000930786,
        2.100200891494751,
        2.190532922744751,
        2.148159980773926,
        2.0340607166290283,
        2.1985182762145996,
        2.228241205215454,
        2.097902297973633,
        2.106745958328247,
        2.1188318729400635,
        2.1853013038635254,
        2.146434783935547,
        2.1621949672698975,
        2.0820202827453613,
        2.1309468746185303,
        2.0675456523895264,
        2.138957977294922,
        2.191723346710205,
        2.1244444847106934,
        2.216336727142334,
        2.0168752670288086,
        2.077928304672241,
        2.1147868633270264,
        2.2066428661346436,
        2.164794683456421,
        2.1256120204925537,
        2.1174519062042236,
        2.124661445617676,
        2.110781669616699,
        2.115379810333252,
        2.1233880519866943,
        2.0360827445983887,
        2.1254100799560547,
        2.246997356414795,
        2.0876052379608154,
        2.1277148723602295,
        2.1019930839538574,
        2.166037082672119,
        2.1359353065490723,
        2.152299404144287,
        2.1568329334259033,
        2.089200019836426,
        2.182417392730713,
        2.052398681640625,
        2.1597301959991455,
        2.091520071029663,
        2.1366305351257324,
        2.113760232925415,
        2.0687880516052246,
        2.1261439323425293,
        2.080982208251953,
        2.1148080825805664,
        2.143430709838867,
        2.1348814964294434,
        2.1108620166778564,
        2.1412570476531982,
        2.2141025066375732,
        2.0929625034332275,
        2.145820140838623,
        2.067692518234253,
        2.110281229019165,
        2.1545581817626953,
        2.0673611164093018,
        2.077756404876709,
        2.1397788524627686,
