{
    "stu_train_loss": [
        2.2563424110412598,
        2.2616682052612305,
        2.2643861770629883,
        2.2691357135772705,
        2.2593469619750977,
        2.261491537094116,
        2.2561075687408447,
        2.2630014419555664,
        2.2623348236083984,
        2.2644612789154053,
        2.252258539199829,
        2.263315200805664,
        2.2596375942230225,
        2.256220817565918,
        2.262256145477295,
        2.257053852081299,
        2.2594144344329834,
        2.2573280334472656,
        2.2410888671875,
        2.254209518432617,
        2.25848126411438,
        2.253948211669922,
        2.244745969772339,
        2.2463011741638184,
        2.250652551651001,
        2.251427412033081,
        2.2541556358337402,
        2.240473508834839,
        2.2443509101867676,
        2.2513022422790527
    ],
    "stu_test_loss": [
        2.3609495162963867,
        2.3654062747955322,
        2.3598828315734863,
        2.3951189517974854,
        2.352433919906616,
        2.35834002494812,
        2.373159408569336,
        2.355602979660034,
        2.3762967586517334,
        2.3604581356048584,
        2.3747947216033936,
        2.3533525466918945,
        2.3693017959594727,
        2.367586374282837,
        2.3628947734832764,
        2.327390670776367,
        2.354684829711914,
        2.3524017333984375,
        2.3674938678741455,
        2.3703136444091797,
        2.359844923019409,
        2.3732898235321045,
        2.360644578933716,
        2.3677592277526855,
        2.3663530349731445,
        2.360623359680176,
        2.3644282817840576,
        2.3811559677124023,
        2.3766403198242188,
        2.3802130222320557,
        2.3708369731903076,
        2.376352071762085,
        2.3925366401672363,
        2.3635413646698,
        2.3577640056610107,
        2.375782012939453,
        2.3756866455078125,
        2.3687446117401123,
        2.3703219890594482,
        2.369654893875122,
        2.3501365184783936,
        2.351686716079712,
        2.355940341949463,
        2.3637499809265137,
        2.357232093811035,
        2.3626186847686768,
        2.3755075931549072,
        2.374743938446045,
        2.3395678997039795,
        2.374519109725952,
        2.3762993812561035,
        2.342106342315674,
        2.3423385620117188,
        2.3628413677215576,
        2.351121187210083,
        2.387634038925171,
        2.374518871307373,
        2.3453497886657715,
        2.3668324947357178,
        2.3514444828033447,
        2.3756613731384277,
        2.3751633167266846,
        2.3636300563812256,
        2.3520193099975586,
        2.3600950241088867,
        2.371971368789673,
        2.3680477142333984,
        2.3578572273254395,
        2.3493330478668213,
        2.3538224697113037,
        2.364873170852661,
        2.3709733486175537,
        2.376030206680298,
        2.3771963119506836,
        2.3647067546844482,
        2.356995105743408,
        2.352879047393799,
        2.359466552734375,
        2.35479474067688,
        2.3824503421783447,
        2.3688580989837646,
        2.362887144088745,
        2.3850648403167725,
        2.3725147247314453,
        2.3615267276763916,
        2.3800222873687744,
        2.3630242347717285,
        2.3575329780578613,
        2.384826183319092,
        2.3532326221466064,
        2.370980739593506,
        2.356928825378418,
        2.350186586380005,
        2.362370491027832,
        2.3854563236236572,
        2.3764631748199463,
        2.3668365478515625,
        2.370936155319214,
        2.3447837829589844,
        2.358922004699707,
        2.3716142177581787,
        2.355513572692871,
        2.3407697677612305,
        2.3833515644073486,
        2.3730692863464355,
        2.3816587924957275,
        2.366759777069092,
        2.3434855937957764,
        2.3656628131866455,
        2.3634490966796875,
        2.3556010723114014,
        2.3761115074157715,
        2.3678481578826904,
        2.3851630687713623,
        2.375765562057495,
        2.353916883468628,
        2.3699493408203125,
        2.372307062149048,
        2.360140323638916,
        2.3605058193206787,
        2.339726448059082,
        2.362548589706421,
        2.350790023803711,
        2.3390679359436035,
        2.34316349029541,
        2.374906539916992,
        2.3891067504882812,
        2.347126007080078,
        2.362659454345703,
        2.3685829639434814,
        2.3711044788360596,
        2.376678466796875,
        2.3497462272644043,
        2.370029926300049,
        2.363799810409546,
        2.3479411602020264,
        2.3678536415100098,
        2.3685288429260254,
        2.3751728534698486,
        2.3514676094055176,
        2.3794503211975098,
        2.3628432750701904,
        2.3689167499542236,
        2.347817897796631,
        2.3645660877227783,
        2.3695404529571533,
        2.3616294860839844,
        2.3547263145446777,
        2.400897979736328,
        2.3701651096343994,
        2.351106643676758,
        2.3755598068237305,
        2.3756980895996094,
        2.367543935775757,
        2.35379958152771,
        2.3810007572174072,
        2.372894763946533,
        2.3632571697235107,
        2.353203296661377,
        2.3585004806518555,
        2.34207820892334,
        2.372037887573242,
        2.3739993572235107,
        2.379117965698242,
        2.381641149520874,
        2.3542706966400146,
        2.358833074569702,
        2.3689746856689453,
        2.367896318435669,
        2.3433897495269775,
        2.3712127208709717,
        2.368849515914917,
        2.3590991497039795,
        2.3595218658447266,
        2.364976644515991,
        2.3785417079925537,
        2.364835739135742,
        2.3634588718414307,
        2.382772445678711,
        2.3465640544891357,
        2.3521673679351807,
        2.361407518386841,
        2.3968448638916016,
        2.3488149642944336,
        2.3551974296569824,
        2.3759267330169678,
        2.3221821784973145,
        2.3635690212249756,
        2.3491051197052,
        2.359020709991455,
        2.350214719772339,
        2.3698296546936035,
        2.3746628761291504,
        2.367631435394287,
        2.3651201725006104,
        2.3641443252563477,
        2.3578178882598877,
        2.3606455326080322,
        2.3784055709838867,
        2.3647141456604004,
        2.366288423538208,
        2.362412214279175,
        2.376732349395752,
        2.355181932449341,
        2.3733270168304443,
        2.3591904640197754,
        2.3494510650634766,
        2.3486125469207764,
        2.3508143424987793,
        2.3862791061401367,
        2.3637094497680664,
        2.381622314453125,
        2.3437163829803467,
        2.3710145950317383,
        2.3678135871887207,
        2.390847682952881,
        2.3802433013916016,
        2.354739189147949,
        2.370816707611084,
        2.352557420730591,
        2.3450920581817627,
        2.3583428859710693,
        2.360520124435425,
        2.34405517578125,
        2.3458104133605957,
        2.393322229385376,
        2.3478596210479736,
        2.369025707244873,
        2.3495736122131348,
        2.357959270477295,
        2.3594162464141846,
        2.3756628036499023,
        2.384807586669922,
        2.3552849292755127,
        2.3828067779541016,
        2.3386340141296387,
        2.3834457397460938,
        2.3685996532440186,
        2.370182514190674,
        2.3393101692199707,
        2.3485605716705322,
        2.358605146408081,
        2.337754249572754,
        2.3756847381591797,
        2.382228374481201,
        2.3709545135498047,
        2.3749985694885254,
        2.366506338119507,
        2.3926079273223877,
        2.3443918228149414,
        2.3734323978424072,
        2.346111536026001,
        2.3426034450531006,
        2.3799006938934326,
        2.351566791534424,
        2.3596889972686768,
        2.391486883163452,
        2.365415334701538,
