{
    "stu_train_loss": [
        2.077646493911743,
        2.0884010791778564,
        2.0911734104156494,
        2.0756313800811768,
        2.0852322578430176,
        2.0859291553497314,
        2.090501308441162,
        2.073133707046509,
        2.0559017658233643,
        2.060399055480957,
        2.075805187225342,
        2.054340124130249,
        2.0678610801696777,
        2.072291135787964,
        2.08382248878479,
        2.083650588989258,
        2.0842251777648926,
        2.0498709678649902,
        2.06758451461792,
        2.067244529724121,
        2.0609853267669678,
        2.057551383972168,
        2.0481021404266357,
        2.051626443862915,
        2.033021926879883,
        2.0482583045959473,
        2.0408174991607666,
        2.0440022945404053,
        2.046236753463745,
        2.056196451187134
    ],
    "stu_test_loss": [
        2.1651346683502197,
        2.160188674926758,
        2.1691839694976807,
        2.240793228149414,
        2.14182186126709,
        2.1234025955200195,
        2.206784963607788,
        2.127598762512207,
        2.1553103923797607,
        2.152052640914917,
        2.165466785430908,
        2.1478495597839355,
        2.1608805656433105,
        2.2118923664093018,
        2.2082808017730713,
        2.1031219959259033,
        2.1471235752105713,
        2.1322879791259766,
        2.186399459838867,
        2.161525011062622,
        2.1345486640930176,
        2.1802382469177246,
        2.1643154621124268,
        2.1815600395202637,
        2.2084131240844727,
        2.1995997428894043,
        2.1897847652435303,
        2.1705620288848877,
        2.205845594406128,
        2.216269016265869,
        2.1392643451690674,
        2.144493818283081,
        2.2246580123901367,
        2.1338069438934326,
        2.1368868350982666,
        2.183697462081909,
        2.154390811920166,
        2.174570083618164,
        2.170619487762451,
        2.1903562545776367,
        2.1619787216186523,
        2.161306381225586,
        2.1670801639556885,
        2.1557371616363525,
        2.113196849822998,
        2.170217275619507,
        2.175556182861328,
        2.224459648132324,
        2.1438090801239014,
        2.189749240875244,
        2.21395206451416,
        2.123786687850952,
        2.117180109024048,
        2.1765048503875732,
        2.1242659091949463,
        2.2072062492370605,
        2.1821935176849365,
        2.1372034549713135,
        2.184022903442383,
        2.1495521068573,
        2.192575454711914,
        2.227914571762085,
        2.150376319885254,
        2.09904408454895,
        2.1456172466278076,
        2.204583168029785,
        2.156808853149414,
        2.1700010299682617,
        2.120481014251709,
        2.2046313285827637,
        2.1490771770477295,
        2.137032985687256,
        2.2426464557647705,
        2.2075388431549072,
        2.1381852626800537,
        2.1656289100646973,
        2.13370943069458,
        2.1858553886413574,
        2.185457229614258,
        2.2060656547546387,
        2.235686779022217,
        2.1884984970092773,
        2.2558035850524902,
        2.2190513610839844,
        2.166208028793335,
        2.1976587772369385,
        2.228771924972534,
        2.1395435333251953,
        2.222933530807495,
        2.171190023422241,
        2.1749536991119385,
        2.1248490810394287,
        2.2020320892333984,
        2.1872615814208984,
        2.20754075050354,
        2.2096078395843506,
        2.1569643020629883,
        2.2163166999816895,
        2.0526483058929443,
        2.1649630069732666,
        2.1679489612579346,
        2.1844542026519775,
        2.1346585750579834,
        2.235365867614746,
        2.230708360671997,
        2.1812844276428223,
        2.2124123573303223,
        2.118098497390747,
        2.194728374481201,
        2.128450870513916,
        2.1429014205932617,
        2.178539752960205,
        2.1916725635528564,
        2.2168309688568115,
        2.1986560821533203,
        2.1291379928588867,
        2.2141165733337402,
        2.1996381282806396,
        2.194706916809082,
        2.1540236473083496,
        2.105302572250366,
        2.1974804401397705,
        2.1717450618743896,
        2.096092700958252,
        2.152247190475464,
        2.2036287784576416,
        2.2532730102539062,
        2.1464314460754395,
        2.209581136703491,
        2.1593401432037354,
        2.188678741455078,
        2.183133125305176,
        2.137150526046753,
        2.165682077407837,
        2.166055202484131,
        2.092214822769165,
        2.142751932144165,
        2.181166172027588,
        2.198798418045044,
        2.145504951477051,
        2.2030630111694336,
        2.1601009368896484,
        2.204744577407837,
        2.1657767295837402,
        2.1976263523101807,
        2.171071767807007,
        2.1638944149017334,
        2.0743942260742188,
        2.254859209060669,
        2.2116591930389404,
        2.159590482711792,
        2.1689224243164062,
        2.1727426052093506,
        2.199145793914795,
        2.078399419784546,
        2.1846511363983154,
        2.23030686378479,
        2.147667646408081,
        2.124218702316284,
        2.149202823638916,
        2.121041774749756,
        2.206146001815796,
        2.2466771602630615,
        2.2032649517059326,
        2.223400592803955,
        2.171861171722412,
        2.2035393714904785,
        2.1837828159332275,
        2.2137551307678223,
        2.1078715324401855,
        2.1841840744018555,
        2.1512107849121094,
        2.1986067295074463,
        2.2065048217773438,
        2.1746459007263184,
        2.2144665718078613,
        2.2259111404418945,
        2.220480442047119,
        2.207007884979248,
        2.1422603130340576,
        2.14985990524292,
        2.1623928546905518,
        2.2724344730377197,
        2.1460118293762207,
        2.180570602416992,
        2.212059497833252,
        2.059084415435791,
        2.180236339569092,
        2.166752338409424,
        2.1855123043060303,
        2.1500258445739746,
        2.1850905418395996,
        2.2688851356506348,
        2.1552774906158447,
        2.234102725982666,
        2.198071002960205,
        2.0798418521881104,
        2.22086238861084,
        2.2518410682678223,
        2.1423120498657227,
        2.1652944087982178,
        2.155280351638794,
        2.2231242656707764,
        2.1916866302490234,
        2.1885862350463867,
        2.147111177444458,
        2.1722586154937744,
        2.115152597427368,
        2.18654203414917,
        2.220198631286621,
        2.161917209625244,
        2.2401282787323,
        2.0907540321350098,
        2.1226089000701904,
        2.1561129093170166,
        2.232940196990967,
        2.1923036575317383,
        2.166231393814087,
        2.1777594089508057,
        2.1725645065307617,
        2.149627923965454,
        2.165691614151001,
        2.179633378982544,
        2.0886294841766357,
        2.1745078563690186,
        2.28062105178833,
        2.1410696506500244,
        2.175236225128174,
        2.153752565383911,
        2.1962687969207764,
        2.1709728240966797,
        2.188498020172119,
        2.205376625061035,
        2.1273953914642334,
        2.2269954681396484,
        2.1094067096710205,
        2.1998138427734375,
        2.1331934928894043,
        2.1747989654541016,
        2.1623218059539795,
        2.097646713256836,
        2.1744484901428223,
        2.127817392349243,
        2.174048662185669,
        2.1849586963653564,
        2.173889398574829,
        2.1522903442382812,
        2.182288646697998,
        2.2461907863616943,
        2.141401767730713,
        2.1864728927612305,
        2.12857723236084,
        2.1519455909729004,
        2.197674512863159,
        2.1284565925598145,
        2.127990245819092,
        2.186312675476074,
        2.172538995742798,
        2.1334567070007324,
