{
    "stu_train_loss": 0.11473163580459436,
    "stu_test_loss": 0.3122493641825911,
    "stu_train_acc": 0.96875,
    "stu_test_acc": 0.9755391373801917
}