{
    "stu_train_loss": 0.09271967381976495,
    "stu_test_loss": 0.22105752355374467,
    "stu_train_acc": 0.9758808724832215,
    "stu_test_acc": 0.9811301916932907
}