{
    "stu_train_loss": 0.09087829995156585,
    "stu_test_loss": 0.12041146615252327,
    "stu_train_acc": 0.9825922818791947,
    "stu_test_acc": 0.981729233226837
}