{
    "stu_train_loss": 0.09578728179241087,
    "stu_test_loss": 0.12170167219714996,
    "stu_train_acc": 0.9779297885478743,
    "stu_test_acc": 0.987220447284345
}