{
    "stu_train_loss": 0.08897015118608939,
    "stu_test_loss": 0.1548535763360441,
    "stu_train_acc": 0.979236577181208,
    "stu_test_acc": 0.985423322683706
}