{
    "stu_train_loss": 0.07644103174472865,
    "stu_test_loss": 0.14080525970401855,
    "stu_train_acc": 0.9825438825076058,
    "stu_test_acc": 0.9804313099041534
}