{
    "stu_train_loss": 0.08755572934184948,
    "stu_test_loss": 0.12362324815398207,
    "stu_train_acc": 0.9798657718120806,
    "stu_test_acc": 0.9832268370607029
}