{
    "stu_train_loss": 0.08512621876571153,
    "stu_test_loss": 0.09600247159457435,
    "stu_train_acc": 0.983011744966443,
    "stu_test_acc": 0.9863218849840255
}