{
    "stu_train_loss": 0.0858685323537246,
    "stu_test_loss": 0.09993950265665023,
    "stu_train_acc": 0.9825922818791947,
    "stu_test_acc": 0.9873202875399361
}