{
    "stu_train_loss": 0.09922843685548678,
    "stu_test_loss": 0.13940552310250437,
    "stu_train_acc": 0.9771392617449665,
    "stu_test_acc": 0.9828274760383386
}