{
    "stu_train_loss": 0.07961261413378903,
    "stu_test_loss": 0.13547056423018153,
    "stu_train_acc": 0.98275361405123,
    "stu_test_acc": 0.9859225239616614
}