{
    "stu_train_loss": 0.0895927100482978,
    "stu_test_loss": 0.11819717252311615,
    "stu_train_acc": 0.9814468254178963,
    "stu_test_acc": 0.9848242811501597
}