{
    "stu_train_loss": 0.0893641724344968,
    "stu_test_loss": 0.10366931000647073,
    "stu_train_acc": 0.9794463087248322,
    "stu_test_acc": 0.9877196485623003
}