{
    "stu_train_loss": 0.1324462171600219,
    "stu_test_loss": 0.37607201752952113,
    "stu_train_acc": 0.9624580536912751,
    "stu_test_acc": 0.9754392971246006
}