{
    "stu_train_loss": 0.07772739576457081,
    "stu_test_loss": 0.17559882248647676,
    "stu_train_acc": 0.9809144295302014,
    "stu_test_acc": 0.979832268370607
}