{
    "stu_train_loss": 2.064606464052775,
    "mentor_train_loss": 1.619653869824237,
    "stu_test_loss": 2.006576280624341,
    "mentor_test_loss": 1.5895768202150973,
    "stu_train_acc": 0.31080572289156627,
    "mentor_train_acc": 0.4917168674698795,
    "stu_test_acc": 0.3415535143769968,
    "mentor_test_acc": 0.4956070287539936
}