{
    "stu_train_loss": 1.9829069325722843,
    "mentor_train_loss": 1.5233558588717357,
    "stu_test_loss": 1.9327699936236056,
    "mentor_test_loss": 1.5002232047315605,
    "stu_train_acc": 0.3358433734939759,
    "mentor_train_acc": 0.5304969879518072,
    "stu_test_acc": 0.3507388178913738,
    "mentor_test_acc": 0.5343450479233227
}