{
    "stu_train_loss": 1.720813759838242,
    "mentor_train_loss": 1.2203648898256831,
    "stu_test_loss": 1.6941775643406585,
    "mentor_test_loss": 1.2412015003518175,
    "stu_train_acc": 0.4166039156626506,
    "mentor_train_acc": 0.6410015060240963,
    "stu_test_acc": 0.4335063897763578,
    "mentor_test_acc": 0.6255990415335463
}