{
    "stu_train_loss": 0.10572522047441453,
    "stu_test_loss": 0.25409438153996633,
    "stu_train_acc": 0.972265625,
    "stu_test_acc": 0.9752396166134185
}