{
    "stu_train_loss": 0.094068960059667,
    "stu_test_loss": 0.15185947071153896,
    "stu_train_acc": 0.98046875,
    "stu_test_acc": 0.9797324281150159
}