{
    "stu_train_loss": 0.10287328308913857,
    "stu_test_loss": 0.11148973266347148,
    "stu_train_acc": 0.979296875,
    "stu_test_acc": 0.9851238019169329
}