{
    "stu_train_loss": 0.0934285215975251,
    "stu_test_loss": 0.11794007787355981,
    "stu_train_acc": 0.982421875,
    "stu_test_acc": 0.9863218849840255
}