{
    "stu_train_loss": 0.1045623218495166,
    "stu_test_loss": 0.1565959186742481,
    "stu_train_acc": 0.976953125,
    "stu_test_acc": 0.983526357827476
}