{
    "stu_train_loss": 0.09325121233705432,
    "stu_test_loss": 0.21594763147278714,
    "stu_train_acc": 0.975,
    "stu_test_acc": 0.976138178913738
}