{
    "stu_train_loss": 0.11640631582704372,
    "stu_test_loss": 0.10995026438619002,
    "stu_train_acc": 0.978125,
    "stu_test_acc": 0.9860223642172524
}