{
    "stu_train_loss": 0.10930981383717153,
    "stu_test_loss": 0.14342695862626115,
    "stu_train_acc": 0.976953125,
    "stu_test_acc": 0.9819289137380192
}