{
    "stu_train_loss": 0.12890205256990156,
    "stu_test_loss": 0.1093732404965943,
    "stu_train_acc": 0.9753472223877907,
    "stu_test_acc": 0.9868210862619808
}