{
    "stu_train_loss": 0.11187269303482025,
    "stu_test_loss": 0.2723827972389258,
    "stu_train_acc": 0.9712673611938953,
    "stu_test_acc": 0.9757388178913738
}