{
    "stu_train_loss": 0.09986544928397052,
    "stu_test_loss": 0.1650632329451771,
    "stu_train_acc": 0.9786892361938954,
    "stu_test_acc": 0.9820287539936102
}