{
    "stu_train_loss": 0.09423360016080551,
    "stu_test_loss": 0.17749462024377177,
    "stu_train_acc": 0.978515625,
    "stu_test_acc": 0.9770367412140575
}