{
    "stu_train_loss": 0.09572909339040052,
    "stu_test_loss": 0.20579781814124257,
    "stu_train_acc": 0.980078125,
    "stu_test_acc": 0.9701477635782748
}