{
    "stu_train_loss": 0.0860026573354844,
    "stu_test_loss": 0.13655617466559425,
    "stu_train_acc": 0.980859375,
    "stu_test_acc": 0.9810303514376997
}