{
    "stu_train_loss": 0.10369521542452276,
    "stu_test_loss": 0.13845621417172418,
    "stu_train_acc": 0.978515625,
    "stu_test_acc": 0.9821285942492013
}