{
    "stu_train_loss": 0.10017158917034977,
    "stu_test_loss": 0.1476709707000385,
    "stu_train_acc": 0.97734375,
    "stu_test_acc": 0.979632587859425
}