{
    "stu_train_loss": [
        2.2775793075561523,
        2.2800920009613037,
        2.2754931449890137,
        2.2751669883728027,
        2.2793099880218506,
        2.2805862426757812,
        2.2756576538085938,
        2.2780582904815674,
        2.2778000831604004,
        2.2785611152648926,
        2.2750818729400635,
        2.276580810546875,
        2.276606321334839,
        2.273797035217285,
        2.267409086227417,
        2.2781879901885986,
        2.275019884109497,
        2.269099712371826,
        2.268075704574585
    ],
    "stu_test_loss": [
        2.350166082382202,
        2.367769241333008,
        2.3674235343933105,
        2.351203680038452,
        2.3740904331207275,
        2.344383478164673,
        2.3613131046295166,
        2.357250452041626,
        2.35099720954895,
        2.368577718734741,
        2.363075017929077,
        2.3658623695373535,
        2.359086513519287,
        2.364405870437622,
        2.391089916229248,
        2.3599085807800293,
        2.374302387237549,
        2.378635883331299,
        2.3812673091888428,
        2.36487078666687,
        2.3514647483825684,
        2.3566555976867676,
        2.3598666191101074,
        2.349100351333618,
        2.3613064289093018,
        2.362386703491211,
        2.3512017726898193,
        2.3821723461151123,
        2.3593335151672363,
        2.3723764419555664,
        2.3476784229278564,
        2.3461952209472656,
        2.346712589263916,
        2.372730255126953,
        2.364464282989502,
        2.3690803050994873,
        2.368967056274414,
        2.3653125762939453,
        2.353264331817627,
        2.368530511856079,
        2.36633563041687,
        2.3443331718444824,
        2.3549211025238037,
        2.37581729888916,
        2.345550060272217,
        2.385749578475952,
        2.3762903213500977,
        2.372727870941162,
        2.345630407333374,
        2.3670144081115723,
        2.3794326782226562,
        2.3588833808898926,
        2.3800957202911377,
        2.350552558898926,
        2.3673815727233887,
        2.3454456329345703,
        2.373070240020752,
        2.356353759765625,
        2.3586575984954834,
        2.3779494762420654,
        2.3749616146087646,
        2.382615566253662,
        2.3534817695617676,
        2.3613271713256836,
        2.3791775703430176,
        2.3787100315093994,
        2.381054401397705,
        2.3658909797668457,
        2.368457555770874,
        2.3618831634521484,
        2.3403565883636475,
        2.3498575687408447,
        2.3578646183013916,
        2.349653720855713,
        2.371528387069702,
        2.3692257404327393,
        2.36922287940979,
        2.368682622909546,
        2.354360818862915,
        2.370406150817871,
        2.3610987663269043,
        2.3765623569488525,
        2.378648042678833,
        2.362767219543457,
        2.363813638687134,
        2.3725504875183105,
        2.373120069503784,
        2.3671441078186035,
        2.362292528152466,
        2.3584859371185303,
        2.3625576496124268,
        2.3614039421081543,
        2.36311411857605,
        2.366316318511963,
        2.3456339836120605,
        2.3639650344848633,
        2.3650193214416504,
        2.384916305541992,
        2.3721556663513184,
        2.380369186401367,
        2.3447391986846924,
        2.357245683670044,
        2.351243495941162,
        2.381206512451172,
        2.380875587463379,
        2.3570213317871094,
        2.3602347373962402,
        2.3473260402679443,
        2.3529038429260254,
        2.3644003868103027,
        2.3692522048950195,
        2.382542371749878,
        2.3413455486297607,
        2.372361421585083,
        2.362579822540283,
        2.3770360946655273,
        2.3745806217193604,
        2.3766026496887207,
        2.3687098026275635,
        2.3797364234924316,
        2.352947473526001,
        2.362591028213501,
        2.360774040222168,
        2.3788139820098877,
        2.3499350547790527,
        2.347445011138916,
        2.3530588150024414,
        2.366945266723633,
        2.3784682750701904,
        2.3639185428619385,
        2.329054594039917,
        2.357942819595337,
        2.3754689693450928,
        2.3508195877075195,
        2.335831642150879,
        2.3693363666534424,
        2.3782787322998047,
        2.372884511947632,
        2.3736917972564697,
        2.3768293857574463,
        2.3555729389190674,
        2.361743688583374,
        2.3561112880706787,
        2.3421876430511475,
        2.3889291286468506,
        2.3372137546539307,
        2.3532845973968506,
        2.3482372760772705,
        2.376943588256836,
        2.367152214050293,
        2.3816232681274414,
        2.3620636463165283,
        2.362670421600342,
        2.3540494441986084,
        2.3669533729553223,
        2.348362922668457,
        2.358942747116089,
        2.336853504180908,
        2.360182762145996,
        2.342759609222412,
        2.350607395172119,
        2.371286630630493,
        2.3643219470977783,
        2.3703174591064453,
        2.3552451133728027,
        2.365020751953125,
        2.344923734664917,
        2.339510440826416,
        2.3581151962280273,
        2.3573946952819824,
        2.343113660812378,
        2.35335111618042,
        2.352302074432373,
        2.3476083278656006,
        2.369103193283081,
        2.3593177795410156,
        2.357394218444824,
        2.3574228286743164,
        2.3631346225738525,
        2.3663463592529297,
        2.3694183826446533,
        2.3653383255004883,
        2.3840787410736084,
        2.3650803565979004,
        2.3580262660980225,
        2.36830735206604,
        2.3669798374176025,
        2.3443174362182617,
        2.370875358581543,
        2.3572282791137695,
        2.3523542881011963,
        2.360708475112915,
        2.3531367778778076,
        2.363330602645874,
        2.3423664569854736,
        2.3626482486724854,
        2.369370698928833,
        2.348653554916382,
        2.355924367904663,
        2.3654732704162598,
        2.350503921508789,
        2.3435869216918945,
        2.35585618019104,
        2.3464415073394775,
        2.365957260131836,
        2.367619752883911,
        2.3659656047821045,
        2.363689661026001,
        2.3426036834716797,
        2.3521335124969482,
        2.342071056365967,
        2.3689680099487305,
        2.3612060546875,
        2.3666975498199463,
        2.357797145843506,
        2.3607609272003174,
        2.346289873123169,
        2.356153964996338,
        2.3385465145111084,
        2.3497042655944824,
        2.354990005493164,
        2.3367226123809814,
        2.366818904876709,
        2.3551783561706543,
        2.349900960922241,
        2.3632071018218994,
        2.357267141342163,
        2.3522253036499023,
        2.3390090465545654,
        2.3563032150268555,
        2.342237949371338,
        2.351768970489502,
        2.3720242977142334,
        2.3626017570495605,
        2.352665901184082,
        2.3733325004577637,
        2.3434948921203613,
        2.3545408248901367,
        2.355295181274414,
        2.3696417808532715,
        2.358269691467285,
        2.362644672393799,
        2.367051839828491,
        2.341041326522827,
        2.339150905609131,
        2.3606929779052734,
        2.341601610183716,
        2.3619167804718018,
        2.349095582962036,
        2.3653807640075684,
        2.347548246383667,
        2.3583669662475586,
        2.3423194885253906,
        2.360395908355713,
        2.36729097366333,
        2.365973711013794,
        2.368793487548828,
        2.357445240020752,
        2.366039991378784,
        2.3597514629364014,
        2.3767378330230713,
        2.3579893112182617,
        2.3738486766815186,
        2.3472044467926025,
        2.3645787239074707,
        2.3545308113098145,
        2.3598878383636475,
        2.367706060409546,
        2.3640384674072266,
