{
    "stu_train_loss": [
        1.1170356273651123,
        1.0527852773666382,
        1.0946036577224731,
        1.1335033178329468,
        1.0722578763961792,
        1.0741856098175049,
        1.0615413188934326,
        1.1203864812850952,
        1.0508085489273071,
        1.1038075685501099,
        1.0581066608428955,
        1.0840712785720825,
        1.1254457235336304,
        1.0656875371932983,
        1.0392533540725708,
        1.041924238204956,
        1.0096746683120728,
        1.060214638710022,
        1.0704405307769775
    ],
    "stu_test_loss": [
        1.0491514205932617,
        1.1651277542114258,
        1.2218300104141235,
        1.1389669179916382,
        1.2199184894561768,
        1.1140223741531372,
        1.2488305568695068,
        1.1802111864089966,
        1.1894817352294922,
        1.2386404275894165,
        1.2244693040847778,
        1.1528366804122925,
        1.1535686254501343,
        1.0975173711776733,
        1.4044299125671387,
        1.1997182369232178,
        1.2014601230621338,
        1.278145432472229,
        1.3105502128601074,
        1.3699896335601807,
        1.2263453006744385,
        1.1543766260147095,
        1.1402394771575928,
        1.1291401386260986,
        1.1623010635375977,
        1.1535943746566772,
        1.146237850189209,
        1.3675090074539185,
        1.2334399223327637,
        1.2995076179504395,
        1.1708515882492065,
        1.1731152534484863,
        1.1928613185882568,
        1.1899824142456055,
        1.308672308921814,
        1.2278821468353271,
        1.2062700986862183,
        1.241692304611206,
        1.3435609340667725,
        1.1875344514846802,
        1.1647965908050537,
        1.0900886058807373,
        1.2690095901489258,
        1.2797374725341797,
        1.1645967960357666,
        1.339572548866272,
        1.2483024597167969,
        1.2897281646728516,
        1.198843002319336,
        1.137578010559082,
        1.2738131284713745,
        1.141686201095581,
        1.241727352142334,
        1.1816127300262451,
        1.1876041889190674,
        1.081351399421692,
        1.310732364654541,
        1.1390002965927124,
        1.1589220762252808,
        1.3181848526000977,
        1.2446236610412598,
        1.2172651290893555,
        1.069424033164978,
        1.2723569869995117,
        1.327977180480957,
        1.3351377248764038,
        1.3956952095031738,
        1.0677646398544312,
        1.3584774732589722,
        1.1494677066802979,
        1.2117931842803955,
        1.1986275911331177,
        1.113628625869751,
        1.1159768104553223,
        1.2046793699264526,
        1.1653386354446411,
        1.252350091934204,
        1.2208495140075684,
        1.2194796800613403,
        1.3057360649108887,
        1.2436926364898682,
        1.2680726051330566,
        1.2579452991485596,
        1.1488001346588135,
        1.1368275880813599,
        1.3450802564620972,
        1.1984347105026245,
        1.1556026935577393,
        1.257798671722412,
        1.143959879875183,
        1.1123747825622559,
        1.3834751844406128,
        1.186035394668579,
        1.232231616973877,
        1.0994607210159302,
        1.2479974031448364,
        1.191255807876587,
        1.3222427368164062,
        1.2460825443267822,
        1.1849679946899414,
        1.1972650289535522,
        1.2168045043945312,
        1.1432541608810425,
        1.1790709495544434,
        1.367434024810791,
        1.2923603057861328,
        1.1622908115386963,
        1.1489514112472534,
        1.0839617252349854,
        1.2544589042663574,
        1.2016501426696777,
        1.3425495624542236,
        1.1265324354171753,
        1.183447003364563,
        1.1168043613433838,
        1.2135862112045288,
        1.2678489685058594,
        1.2269996404647827,
        1.232526183128357,
        1.3997914791107178,
        1.2536622285842896,
        1.2023812532424927,
        1.3301206827163696,
        1.2844520807266235,
        1.1565356254577637,
        1.2039382457733154,
        1.0920095443725586,
        1.2479283809661865,
        1.347475528717041,
        1.250563621520996,
        1.169295310974121,
        1.3994841575622559,
        1.3295477628707886,
        1.1526038646697998,
        1.163222312927246,
        1.2026002407073975,
        1.2706536054611206,
        1.207205891609192,
        1.2942135334014893,
        1.207944393157959,
        1.415316104888916,
        1.222307562828064,
        1.2960714101791382,
        1.092904806137085,
        1.2799553871154785,
        1.201033592224121,
        1.2063071727752686,
        1.153455376625061,
        1.2920668125152588,
        1.180599570274353,
        1.2874691486358643,
        1.1663475036621094,
        1.2106295824050903,
        1.121254801750183,
        1.210014820098877,
        1.1862070560455322,
        1.096738576889038,
        1.0246421098709106,
        1.119717001914978,
        1.1218781471252441,
        1.083319067955017,
        1.2669789791107178,
        1.1222928762435913,
        1.2189075946807861,
        1.1161967515945435,
        1.1311558485031128,
        1.031292200088501,
        1.0127081871032715,
        1.1442115306854248,
        1.0807693004608154,
        1.0769882202148438,
        1.056230068206787,
        1.091742753982544,
        1.1414504051208496,
        1.0707212686538696,
        1.1544138193130493,
        1.307990550994873,
        1.0643479824066162,
        1.1268036365509033,
        1.3407549858093262,
        1.2026246786117554,
        1.144910216331482,
        1.2477242946624756,
        1.1862365007400513,
        1.1285139322280884,
        1.2223337888717651,
        1.3049538135528564,
        1.1505295038223267,
        1.2389003038406372,
        1.250445008277893,
        1.3010549545288086,
        1.2730157375335693,
        1.363184928894043,
        1.1508708000183105,
        1.0772796869277954,
        1.0649516582489014,
        1.1200430393218994,
        1.0664821863174438,
        1.0737531185150146,
        1.0671151876449585,
        1.1550592184066772,
        1.0985288619995117,
        1.125434160232544,
        1.144600510597229,
        1.332031488418579,
        1.5056085586547852,
        1.4515780210494995,
        1.2546522617340088,
        1.0709720849990845,
        1.0968564748764038,
        1.1746025085449219,
        1.4047179222106934,
        1.1483674049377441,
        1.148148536682129,
        0.9893410801887512,
        1.1360572576522827,
        1.0114784240722656,
        1.0897293090820312,
        1.1641665697097778,
        1.1471771001815796,
        1.1035223007202148,
        0.9863119125366211,
        1.1793768405914307,
        1.0927590131759644,
        1.0548954010009766,
        1.1319564580917358,
        1.141286015510559,
        1.0998374223709106,
        1.0938117504119873,
        1.1461983919143677,
        1.072585105895996,
        1.1715234518051147,
        1.4077967405319214,
        1.2772964239120483,
        1.1673169136047363,
        1.2003469467163086,
        1.181208848953247,
        1.1509793996810913,
        1.0685063600540161,
        1.0675036907196045,
        1.1232500076293945,
        1.20128333568573,
        1.1211551427841187,
        1.1848089694976807,
        1.0933372974395752,
        1.278244137763977,
        1.1330355405807495,
        1.2603254318237305,
        1.0803359746932983,
        1.201613187789917,
        1.1939433813095093,
        1.2185808420181274,
        1.1525864601135254,
        1.1966795921325684,
        1.1566636562347412,
        1.2174009084701538,
        1.2385560274124146,
        1.2460988759994507,
        1.4550554752349854,
        1.2945903539657593,
        1.4693117141723633,
        1.3005317449569702,
        1.1958404779434204,
        1.1386137008666992,
        1.1356024742126465,
        1.1682249307632446,
