{
    "stu_train_loss": [
        0.7535343766212463,
        0.7582512497901917,
        0.7789641618728638,
        0.769819974899292,
        0.7669838666915894,
        0.7582958936691284,
        0.7765252590179443,
        0.7742894291877747,
        0.7354617118835449,
        0.7897719740867615,
        0.6843201518058777,
        0.7532723546028137,
        0.7613565325737,
        0.7656950950622559,
        0.768014132976532,
        0.7593826055526733,
        0.7705491185188293,
        0.7370929718017578,
        0.7228410840034485
    ],
    "stu_test_loss": [
        0.7515819072723389,
        0.9497992396354675,
        0.9046738147735596,
        0.8259718418121338,
        0.9261683821678162,
        0.8665434122085571,
        0.9874755144119263,
        0.9342907667160034,
        0.8375652432441711,
        0.9636615514755249,
        0.9489743113517761,
        0.8819293975830078,
        0.8818449378013611,
        0.7986761331558228,
        1.1559662818908691,
        0.9236862063407898,
        0.8996360301971436,
        0.9801999926567078,
        1.0347033739089966,
        1.096940517425537,
        0.955345869064331,
        0.9012526869773865,
        0.8929368257522583,
        0.8791265487670898,
        0.9467077851295471,
        0.8830035924911499,
        0.8335416316986084,
        1.0283596515655518,
        1.0115150213241577,
        1.0384819507598877,
        0.8754047155380249,
        0.840134859085083,
        0.9533458352088928,
        0.9337704181671143,
        1.074354648590088,
        0.9732511043548584,
        0.9613659381866455,
        0.9512931108474731,
        1.0789872407913208,
        0.8868537545204163,
        0.8938871622085571,
        0.8204771876335144,
        1.027872085571289,
        1.0461724996566772,
        0.8640469312667847,
        1.0273175239562988,
        0.9305486083030701,
        0.9844865202903748,
        0.9545270800590515,
        0.8727673292160034,
        1.0575346946716309,
        0.8246077299118042,
        0.9533964991569519,
        0.8915308713912964,
        0.9314514994621277,
        0.8447516560554504,
        0.9466385841369629,
        0.838062047958374,
        0.8848463892936707,
        1.056633710861206,
        0.922765851020813,
        0.9322595000267029,
        0.8087510466575623,
        1.1090677976608276,
        1.0310322046279907,
        1.0638514757156372,
        1.1156113147735596,
        0.8140961527824402,
        1.0975254774093628,
        0.8835707306861877,
        0.9124666452407837,
        0.9446607232093811,
        0.8433586359024048,
        0.889136791229248,
        0.8779158592224121,
        0.8906720876693726,
        1.0188930034637451,
        0.8117364645004272,
        0.9528014063835144,
        1.0627778768539429,
        1.004760503768921,
        0.9553124904632568,
        0.9663702249526978,
        0.8829551935195923,
        0.9299836754798889,
        1.0081567764282227,
        0.8935158252716064,
        0.9146255850791931,
        0.9743515849113464,
        0.8715270757675171,
        0.8561065196990967,
        1.181727409362793,
        0.9376648664474487,
        0.9759687781333923,
        0.8285107612609863,
        0.9159719944000244,
        0.9573582410812378,
        1.1076890230178833,
        0.926915168762207,
        0.9110532999038696,
        0.8988779783248901,
        0.9685326814651489,
        0.8599212169647217,
        0.9225630760192871,
        1.0622330904006958,
        0.9432220458984375,
        0.8679389357566833,
        0.8908467292785645,
        0.8141378164291382,
        0.9704234600067139,
        0.9348384737968445,
        1.1002825498580933,
        0.8380756378173828,
        0.8848096132278442,
        0.8466683626174927,
        0.9017781019210815,
        0.9482117891311646,
        0.9670779705047607,
        0.9892005920410156,
        1.1526367664337158,
        0.9140301942825317,
        0.8573594093322754,
        1.0257258415222168,
        0.9790517091751099,
        0.8427790403366089,
        0.9276835322380066,
        0.8001301288604736,
        0.9761309623718262,
        0.9984948039054871,
        0.9334407448768616,
        0.8948959112167358,
        1.1383168697357178,
        1.0156466960906982,
        0.8827491998672485,
        0.9245940446853638,
        0.9069997072219849,
        0.961012601852417,
        0.8739430904388428,
        1.0194432735443115,
        0.8668304085731506,
        1.0963857173919678,
        0.9088431596755981,
        0.9638091325759888,
        0.8109774589538574,
        0.9417189955711365,
        0.8724554181098938,
        0.8511658906936646,
        0.893326997756958,
        1.0648529529571533,
        0.9035096168518066,
        1.023446798324585,
        0.8661090135574341,
        0.9469565749168396,
        0.8444763422012329,
        0.9414482116699219,
        0.8937942981719971,
        0.7870043516159058,
        0.7302518486976624,
        0.8316537737846375,
        0.8082188367843628,
        0.8143551349639893,
        0.9707763195037842,
        0.8827402591705322,
        0.8856534361839294,
        0.8087063431739807,
        0.7982491850852966,
        0.7785329818725586,
        0.7636014819145203,
        0.788231372833252,
        0.7620252370834351,
        0.7679194808006287,
        0.7542496919631958,
        0.8144859671592712,
        0.89214026927948,
        0.8055293560028076,
        0.8924185633659363,
        1.077615737915039,
        0.7655109763145447,
        0.8350896835327148,
        1.0279643535614014,
        0.8544207811355591,
        0.8605186939239502,
        0.930640459060669,
        0.8845446705818176,
        0.8609111905097961,
        0.9052659869194031,
        1.104756474494934,
        0.8874436616897583,
        0.964480459690094,
        0.9714124202728271,
        1.0130043029785156,
        0.9821971654891968,
        1.1439707279205322,
        0.8360959887504578,
        0.792070746421814,
        0.8132111430168152,
        0.8270205855369568,
        0.7567429542541504,
        0.7412733435630798,
        0.8241878151893616,
        0.8438006639480591,
        0.8063977956771851,
        0.8526999950408936,
        0.8538137674331665,
        1.0523478984832764,
        1.3120684623718262,
        1.1570942401885986,
        1.017730474472046,
        0.8051977753639221,
        0.7676831483840942,
        0.8851725459098816,
        1.09285569190979,
        0.870104968547821,
        0.8337294459342957,
        0.7377750873565674,
        0.883842945098877,
        0.7033983469009399,
        0.8061450719833374,
        0.8596692085266113,
        0.8467447757720947,
        0.7829363346099854,
        0.7142608761787415,
        0.8372408747673035,
        0.7628163695335388,
        0.7557939291000366,
        0.857097864151001,
        0.8648490905761719,
        0.8311334848403931,
        0.8050637245178223,
        0.8678430914878845,
        0.7647566199302673,
        0.8561012744903564,
        1.1043400764465332,
        0.9337506890296936,
        0.897630512714386,
        0.9008826017379761,
        0.8930556774139404,
        0.8297122120857239,
        0.8494518995285034,
        0.8039916753768921,
        0.7881486415863037,
        0.9237067699432373,
        0.8383222818374634,
        0.9079077243804932,
        0.8047075271606445,
        0.9823794960975647,
        0.8196350336074829,
        1.0033475160598755,
        0.7830386161804199,
        0.940743088722229,
        0.8835895657539368,
        0.9398349523544312,
        0.8979038000106812,
        0.8631504774093628,
        0.836259663105011,
        0.8818676471710205,
        0.8672266006469727,
        0.910940408706665,
        1.1926960945129395,
        0.9855157136917114,
        1.1249110698699951,
        0.9670436382293701,
        0.9014101028442383,
        0.8131401538848877,
        0.8193884491920471,
        0.9543699622154236,
