{
    "stu_train_loss": [
        2.2972376346588135,
        2.2955024242401123,
        2.300210475921631,
        2.296388864517212,
        2.293910026550293,
        2.301445245742798,
        2.2964301109313965,
        2.300579309463501,
        2.2980637550354004,
        2.294656991958618,
        2.2913005352020264,
        2.2999465465545654,
        2.2929909229278564,
        2.289942502975464,
        2.2963359355926514,
        2.2928643226623535,
        2.3001136779785156,
        2.2921900749206543,
        2.298316478729248
    ],
    "stu_test_loss": [
        2.373875617980957,
        2.385591506958008,
        2.3873214721679688,
        2.370814323425293,
        2.3860692977905273,
        2.3657164573669434,
        2.3776047229766846,
        2.376049757003784,
        2.3727898597717285,
        2.3945770263671875,
        2.3825786113739014,
        2.385632276535034,
        2.3749356269836426,
        2.376068115234375,
        2.395024061203003,
        2.375854253768921,
        2.3889360427856445,
        2.3875644207000732,
        2.399397373199463,
        2.3875889778137207,
        2.3849968910217285,
        2.378652572631836,
        2.3782577514648438,
        2.3689842224121094,
        2.3854241371154785,
        2.397773027420044,
        2.3845977783203125,
        2.3930423259735107,
        2.3843131065368652,
        2.392072916030884,
        2.37760329246521,
        2.3647921085357666,
        2.3690969944000244,
        2.379091501235962,
        2.381624937057495,
        2.3829050064086914,
        2.3876729011535645,
        2.3926680088043213,
        2.3651201725006104,
        2.3831067085266113,
        2.381401300430298,
        2.3672397136688232,
        2.390622138977051,
        2.386209726333618,
        2.375455141067505,
        2.4008419513702393,
        2.3989977836608887,
        2.386793375015259,
        2.365940809249878,
        2.3860247135162354,
        2.4033424854278564,
        2.375527858734131,
        2.3812360763549805,
        2.383629322052002,
        2.389937162399292,
        2.384610176086426,
        2.3944642543792725,
        2.38291597366333,
        2.3789572715759277,
        2.383246421813965,
        2.3949179649353027,
        2.3944952487945557,
        2.373404026031494,
        2.390796661376953,
        2.3873281478881836,
        2.4033823013305664,
        2.3995237350463867,
        2.375518798828125,
        2.377351760864258,
        2.3700432777404785,
        2.366060733795166,
        2.3794920444488525,
        2.380049705505371,
        2.3744595050811768,
        2.3886430263519287,
        2.3861048221588135,
        2.3883190155029297,
        2.3879706859588623,
        2.37844181060791,
        2.383030652999878,
        2.3824915885925293,
        2.3955013751983643,
        2.3994288444519043,
        2.380478620529175,
        2.3852152824401855,
        2.3950891494750977,
        2.3923027515411377,
        2.3858675956726074,
        2.383394956588745,
        2.3743953704833984,
        2.3819055557250977,
        2.3774383068084717,
        2.385126829147339,
        2.382591962814331,
        2.380553960800171,
        2.382455587387085,
        2.3947243690490723,
        2.3990390300750732,
        2.381249189376831,
        2.3868255615234375,
        2.373230457305908,
        2.37859845161438,
        2.380378007888794,
        2.4010987281799316,
        2.3926398754119873,
        2.3822710514068604,
        2.3861489295959473,
        2.389613628387451,
        2.372081756591797,
        2.378754138946533,
        2.3837897777557373,
        2.3861472606658936,
        2.3673691749572754,
        2.3868777751922607,
        2.3831422328948975,
        2.3858273029327393,
        2.3956716060638428,
        2.3933138847351074,
        2.380471706390381,
        2.39174222946167,
        2.3626956939697266,
        2.3739681243896484,
        2.3874223232269287,
        2.396052122116089,
        2.3747966289520264,
        2.3719322681427,
        2.37758207321167,
        2.381598472595215,
        2.3889710903167725,
        2.3800318241119385,
        2.3639590740203857,
        2.375253200531006,
        2.3883216381073,
        2.375009298324585,
        2.350526809692383,
        2.386704921722412,
        2.3818023204803467,
        2.391110420227051,
        2.3885152339935303,
        2.393300771713257,
        2.3740367889404297,
        2.3895316123962402,
        2.3703417778015137,
        2.3813278675079346,
        2.4024457931518555,
        2.371868848800659,
        2.3718760013580322,
        2.3794729709625244,
        2.383575201034546,
        2.3879220485687256,
        2.3942501544952393,
        2.378633499145508,
        2.3915445804595947,
        2.376955270767212,
        2.390651226043701,
        2.37764835357666,
        2.375150203704834,
        2.3729543685913086,
        2.3745133876800537,
        2.3691837787628174,
        2.3805174827575684,
        2.3834900856018066,
        2.3880615234375,
        2.3870434761047363,
        2.3778533935546875,
        2.3862712383270264,
        2.3754351139068604,
        2.3693692684173584,
        2.3780083656311035,
        2.376433849334717,
        2.370347738265991,
        2.3805625438690186,
        2.3786826133728027,
        2.3797733783721924,
        2.3796310424804688,
        2.382511854171753,
        2.378962278366089,
        2.379039764404297,
        2.379523515701294,
        2.3887157440185547,
        2.381412982940674,
        2.38845157623291,
        2.3932712078094482,
        2.380941390991211,
        2.3772480487823486,
        2.3878421783447266,
        2.3646111488342285,
        2.3731915950775146,
        2.383382558822632,
        2.383570909500122,
        2.3848519325256348,
        2.382596254348755,
        2.367833137512207,
        2.384603500366211,
        2.366522789001465,
        2.382129669189453,
        2.3941457271575928,
        2.3816771507263184,
        2.3902156352996826,
        2.3789896965026855,
        2.377556324005127,
        2.379997491836548,
        2.37669038772583,
        2.368140459060669,
        2.3901021480560303,
        2.3879435062408447,
        2.3789188861846924,
        2.380221366882324,
        2.3778798580169678,
        2.3876583576202393,
        2.369297981262207,
        2.3869106769561768,
        2.382331609725952,
        2.390111207962036,
        2.382026433944702,
        2.3736085891723633,
        2.3776845932006836,
        2.3763599395751953,
        2.354285717010498,
        2.377166509628296,
        2.371718406677246,
        2.3646647930145264,
        2.3837661743164062,
        2.3737292289733887,
        2.3836803436279297,
        2.389199733734131,
        2.3763010501861572,
        2.3750157356262207,
        2.370252847671509,
        2.3840746879577637,
        2.363807439804077,
        2.377959728240967,
        2.386690139770508,
        2.381521701812744,
        2.375967025756836,
        2.3925890922546387,
        2.358253240585327,
        2.3842079639434814,
        2.37450909614563,
        2.38287615776062,
        2.390634775161743,
        2.387166976928711,
        2.382042646408081,
        2.369699239730835,
        2.3616580963134766,
        2.3772053718566895,
        2.369974374771118,
        2.3875088691711426,
        2.3733909130096436,
        2.3921713829040527,
        2.374119281768799,
        2.3805527687072754,
        2.367459297180176,
        2.3845324516296387,
        2.3834238052368164,
        2.38295841217041,
        2.3886027336120605,
        2.3802053928375244,
        2.3863413333892822,
        2.3834493160247803,
        2.3956363201141357,
        2.3828439712524414,
        2.3865647315979004,
        2.3773369789123535,
        2.38338041305542,
        2.3828556537628174,
        2.3762083053588867,
        2.389432907104492,
        2.3861241340637207,
