{
    "stu_train_loss": [
        2.0567400455474854,
        2.0528440475463867,
        2.0650599002838135,
        2.043783187866211,
        2.0576491355895996,
        2.052947521209717,
        2.0571675300598145,
        2.0346953868865967,
        2.049799680709839,
        2.0433013439178467,
        2.007891893386841,
        2.0223546028137207,
        2.0293455123901367,
        2.02986741065979,
        2.039572238922119,
        2.032928466796875,
        2.038616180419922,
        2.0240964889526367,
        2.0333261489868164
    ],
    "stu_test_loss": [
        2.066261053085327,
        2.0891878604888916,
        2.1435837745666504,
        2.1242756843566895,
        2.1322970390319824,
        2.05360746383667,
        2.11849045753479,
        2.1053502559661865,
        2.117774248123169,
        2.1286826133728027,
        2.09873104095459,
        2.096891403198242,
        2.1022260189056396,
        2.1157519817352295,
        2.17848539352417,
        2.104992628097534,
        2.138317584991455,
        2.188636064529419,
        2.183830499649048,
        2.181696653366089,
        2.128758192062378,
        2.111353635787964,
        2.1147425174713135,
        2.072397470474243,
        2.104402780532837,
        2.0843021869659424,
        2.0948803424835205,
        2.207967758178711,
        2.097970724105835,
        2.1497137546539307,
        2.070598602294922,
        2.103290557861328,
        2.0831234455108643,
        2.13779616355896,
        2.1695950031280518,
        2.118293523788452,
        2.1712756156921387,
        2.109727382659912,
        2.14933180809021,
        2.161508798599243,
        2.1191489696502686,
        2.08638596534729,
        2.093843936920166,
        2.1854066848754883,
        2.1509273052215576,
        2.200599193572998,
        2.138763904571533,
        2.1393423080444336,
        2.1147894859313965,
        2.176868200302124,
        2.1390676498413086,
        2.087594747543335,
        2.155093193054199,
        2.120239019393921,
        2.1159937381744385,
        2.0472893714904785,
        2.1967852115631104,
        2.0539255142211914,
        2.099245548248291,
        2.1669929027557373,
        2.1437745094299316,
        2.1906816959381104,
        2.0752556324005127,
        2.0964059829711914,
        2.178632974624634,
        2.1980156898498535,
        2.1809566020965576,
        2.0734188556671143,
        2.181016206741333,
        2.101569890975952,
        2.0833678245544434,
        2.077436685562134,
        2.094208002090454,
        2.075572967529297,
        2.1648545265197754,
        2.109718084335327,
        2.1787378787994385,
        2.1649169921875,
        2.103231906890869,
        2.153439521789551,
        2.133765697479248,
        2.1552894115448,
        2.173344135284424,
        2.092716693878174,
        2.0921640396118164,
        2.191743850708008,
        2.1438887119293213,
        2.1005520820617676,
        2.124560832977295,
        2.1352694034576416,
        2.107675790786743,
        2.1653635501861572,
        2.15175461769104,
        2.1487631797790527,
        2.0731797218322754,
        2.1620147228240967,
        2.0916972160339355,
        2.1387181282043457,
        2.1396663188934326,
        2.151662588119507,
        2.0986745357513428,
        2.097334146499634,
        2.0766987800598145,
        2.1478519439697266,
        2.1946871280670166,
        2.1384804248809814,
        2.1345467567443848,
        2.069084644317627,
        2.0715484619140625,
        2.1714940071105957,
        2.1306166648864746,
        2.2029316425323486,
        2.071079730987549,
        2.114522695541382,
        2.070525646209717,
        2.1900553703308105,
        2.1603832244873047,
        2.1316349506378174,
        2.140507459640503,
        2.170785665512085,
        2.1374096870422363,
        2.160264730453491,
        2.1349899768829346,
        2.165443181991577,
        2.124019145965576,
        2.067316770553589,
        2.065159559249878,
        2.1332504749298096,
        2.1808319091796875,
        2.183521032333374,
        2.0076675415039062,
        2.149580955505371,
        2.2064602375030518,
        2.091830015182495,
        2.069145917892456,
        2.125349760055542,
        2.2034103870391846,
        2.1799933910369873,
        2.2093558311462402,
        2.192547082901001,
        2.1582014560699463,
        2.0851407051086426,
        2.154644012451172,
        2.053719997406006,
        2.200976848602295,
        2.083164691925049,
        2.116811752319336,
        2.0695853233337402,
        2.1816561222076416,
        2.1480774879455566,
        2.16221022605896,
        2.1043081283569336,
        2.0951545238494873,
        2.0794339179992676,
        2.0868825912475586,
        2.1384711265563965,
        2.12034273147583,
        2.059234619140625,
        2.1319363117218018,
        2.072129249572754,
        2.111917495727539,
        2.1463193893432617,
        2.0783801078796387,
        2.1645216941833496,
        2.1012327671051025,
        2.1403257846832275,
        2.0329368114471436,
        2.053901195526123,
        2.1397509574890137,
        2.098938465118408,
        2.0566253662109375,
        2.065911054611206,
        2.048858165740967,
        2.0913455486297607,
        2.1009681224823,
        2.100494146347046,
        2.1127729415893555,
        2.1076996326446533,
        2.1169774532318115,
        2.169623374938965,
        2.1048481464385986,
        2.0970358848571777,
        2.1723365783691406,
        2.136256217956543,
        2.0995309352874756,
        2.138556480407715,
        2.149725914001465,
        2.0765795707702637,
        2.1525542736053467,
        2.112166166305542,
        2.0866947174072266,
        2.1252341270446777,
        2.1360013484954834,
        2.113492488861084,
        2.0838534832000732,
        2.1171140670776367,
        2.125831365585327,
        2.053229808807373,
        2.0921902656555176,
        2.1052849292755127,
        2.1255102157592773,
        2.070680618286133,
        2.087359666824341,
        2.0791656970977783,
        2.114790916442871,
        2.2084803581237793,
        2.171379566192627,
        2.133540391921997,
        2.071220874786377,
        2.107147693634033,
        2.0487945079803467,
        2.1959800720214844,
        2.114381790161133,
        2.138126850128174,
        2.0375518798828125,
        2.1138124465942383,
        2.081702709197998,
        2.099275588989258,
        2.083911180496216,
        2.1164612770080566,
        2.119394302368164,
        2.0545454025268555,
        2.1419677734375,
        2.0700972080230713,
        2.0825743675231934,
        2.0850846767425537,
        2.111793041229248,
        2.105992317199707,
        2.0523521900177,
        2.1196792125701904,
        2.119959831237793,
        2.0508995056152344,
        2.1642584800720215,
        2.1370198726654053,
        2.123581886291504,
        2.171168088912964,
        2.053736925125122,
        2.1166043281555176,
        2.071685552597046,
        2.1032371520996094,
        2.152712345123291,
        2.0880205631256104,
        2.149195671081543,
        2.12020206451416,
        2.0698726177215576,
        2.159759521484375,
        2.107844829559326,
        2.1430556774139404,
        2.0999553203582764,
        2.0822672843933105,
        2.1143994331359863,
        2.1092824935913086,
        2.100966215133667,
        2.163536548614502,
        2.112938404083252,
        2.1344704627990723,
        2.180126428604126,
        2.127662420272827,
        2.1608245372772217,
        2.1266064643859863,
        2.2194037437438965,
        2.1263561248779297,
        2.1171927452087402,
        2.0789167881011963,
        2.130742073059082,
        2.0897960662841797,
        2.109548330307007,
        2.0960729122161865,
        2.0947864055633545,
        2.1252553462982178,
