{
    "stu_train_loss": [
        1.838663101196289,
        1.8387861251831055,
        1.8687198162078857,
        1.8274446725845337,
        1.8422114849090576,
        1.8043938875198364,
        1.8293204307556152,
        1.7931216955184937,
        1.8596910238265991,
        1.8208304643630981,
        1.843316674232483,
        1.8353890180587769,
        1.852164626121521,
        1.8507634401321411,
        1.800614595413208,
        1.8111554384231567,
        1.7955094575881958,
        1.8141322135925293,
        1.7864996194839478
    ],
    "stu_test_loss": [
        1.824745535850525,
        1.8588650226593018,
        1.9418773651123047,
        1.9294252395629883,
        1.9186749458312988,
        1.8117636442184448,
        1.9016852378845215,
        1.8974847793579102,
        1.8993873596191406,
        1.9095350503921509,
        1.8648828268051147,
        1.865339756011963,
        1.8775604963302612,
        1.912540078163147,
        2.0100796222686768,
        1.8967288732528687,
        1.9249564409255981,
        2.002997398376465,
        1.9905847311019897,
        2.017385244369507,
        1.9121332168579102,
        1.88567316532135,
        1.9144318103790283,
        1.8276560306549072,
        1.868448257446289,
        1.8562923669815063,
        1.8665590286254883,
        2.0435545444488525,
        1.8816883563995361,
        1.9456908702850342,
        1.841848373413086,
        1.8689993619918823,
        1.8541151285171509,
        1.9245315790176392,
        1.9806466102600098,
        1.9021739959716797,
        1.9767903089523315,
        1.9362623691558838,
        1.9741840362548828,
        1.9661574363708496,
        1.876002311706543,
        1.8525617122650146,
        1.8877356052398682,
        2.0045080184936523,
        1.9703608751296997,
        2.033731460571289,
        1.9502192735671997,
        1.9472554922103882,
        1.9159538745880127,
        1.9775583744049072,
        1.9270952939987183,
        1.8862757682800293,
        1.9376171827316284,
        1.918408751487732,
        1.8843191862106323,
        1.7962907552719116,
        2.0179686546325684,
        1.8355741500854492,
        1.8717668056488037,
        1.9906878471374512,
        1.9600179195404053,
        1.9915828704833984,
        1.8169063329696655,
        1.8577309846878052,
        1.9931391477584839,
        2.0168161392211914,
        2.026585340499878,
        1.8465721607208252,
        2.011125087738037,
        1.8963098526000977,
        1.8850206136703491,
        1.8409446477890015,
        1.8862996101379395,
        1.8436086177825928,
        1.96417236328125,
        1.875764012336731,
        1.9649909734725952,
        2.0015711784362793,
        1.8821113109588623,
        1.960970163345337,
        1.9123096466064453,
        1.9481637477874756,
        1.9740042686462402,
        1.8897488117218018,
        1.8520917892456055,
        2.001812219619751,
        1.9380273818969727,
        1.8808867931365967,
        1.9118515253067017,
        1.9310518503189087,
        1.8889738321304321,
        1.9854044914245605,
        1.921830415725708,
        1.952620029449463,
        1.8552372455596924,
        1.9703879356384277,
        1.8545459508895874,
        1.9378721714019775,
        1.9357830286026,
        1.9477314949035645,
        1.8955439329147339,
        1.8901457786560059,
        1.8344576358795166,
        1.9359073638916016,
        2.0180625915527344,
        1.9545363187789917,
        1.9243074655532837,
        1.8492239713668823,
        1.848250389099121,
        1.9956378936767578,
        1.9357099533081055,
        2.007941722869873,
        1.8542871475219727,
        1.8972991704940796,
        1.843327522277832,
        2.0114378929138184,
        1.944989562034607,
        1.9329107999801636,
        1.9121313095092773,
        1.9928208589553833,
        1.963704228401184,
        1.967970371246338,
        1.9514878988265991,
        1.9789201021194458,
        1.9069157838821411,
        1.8519020080566406,
        1.8448127508163452,
        1.910073161125183,
        2.0070576667785645,
        2.0087852478027344,
        1.7922645807266235,
        1.9687778949737549,
        2.027012825012207,
        1.8685740232467651,
        1.8742066621780396,
        1.9170734882354736,
        1.9977530241012573,
        1.980065107345581,
        2.032100200653076,
        1.9775723218917847,
        2.0133862495422363,
        1.8541853427886963,
        1.9892728328704834,
        1.8011835813522339,
        2.028862476348877,
        1.874208688735962,
        1.9262012243270874,
        1.855808973312378,
        1.9714900255203247,
        1.930155634880066,
        1.9760687351226807,
        1.881272315979004,
        1.8722660541534424,
        1.8413128852844238,
        1.8760377168655396,
        1.953560471534729,
        1.9219623804092407,
        1.8282092809677124,
        1.9115386009216309,
        1.8459432125091553,
        1.892182469367981,
        1.936538815498352,
        1.8464795351028442,
        1.9765465259552002,
        1.8888840675354004,
        1.9325395822525024,
        1.7978541851043701,
        1.8291423320770264,
        1.9286199808120728,
        1.8869067430496216,
        1.8446918725967407,
        1.8437532186508179,
        1.8045752048492432,
        1.8853658437728882,
        1.8879826068878174,
        1.8746495246887207,
        1.9226139783859253,
        1.8793628215789795,
        1.890978455543518,
        1.983898401260376,
        1.9184168577194214,
        1.8884128332138062,
        1.957939624786377,
        1.9079259634017944,
        1.861334204673767,
        1.9264191389083862,
        1.96794593334198,
        1.871051549911499,
        1.9667775630950928,
        1.8900781869888306,
        1.8947322368621826,
        1.9332876205444336,
        1.9561429023742676,
        1.9099260568618774,
        1.8638114929199219,
        1.89075767993927,
        1.9029585123062134,
        1.8214778900146484,
        1.873486876487732,
        1.8515782356262207,
        1.9291045665740967,
        1.8631134033203125,
        1.8777201175689697,
        1.8643673658370972,
        1.9385725259780884,
        2.0858640670776367,
        2.0103883743286133,
        1.9430580139160156,
        1.8406569957733154,
        1.8892560005187988,
        1.8270248174667358,
        2.0529873371124268,
        1.8761581182479858,
        1.9368350505828857,
        1.772019624710083,
        1.9036108255386353,
        1.8279576301574707,
        1.8572026491165161,
        1.8670486211776733,
        1.9004771709442139,
        1.9052231311798096,
        1.8071073293685913,
        1.9518896341323853,
        1.861834168434143,
        1.852677822113037,
        1.8727903366088867,
        1.9137409925460815,
        1.8702583312988281,
        1.828447937965393,
        1.905442237854004,
        1.9140934944152832,
        1.8309952020645142,
        1.9859074354171753,
        1.9829453229904175,
        1.9375066757202148,
        1.979391098022461,
        1.827134609222412,
        1.8901480436325073,
        1.846300721168518,
        1.8645734786987305,
        1.9390112161636353,
        1.8897590637207031,
        1.9340908527374268,
        1.8923394680023193,
        1.8469510078430176,
        1.9879649877548218,
        1.9093847274780273,
        1.9456528425216675,
        1.887021541595459,
        1.8627116680145264,
        1.9310712814331055,
        1.8999394178390503,
        1.874829888343811,
        1.9620635509490967,
        1.9022549390792847,
        1.9238464832305908,
        2.004450798034668,
        1.9589591026306152,
        2.0150444507598877,
        1.9390064477920532,
        2.0816707611083984,
        1.9638663530349731,
        1.9224401712417603,
        1.8733816146850586,
        1.9280784130096436,
        1.8600120544433594,
        1.8711986541748047,
