{
    "stu_train_loss": [
        2.2108731269836426,
        2.2079179286956787,
        2.205092668533325,
        2.224128007888794,
        2.213350296020508,
        2.201570987701416,
        2.1986873149871826,
        2.203341484069824,
        2.206021308898926,
        2.195692777633667,
        2.192948818206787,
        2.1961331367492676,
        2.201895236968994,
        2.1975910663604736,
        2.1729202270507812,
        2.199643135070801,
        2.1922800540924072,
        2.1798582077026367,
        2.205288887023926
    ],
    "stu_test_loss": [
        2.2563631534576416,
        2.2714734077453613,
        2.285451650619507,
        2.2735676765441895,
        2.296079635620117,
        2.2464258670806885,
        2.2864432334899902,
        2.275336503982544,
        2.285444498062134,
        2.2922770977020264,
        2.2726335525512695,
        2.2692296504974365,
        2.2605130672454834,
        2.270970106124878,
        2.324928045272827,
        2.278421401977539,
        2.2961766719818115,
        2.320343494415283,
        2.3149564266204834,
        2.3117692470550537,
        2.2799458503723145,
        2.2730536460876465,
        2.285562515258789,
        2.256308078765869,
        2.286081314086914,
        2.2799084186553955,
        2.258301019668579,
        2.326482057571411,
        2.2586886882781982,
        2.298553228378296,
        2.253614664077759,
        2.262277364730835,
        2.260969400405884,
        2.300931930541992,
        2.3055672645568848,
        2.2743430137634277,
        2.3059709072113037,
        2.2884738445281982,
        2.2929797172546387,
        2.3041508197784424,
        2.27341365814209,
        2.265756607055664,
        2.2650811672210693,
        2.319459915161133,
        2.3023324012756348,
        2.331062078475952,
        2.303838014602661,
        2.291966199874878,
        2.2610440254211426,
        2.301353931427002,
        2.295067071914673,
        2.2739763259887695,
        2.31169056892395,
        2.2698051929473877,
        2.283146619796753,
        2.249282121658325,
        2.308429718017578,
        2.264235734939575,
        2.2691071033477783,
        2.3074867725372314,
        2.292466402053833,
        2.322418212890625,
        2.2416460514068604,
        2.2695188522338867,
        2.3175430297851562,
        2.323080539703369,
        2.3211252689361572,
        2.2668750286102295,
        2.306645393371582,
        2.2752268314361572,
        2.2572951316833496,
        2.2515616416931152,
        2.2642016410827637,
        2.2660436630249023,
        2.3025128841400146,
        2.28126859664917,
        2.3093979358673096,
        2.30421781539917,
        2.271663188934326,
        2.298736810684204,
        2.288520336151123,
        2.305492401123047,
        2.3173577785491943,
        2.269970417022705,
        2.2674062252044678,
        2.3060450553894043,
        2.2957234382629395,
        2.2716236114501953,
        2.287991762161255,
        2.2863471508026123,
        2.28123140335083,
        2.303886890411377,
        2.298815965652466,
        2.297899007797241,
        2.2529289722442627,
        2.3050448894500732,
        2.2712807655334473,
        2.3131263256073,
        2.289046049118042,
        2.296651601791382,
        2.261321783065796,
        2.2637600898742676,
        2.2605702877044678,
        2.300248146057129,
        2.3186535835266113,
        2.2886595726013184,
        2.2793946266174316,
        2.251103401184082,
        2.2671186923980713,
        2.3012537956237793,
        2.28576397895813,
        2.320772647857666,
        2.2450060844421387,
        2.2824645042419434,
        2.2635581493377686,
        2.328702211380005,
        2.3053243160247803,
        2.2851204872131348,
        2.2898623943328857,
        2.2965426445007324,
        2.2934207916259766,
        2.3080005645751953,
        2.2732579708099365,
        2.3245930671691895,
        2.2796437740325928,
        2.2499380111694336,
        2.2622079849243164,
        2.2940807342529297,
        2.308542251586914,
        2.3137283325195312,
        2.221769094467163,
        2.2897019386291504,
        2.3313512802124023,
        2.251391649246216,
        2.2536113262176514,
        2.295048952102661,
        2.3306188583374023,
        2.3063673973083496,
        2.3241379261016846,
        2.3211615085601807,
        2.294175386428833,
        2.263683557510376,
        2.282331943511963,
        2.255690097808838,
        2.3315110206604004,
        2.248965263366699,
        2.274662494659424,
        2.2650463581085205,
        2.310041904449463,
        2.2943665981292725,
        2.3089938163757324,
        2.2756545543670654,
        2.275041103363037,
        2.2594096660614014,
        2.2761330604553223,
        2.29461932182312,
        2.2864937782287598,
        2.2368853092193604,
        2.2854983806610107,
        2.247048854827881,
        2.2730042934417725,
        2.2886195182800293,
        2.275988817214966,
        2.292367458343506,
        2.2711784839630127,
        2.293865919113159,
        2.2393596172332764,
        2.242873191833496,
        2.2731854915618896,
        2.2676613330841064,
        2.2409443855285645,
        2.2580924034118652,
        2.2458791732788086,
        2.2567832469940186,
        2.2721822261810303,
        2.263792037963867,
        2.267352819442749,
        2.2825019359588623,
        2.2783424854278564,
        2.3036603927612305,
        2.266097068786621,
        2.2732903957366943,
        2.3051865100860596,
        2.2888026237487793,
        2.265367031097412,
        2.2820589542388916,
        2.284186601638794,
        2.242279529571533,
        2.2922475337982178,
        2.277670383453369,
        2.2788400650024414,
        2.290156602859497,
        2.2886126041412354,
        2.2761082649230957,
        2.2464499473571777,
        2.277998208999634,
        2.276587963104248,
        2.245081663131714,
        2.2605855464935303,
        2.2795250415802,
        2.2771334648132324,
        2.247145414352417,
        2.2608017921447754,
        2.2598752975463867,
        2.282513380050659,
        2.319333076477051,
        2.3044090270996094,
        2.292900562286377,
        2.241483449935913,
        2.2764432430267334,
        2.246951103210449,
        2.3240084648132324,
        2.2777259349823,
        2.2861945629119873,
        2.2423181533813477,
        2.274628162384033,
        2.2512423992156982,
        2.259495973587036,
        2.2504212856292725,
        2.265702486038208,
        2.277867555618286,
        2.2320852279663086,
        2.2972872257232666,
        2.252232313156128,
        2.2626569271087646,
        2.27123761177063,
        2.2773406505584717,
        2.2592062950134277,
        2.2378971576690674,
        2.2802023887634277,
        2.2598795890808105,
        2.257164478302002,
        2.2960824966430664,
        2.287972927093506,
        2.2718327045440674,
        2.3178937435150146,
        2.246857166290283,
        2.277139186859131,
        2.2588067054748535,
        2.2794435024261475,
        2.291349172592163,
        2.2673490047454834,
        2.2967281341552734,
        2.272122383117676,
        2.251744508743286,
        2.312422275543213,
        2.2864646911621094,
        2.294128894805908,
        2.2751617431640625,
        2.271129846572876,
        2.275216579437256,
        2.2795581817626953,
        2.2674400806427,
        2.2986176013946533,
        2.2775535583496094,
        2.28798770904541,
        2.3059582710266113,
        2.283515691757202,
        2.3011059761047363,
        2.2880399227142334,
        2.320197582244873,
        2.2893645763397217,
        2.275054454803467,
        2.2589354515075684,
        2.2978646755218506,
        2.269885778427124,
        2.2774598598480225,
        2.2761387825012207,
        2.2648158073425293,
