{
    "stu_train_loss": 0.7495526967507616,
    "mentor_train_loss": 0.27014120839516936,
    "stu_test_loss": 0.7967753213244124,
    "mentor_test_loss": 0.43078753309318435,
    "stu_train_acc": 0.7943065496070132,
    "mentor_train_acc": 0.9668927648578811,
    "stu_test_acc": 0.7750599041533547,
    "mentor_test_acc": 0.8989616613418531
}