{
    "stu_train_loss": 0.7514058432375738,
    "mentor_train_loss": 0.2752553859114339,
    "stu_test_loss": 0.8113600450773208,
    "mentor_test_loss": 0.4349817039486699,
    "stu_train_acc": 0.7950395051515071,
    "mentor_train_acc": 0.9645137648249782,
    "stu_test_acc": 0.766673322683706,
    "mentor_test_acc": 0.8949680511182109
}