{
    "stu_train_loss": 0.787481193394624,
    "mentor_train_loss": 0.311271201231991,
    "stu_test_loss": 0.7945375074022494,
    "mentor_test_loss": 0.4602527598413035,
    "stu_train_acc": 0.7816040551323608,
    "mentor_train_acc": 0.9644392272914719,
    "stu_test_acc": 0.764776357827476,
    "mentor_test_acc": 0.8907747603833865
}