{
    "stu_train_loss": 0.7718608972330118,
    "mentor_train_loss": 0.28666491783404535,
    "stu_test_loss": 0.8332603731856179,
    "mentor_test_loss": 0.44331753910920874,
    "stu_train_acc": 0.7907163091100156,
    "mentor_train_acc": 0.9667747467371228,
    "stu_test_acc": 0.7575878594249201,
    "mentor_test_acc": 0.8946685303514377
}