{
    "stu_train_loss": 0.1398786766153267,
    "mentor_train_loss": 0.11466855069567614,
    "stu_test_loss": 0.12658614545060803,
    "mentor_test_loss": 0.1100131540943068,
    "stu_train_acc": 0.9869025735294118,
    "mentor_train_acc": 0.9931066176470589,
    "stu_test_acc": 0.9879193290734825,
    "mentor_test_acc": 0.9920127795527156
}