{
    "stu_train_loss": 0.1435462396235808,
    "mentor_train_loss": 0.11576553414959241,
    "stu_test_loss": 0.1438627513333822,
    "mentor_test_loss": 0.11405333859947162,
    "stu_train_acc": 0.9867275035118356,
    "mentor_train_acc": 0.9921875,
    "stu_test_acc": 0.9880191693290735,
    "mentor_test_acc": 0.9914137380191693
}