{
    "stu_train_loss": 0.13465969313812606,
    "mentor_train_loss": 0.10632267005412895,
    "stu_test_loss": 0.13420078890344586,
    "mentor_test_loss": 0.0995496702365601,
    "stu_train_acc": 0.9877068014705882,
    "mentor_train_acc": 0.9920726102941176,
    "stu_test_acc": 0.9866214057507987,
    "mentor_test_acc": 0.9933107028753994
}