{
    "stu_train_loss": 0.16067682612029946,
    "mentor_train_loss": 0.15138074698145776,
    "stu_test_loss": 0.15337155918819836,
    "mentor_test_loss": 0.14866846792709332,
    "stu_train_acc": 0.9851792279411765,
    "mentor_train_acc": 0.9894301470588235,
    "stu_test_acc": 0.9862220447284346,
    "mentor_test_acc": 0.9879193290734825
}