{
    "stu_train_loss": 0.14276206000324557,
    "mentor_train_loss": 0.12094986407250605,
    "stu_test_loss": 0.12538180587152703,
    "mentor_test_loss": 0.11839314460897217,
    "stu_train_acc": 0.9871323529411765,
    "mentor_train_acc": 0.9923023897058824,
    "stu_test_acc": 0.9899161341853036,
    "mentor_test_acc": 0.9915135782747604
}