{
    "stu_train_loss": 0.1384917879340184,
    "mentor_train_loss": 0.10986557571381769,
    "stu_test_loss": 0.14516880999976833,
    "mentor_test_loss": 0.1261121699461541,
    "stu_train_acc": 0.9869025735294118,
    "mentor_train_acc": 0.9923023897058824,
    "stu_test_acc": 0.9868210862619808,
    "mentor_test_acc": 0.989117412140575
}