{
    "stu_train_loss": 0.15171835864620173,
    "mentor_train_loss": 0.12609832994092038,
    "stu_test_loss": 0.15064821318506053,
    "mentor_test_loss": 0.13298341974663658,
    "stu_train_acc": 0.9873621323529411,
    "mentor_train_acc": 0.9905790441176471,
    "stu_test_acc": 0.9882188498402555,
    "mentor_test_acc": 0.9905151757188498
}