{
    "stu_train_loss": 0.14890786819159985,
    "mentor_train_loss": 0.11069561608190484,
    "stu_test_loss": 0.14027633925025074,
    "mentor_test_loss": 0.11066249035560666,
    "stu_train_acc": 0.9851792279411765,
    "mentor_train_acc": 0.9910386029411765,
    "stu_test_acc": 0.9878194888178914,
    "mentor_test_acc": 0.9928115015974441
}