{
    "stu_train_loss": 0.15231108054628267,
    "mentor_train_loss": 0.13762650206027663,
    "stu_test_loss": 0.13505398344022398,
    "mentor_test_loss": 0.12266638946418945,
    "stu_train_acc": 0.9856387867647058,
    "mentor_train_acc": 0.9904641544117647,
    "stu_test_acc": 0.9869209265175719,
    "mentor_test_acc": 0.9918130990415336
}