{
    "stu_train_loss": 0.29767962013754773,
    "mentor_train_loss": 0.28791146040620175,
    "stu_test_loss": 0.21779676819571292,
    "mentor_test_loss": 0.21846910373280987,
    "stu_train_acc": 0.9727109593941885,
    "mentor_train_acc": 0.9766773897058824,
    "stu_test_acc": 0.981529552715655,
    "mentor_test_acc": 0.9843250798722045
}