{
    "stu_train_loss": 0.15130583437926629,
    "mentor_train_loss": 0.13391880219911828,
    "stu_test_loss": 0.13434277124964772,
    "mentor_test_loss": 0.11789106201535215,
    "stu_train_acc": 0.9867876838235294,
    "mentor_train_acc": 0.9920726102941176,
    "stu_test_acc": 0.9900159744408946,
    "mentor_test_acc": 0.9927116613418531
}