{
    "stu_train_loss": 0.15047084630521781,
    "mentor_train_loss": 0.12442340096458793,
    "stu_test_loss": 0.14361986201316024,
    "mentor_test_loss": 0.1114612201722666,
    "stu_train_acc": 0.9867876838235294,
    "mentor_train_acc": 0.9927619485294118,
    "stu_test_acc": 0.9866214057507987,
    "mentor_test_acc": 0.9930111821086262
}