{
    "stu_train_loss": [
        1.741647481918335,
        1.720079779624939,
        1.7168560028076172,
        1.7255738973617554,
        1.723436951637268,
        1.7115064859390259,
        1.7472959756851196,
        1.6989721059799194,
        1.702372431755066,
        1.7073371410369873,
        1.71000337600708,
        1.7120215892791748,
        1.701019287109375,
        1.7032743692398071,
        1.712312936782837,
        1.7053377628326416,
        1.672732949256897,
        1.6877816915512085,
        1.6907962560653687,
        1.6623523235321045,
        1.6640983819961548,
        1.674597978591919,
        1.6420221328735352,
        1.6533278226852417,
        1.67822265625,
        1.6812232732772827,
        1.6616225242614746,
        1.6667022705078125,
        1.7698729038238525
    ],
    "stu_test_loss": [
        1.6233686208724976,
        1.7042642831802368,
        1.77388596534729,
        1.7487088441848755,
        1.776170015335083,
        1.670567274093628,
        1.7759532928466797,
        1.7249256372451782,
        1.736656904220581,
        1.762958288192749,
        1.7321929931640625,
        1.7237322330474854,
        1.723240613937378,
        1.7582577466964722,
        1.8602690696716309,
        1.7409693002700806,
        1.777219533920288,
        1.8620388507843018,
        1.8508553504943848,
        1.8906480073928833,
        1.7453116178512573,
        1.744238257408142,
        1.7396690845489502,
        1.6715552806854248,
        1.703125,
        1.686462163925171,
        1.7008556127548218,
        1.8891258239746094,
        1.7203468084335327,
        1.8229587078094482,
        1.6689845323562622,
        1.7070417404174805,
        1.7067162990570068,
        1.7733910083770752,
        1.8399263620376587,
        1.7473796606063843,
        1.8196382522583008,
        1.7845994234085083,
        1.8546987771987915,
        1.8054026365280151,
        1.7316553592681885,
        1.6799372434616089,
        1.7626537084579468,
        1.862898349761963,
        1.8149323463439941,
        1.8889833688735962,
        1.8109493255615234,
        1.7851781845092773,
        1.772792935371399,
        1.8115758895874023,
        1.7761240005493164,
        1.7232985496520996,
        1.8064508438110352,
        1.7694402933120728,
        1.7529011964797974,
        1.631252408027649,
        1.8944368362426758,
        1.6646130084991455,
        1.6866849660873413,
        1.862541913986206,
        1.803849697113037,
        1.8496652841567993,
        1.6610157489776611,
        1.7384346723556519,
        1.8595486879348755,
        1.8680788278579712,
        1.90509831905365,
        1.6794739961624146,
        1.8739835023880005,
        1.7370033264160156,
        1.7308943271636963,
        1.7046301364898682,
        1.6972259283065796,
        1.6487997770309448,
        1.7971999645233154,
        1.7215312719345093,
        1.8296643495559692,
        1.8621735572814941,
        1.738452434539795,
        1.8269357681274414,
        1.7804615497589111,
        1.8081775903701782,
        1.8394451141357422,
        1.7120081186294556,
        1.6953891515731812,
        1.8909276723861694,
        1.795458197593689,
        1.7308156490325928,
        1.756011962890625,
        1.7753032445907593,
        1.720821499824524,
        1.8560900688171387,
        1.7632156610488892,
        1.7939295768737793,
        1.6867525577545166,
        1.8302958011627197,
        1.6902952194213867,
        1.8113594055175781,
        1.770326852798462,
        1.7798829078674316,
        1.757927417755127,
        1.7293771505355835,
        1.6932635307312012,
        1.7665691375732422,
        1.8866453170776367,
        1.812358021736145,
        1.772929072380066,
        1.6827528476715088,
        1.6683549880981445,
        1.8503296375274658,
        1.7724875211715698,
        1.9070420265197754,
        1.692761778831482,
        1.7392396926879883,
        1.6713179349899292,
        1.849171757698059,
        1.7987643480300903,
        1.7770357131958008,
        1.758695363998413,
        1.8674060106277466,
        1.8126789331436157,
        1.817600131034851,
        1.8286080360412598,
        1.8402886390686035,
        1.7584228515625,
        1.7070015668869019,
        1.6666778326034546,
        1.779059648513794,
        1.875531554222107,
        1.866902470588684,
        1.6072254180908203,
        1.8405743837356567,
        1.894956111907959,
        1.7139158248901367,
        1.71278977394104,
        1.7573192119598389,
        1.8544318675994873,
        1.830053687095642,
        1.8901011943817139,
        1.8213732242584229,
        1.8904461860656738,
        1.7045856714248657,
        1.8364214897155762,
        1.638301968574524,
        1.8852404356002808,
        1.7211581468582153,
        1.7571158409118652,
        1.6844918727874756,
        1.8563436269760132,
        1.7591668367385864,
        1.8246169090270996,
        1.7386906147003174,
        1.7240686416625977,
        1.6805851459503174,
        1.698573350906372,
        1.7827227115631104,
        1.7498100996017456,
        1.6400173902511597,
        1.7542121410369873,
        1.6935778856277466,
        1.7087116241455078,
        1.7899495363235474,
        1.6854861974716187,
        1.8174865245819092,
        1.7371635437011719,
        1.7741799354553223,
        1.6105248928070068,
        1.6527607440948486,
        1.7851934432983398,
        1.7165814638137817,
        1.6587045192718506,
        1.6620506048202515,
        1.6565760374069214,
        1.7152119874954224,
        1.7065006494522095,
        1.703871250152588,
        1.7802298069000244,
        1.728649377822876,
        1.7286545038223267,
        1.8552556037902832,
        1.7528287172317505,
        1.7313966751098633,
        1.7994846105575562,
        1.7674826383590698,
        1.710695743560791,
        1.7698007822036743,
        1.8165923357009888,
        1.7122209072113037,
        1.825895071029663,
        1.7725621461868286,
        1.7348535060882568,
        1.7982852458953857,
        1.8089728355407715,
        1.7549861669540405,
        1.703856110572815,
        1.7362849712371826,
        1.7537641525268555,
        1.6675183773040771,
        1.7111598253250122,
        1.6821328401565552,
        1.7747821807861328,
        1.6958367824554443,
        1.7086963653564453,
        1.703911304473877,
        1.7911086082458496,
        1.954215407371521,
        1.870002269744873,
        1.8069612979888916,
        1.6666580438613892,
        1.7133842706680298,
        1.6573927402496338,
        1.9072346687316895,
        1.7182676792144775,
        1.764222502708435,
        1.6022871732711792,
        1.7515044212341309,
        1.6542466878890991,
        1.690614938735962,
        1.7198370695114136,
        1.7579232454299927,
        1.7428261041641235,
        1.6149166822433472,
        1.8078466653823853,
        1.6969480514526367,
        1.6781597137451172,
        1.6922166347503662,
        1.726188063621521,
        1.7100051641464233,
        1.6652443408966064,
        1.7623728513717651,
        1.7344918251037598,
        1.6939185857772827,
        1.8620895147323608,
        1.8192126750946045,
        1.7556037902832031,
        1.848006248474121,
        1.6744719743728638,
        1.746528148651123,
        1.6574597358703613,
        1.701589822769165,
        1.778135061264038,
        1.7215535640716553,
        1.7721521854400635,
        1.751304030418396,
        1.6700267791748047,
        1.8548837900161743,
        1.7591713666915894,
        1.8219413757324219,
        1.7161388397216797,
        1.7156715393066406,
        1.7780287265777588,
        1.7573984861373901,
        1.7153542041778564,
        1.8011698722839355,
        1.730208158493042,
        1.761260986328125,
        1.840782880783081,
