{
    "stu_train_loss": [
        0.6695221662521362,
        0.7027960419654846,
        0.6868953108787537,
        0.6653844118118286,
        0.7266345024108887,
        0.6718961000442505,
        0.6691867113113403,
        0.6421536803245544,
        0.697534441947937,
        0.6316615343093872,
        0.6557366251945496,
        0.6583342552185059,
        0.709267258644104,
        0.6636509299278259,
        0.6569600105285645,
        0.6668608784675598,
        0.6657321453094482,
        0.6656780242919922,
        0.6661732196807861,
        0.7102153301239014,
        0.6645058393478394,
        0.6695243716239929,
        0.6799342632293701,
        0.6448224782943726,
        0.7140721082687378,
        0.6518232822418213,
        0.616502046585083,
        0.6773721575737,
        0.49158525466918945
    ],
    "stu_test_loss": [
        0.6834467649459839,
        0.8481989502906799,
        0.8188246488571167,
        0.7499758005142212,
        0.8471761345863342,
        0.78150475025177,
        0.9231016635894775,
        0.8733402490615845,
        0.760368824005127,
        0.9087256789207458,
        0.8853495717048645,
        0.7815431356430054,
        0.812982439994812,
        0.6990818381309509,
        1.0767080783843994,
        0.8742647767066956,
        0.8243247270584106,
        0.8815949559211731,
        0.9299888610839844,
        1.0220308303833008,
        0.8594951629638672,
        0.81476229429245,
        0.8138291835784912,
        0.7856823205947876,
        0.8776935338973999,
        0.789812445640564,
        0.7650783061981201,
        0.9275674223899841,
        0.9111466407775879,
        0.972551167011261,
        0.7908152341842651,
        0.7389307022094727,
        0.8567086458206177,
        0.8476473093032837,
        0.9833632707595825,
        0.8533788323402405,
        0.80437171459198,
        0.8711209297180176,
        1.0642099380493164,
        0.7840918302536011,
        0.7896987795829773,
        0.7369394302368164,
        0.9124494194984436,
        0.9609494209289551,
        0.7874773740768433,
        0.9275931715965271,
        0.8555802702903748,
        0.9563267230987549,
        0.8223110437393188,
        0.741313099861145,
        0.9870849847793579,
        0.729308009147644,
        0.924988865852356,
        0.8266774415969849,
        0.8746446371078491,
        0.7827832698822021,
        0.8610539436340332,
        0.7883259057998657,
        0.8091135621070862,
        0.9347898364067078,
        0.8479113578796387,
        0.8343412280082703,
        0.7101221084594727,
        0.9766092896461487,
        0.9326542615890503,
        1.0103304386138916,
        1.0186125040054321,
        0.6902758479118347,
        1.0256201028823853,
        0.7734805345535278,
        0.8572162985801697,
        0.9086520075798035,
        0.7845066785812378,
        0.7871283888816833,
        0.7804970145225525,
        0.8112630844116211,
        0.9199779033660889,
        0.6909695863723755,
        0.9179999828338623,
        1.0155065059661865,
        0.9059892296791077,
        0.9253706932067871,
        0.8677087426185608,
        0.7938421964645386,
        0.8274832963943481,
        0.8904827833175659,
        0.8000786304473877,
        0.8129108548164368,
        0.8908900022506714,
        0.7547525763511658,
        0.7754945755004883,
        1.1191785335540771,
        0.8367743492126465,
        0.8521832227706909,
        0.7684051394462585,
        0.8153501152992249,
        0.8933185935020447,
        1.025342583656311,
        0.8734042048454285,
        0.7764279842376709,
        0.8040279746055603,
        0.9245217442512512,
        0.7689980864524841,
        0.8624777793884277,
        0.9729857444763184,
        0.8782906532287598,
        0.7773087620735168,
        0.8041548132896423,
        0.727622926235199,
        0.8819239139556885,
        0.8841906785964966,
        0.9534022808074951,
        0.7913506031036377,
        0.7705596089363098,
        0.7272206544876099,
        0.8004849553108215,
        0.9135544300079346,
        0.9066164493560791,
        0.9016008377075195,
        1.1302913427352905,
        0.828844428062439,
        0.786513090133667,
        0.9859577417373657,
        0.8831239938735962,
        0.809945821762085,
        0.8588317632675171,
        0.720950186252594,
        0.8824374675750732,
        0.9061751961708069,
        0.8256207704544067,
        0.8127050399780273,
        0.9967182874679565,
        0.9351330399513245,
        0.8493411540985107,
        0.8542430400848389,
        0.8503230810165405,
        0.8476112484931946,
        0.7457586526870728,
        0.9212664365768433,
        0.8003228306770325,
        1.1008124351501465,
        0.8222765922546387,
        0.8632867336273193,
        0.727143406867981,
        0.8527226448059082,
        0.8015381097793579,
        0.7516478300094604,
        0.8145706653594971,
        0.9766186475753784,
        0.8086973428726196,
        0.9363601207733154,
        0.7419191598892212,
        0.8707629442214966,
        0.7590378522872925,
        0.8408488035202026,
        0.8662804961204529,
        0.7171245813369751,
        0.6363497376441956,
        0.6995139718055725,
        0.6771948337554932,
        0.7347934246063232,
        0.9013641476631165,
        0.8169234395027161,
        0.7738054990768433,
        0.7485315203666687,
        0.675067126750946,
        0.6993114948272705,
        0.6600154638290405,
        0.7016782760620117,
        0.6728963851928711,
        0.695854663848877,
        0.6666002869606018,
        0.7274156808853149,
        0.7863246202468872,
        0.7171189785003662,
        0.8162269592285156,
        1.0071824789047241,
        0.6438906192779541,
        0.7387449741363525,
        0.936945915222168,
        0.7404180765151978,
        0.7259554862976074,
        0.8644033670425415,
        0.8218944072723389,
        0.7897573709487915,
        0.7535449862480164,
        0.9686563014984131,
        0.7995063066482544,
        0.8243725299835205,
        0.8537341356277466,
        0.9268293380737305,
        0.9510656595230103,
        1.1484448909759521,
        0.7155056595802307,
        0.6987760066986084,
        0.7190105319023132,
        0.7171739935874939,
        0.6581727266311646,
        0.6708929538726807,
        0.730039656162262,
        0.7604068517684937,
        0.7238267064094543,
        0.7468280792236328,
        0.7553379535675049,
        0.9829239845275879,
        1.240424633026123,
        1.0895798206329346,
        0.8990106582641602,
        0.7096707820892334,
        0.6893343925476074,
        0.8519261479377747,
        0.9459216594696045,
        0.7615410089492798,
        0.7334487438201904,
        0.6671240925788879,
        0.7865073680877686,
        0.6230036020278931,
        0.692855715751648,
        0.7657508850097656,
        0.749447226524353,
        0.6730507016181946,
        0.6406561136245728,
        0.7191941738128662,
        0.6789817810058594,
        0.6865185499191284,
        0.7467237114906311,
        0.8015570640563965,
        0.7205945253372192,
        0.718741238117218,
        0.743091344833374,
        0.6858161091804504,
        0.7603695392608643,
        1.0156593322753906,
        0.860477864742279,
        0.7966902852058411,
        0.8075229525566101,
        0.8559883832931519,
        0.7530578970909119,
        0.7465534210205078,
        0.7166781425476074,
        0.7162671089172363,
        0.8715822696685791,
        0.7160336375236511,
        0.8127381801605225,
        0.7176249623298645,
        0.8484717607498169,
        0.7146148681640625,
        0.8305038213729858,
        0.6881022453308105,
        0.9100583791732788,
        0.8170697689056396,
        0.8214556574821472,
        0.8427144289016724,
        0.7805918455123901,
        0.7719574570655823,
        0.8562852144241333,
