{
    "stu_train_loss": [
        2.3007938861846924,
        2.293264150619507,
        2.295807123184204,
        2.300403118133545,
        2.2946412563323975,
        2.2955892086029053,
        2.2935407161712646,
        2.296860933303833,
        2.295212745666504,
        2.295943260192871,
        2.2949798107147217,
        2.2945730686187744,
        2.2927258014678955,
        2.289699077606201,
        2.2971646785736084,
        2.296715259552002,
        2.2983791828155518,
        2.2954776287078857,
        2.2982516288757324,
        2.294731378555298,
        2.2899773120880127,
        2.294614553451538,
        2.299654006958008,
        2.2937779426574707,
        2.2883663177490234,
        2.2964131832122803,
        2.293379306793213,
        2.297288179397583,
        2.2947182655334473
    ],
    "stu_test_loss": [
        2.3691391944885254,
        2.3865644931793213,
        2.389338493347168,
        2.362722396850586,
        2.392730474472046,
        2.3595950603485107,
        2.3772170543670654,
        2.375659942626953,
        2.3754780292510986,
        2.3911914825439453,
        2.3825793266296387,
        2.3855206966400146,
        2.3710861206054688,
        2.3745408058166504,
        2.3992433547973633,
        2.377326488494873,
        2.387458086013794,
        2.3883657455444336,
        2.4013686180114746,
        2.384154796600342,
        2.381373643875122,
        2.3780386447906494,
        2.3789753913879395,
        2.36576509475708,
        2.3787918090820312,
        2.3993258476257324,
        2.3832623958587646,
        2.3996622562408447,
        2.3802614212036133,
        2.3904454708099365,
        2.376005172729492,
        2.369734287261963,
        2.3745813369750977,
        2.3773627281188965,
        2.3778584003448486,
        2.3881711959838867,
        2.3793225288391113,
        2.39062762260437,
        2.3755970001220703,
        2.379624128341675,
        2.3790266513824463,
        2.3763484954833984,
        2.3894331455230713,
        2.385347843170166,
        2.3668618202209473,
        2.4000656604766846,
        2.3874497413635254,
        2.3863723278045654,
        2.3627219200134277,
        2.3875882625579834,
        2.405484676361084,
        2.3663268089294434,
        2.3882482051849365,
        2.377777576446533,
        2.3894450664520264,
        2.3774843215942383,
        2.3893280029296875,
        2.38427996635437,
        2.374962329864502,
        2.3838212490081787,
        2.3863956928253174,
        2.3986623287200928,
        2.3707821369171143,
        2.3804497718811035,
        2.3935723304748535,
        2.388082504272461,
        2.393674850463867,
        2.371781587600708,
        2.3852949142456055,
        2.3761379718780518,
        2.365058422088623,
        2.381340980529785,
        2.3714311122894287,
        2.3761353492736816,
        2.3853108882904053,
        2.382628917694092,
        2.379641056060791,
        2.3857946395874023,
        2.3803253173828125,
        2.3835930824279785,
        2.387059450149536,
        2.3978164196014404,
        2.3929104804992676,
        2.3733890056610107,
        2.378950357437134,
        2.3939969539642334,
        2.383272409439087,
        2.3846330642700195,
        2.3808658123016357,
        2.3652429580688477,
        2.376171827316284,
        2.373164176940918,
        2.3868908882141113,
        2.391157865524292,
        2.373159170150757,
        2.384331464767456,
        2.394052267074585,
        2.396423816680908,
        2.384953498840332,
        2.3878462314605713,
        2.3840670585632324,
        2.3730504512786865,
        2.3823189735412598,
        2.3999903202056885,
        2.3928420543670654,
        2.3762547969818115,
        2.3882055282592773,
        2.3846328258514404,
        2.374361991882324,
        2.3715169429779053,
        2.3755228519439697,
        2.3920209407806396,
        2.365621566772461,
        2.390493869781494,
        2.3766896724700928,
        2.3918368816375732,
        2.394184112548828,
        2.389230251312256,
        2.3831121921539307,
        2.3913071155548096,
        2.3599865436553955,
        2.380990505218506,
        2.3861403465270996,
        2.399474859237671,
        2.371093511581421,
        2.3643462657928467,
        2.377720594406128,
        2.376103162765503,
        2.396334171295166,
        2.3814797401428223,
        2.35806941986084,
        2.3683698177337646,
        2.3909401893615723,
        2.371307611465454,
        2.3533778190612793,
        2.382192850112915,
        2.3855416774749756,
        2.385180711746216,
        2.3800549507141113,
        2.393559455871582,
        2.371391773223877,
        2.3838343620300293,
        2.3688268661499023,
        2.3735437393188477,
        2.402271032333374,
        2.368492603302002,
        2.3660590648651123,
        2.371065616607666,
        2.391643762588501,
        2.3799540996551514,
        2.394502878189087,
        2.3746633529663086,
        2.3918731212615967,
        2.3696911334991455,
        2.3858466148376465,
        2.3766872882843018,
        2.376410484313965,
        2.3648271560668945,
        2.3716158866882324,
        2.363365411758423,
        2.372716188430786,
        2.381736993789673,
        2.384434223175049,
        2.385923147201538,
        2.379244327545166,
        2.3818111419677734,
        2.369939088821411,
        2.367917776107788,
        2.374361753463745,
        2.3804643154144287,
        2.3671481609344482,
        2.3814966678619385,
        2.3814375400543213,
        2.3776450157165527,
        2.3777663707733154,
        2.3821239471435547,
        2.373009204864502,
        2.3720037937164307,
        2.3814585208892822,
        2.3860156536102295,
        2.3768832683563232,
        2.3845911026000977,
        2.3974955081939697,
        2.386213779449463,
        2.3747801780700684,
        2.378584146499634,
        2.3757951259613037,
        2.372619152069092,
        2.3785226345062256,
        2.385911703109741,
        2.386967897415161,
        2.3842275142669678,
        2.3678860664367676,
        2.3862085342407227,
        2.3676884174346924,
        2.386662244796753,
        2.3906660079956055,
        2.3768999576568604,
        2.385281562805176,
        2.3819491863250732,
        2.371814489364624,
        2.3701882362365723,
        2.3798532485961914,
        2.371288299560547,
        2.387697696685791,
        2.38959002494812,
        2.38455867767334,
        2.3719964027404785,
        2.367018938064575,
        2.3736603260040283,
        2.359222650527954,
        2.386248826980591,
        2.3769643306732178,
        2.3809008598327637,
        2.384428024291992,
        2.374434471130371,
        2.3726770877838135,
        2.3729019165039062,
        2.356670379638672,
        2.3810386657714844,
        2.3695626258850098,
        2.3608856201171875,
        2.3883779048919678,
        2.3686792850494385,
        2.3843250274658203,
        2.3861231803894043,
        2.3767149448394775,
        2.3714215755462646,
        2.3637855052948,
        2.3752641677856445,
        2.3646912574768066,
        2.3659353256225586,
        2.383390188217163,
        2.3777763843536377,
        2.3737947940826416,
        2.3868484497070312,
        2.360560655593872,
        2.384246349334717,
        2.375325918197632,
        2.3909971714019775,
        2.3868281841278076,
        2.3847925662994385,
        2.38430118560791,
        2.3710787296295166,
        2.362706422805786,
        2.370321273803711,
        2.3667452335357666,
        2.3860020637512207,
        2.371884346008301,
        2.3769397735595703,
        2.3773598670959473,
        2.371037244796753,
        2.35613751411438,
        2.382671594619751,
        2.3795413970947266,
        2.38446307182312,
        2.3836121559143066,
        2.369493246078491,
        2.376447916030884,
