{
    "stu_train_loss": [
        2.21321439743042,
        2.2052059173583984,
        2.2064573764801025,
        2.20478892326355,
        2.20508074760437,
        2.203601360321045,
        2.209217071533203,
        2.2074244022369385,
        2.211613178253174,
        2.199497699737549,
        2.212674140930176,
        2.197706699371338,
        2.2053582668304443,
        2.1862385272979736,
        2.176821708679199,
        2.1786105632781982,
        2.199352979660034,
        2.1997995376586914,
        2.1836256980895996,
        2.177398920059204,
        2.1757428646087646,
        2.1858890056610107,
        2.163837194442749,
        2.1619157791137695,
        2.1633400917053223,
        2.178070068359375,
        2.1754679679870605,
        2.1680707931518555,
        2.1639933586120605
    ],
    "stu_test_loss": [
        2.2261250019073486,
        2.2484230995178223,
        2.273473024368286,
        2.250847339630127,
        2.2799370288848877,
        2.216890573501587,
        2.2674248218536377,
        2.251070261001587,
        2.2559635639190674,
        2.269920587539673,
        2.2551167011260986,
        2.2447288036346436,
        2.2410595417022705,
        2.2439346313476562,
        2.305975914001465,
        2.249654769897461,
        2.2786762714385986,
        2.303410053253174,
        2.3035924434661865,
        2.2964186668395996,
        2.2625391483306885,
        2.2568109035491943,
        2.2528793811798096,
        2.2222259044647217,
        2.2601444721221924,
        2.254716157913208,
        2.239339828491211,
        2.3224904537200928,
        2.237894296646118,
        2.2859549522399902,
        2.220862627029419,
        2.238395929336548,
        2.2431583404541016,
        2.2868940830230713,
        2.296877145767212,
        2.2540786266326904,
        2.292027235031128,
        2.25732421875,
        2.273937940597534,
        2.2833454608917236,
        2.24806547164917,
        2.2288620471954346,
        2.2374258041381836,
        2.3001596927642822,
        2.269904613494873,
        2.317350149154663,
        2.291442632675171,
        2.276973009109497,
        2.2419164180755615,
        2.268024206161499,
        2.2773263454437256,
        2.251870632171631,
        2.295426607131958,
        2.251309633255005,
        2.2725048065185547,
        2.227264404296875,
        2.302137851715088,
        2.2373218536376953,
        2.2439632415771484,
        2.285693645477295,
        2.2655627727508545,
        2.3055663108825684,
        2.230374336242676,
        2.245957612991333,
        2.2996280193328857,
        2.3150620460510254,
        2.30350399017334,
        2.2312276363372803,
        2.281661033630371,
        2.2576162815093994,
        2.237307071685791,
        2.2414872646331787,
        2.2493326663970947,
        2.2373454570770264,
        2.290968418121338,
        2.2664825916290283,
        2.302386522293091,
        2.286336660385132,
        2.2462148666381836,
        2.2753453254699707,
        2.270472288131714,
        2.303840160369873,
        2.3060786724090576,
        2.2389984130859375,
        2.253491163253784,
        2.2881407737731934,
        2.2809150218963623,
        2.2560951709747314,
        2.2737643718719482,
        2.269752025604248,
        2.2572216987609863,
        2.2920360565185547,
        2.280761957168579,
        2.2800700664520264,
        2.2337229251861572,
        2.2942397594451904,
        2.2457385063171387,
        2.275068759918213,
        2.274492025375366,
        2.277592658996582,
        2.237416982650757,
        2.2284703254699707,
        2.233259439468384,
        2.2755720615386963,
        2.303612232208252,
        2.262373924255371,
        2.2680602073669434,
        2.221036911010742,
        2.247950553894043,
        2.2853236198425293,
        2.267747163772583,
        2.3090550899505615,
        2.2205028533935547,
        2.264310836791992,
        2.2365665435791016,
        2.3057146072387695,
        2.2866621017456055,
        2.275801181793213,
        2.2812325954437256,
        2.291407585144043,
        2.270620346069336,
        2.293365240097046,
        2.269909620285034,
        2.299283504486084,
        2.246403217315674,
        2.2306761741638184,
        2.237771511077881,
        2.2813916206359863,
        2.296332359313965,
        2.3070545196533203,
        2.191026210784912,
        2.2706730365753174,
        2.31964111328125,
        2.2367541790008545,
        2.2356460094451904,
        2.260913372039795,
        2.312530755996704,
        2.3004653453826904,
        2.3068735599517822,
        2.3088021278381348,
        2.2805869579315186,
        2.24265456199646,
        2.2716028690338135,
        2.2287116050720215,
        2.310441017150879,
        2.2359466552734375,
        2.2495040893554688,
        2.251842498779297,
        2.295961856842041,
        2.271343231201172,
        2.2936646938323975,
        2.2547049522399902,
        2.258403778076172,
        2.228783369064331,
        2.258894920349121,
        2.2657127380371094,
        2.270873546600342,
        2.210563898086548,
        2.2623648643493652,
        2.2241909503936768,
        2.257192850112915,
        2.2727251052856445,
        2.23830246925354,
        2.2888574600219727,
        2.2376179695129395,
        2.2803268432617188,
        2.213270425796509,
        2.215376377105713,
        2.262279987335205,
        2.254265785217285,
        2.211200475692749,
        2.2292320728302,
        2.219172954559326,
        2.2462661266326904,
        2.2540524005889893,
        2.259056806564331,
        2.254720449447632,
        2.250737428665161,
        2.259392738342285,
        2.285892963409424,
        2.2464866638183594,
        2.250152587890625,
        2.277764081954956,
        2.275393009185791,
        2.2545080184936523,
        2.2627649307250977,
        2.2677955627441406,
        2.223914623260498,
        2.266073703765869,
        2.259639263153076,
        2.2573482990264893,
        2.265857219696045,
        2.272327423095703,
        2.264817237854004,
        2.225372791290283,
        2.2455337047576904,
        2.2603304386138916,
        2.2286927700042725,
        2.235635757446289,
        2.251600742340088,
        2.259877920150757,
        2.2251904010772705,
        2.2521283626556396,
        2.2335901260375977,
        2.251309394836426,
        2.308779239654541,
        2.2959401607513428,
        2.2680675983428955,
        2.2220606803894043,
        2.246363401412964,
        2.2242186069488525,
        2.3184874057769775,
        2.25252103805542,
        2.2593963146209717,
        2.2193894386291504,
        2.2569892406463623,
        2.2242281436920166,
        2.242027521133423,
        2.227585554122925,
        2.239861249923706,
        2.253448009490967,
        2.211912155151367,
        2.2756199836730957,
        2.2306406497955322,
        2.2352938652038574,
        2.2435920238494873,
        2.254913330078125,
        2.236846923828125,
        2.2175562381744385,
        2.257744789123535,
        2.2428719997406006,
        2.2261998653411865,
        2.287543535232544,
        2.276953935623169,
        2.257246971130371,
        2.298337459564209,
        2.2236385345458984,
        2.2536699771881104,
        2.230135917663574,
        2.267086982727051,
        2.276970863342285,
        2.254279375076294,
        2.286093235015869,
        2.2560923099517822,
        2.225360870361328,
        2.300947427749634,
        2.2579126358032227,
        2.2700507640838623,
        2.246917486190796,
        2.24379825592041,
        2.2554752826690674,
        2.249544143676758,
        2.250683307647705,
        2.272430896759033,
        2.247471570968628,
        2.2639663219451904,
        2.2868382930755615,
        2.2675814628601074,
        2.289684772491455,
        2.2743797302246094,
