{
    "stu_train_loss": [
        0.852691650390625,
        0.8425554037094116,
        0.888848066329956,
        0.8843399882316589,
        0.8568623661994934,
        0.8759434223175049,
        0.856778085231781,
        0.8661735653877258,
        0.8276782631874084,
        0.8104769587516785,
        0.8624671101570129,
        0.8317779302597046,
        0.8326225876808167,
        0.8377448320388794,
        0.8398617506027222,
        0.8681198358535767,
        0.8136730790138245,
        0.820020854473114,
        0.7879941463470459,
        0.7966891527175903,
        0.8247779607772827,
        0.7965031266212463,
        0.8655210137367249,
        0.809799313545227,
        0.8740701675415039,
        0.8150716423988342,
        0.8245282769203186,
        0.8151412010192871,
        0.8179444074630737
    ],
    "stu_test_loss": [
        0.8517273664474487,
        0.9958052635192871,
        0.9590120911598206,
        0.8981540203094482,
        0.999147891998291,
        0.9320735335350037,
        1.066257357597351,
        0.9833725690841675,
        0.9468249082565308,
        1.010302186012268,
        1.0086021423339844,
        0.965035617351532,
        1.0057927370071411,
        0.8903505206108093,
        1.2328040599822998,
        0.9980403184890747,
        1.0083953142166138,
        0.9958699941635132,
        1.1329450607299805,
        1.1438286304473877,
        1.0452077388763428,
        0.9540954232215881,
        0.8883450031280518,
        0.9552445411682129,
        1.0997552871704102,
        0.9557756185531616,
        0.9065399169921875,
        1.1363623142242432,
        1.0628249645233154,
        1.1308298110961914,
        0.9327926635742188,
        0.8948865532875061,
        1.0420876741409302,
        1.0113714933395386,
        1.1363513469696045,
        1.0607186555862427,
        0.9815592169761658,
        1.0544779300689697,
        1.1467945575714111,
        0.9669262766838074,
        0.9623980522155762,
        0.94080650806427,
        1.066928744316101,
        1.1525280475616455,
        0.9766245484352112,
        1.180975317955017,
        1.0594160556793213,
        1.0618268251419067,
        0.9894193410873413,
        0.9238335490226746,
        1.0974076986312866,
        0.9092532396316528,
        1.116875410079956,
        0.9887447953224182,
        1.0710557699203491,
        0.925223708152771,
        1.0680543184280396,
        0.9281163215637207,
        0.9837638139724731,
        1.090463399887085,
        1.0251548290252686,
        1.0416033267974854,
        0.8979090452194214,
        1.1214491128921509,
        1.1297008991241455,
        1.1454780101776123,
        1.2286155223846436,
        0.9157765507698059,
        1.0908856391906738,
        0.9645922183990479,
        0.9720115661621094,
        1.017430305480957,
        0.8842459321022034,
        0.9844481945037842,
        0.9755880832672119,
        1.002794623374939,
        1.099972128868103,
        0.9042258262634277,
        1.0302655696868896,
        1.1699873208999634,
        1.0767936706542969,
        1.096067190170288,
        1.076744556427002,
        0.9542344212532043,
        0.9448215365409851,
        1.168915033340454,
        0.9820520877838135,
        1.0260816812515259,
        1.0070685148239136,
        0.9527605772018433,
        0.9577732682228088,
        1.2752472162246704,
        0.9908571839332581,
        1.0827900171279907,
        0.8966920375823975,
        1.0118615627288818,
        1.0030784606933594,
        1.1528395414352417,
        0.9926854372024536,
        0.9590424299240112,
        0.9932348132133484,
        1.0613274574279785,
        0.9976376295089722,
        0.9525357484817505,
        1.1538259983062744,
        1.0285087823867798,
        0.9634960293769836,
        0.9331494569778442,
        0.8764979839324951,
        1.0204124450683594,
        1.0206427574157715,
        1.1841076612472534,
        0.8713085651397705,
        0.9729437828063965,
        0.9247093200683594,
        0.972723126411438,
        1.0303599834442139,
        1.1049821376800537,
        1.1401993036270142,
        1.1756722927093506,
        1.0186209678649902,
        0.9508798718452454,
        1.1572173833847046,
        1.0680060386657715,
        0.9157658815383911,
        0.9800938367843628,
        0.889681339263916,
        1.0836868286132812,
        1.1304851770401,
        1.0331110954284668,
        0.921929121017456,
        1.1850612163543701,
        1.116012692451477,
        0.9712533950805664,
        1.0179330110549927,
        0.9513307213783264,
        1.0495473146438599,
        0.9741083979606628,
        1.1123325824737549,
        1.003288984298706,
        1.2314834594726562,
        1.0179306268692017,
        1.094892978668213,
        0.9110031723976135,
        1.0600322484970093,
        0.977664589881897,
        0.9416078329086304,
        1.001258373260498,
        1.1963883638381958,
        1.0031797885894775,
        1.1106500625610352,
        0.9181334972381592,
        1.0080153942108154,
        0.9120076894760132,
        0.9864133596420288,
        1.000678300857544,
        0.8347662687301636,
        0.7521450519561768,
        0.907455325126648,
        0.8229115605354309,
        0.9125990867614746,
        1.0095689296722412,
        1.0080268383026123,
        0.9830852150917053,
        0.8934102058410645,
        0.8803341388702393,
        0.8435234427452087,
        0.8061022162437439,
        0.9097049236297607,
        0.8312985897064209,
        0.8157721757888794,
        0.8206052184104919,
        0.8570823669433594,
        0.9038516879081726,
        0.8682896494865417,
        0.9032824635505676,
        1.0395547151565552,
        0.8211101293563843,
        0.9194494485855103,
        1.177070140838623,
        0.984133243560791,
        0.9741891622543335,
        0.9730692505836487,
        0.9074252247810364,
        0.866084098815918,
        1.0006991624832153,
        1.2075515985488892,
        0.9851954579353333,
        1.0490248203277588,
        1.0087321996688843,
        1.0837417840957642,
        1.065232276916504,
        1.1971575021743774,
        0.9228200912475586,
        0.8390811681747437,
        0.8606886863708496,
        0.9049121141433716,
        0.8209078311920166,
        0.8102892637252808,
        0.9299572706222534,
        0.891767680644989,
        0.8308579921722412,
        0.9485687017440796,
        0.9526224136352539,
        1.2424880266189575,
        1.4065375328063965,
        1.3147010803222656,
        1.1248834133148193,
        0.8620426654815674,
        0.934814453125,
        0.9358987212181091,
        1.2170124053955078,
        0.9232637882232666,
        0.918684184551239,
        0.7888475656509399,
        0.9635099172592163,
        0.7745739221572876,
        0.9032182097434998,
        0.8960177302360535,
        0.9054232239723206,
        0.873342752456665,
        0.8085571527481079,
        0.9540890455245972,
        0.8660088181495667,
        0.8754985332489014,
        0.9421306252479553,
        0.9871377944946289,
        0.8851540088653564,
        0.8671292066574097,
        0.9079914093017578,
        0.8194866180419922,
        0.950007438659668,
        1.3225862979888916,
        1.097933292388916,
        0.9537712931632996,
        0.9925664663314819,
        0.9362655878067017,
        0.9132604598999023,
        0.8782994747161865,
        0.8670624494552612,
        0.8373468518257141,
        1.0248315334320068,
        0.861534595489502,
        0.9810370206832886,
        0.8564732074737549,
        1.0654484033584595,
        0.8931264877319336,
        1.0691063404083252,
        0.8250654935836792,
        0.9836196303367615,
        0.8823710083961487,
        0.93785160779953,
        1.0314534902572632,
        0.9661619663238525,
        0.9766750335693359,
        0.9779518842697144,
