{
    "stu_train_loss": [
        1.8672161102294922,
        1.8458040952682495,
        1.8641027212142944,
        1.817662239074707,
        1.8480623960494995,
        1.8322532176971436,
        1.8008877038955688,
        1.8286222219467163,
        1.853955864906311,
        1.8456555604934692,
        1.813306450843811,
        1.8159502744674683,
        1.8243826627731323,
        1.828755259513855,
        1.8175127506256104,
        1.8156218528747559,
        1.8393524885177612,
        1.827242136001587,
        1.8468775749206543,
        1.805497646331787,
        1.7925103902816772,
        1.8001914024353027,
        1.7418900728225708,
        1.784129023551941,
        1.7910094261169434,
        1.770208716392517,
        1.7808948755264282,
        1.7365573644638062,
        1.6321457624435425
    ],
    "stu_test_loss": [
        1.777459979057312,
        1.823755145072937,
        1.8757126331329346,
        1.8699290752410889,
        1.8913462162017822,
        1.7785680294036865,
        1.8610739707946777,
        1.8597956895828247,
        1.8848353624343872,
        1.8782811164855957,
        1.8356715440750122,
        1.8458296060562134,
        1.8402607440948486,
        1.8614089488983154,
        1.9730826616287231,
        1.8585892915725708,
        1.8973897695541382,
        1.9841270446777344,
        1.9685970544815063,
        1.9560778141021729,
        1.886232852935791,
        1.881502389907837,
        1.8635859489440918,
        1.796642780303955,
        1.8238683938980103,
        1.8088862895965576,
        1.8374522924423218,
        2.007528305053711,
        1.852347731590271,
        1.9319194555282593,
        1.786097526550293,
        1.8365966081619263,
        1.832546591758728,
        1.9024213552474976,
        1.9777798652648926,
        1.8756017684936523,
        1.9408499002456665,
        1.8773881196975708,
        1.9281538724899292,
        1.9285070896148682,
        1.8465406894683838,
        1.8104584217071533,
        1.867254614830017,
        1.982581615447998,
        1.9381489753723145,
        2.004399538040161,
        1.9192129373550415,
        1.908815860748291,
        1.8758361339569092,
        1.9310673475265503,
        1.8881807327270508,
        1.8462722301483154,
        1.9276213645935059,
        1.869870901107788,
        1.8686071634292603,
        1.7570703029632568,
        1.9824118614196777,
        1.7871493101119995,
        1.8315058946609497,
        1.955994725227356,
        1.9258897304534912,
        1.9720163345336914,
        1.7972017526626587,
        1.840677261352539,
        1.9644265174865723,
        1.9870200157165527,
        1.9921684265136719,
        1.8128682374954224,
        1.9859424829483032,
        1.8652111291885376,
        1.8295950889587402,
        1.8120390176773071,
        1.8421305418014526,
        1.7897498607635498,
        1.9290410280227661,
        1.8489187955856323,
        1.933894157409668,
        1.9614696502685547,
        1.8366528749465942,
        1.921569585800171,
        1.9001322984695435,
        1.9322242736816406,
        1.9465402364730835,
        1.8485124111175537,
        1.8074294328689575,
        1.9944416284561157,
        1.9069544076919556,
        1.850600242614746,
        1.8707267045974731,
        1.9054372310638428,
        1.8487398624420166,
        1.972083568572998,
        1.8934680223464966,
        1.9047991037368774,
        1.813273549079895,
        1.9463773965835571,
        1.8276216983795166,
        1.9101691246032715,
        1.8941372632980347,
        1.8952176570892334,
        1.872960090637207,
        1.8556065559387207,
        1.8158856630325317,
        1.8978220224380493,
        1.9875236749649048,
        1.9434958696365356,
        1.900329351425171,
        1.809403657913208,
        1.7797170877456665,
        1.9591296911239624,
        1.8784048557281494,
        2.012938976287842,
        1.8053984642028809,
        1.874232292175293,
        1.8058842420578003,
        1.9766087532043457,
        1.9087222814559937,
        1.8868441581726074,
        1.8751996755599976,
        1.964576244354248,
        1.92453134059906,
        1.9246127605438232,
        1.909880518913269,
        1.9503378868103027,
        1.8900156021118164,
        1.8314322233200073,
        1.8054215908050537,
        1.8767207860946655,
        1.9821170568466187,
        1.979601502418518,
        1.739620566368103,
        1.9492712020874023,
        2.000656843185425,
        1.8368695974349976,
        1.8374054431915283,
        1.8892478942871094,
        1.9712562561035156,
        1.9634953737258911,
        2.008875608444214,
        1.968819260597229,
        1.9484909772872925,
        1.811869740486145,
        1.9471664428710938,
        1.7784245014190674,
        1.9949716329574585,
        1.827498197555542,
        1.8886849880218506,
        1.8108534812927246,
        1.9421534538269043,
        1.9102774858474731,
        1.9439722299575806,
        1.8532428741455078,
        1.837925672531128,
        1.8054265975952148,
        1.8226239681243896,
        1.9036610126495361,
        1.876507043838501,
        1.7833466529846191,
        1.8776246309280396,
        1.811873435974121,
        1.844406008720398,
        1.9212377071380615,
        1.808684229850769,
        1.9209305047988892,
        1.8420246839523315,
        1.8861100673675537,
        1.7410916090011597,
        1.7960684299468994,
        1.8985384702682495,
        1.8487406969070435,
        1.8017823696136475,
        1.794506311416626,
        1.7646533250808716,
        1.8339598178863525,
        1.8334095478057861,
        1.8482940196990967,
        1.8868036270141602,
        1.8423449993133545,
        1.8528954982757568,
        1.9580742120742798,
        1.8555344343185425,
        1.8467355966567993,
        1.9257729053497314,
        1.8868088722229004,
        1.8251721858978271,
        1.9043985605239868,
        1.928964376449585,
        1.8291490077972412,
        1.9420636892318726,
        1.855851173400879,
        1.8599824905395508,
        1.8909958600997925,
        1.9198626279830933,
        1.8707951307296753,
        1.8286783695220947,
        1.875072717666626,
        1.8638447523117065,
        1.7776371240615845,
        1.8372719287872314,
        1.825201392173767,
        1.8835419416427612,
        1.8180766105651855,
        1.825563669204712,
        1.8153809309005737,
        1.907153844833374,
        2.0516586303710938,
        1.9946990013122559,
        1.916270136833191,
        1.7967123985290527,
        1.8485515117645264,
        1.804266095161438,
        2.0072619915008545,
        1.8365017175674438,
        1.8899543285369873,
        1.7284317016601562,
        1.869106411933899,
        1.796105146408081,
        1.81978178024292,
        1.8450682163238525,
        1.8739207983016968,
        1.86857271194458,
        1.763746976852417,
        1.9224839210510254,
        1.8388168811798096,
        1.7990691661834717,
        1.8226032257080078,
        1.8745590448379517,
        1.8457586765289307,
        1.7893697023391724,
        1.8841406106948853,
        1.8719712495803833,
        1.8073947429656982,
        1.9606493711471558,
        1.9349031448364258,
        1.8802932500839233,
        1.9509145021438599,
        1.7892593145370483,
        1.8678206205368042,
        1.7946397066116333,
        1.831101894378662,
        1.8977982997894287,
        1.8388772010803223,
        1.8925069570541382,
        1.8783044815063477,
        1.8100264072418213,
        1.9653403759002686,
        1.8823771476745605,
        1.9293851852416992,
        1.8333053588867188,
        1.8212001323699951,
        1.882813811302185,
        1.8678337335586548,
        1.835204005241394,
        1.925047516822815,
        1.8610817193984985,
        1.896575689315796,
        1.9532890319824219,
