{
    "stu_train_loss": [
        2.254087209701538,
        2.2476508617401123,
        2.255277633666992,
        2.2584264278411865,
        2.248736619949341,
        2.252716064453125,
        2.2510154247283936,
        2.251591920852661,
        2.262340545654297,
        2.2522881031036377,
        2.2513022422790527,
        2.25193190574646,
        2.241676092147827,
        2.237996816635132,
        2.2462005615234375,
        2.250298500061035,
        2.2445740699768066,
        2.2452242374420166,
        2.2372632026672363,
        2.236971378326416,
        2.242753744125366,
        2.2389063835144043,
        2.2318031787872314,
        2.235819101333618,
        2.2368407249450684,
        2.2300736904144287,
        2.229868173599243,
        2.231283187866211,
        2.2303733825683594
    ],
    "stu_test_loss": [
        2.3064942359924316,
        2.313049554824829,
        2.3308918476104736,
        2.3068273067474365,
        2.336505651473999,
        2.2983570098876953,
        2.3170993328094482,
        2.3118021488189697,
        2.314993143081665,
        2.3271310329437256,
        2.3107423782348633,
        2.326338768005371,
        2.317807197570801,
        2.3100244998931885,
        2.362377405166626,
        2.3147802352905273,
        2.343691349029541,
        2.340786933898926,
        2.3598618507385254,
        2.33475661277771,
        2.3249573707580566,
        2.3196659088134766,
        2.318586587905884,
        2.2978405952453613,
        2.325162410736084,
        2.327927589416504,
        2.303828477859497,
        2.365072250366211,
        2.3098316192626953,
        2.3458473682403564,
        2.3056416511535645,
        2.307687759399414,
        2.303710699081421,
        2.3332631587982178,
        2.3455417156219482,
        2.3282546997070312,
        2.3410024642944336,
        2.321423292160034,
        2.3267343044281006,
        2.3405914306640625,
        2.3231735229492188,
        2.3070220947265625,
        2.304731845855713,
        2.354930877685547,
        2.3201539516448975,
        2.370361328125,
        2.3408498764038086,
        2.3273768424987793,
        2.3017730712890625,
        2.3314998149871826,
        2.332926034927368,
        2.313788890838623,
        2.345738410949707,
        2.3056676387786865,
        2.3362553119659424,
        2.2921459674835205,
        2.3329970836639404,
        2.30509614944458,
        2.3150148391723633,
        2.3442981243133545,
        2.3230879306793213,
        2.3588266372680664,
        2.3012828826904297,
        2.3166263103485107,
        2.3482985496520996,
        2.3517918586730957,
        2.3617372512817383,
        2.3175086975097656,
        2.337904930114746,
        2.3185951709747314,
        2.297163248062134,
        2.3059463500976562,
        2.313642740249634,
        2.3013112545013428,
        2.3317644596099854,
        2.3257696628570557,
        2.3411865234375,
        2.3356740474700928,
        2.31654691696167,
        2.3347177505493164,
        2.332746744155884,
        2.35105562210083,
        2.345818281173706,
        2.3078198432922363,
        2.3059754371643066,
        2.3427677154541016,
        2.333125591278076,
        2.325645923614502,
        2.3205108642578125,
        2.3250491619110107,
        2.3189258575439453,
        2.3311288356781006,
        2.3351473808288574,
        2.3357224464416504,
        2.2989745140075684,
        2.3382654190063477,
        2.322235345840454,
        2.3385024070739746,
        2.326101779937744,
        2.337820529937744,
        2.3120083808898926,
        2.300926446914673,
        2.307615041732788,
        2.343608856201172,
        2.3534932136535645,
        2.3189358711242676,
        2.3201613426208496,
        2.2973263263702393,
        2.315075159072876,
        2.33858060836792,
        2.3228225708007812,
        2.35418438911438,
        2.292767286300659,
        2.3374030590057373,
        2.3088908195495605,
        2.3579680919647217,
        2.3356680870056152,
        2.3314409255981445,
        2.3382387161254883,
        2.3427016735076904,
        2.3253531455993652,
        2.3513054847717285,
        2.335076332092285,
        2.34672474861145,
        2.3092756271362305,
        2.303497076034546,
        2.3018076419830322,
        2.3385019302368164,
        2.3461203575134277,
        2.343268871307373,
        2.2743465900421143,
        2.3266146183013916,
        2.36331844329834,
        2.307607650756836,
        2.3024916648864746,
        2.326889991760254,
        2.367687225341797,
        2.3443214893341064,
        2.3524858951568604,
        2.354339838027954,
        2.3207952976226807,
        2.313262701034546,
        2.3203701972961426,
        2.300226926803589,
        2.3521273136138916,
        2.2986631393432617,
        2.3060085773468018,
        2.3090484142303467,
        2.3424994945526123,
        2.3317718505859375,
        2.346778392791748,
        2.318502902984619,
        2.3252110481262207,
        2.3016586303710938,
        2.323906183242798,
        2.3277125358581543,
        2.3256895542144775,
        2.2815699577331543,
        2.320099353790283,
        2.292452335357666,
        2.3097193241119385,
        2.3280537128448486,
        2.327359676361084,
        2.334937572479248,
        2.302769660949707,
        2.3268072605133057,
        2.285813331604004,
        2.2885069847106934,
        2.314725399017334,
        2.32011342048645,
        2.285470724105835,
        2.3032243251800537,
        2.294121503829956,
        2.3012211322784424,
        2.3236093521118164,
        2.321624279022217,
        2.3067092895507812,
        2.308427572250366,
        2.3253071308135986,
        2.332939624786377,
        2.3236677646636963,
        2.3218014240264893,
        2.3363006114959717,
        2.3268916606903076,
        2.314333438873291,
        2.325124979019165,
        2.331293821334839,
        2.2898521423339844,
        2.3229880332946777,
        2.3148627281188965,
        2.307229518890381,
        2.3302485942840576,
        2.3199455738067627,
        2.315551519393921,
        2.2946152687072754,
        2.3131330013275146,
        2.3183205127716064,
        2.2929484844207764,
        2.309070587158203,
        2.3226780891418457,
        2.316288471221924,
        2.2922325134277344,
        2.325927734375,
        2.303544759750366,
        2.3277366161346436,
        2.341148614883423,
        2.3389172554016113,
        2.320134401321411,
        2.2935545444488525,
        2.3101115226745605,
        2.2921035289764404,
        2.3391120433807373,
        2.314884901046753,
        2.3243179321289062,
        2.2873611450195312,
        2.321815252304077,
        2.29665470123291,
        2.307879686355591,
        2.2892627716064453,
        2.3081412315368652,
        2.302381992340088,
        2.289726734161377,
        2.337890148162842,
        2.315032720565796,
        2.3074123859405518,
        2.303663492202759,
        2.3007972240448,
        2.311051845550537,
        2.2992706298828125,
        2.319876194000244,
        2.3045530319213867,
        2.299854040145874,
        2.3398711681365967,
        2.323474407196045,
        2.3145923614501953,
        2.3408305644989014,
        2.29664945602417,
        2.3112540245056152,
        2.29856276512146,
        2.3288662433624268,
        2.328059434890747,
        2.319674491882324,
        2.3340320587158203,
        2.310739755630493,
        2.2963130474090576,
        2.3419220447540283,
        2.314080238342285,
        2.32439923286438,
        2.312898635864258,
        2.3216001987457275,
        2.313204050064087,
        2.315213441848755,
        2.3139450550079346,
        2.321258068084717,
        2.312495231628418,
        2.325500965118408,
        2.335454225540161,
        2.3122029304504395,
        2.330824375152588,
        2.3185055255889893,
