{
    "stu_train_loss": 0.7828094072905173,
    "mentor_train_loss": 0.3113165022292955,
    "stu_test_loss": 0.8063501328134689,
    "mentor_test_loss": 0.58984313519618,
    "stu_train_acc": 0.7921723300970874,
    "mentor_train_acc": 0.9626483280681869,
    "stu_test_acc": 0.7561900958466453,
    "mentor_test_acc": 0.8388578274760383
}