{
    "stu_train_loss": 0.7723707110171951,
    "mentor_train_loss": 0.30148349620377746,
    "stu_test_loss": 0.8046874002145883,
    "mentor_test_loss": 0.5760623162356429,
    "stu_train_acc": 0.7901946242573192,
    "mentor_train_acc": 0.9639405791427711,
    "stu_test_acc": 0.7581869009584664,
    "mentor_test_acc": 0.8433506389776357
}