{
    "stu_train_loss": 0.759755554515567,
    "mentor_train_loss": 0.2840366474922421,
    "stu_test_loss": 0.8027781927928376,
    "mentor_test_loss": 0.5450199216889878,
    "stu_train_acc": 0.7948242537797847,
    "mentor_train_acc": 0.9654013846298638,
    "stu_test_acc": 0.7671725239616614,
    "mentor_test_acc": 0.8501397763578274
}