{
    "stu_train_loss": 0.7698224452128303,
    "mentor_train_loss": 0.28260861274493937,
    "stu_test_loss": 0.816279128527108,
    "mentor_test_loss": 0.5306968046263003,
    "stu_train_acc": 0.7940151922911116,
    "mentor_train_acc": 0.965963232864454,
    "stu_test_acc": 0.7631789137380192,
    "mentor_test_acc": 0.8570287539936102
}