{
    "stu_train_loss": 0.3715494844110606,
    "mentor_train_loss": 0.18612688117034804,
    "stu_test_loss": 0.35528364015844305,
    "mentor_test_loss": 0.27321582235181674,
    "stu_train_acc": 0.904810725514445,
    "mentor_train_acc": 0.9584976340694006,
    "stu_test_acc": 0.90435303514377,
    "mentor_test_acc": 0.9268170926517572
}