{
    "stu_train_loss": 0.3729663886811455,
    "mentor_train_loss": 0.18113286207997084,
    "stu_test_loss": 0.3471281090721536,
    "mentor_test_loss": 0.26819072597133464,
    "stu_train_acc": 0.9020307571730027,
    "mentor_train_acc": 0.9602523660434157,
    "stu_test_acc": 0.9046525559105432,
    "mentor_test_acc": 0.9263178913738019
}