{
    "stu_train_loss": 0.37920685211190663,
    "mentor_train_loss": 0.1838594555431736,
    "stu_test_loss": 0.35557169443407,
    "mentor_test_loss": 0.2670349252347748,
    "stu_train_acc": 0.9042389590281418,
    "mentor_train_acc": 0.955757097867009,
    "stu_test_acc": 0.9060503194888179,
    "mentor_test_acc": 0.9287140575079872
}