{
    "stu_train_loss": 0.3842085790746972,
    "mentor_train_loss": 0.17591108452258425,
    "stu_test_loss": 0.37151922709263935,
    "mentor_test_loss": 0.2707013910570845,
    "stu_train_acc": 0.90625,
    "mentor_train_acc": 0.9566246056782335,
    "stu_test_acc": 0.909944089456869,
    "mentor_test_acc": 0.9263178913738019
}