{
    "stu_train_loss": 0.3745550118175215,
    "mentor_train_loss": 0.17965222244100992,
    "stu_test_loss": 0.35976874640288825,
    "mentor_test_loss": 0.2698894622512519,
    "stu_train_acc": 0.9051458991664442,
    "mentor_train_acc": 0.9568611987005649,
    "stu_test_acc": 0.9057507987220448,
    "mentor_test_acc": 0.9294129392971247
}