{
    "stu_train_loss": [
        2.310619592666626,
        2.3055646419525146,
        2.306227922439575,
        2.3034112453460693,
        2.3057382106781006,
        2.3000314235687256,
        2.2975821495056152,
        2.3049299716949463,
        2.311624526977539,
        2.3008954524993896,
        2.3118674755096436,
        2.309329032897949,
        2.303143262863159,
        2.306685209274292,
        2.3023924827575684,
        2.302780866622925,
        2.3034563064575195,
        2.3005478382110596,
        2.2980666160583496,
        2.300340414047241,
        2.303753614425659,
        2.297852039337158,
        2.2990338802337646,
        2.3024041652679443,
        2.297189950942993,
        2.303900718688965,
        2.301079034805298,
        2.3001883029937744,
        2.2948715686798096,
        2.298957347869873,
        2.3013265132904053,
        2.298436164855957,
        2.295621156692505,
        2.2987523078918457,
        2.299307107925415,
        2.2997117042541504,
        2.2951009273529053,
        2.2907333374023438
    ],
    "stu_test_loss": [
        2.380110502243042,
        2.4004621505737305,
        2.3946378231048584,
        2.371441602706909,
        2.3894309997558594,
        2.3731648921966553,
        2.3846559524536133,
        2.3715083599090576,
        2.372417688369751,
        2.400111675262451,
        2.389493703842163,
        2.386151075363159,
        2.384848117828369,
        2.3846547603607178,
        2.401942014694214,
        2.377284288406372,
        2.3931262493133545,
        2.398263692855835,
        2.400256633758545,
        2.381610155105591,
        2.3935937881469727,
        2.385286808013916,
        2.386867046356201,
        2.3717873096466064,
        2.382579803466797,
        2.4022998809814453,
        2.3906054496765137,
        2.4048256874084473,
        2.38799786567688,
        2.390085458755493,
        2.3831169605255127,
        2.374274253845215,
        2.38141131401062,
        2.389235019683838,
        2.379254102706909,
        2.390040159225464,
        2.384087085723877,
        2.397484064102173,
        2.3735122680664062,
        2.385047435760498,
        2.3818936347961426,
        2.371666431427002,
        2.4006917476654053,
        2.388160467147827,
        2.3688812255859375,
        2.4011621475219727,
        2.397291660308838,
        2.3868520259857178,
        2.3689818382263184,
        2.3811898231506348,
        2.4105446338653564,
        2.370373487472534,
        2.384277582168579,
        2.384460926055908,
        2.388110637664795,
        2.389169216156006,
        2.398451328277588,
        2.38778018951416,
        2.3755946159362793,
        2.381448984146118,
        2.402247667312622,
        2.3917837142944336,
        2.3720483779907227,
        2.389559745788574,
        2.390563726425171,
        2.3970038890838623,
        2.3977510929107666,
        2.374429225921631,
        2.379016160964966,
        2.380594491958618,
        2.3655877113342285,
        2.388247489929199,
        2.3871021270751953,
        2.37736439704895,
        2.3899030685424805,
        2.3912336826324463,
        2.3913516998291016,
        2.3931195735931396,
        2.3885533809661865,
        2.3871912956237793,
        2.390476942062378,
        2.3960280418395996,
        2.4024648666381836,
        2.3780055046081543,
        2.3868112564086914,
        2.3945112228393555,
        2.392855405807495,
        2.3839714527130127,
        2.385028600692749,
        2.366462230682373,
        2.3826396465301514,
        2.3772170543670654,
        2.3830907344818115,
        2.3896472454071045,
        2.382915735244751,
        2.3886184692382812,
        2.4001965522766113,
        2.4034762382507324,
        2.3847367763519287,
        2.3912646770477295,
        2.386558771133423,
        2.3778574466705322,
        2.386091709136963,
        2.4031474590301514,
        2.391909122467041,
        2.3880937099456787,
        2.3852767944335938,
        2.387603521347046,
        2.3763508796691895,
        2.3792200088500977,
        2.3812737464904785,
        2.3950765132904053,
        2.372000217437744,
        2.3911099433898926,
        2.386488914489746,
        2.3872716426849365,
        2.4023962020874023,
        2.395817279815674,
        2.378602981567383,
        2.392134666442871,
        2.3676843643188477,
        2.368576765060425,
        2.389852285385132,
        2.3973350524902344,
        2.37431263923645,
        2.3712704181671143,
        2.383786916732788,
        2.3858799934387207,
        2.3934226036071777,
        2.382405996322632,
        2.3737313747406006,
        2.3735499382019043,
        2.3865549564361572,
        2.373331069946289,
        2.351163625717163,
        2.387681722640991,
        2.3769028186798096,
        2.3896632194519043,
        2.3790066242218018,
        2.391547918319702,
        2.3788578510284424,
        2.3906118869781494,
        2.363840103149414,
        2.3778138160705566,
        2.4048476219177246,
        2.37453031539917,
        2.377948045730591,
        2.387080669403076,
        2.3879380226135254,
        2.385091543197632,
        2.3939108848571777,
        2.3770205974578857,
        2.392646551132202,
        2.3854923248291016,
        2.3919198513031006,
        2.376016139984131,
        2.3723201751708984,
        2.373704671859741,
        2.3725602626800537,
        2.375669002532959,
        2.389021873474121,
        2.381216287612915,
        2.3817758560180664,
        2.3912012577056885,
        2.383335590362549,
        2.3863654136657715,
        2.381575345993042,
        2.3704965114593506,
        2.377243995666504,
        2.3838858604431152,
        2.385126829147339,
        2.3797671794891357,
        2.3857920169830322,
        2.3791422843933105,
        2.3806424140930176,
        2.387131929397583,
        2.378715753555298,
        2.378114700317383,
        2.37974214553833,
        2.3942902088165283,
        2.386457920074463,
        2.3879878520965576,
        2.4017693996429443,
        2.3884689807891846,
        2.3820459842681885,
        2.3852202892303467,
        2.370875835418701,
        2.3753087520599365,
        2.38846492767334,
        2.387342929840088,
        2.387734889984131,
        2.389819860458374,
        2.371696949005127,
        2.3941922187805176,
        2.3697915077209473,
        2.3857309818267822,
        2.3957488536834717,
        2.386918067932129,
        2.3929941654205322,
        2.3863179683685303,
        2.374401569366455,
        2.3873491287231445,
        2.3774867057800293,
        2.371974229812622,
        2.396286964416504,
        2.3938345909118652,
        2.3849105834960938,
        2.3829715251922607,
        2.388953447341919,
        2.378415584564209,
        2.3765065670013428,
        2.390834093093872,
        2.388801336288452,
        2.394895553588867,
        2.3820104598999023,
        2.3666608333587646,
        2.3770060539245605,
        2.383648633956909,
        2.359818696975708,
        2.3864188194274902,
        2.3714284896850586,
        2.3602681159973145,
        2.385328769683838,
        2.382913589477539,
        2.3899641036987305,
        2.3956079483032227,
        2.383112907409668,
        2.3775136470794678,
        2.369485855102539,
        2.39223051071167,
        2.3658246994018555,
        2.383786678314209,
        2.385347843170166,
        2.385319948196411,
        2.3770251274108887,
        2.39077091217041,
        2.362988233566284,
        2.390380382537842,
        2.377743721008301,
        2.3844361305236816,
        2.3915374279022217,
        2.390651226043701,
        2.382429361343384,
        2.3717031478881836,
        2.3748133182525635,
        2.3847477436065674,
        2.372403860092163,
        2.384742259979248,
        2.3774547576904297,
        2.3900389671325684,
        2.3788561820983887,
