{
    "stu_train_loss": [
        2.2953953742980957,
        2.288645029067993,
        2.290339231491089,
        2.286712884902954,
        2.289350748062134,
        2.2873528003692627,
        2.290672779083252,
        2.289222478866577,
        2.2910327911376953,
        2.2884366512298584,
        2.2922184467315674,
        2.281555652618408,
        2.2897109985351562,
        2.2901241779327393,
        2.2859463691711426,
        2.2857577800750732,
        2.286698579788208,
        2.289477586746216,
        2.288257122039795,
        2.2842209339141846,
        2.285999059677124,
        2.289452314376831,
        2.2840685844421387,
        2.2780680656433105,
        2.2847189903259277,
        2.281700849533081,
        2.287440299987793,
        2.2866430282592773,
        2.279322624206543,
        2.279705762863159,
        2.2821578979492188,
        2.281045436859131,
        2.2784199714660645,
        2.279857635498047,
        2.2846992015838623,
        2.283189296722412,
        2.2778003215789795,
        2.271566152572632
    ],
    "stu_test_loss": [
        2.359907627105713,
        2.376535177230835,
        2.3781180381774902,
        2.3538362979888916,
        2.3728725910186768,
        2.3557517528533936,
        2.369476079940796,
        2.3527884483337402,
        2.355314254760742,
        2.3725996017456055,
        2.3750853538513184,
        2.3798422813415527,
        2.366926670074463,
        2.355841636657715,
        2.3852078914642334,
        2.363983154296875,
        2.3779659271240234,
        2.381977081298828,
        2.3919570446014404,
        2.3713507652282715,
        2.3605456352233887,
        2.356203556060791,
        2.3703176975250244,
        2.3544557094573975,
        2.3659565448760986,
        2.377438545227051,
        2.3652615547180176,
        2.386514902114868,
        2.359407901763916,
        2.3770930767059326,
        2.359457015991211,
        2.34930157661438,
        2.356572151184082,
        2.3767666816711426,
        2.3736324310302734,
        2.372182846069336,
        2.3808906078338623,
        2.3787312507629395,
        2.355710506439209,
        2.3770642280578613,
        2.3749756813049316,
        2.3630921840667725,
        2.3593814373016357,
        2.384187936782837,
        2.359722137451172,
        2.39544415473938,
        2.382030725479126,
        2.373105764389038,
        2.35119891166687,
        2.372964382171631,
        2.3795530796051025,
        2.36441707611084,
        2.383392810821533,
        2.358729362487793,
        2.376528739929199,
        2.3539557456970215,
        2.3780601024627686,
        2.370107650756836,
        2.3592886924743652,
        2.381596326828003,
        2.3731319904327393,
        2.388498544692993,
        2.361193895339966,
        2.370260238647461,
        2.381277084350586,
        2.3791732788085938,
        2.3874664306640625,
        2.359673023223877,
        2.363618850708008,
        2.3658008575439453,
        2.346205949783325,
        2.358384609222412,
        2.3601808547973633,
        2.351442813873291,
        2.3734498023986816,
        2.3736941814422607,
        2.377326726913452,
        2.367121458053589,
        2.368065357208252,
        2.3806145191192627,
        2.378972053527832,
        2.383178234100342,
        2.378878355026245,
        2.3683876991271973,
        2.364612102508545,
        2.3744242191314697,
        2.380897045135498,
        2.3756771087646484,
        2.3729398250579834,
        2.359489679336548,
        2.3667616844177246,
        2.3650574684143066,
        2.3733174800872803,
        2.368565082550049,
        2.3531813621520996,
        2.374514102935791,
        2.3776252269744873,
        2.388927698135376,
        2.3694186210632324,
        2.376126289367676,
        2.3592770099639893,
        2.3623251914978027,
        2.361739158630371,
        2.38142466545105,
        2.3870670795440674,
        2.368507146835327,
        2.374894380569458,
        2.365931749343872,
        2.3665783405303955,
        2.3708534240722656,
        2.36885142326355,
        2.381636619567871,
        2.3522019386291504,
        2.375791072845459,
        2.356203079223633,
        2.3750948905944824,
        2.3803603649139404,
        2.3772451877593994,
        2.3710029125213623,
        2.380807638168335,
        2.355430841445923,
        2.3707773685455322,
        2.362926959991455,
        2.3875200748443604,
        2.359308958053589,
        2.358567237854004,
        2.3691763877868652,
        2.3694026470184326,
        2.3704142570495605,
        2.3674464225769043,
        2.3374953269958496,
        2.3662045001983643,
        2.3860208988189697,
        2.3584775924682617,
        2.3443984985351562,
        2.3674991130828857,
        2.3793716430664062,
        2.380552053451538,
        2.377532720565796,
        2.3808815479278564,
        2.356213092803955,
        2.369811534881592,
        2.351077079772949,
        2.35551118850708,
        2.3974244594573975,
        2.352078914642334,
        2.357269525527954,
        2.3631927967071533,
        2.383729934692383,
        2.3681092262268066,
        2.38289475440979,
        2.358212471008301,
        2.3712427616119385,
        2.364809989929199,
        2.366638660430908,
        2.357523202896118,
        2.3703103065490723,
        2.342315435409546,
        2.3565640449523926,
        2.3440117835998535,
        2.363713502883911,
        2.367380142211914,
        2.376016616821289,
        2.371649980545044,
        2.363023281097412,
        2.3714685440063477,
        2.3504223823547363,
        2.347987174987793,
        2.3636996746063232,
        2.369792938232422,
        2.3595759868621826,
        2.358137607574463,
        2.361306667327881,
        2.3549625873565674,
        2.3623597621917725,
        2.3701775074005127,
        2.3609912395477295,
        2.3624889850616455,
        2.3706107139587402,
        2.3729195594787598,
        2.3643276691436768,
        2.368914842605591,
        2.385141611099243,
        2.378445863723755,
        2.3650705814361572,
        2.37713360786438,
        2.369053840637207,
        2.355368137359619,
        2.379720449447632,
        2.3585705757141113,
        2.3572988510131836,
        2.373082160949707,
        2.361400604248047,
        2.3747923374176025,
        2.3476390838623047,
        2.361379861831665,
        2.372335433959961,
        2.353658676147461,
        2.3581933975219727,
        2.3686585426330566,
        2.356907844543457,
        2.3462724685668945,
        2.3613922595977783,
        2.3546063899993896,
        2.3696024417877197,
        2.373016119003296,
        2.3707199096679688,
        2.36661696434021,
        2.349669933319092,
        2.366708278656006,
        2.3485424518585205,
        2.3755264282226562,
        2.3660972118377686,
        2.3701767921447754,
        2.3587777614593506,
        2.363959550857544,
        2.3497097492218018,
        2.359682321548462,
        2.339567184448242,
        2.35634446144104,
        2.3553295135498047,
        2.345048666000366,
        2.3739871978759766,
        2.356894016265869,
        2.365847110748291,
        2.368378162384033,
        2.357919931411743,
        2.3582732677459717,
        2.3492157459259033,
        2.3629512786865234,
        2.3501458168029785,
        2.3582072257995605,
        2.376915454864502,
        2.361438512802124,
        2.362409830093384,
        2.3751327991485596,
        2.3448076248168945,
        2.369920253753662,
        2.356011152267456,
        2.3705413341522217,
        2.369016408920288,
        2.3651857376098633,
        2.3616926670074463,
        2.349210262298584,
        2.3578853607177734,
        2.3625171184539795,
        2.3522768020629883,
        2.363304615020752,
        2.356823682785034,
        2.369713306427002,
        2.3603084087371826,
