{
    "stu_train_loss": [
        1.8388326168060303,
        1.8412936925888062,
        1.8552473783493042,
        1.8329085111618042,
        1.852632999420166,
        1.846677541732788,
        1.839784026145935,
        1.8447011709213257,
        1.8755183219909668,
        1.832011103630066,
        1.7915425300598145,
        1.8421965837478638,
        1.7962298393249512,
        1.7798371315002441,
        1.8236587047576904,
        1.823969841003418,
        1.811953067779541,
        1.8402464389801025,
        1.8195781707763672,
        1.782794713973999,
        1.7612794637680054,
        1.7827075719833374,
        1.788277506828308,
        1.803362250328064,
        1.7739993333816528,
        1.8138829469680786,
        1.7377276420593262,
        1.7676546573638916,
        1.7495296001434326,
        1.7915682792663574,
        1.752520203590393,
        1.7469300031661987,
        1.7367615699768066,
        1.7456034421920776,
        1.7483333349227905,
        1.713122844696045,
        1.725286602973938,
        1.751174807548523
    ],
    "stu_test_loss": [
        1.7276577949523926,
        1.8047960996627808,
        1.8503706455230713,
        1.8476383686065674,
        1.8596007823944092,
        1.7553386688232422,
        1.848656415939331,
        1.817068338394165,
        1.8377212285995483,
        1.8525514602661133,
        1.8037950992584229,
        1.8019506931304932,
        1.8156503438949585,
        1.8482037782669067,
        1.9443151950836182,
        1.8117226362228394,
        1.8672633171081543,
        1.947616696357727,
        1.9317137002944946,
        1.9548898935317993,
        1.8475266695022583,
        1.8173367977142334,
        1.8312962055206299,
        1.7622562646865845,
        1.7729318141937256,
        1.781585454940796,
        1.8127254247665405,
        1.9852278232574463,
        1.7996232509613037,
        1.8763507604599,
        1.7592039108276367,
        1.7909109592437744,
        1.7971625328063965,
        1.8495498895645142,
        1.925788164138794,
        1.8272364139556885,
        1.9064981937408447,
        1.8598891496658325,
        1.9222670793533325,
        1.8935298919677734,
        1.836084008216858,
        1.7691726684570312,
        1.8406248092651367,
        1.9478169679641724,
        1.8782836198806763,
        1.9666118621826172,
        1.894169569015503,
        1.8674414157867432,
        1.8445138931274414,
        1.9023330211639404,
        1.857650876045227,
        1.8088667392730713,
        1.8951612710952759,
        1.8448957204818726,
        1.8380229473114014,
        1.7385046482086182,
        1.9670805931091309,
        1.7435808181762695,
        1.8019354343414307,
        1.9467976093292236,
        1.8942108154296875,
        1.9378159046173096,
        1.7573792934417725,
        1.8106694221496582,
        1.926600694656372,
        1.9505321979522705,
        1.961288571357727,
        1.769405722618103,
        1.9513055086135864,
        1.8254008293151855,
        1.8014366626739502,
        1.7745449542999268,
        1.7907785177230835,
        1.760319471359253,
        1.8842054605484009,
        1.806104063987732,
        1.908231496810913,
        1.9312281608581543,
        1.8099565505981445,
        1.896559715270996,
        1.866515040397644,
        1.9074333906173706,
        1.9207125902175903,
        1.8025394678115845,
        1.770845890045166,
        1.961238145828247,
        1.8774261474609375,
        1.8012642860412598,
        1.8499603271484375,
        1.8601921796798706,
        1.800783634185791,
        1.9178833961486816,
        1.883385419845581,
        1.8884785175323486,
        1.7901077270507812,
        1.91618013381958,
        1.7953852415084839,
        1.8738253116607666,
        1.8705575466156006,
        1.8690115213394165,
        1.8243248462677002,
        1.8120086193084717,
        1.778634786605835,
        1.8687552213668823,
        1.9678540229797363,
        1.898450255393982,
        1.8622660636901855,
        1.7725293636322021,
        1.7552739381790161,
        1.9235005378723145,
        1.8264374732971191,
        1.9625409841537476,
        1.787118911743164,
        1.8189784288406372,
        1.7702596187591553,
        1.93533194065094,
        1.884577751159668,
        1.8590947389602661,
        1.8567332029342651,
        1.9401055574417114,
        1.881212592124939,
        1.8925505876541138,
        1.8796436786651611,
        1.8947969675064087,
        1.8485547304153442,
        1.7682766914367676,
        1.7650830745697021,
        1.8539390563964844,
        1.9352468252182007,
        1.9267271757125854,
        1.6857150793075562,
        1.922877550125122,
        1.9709820747375488,
        1.7803782224655151,
        1.8041445016860962,
        1.86704683303833,
        1.9446314573287964,
        1.9210325479507446,
        1.9664913415908813,
        1.9254668951034546,
        1.9298515319824219,
        1.7848460674285889,
        1.9062070846557617,
        1.7374587059020996,
        1.9690697193145752,
        1.7957336902618408,
        1.8529198169708252,
        1.771496057510376,
        1.9222171306610107,
        1.8450514078140259,
        1.8990225791931152,
        1.8000396490097046,
        1.8071658611297607,
        1.7697983980178833,
        1.8002614974975586,
        1.8719714879989624,
        1.8303885459899902,
        1.738874912261963,
        1.8507909774780273,
        1.7780450582504272,
        1.8030810356140137,
        1.8916375637054443,
        1.7676806449890137,
        1.9094657897949219,
        1.8073498010635376,
        1.852189064025879,
        1.6965761184692383,
        1.7536559104919434,
        1.858502984046936,
        1.8103116750717163,
        1.7587413787841797,
        1.7629337310791016,
        1.724164366722107,
        1.7830723524093628,
        1.79844069480896,
        1.814494252204895,
        1.8637800216674805,
        1.8158328533172607,
        1.8267438411712646,
        1.914968490600586,
        1.8393670320510864,
        1.8240470886230469,
        1.8849791288375854,
        1.8533318042755127,
        1.7999577522277832,
        1.8576946258544922,
        1.8919209241867065,
        1.7948511838912964,
        1.9077218770980835,
        1.8370263576507568,
        1.820586085319519,
        1.8671069145202637,
        1.8723576068878174,
        1.8308396339416504,
        1.7774642705917358,
        1.8230868577957153,
        1.8259766101837158,
        1.7387144565582275,
        1.8008134365081787,
        1.8032591342926025,
        1.8578262329101562,
        1.7813057899475098,
        1.799973487854004,
        1.7835361957550049,
        1.8605378866195679,
        2.019228935241699,
        1.9566036462783813,
        1.881784439086914,
        1.76248300075531,
        1.8143353462219238,
        1.717378854751587,
        1.9643595218658447,
        1.8186885118484497,
        1.878098726272583,
        1.6823348999023438,
        1.8477874994277954,
        1.762895941734314,
        1.8104374408721924,
        1.8051027059555054,
        1.8444430828094482,
        1.8284003734588623,
        1.7394564151763916,
        1.9026844501495361,
        1.7799171209335327,
        1.77693510055542,
        1.7799032926559448,
        1.8424632549285889,
        1.7886892557144165,
        1.7654532194137573,
        1.8564881086349487,
        1.8283940553665161,
        1.7698686122894287,
        1.934585690498352,
        1.8883347511291504,
        1.832388162612915,
        1.9207637310028076,
        1.748408317565918,
        1.8307037353515625,
        1.7512242794036865,
        1.7841699123382568,
        1.8740487098693848,
        1.8163089752197266,
        1.8566092252731323,
        1.8186755180358887,
        1.7555749416351318,
        1.9169511795043945,
        1.8307337760925293,
        1.8642317056655884,
