{
    "stu_train_loss": [
        0.8585124015808105,
        0.8018417954444885,
        0.890548050403595,
        0.8013943433761597,
        0.8080764412879944,
        0.8737449049949646,
        0.849198043346405,
        0.8339236378669739,
        0.797424852848053,
        0.8176707029342651,
        0.8248560428619385,
        0.8418029546737671,
        0.8311383128166199,
        0.8299363255500793,
        0.8611884117126465,
        0.8569406270980835,
        0.8007617592811584,
        0.8195614814758301,
        0.8365225195884705,
        0.8564784526824951,
        0.8263964056968689,
        0.8120250701904297,
        0.7765145897865295,
        0.8102530837059021,
        0.810223400592804,
        0.7998130917549133,
        0.7793693542480469,
        0.820830762386322,
        0.7893566489219666,
        0.7477455735206604,
        0.7798315286636353,
        0.7993394732475281,
        0.754952609539032,
        0.7960676550865173,
        0.8085894584655762,
        0.7875873446464539,
        0.7877446413040161,
        0.7533852458000183
    ],
    "stu_test_loss": [
        0.8014941215515137,
        0.9482080340385437,
        0.9689323902130127,
        0.8909143209457397,
        0.9563232064247131,
        0.8809661865234375,
        1.0189461708068848,
        0.9454938769340515,
        0.8822110891342163,
        0.9834927320480347,
        1.0007919073104858,
        0.915489673614502,
        0.9118305444717407,
        0.8379551768302917,
        1.162262201309204,
        0.9437675476074219,
        0.9493719935417175,
        1.007002592086792,
        1.0770435333251953,
        1.083714485168457,
        0.9435763359069824,
        0.9183927774429321,
        0.9360231161117554,
        0.9157885313034058,
        0.9948107004165649,
        0.9332176446914673,
        0.8808265328407288,
        1.0015112161636353,
        1.0055286884307861,
        1.134714126586914,
        0.8920643925666809,
        0.8712308406829834,
        0.9648028612136841,
        0.9437285661697388,
        1.1190818548202515,
        1.002382755279541,
        0.9594991207122803,
        1.0070401430130005,
        1.0881880521774292,
        0.9713441133499146,
        0.9137754440307617,
        0.8456263542175293,
        1.0126237869262695,
        1.0247900485992432,
        0.8702514171600342,
        1.0951828956604004,
        1.002384901046753,
        1.0375897884368896,
        0.9575739502906799,
        0.8523708581924438,
        1.1003856658935547,
        0.8540509939193726,
        0.9970986247062683,
        0.9175047278404236,
        1.0338956117630005,
        0.8954885005950928,
        0.996468722820282,
        0.9129462838172913,
        0.8996946215629578,
        1.057870626449585,
        1.0230088233947754,
        0.9698073863983154,
        0.8586179614067078,
        1.1421606540679932,
        1.0745933055877686,
        1.0852651596069336,
        1.1399835348129272,
        0.8747149705886841,
        1.0747036933898926,
        0.903671383857727,
        0.9636819362640381,
        0.9854331612586975,
        0.8706285953521729,
        0.9142993688583374,
        0.919815719127655,
        0.9135445356369019,
        1.046600341796875,
        0.8701221346855164,
        1.0110833644866943,
        1.1010208129882812,
        1.0526798963546753,
        0.9824069738388062,
        0.9951910972595215,
        0.9282406568527222,
        0.9596291184425354,
        1.029642939567566,
        0.9294710159301758,
        0.94875168800354,
        0.994782567024231,
        0.9034255743026733,
        0.9197658896446228,
        1.1947698593139648,
        0.9462177753448486,
        0.9819502830505371,
        0.8397233486175537,
        0.9349018931388855,
        0.9732224941253662,
        1.1505544185638428,
        0.9867739677429199,
        0.9177470207214355,
        0.9573835134506226,
        0.9525075554847717,
        0.8890948295593262,
        0.9400877356529236,
        1.115189790725708,
        0.9969266653060913,
        0.9000526666641235,
        0.9145553112030029,
        0.8121041059494019,
        0.9289302825927734,
        1.0141373872756958,
        1.1152690649032593,
        0.8888086080551147,
        0.9190752506256104,
        0.844377338886261,
        0.9241802096366882,
        1.0192266702651978,
        1.0202569961547852,
        1.0316288471221924,
        1.196122407913208,
        0.9642120003700256,
        0.9009662866592407,
        1.064112663269043,
        1.038137674331665,
        0.9083319306373596,
        0.9834945797920227,
        0.846753716468811,
        0.966882586479187,
        1.029285192489624,
        0.9678546190261841,
        0.891491174697876,
        1.1787983179092407,
        1.0239055156707764,
        0.9103517532348633,
        0.9274986386299133,
        0.9170459508895874,
        0.9842238426208496,
        0.9066843390464783,
        1.0379639863967896,
        0.9297915697097778,
        1.1539533138275146,
        0.9423564076423645,
        1.0088732242584229,
        0.8410714864730835,
        0.9928909540176392,
        0.9124999046325684,
        0.9209494590759277,
        0.9203245639801025,
        1.0942466259002686,
        0.94167160987854,
        1.0375467538833618,
        0.8860731720924377,
        0.91683030128479,
        0.8947504758834839,
        0.9903588891029358,
        0.927873969078064,
        0.8208417892456055,
        0.7640622854232788,
        0.882882297039032,
        0.815239667892456,
        0.8604533672332764,
        1.0176137685775757,
        0.9249647855758667,
        0.9015405774116516,
        0.8257721066474915,
        0.8455139398574829,
        0.8234343528747559,
        0.7970740795135498,
        0.8384416103363037,
        0.8006269931793213,
        0.8414609432220459,
        0.8013693690299988,
        0.8515846133232117,
        0.8878921270370483,
        0.8427199721336365,
        0.9240084290504456,
        1.0736137628555298,
        0.7950454950332642,
        0.8850760459899902,
        1.0559656620025635,
        0.9093785285949707,
        0.8416923880577087,
        0.9666025042533875,
        0.9271954894065857,
        0.8887274265289307,
        0.9220375418663025,
        1.1060017347335815,
        0.9217804074287415,
        0.9645448923110962,
        0.9864917397499084,
        1.0581655502319336,
        1.0320813655853271,
        1.1421624422073364,
        0.8759019374847412,
        0.8041560649871826,
        0.8295311331748962,
        0.8617669343948364,
        0.7962532043457031,
        0.7571356892585754,
        0.8620407581329346,
        0.8637006878852844,
        0.8215530514717102,
        0.8877902030944824,
        0.9066514372825623,
        1.0716806650161743,
        1.270334005355835,
        1.2305710315704346,
        0.9792391657829285,
        0.8374190330505371,
        0.8546336889266968,
        0.9515949487686157,
        1.1441856622695923,
        0.876202404499054,
        0.8548811078071594,
        0.7722433805465698,
        0.8986797332763672,
        0.7291017174720764,
        0.8265680074691772,
        0.856972336769104,
        0.8793849945068359,
        0.8102333545684814,
        0.7076448202133179,
        0.8896759748458862,
        0.8105369806289673,
        0.7920267581939697,
        0.9002070426940918,
        0.9096285104751587,
        0.8670949935913086,
        0.8406229019165039,
        0.9020070433616638,
        0.7895838022232056,
        0.8911616802215576,
        1.1397956609725952,
        0.9527066946029663,
        0.9321421384811401,
        0.901691198348999,
        0.895424485206604,
        0.8804559707641602,
        0.8475497961044312,
        0.833574652671814,
        0.7973756790161133,
        0.9725666642189026,
        0.8638389110565186,
        0.9446102976799011,
        0.8509026765823364,
        1.0044755935668945,
        0.8954861164093018,
