{
    "stu_train_loss": [
        1.2378239631652832,
        1.2056810855865479,
        1.220054030418396,
        1.1998165845870972,
        1.2097150087356567,
        1.248814344406128,
        1.2176092863082886,
        1.1803606748580933,
        1.1476798057556152,
        1.2079051733016968,
        1.1784168481826782,
        1.1937963962554932,
        1.1878474950790405,
        1.1395233869552612,
        1.1554617881774902,
        1.2035086154937744,
        1.1644877195358276,
        1.1573703289031982,
        1.1579300165176392,
        1.1761277914047241,
        1.1508232355117798,
        1.1937624216079712,
        1.139565348625183,
        1.1881333589553833,
        1.1492844820022583,
        1.1463695764541626,
        1.1143958568572998,
        1.1262328624725342,
        1.1261624097824097,
        1.0927603244781494,
        1.1245100498199463,
        1.1130083799362183,
        1.1227478981018066,
        1.075857162475586,
        1.130903720855713,
        1.0656256675720215,
        1.0435580015182495,
        1.0940929651260376
    ],
    "stu_test_loss": [
        1.082723617553711,
        1.212027668952942,
        1.262316346168518,
        1.1538811922073364,
        1.2422007322311401,
        1.15590500831604,
        1.3041225671768188,
        1.231900691986084,
        1.2073769569396973,
        1.2386711835861206,
        1.278996467590332,
        1.20290207862854,
        1.2067513465881348,
        1.1576093435287476,
        1.4181880950927734,
        1.251271367073059,
        1.261970043182373,
        1.3149542808532715,
        1.3485888242721558,
        1.3913990259170532,
        1.2526347637176514,
        1.205977439880371,
        1.185377836227417,
        1.1855007410049438,
        1.2435710430145264,
        1.1955496072769165,
        1.164850115776062,
        1.3989218473434448,
        1.2681742906570435,
        1.353685736656189,
        1.1834907531738281,
        1.1604185104370117,
        1.2508959770202637,
        1.2179934978485107,
        1.3609344959259033,
        1.3065037727355957,
        1.2714544534683228,
        1.3061929941177368,
        1.3850191831588745,
        1.2294812202453613,
        1.2197386026382446,
        1.1314713954925537,
        1.3189033269882202,
        1.3840043544769287,
        1.2317867279052734,
        1.4340665340423584,
        1.2932833433151245,
        1.2644399404525757,
        1.2328423261642456,
        1.208360195159912,
        1.315940499305725,
        1.1676995754241943,
        1.3434929847717285,
        1.2306007146835327,
        1.2464934587478638,
        1.1666721105575562,
        1.3694850206375122,
        1.1906766891479492,
        1.1932804584503174,
        1.3589719533920288,
        1.3033874034881592,
        1.2791874408721924,
        1.1460981369018555,
        1.3118976354599,
        1.3330210447311401,
        1.368692398071289,
        1.4571208953857422,
        1.1509140729904175,
        1.3582649230957031,
        1.1780905723571777,
        1.1993716955184937,
        1.2404874563217163,
        1.142585039138794,
        1.1921401023864746,
        1.2416400909423828,
        1.2047094106674194,
        1.3408095836639404,
        1.2392115592956543,
        1.24796724319458,
        1.3448994159698486,
        1.2801144123077393,
        1.2977850437164307,
        1.3192658424377441,
        1.1941046714782715,
        1.1784601211547852,
        1.3451157808303833,
        1.2384233474731445,
        1.2164753675460815,
        1.2924023866653442,
        1.2047306299209595,
        1.1714062690734863,
        1.398916244506836,
        1.24445378780365,
        1.2754652500152588,
        1.146005392074585,
        1.28998601436615,
        1.1939877271652222,
        1.3581595420837402,
        1.2523983716964722,
        1.2377833127975464,
        1.2435601949691772,
        1.2563161849975586,
        1.2180289030075073,
        1.2466399669647217,
        1.4008036851882935,
        1.3114652633666992,
        1.209736943244934,
        1.1951239109039307,
        1.0968546867370605,
        1.2923215627670288,
        1.2752848863601685,
        1.3995723724365234,
        1.1737056970596313,
        1.2136030197143555,
        1.1530961990356445,
        1.2447848320007324,
        1.2846736907958984,
        1.2741349935531616,
        1.2831661701202393,
        1.4410737752914429,
        1.281765103340149,
        1.216725468635559,
        1.3796608448028564,
        1.3374979496002197,
        1.1848247051239014,
        1.2678519487380981,
        1.1440802812576294,
        1.2349344491958618,
        1.3712714910507202,
        1.2901229858398438,
        1.1515125036239624,
        1.4386770725250244,
        1.3442442417144775,
        1.2181800603866577,
        1.2089909315109253,
        1.2357393503189087,
        1.2668594121932983,
        1.254452109336853,
        1.3433291912078857,
        1.2743780612945557,
        1.449101448059082,
        1.2260937690734863,
        1.3099642992019653,
        1.1530439853668213,
        1.3393659591674805,
        1.2244594097137451,
        1.218906283378601,
        1.218643069267273,
        1.3634827136993408,
        1.2269058227539062,
        1.3339366912841797,
        1.1720635890960693,
        1.2160112857818604,
        1.1614397764205933,
        1.2437803745269775,
        1.2254364490509033,
        1.1331793069839478,
        1.0565516948699951,
        1.165688395500183,
        1.134599208831787,
        1.152612566947937,
        1.2897450923919678,
        1.1893655061721802,
        1.2719416618347168,
        1.1565146446228027,
        1.1562639474868774,
        1.0849648714065552,
        1.0767661333084106,
        1.1815831661224365,
        1.1163897514343262,
        1.118639588356018,
        1.120840311050415,
        1.1179155111312866,
        1.1571235656738281,
        1.1400442123413086,
        1.1760621070861816,
        1.314457893371582,
        1.1003496646881104,
        1.1532245874404907,
        1.3664189577102661,
        1.2286624908447266,
        1.2259336709976196,
        1.2743529081344604,
        1.2010101079940796,
        1.1599645614624023,
        1.2428841590881348,
        1.3787305355072021,
        1.2079895734786987,
        1.3018394708633423,
        1.2502793073654175,
        1.2787679433822632,
        1.282632827758789,
        1.3664827346801758,
        1.2024201154708862,
        1.1226420402526855,
        1.136375069618225,
        1.1848212480545044,
        1.1060075759887695,
        1.1093336343765259,
        1.1458574533462524,
        1.187255859375,
        1.1026458740234375,
        1.1794878244400024,
        1.1778430938720703,
        1.399551272392273,
        1.5755393505096436,
        1.5168342590332031,
        1.3086951971054077,
        1.1274120807647705,
        1.1668789386749268,
        1.1985328197479248,
        1.4852633476257324,
        1.2022310495376587,
        1.190055012702942,
        1.0326822996139526,
        1.1889365911483765,
        1.0668275356292725,
        1.1399224996566772,
        1.1952792406082153,
        1.198989748954773,
        1.1421061754226685,
        1.0079197883605957,
        1.2137871980667114,
        1.1722745895385742,
        1.1106839179992676,
        1.1624051332473755,
        1.2186952829360962,
        1.1441887617111206,
        1.1369928121566772,
        1.242234468460083,
        1.1420958042144775,
        1.1969153881072998,
        1.4522335529327393,
        1.2996152639389038,
        1.2087876796722412,
        1.2685452699661255,
        1.1608407497406006,
        1.2021948099136353,
        1.10798978805542,
        1.1282557249069214,
        1.1558033227920532,
        1.2544090747833252,
        1.1655807495117188,
        1.2343262434005737,
        1.1376107931137085,
        1.331709861755371,
        1.183048963546753,
