{
    "stu_train_loss": [
        0.741290271282196,
        0.6598378419876099,
        0.7034802436828613,
        0.6393113732337952,
        0.6640454530715942,
        0.6902762651443481,
        0.6719530820846558,
        0.6173516511917114,
        0.6615567803382874,
        0.7111961245536804,
        0.6675864458084106,
        0.6684161424636841,
        0.6999963521957397,
        0.6795841455459595,
        0.677359938621521,
        0.6281532645225525,
        0.6316986083984375,
        0.5862817764282227,
        0.6526533365249634,
        0.7224693298339844,
        0.6136893033981323,
        0.6186490058898926,
        0.6242854595184326,
        0.6829627752304077,
        0.6508274078369141,
        0.6555823683738708,
        0.6326771378517151,
        0.6598747372627258,
        0.615114688873291,
        0.6842349171638489,
        0.6007795929908752,
        0.6117905974388123,
        0.595244824886322,
        0.5650021433830261,
        0.6128309369087219,
        0.6168302297592163,
        0.6016716957092285,
        0.6104174256324768
    ],
    "stu_test_loss": [
        0.6728875637054443,
        0.8505798578262329,
        0.8346090316772461,
        0.7230795621871948,
        0.8216320872306824,
        0.7878936529159546,
        0.9155462980270386,
        0.8370448350906372,
        0.7445420026779175,
        0.8679341673851013,
        0.8795332908630371,
        0.8112878203392029,
        0.7786903381347656,
        0.6963638663291931,
        1.0917437076568604,
        0.8190109729766846,
        0.7889198064804077,
        0.8297824859619141,
        0.9324772953987122,
        0.9528932571411133,
        0.8243762254714966,
        0.7925366163253784,
        0.7835537195205688,
        0.7832396030426025,
        0.8909649848937988,
        0.8259401321411133,
        0.7238473892211914,
        0.9240458011627197,
        0.9215373396873474,
        0.9792872071266174,
        0.7963268756866455,
        0.7285332679748535,
        0.830600380897522,
        0.8261487483978271,
        0.9887419939041138,
        0.8457406759262085,
        0.8580400943756104,
        0.8465180397033691,
        0.9350950121879578,
        0.7760009169578552,
        0.8021045923233032,
        0.7278101444244385,
        0.824734091758728,
        0.9010263681411743,
        0.7491938471794128,
        0.9869776964187622,
        0.8566113710403442,
        0.9003610610961914,
        0.8104956746101379,
        0.7284179925918579,
        1.0008888244628906,
        0.697312593460083,
        0.8989112377166748,
        0.7768441438674927,
        0.8809129595756531,
        0.7534050941467285,
        0.8357744216918945,
        0.7720204591751099,
        0.7858181595802307,
        0.9267309904098511,
        0.8824682831764221,
        0.8366663455963135,
        0.7275286316871643,
        0.9644812345504761,
        0.942683219909668,
        1.0150150060653687,
        1.1408953666687012,
        0.7186359167098999,
        0.9622762203216553,
        0.7639514803886414,
        0.8085160255432129,
        0.858228325843811,
        0.7260668277740479,
        0.8337448835372925,
        0.7860750555992126,
        0.786754846572876,
        0.9001061916351318,
        0.679774284362793,
        0.888248085975647,
        0.9919032454490662,
        0.9031551480293274,
        0.8993632197380066,
        0.8805442452430725,
        0.8177550435066223,
        0.835145890712738,
        0.8395889401435852,
        0.8064953088760376,
        0.8324780464172363,
        0.8588281869888306,
        0.7663715481758118,
        0.8564698696136475,
        1.0952833890914917,
        0.8299565315246582,
        0.8610491156578064,
        0.7241826057434082,
        0.7861515283584595,
        0.8840051889419556,
        1.0311638116836548,
        0.8182696104049683,
        0.7819691300392151,
        0.7692070603370667,
        0.8566571474075317,
        0.7912346124649048,
        0.8302739262580872,
        0.9838324189186096,
        0.819699227809906,
        0.7915188074111938,
        0.7892266511917114,
        0.6901580095291138,
        0.8287405967712402,
        0.8771275877952576,
        0.9782422780990601,
        0.7478506565093994,
        0.7629086375236511,
        0.7366355657577515,
        0.7703395485877991,
        0.8774995803833008,
        0.9056732058525085,
        0.9205858707427979,
        1.0384397506713867,
        0.815652072429657,
        0.7484269142150879,
        0.9762745499610901,
        0.8728417158126831,
        0.7488967180252075,
        0.8535277843475342,
        0.7107917070388794,
        0.8946420550346375,
        0.904823362827301,
        0.8285155296325684,
        0.7771435976028442,
        1.038651704788208,
        0.9024828672409058,
        0.819732666015625,
        0.8552006483078003,
        0.779120683670044,
        0.837906002998352,
        0.6896454095840454,
        0.9390665888786316,
        0.763762354850769,
        1.0573996305465698,
        0.7826471924781799,
        0.8760042786598206,
        0.7112522125244141,
        0.8098498582839966,
        0.7795537710189819,
        0.7647085189819336,
        0.7668331861495972,
        0.9409332275390625,
        0.7933900952339172,
        0.8808696866035461,
        0.7632529735565186,
        0.8266971111297607,
        0.7475749254226685,
        0.826422929763794,
        0.8043904900550842,
        0.688492476940155,
        0.6217080354690552,
        0.7335485219955444,
        0.6487573385238647,
        0.7117101550102234,
        0.837559163570404,
        0.80738765001297,
        0.7418899536132812,
        0.7209556102752686,
        0.694490909576416,
        0.7069047689437866,
        0.652094841003418,
        0.6794711351394653,
        0.6835463643074036,
        0.6600200533866882,
        0.6552107334136963,
        0.7067214846611023,
        0.7936825752258301,
        0.7051177024841309,
        0.8113945722579956,
        0.92529296875,
        0.6708723306655884,
        0.7540907859802246,
        0.9655183553695679,
        0.7391141653060913,
        0.7486500144004822,
        0.8199355602264404,
        0.7481389045715332,
        0.7607003450393677,
        0.7937232851982117,
        0.9775974750518799,
        0.776609480381012,
        0.7905051708221436,
        0.8090896010398865,
        0.9552238583564758,
        0.9358128309249878,
        1.112898349761963,
        0.7287800312042236,
        0.686106264591217,
        0.6912347674369812,
        0.734082818031311,
        0.623530387878418,
        0.6093149185180664,
        0.7362698316574097,
        0.7237781286239624,
        0.6950874328613281,
        0.7088947892189026,
        0.7835832834243774,
        1.037461280822754,
        1.1976263523101807,
        1.0972145795822144,
        0.8856590986251831,
        0.6732409596443176,
        0.6991024017333984,
        0.8502249717712402,
        1.021634578704834,
        0.7289255261421204,
        0.7129752039909363,
        0.6351207494735718,
        0.7863715291023254,
        0.6023083329200745,
        0.7002773284912109,
        0.7083786725997925,
        0.7222083210945129,
        0.6591643691062927,
        0.6069763898849487,
        0.7437155246734619,
        0.6328293085098267,
        0.6919137239456177,
        0.7598352432250977,
        0.7965911030769348,
        0.6912633180618286,
        0.6868754625320435,
        0.7466989159584045,
        0.616466760635376,
        0.7599367499351501,
        0.9898300170898438,
        0.8102703094482422,
        0.7749582529067993,
        0.7883124351501465,
        0.7574906945228577,
        0.7095927596092224,
        0.749485433101654,
        0.6955505609512329,
        0.6700221300125122,
        0.8491026759147644,
        0.6736617088317871,
        0.8193514347076416,
        0.7516826391220093,
        0.8606023192405701,
        0.7257317304611206,
