{
    "stu_train_loss": [
        1.7225769758224487,
        1.728229284286499,
        1.7395925521850586,
        1.7464691400527954,
        1.677978754043579,
        1.7343902587890625,
        1.6969157457351685,
        1.7198939323425293,
        1.6940973997116089,
        1.6773067712783813,
        1.7199597358703613,
        1.7036064863204956,
        1.7272096872329712,
        1.7062995433807373,
        1.6913870573043823,
        1.6790387630462646,
        1.7073420286178589,
        1.6726319789886475,
        1.6909968852996826,
        1.6631187200546265,
        1.6878784894943237,
        1.6837648153305054,
        1.6381653547286987,
        1.6925023794174194,
        1.6679060459136963,
        1.6750121116638184,
        1.6286046504974365,
        1.672458291053772,
        1.6625471115112305,
        1.6360201835632324,
        1.62637460231781,
        1.65581214427948,
        1.6190831661224365,
        1.6296496391296387,
        1.6015455722808838,
        1.5808833837509155,
        1.6009907722473145,
        1.5693347454071045
    ],
    "stu_test_loss": [
        1.603416919708252,
        1.6516578197479248,
        1.7369426488876343,
        1.7182422876358032,
        1.7416925430297852,
        1.6124494075775146,
        1.7310975790023804,
        1.7116987705230713,
        1.7173742055892944,
        1.7194106578826904,
        1.694091558456421,
        1.6782090663909912,
        1.7031536102294922,
        1.7313816547393799,
        1.8546905517578125,
        1.7108442783355713,
        1.7451519966125488,
        1.8195382356643677,
        1.8064593076705933,
        1.8626079559326172,
        1.7091542482376099,
        1.6826235055923462,
        1.7117327451705933,
        1.6656166315078735,
        1.6505807638168335,
        1.6522799730300903,
        1.6586025953292847,
        1.86653470993042,
        1.6822290420532227,
        1.776633620262146,
        1.6401824951171875,
        1.6861692667007446,
        1.6810561418533325,
        1.7483408451080322,
        1.8048827648162842,
        1.7281728982925415,
        1.7901661396026611,
        1.7461647987365723,
        1.8126168251037598,
        1.7720003128051758,
        1.7118403911590576,
        1.6348648071289062,
        1.7440509796142578,
        1.8270657062530518,
        1.7695000171661377,
        1.8702974319458008,
        1.7612953186035156,
        1.7419111728668213,
        1.7302910089492798,
        1.7716649770736694,
        1.7654917240142822,
        1.675913691520691,
        1.7735679149627686,
        1.7174394130706787,
        1.716170310974121,
        1.6123180389404297,
        1.8446669578552246,
        1.6227376461029053,
        1.6758735179901123,
        1.8369598388671875,
        1.767377257347107,
        1.8321189880371094,
        1.6398062705993652,
        1.7147035598754883,
        1.8124616146087646,
        1.8245196342468262,
        1.8566572666168213,
        1.6289610862731934,
        1.8455283641815186,
        1.7039482593536377,
        1.6847892999649048,
        1.6571044921875,
        1.6610333919525146,
        1.6590683460235596,
        1.7523161172866821,
        1.6910287141799927,
        1.8024095296859741,
        1.8102811574935913,
        1.7002708911895752,
        1.7982063293457031,
        1.7469686269760132,
        1.7605680227279663,
        1.8076207637786865,
        1.6900826692581177,
        1.6501061916351318,
        1.870626449584961,
        1.7543013095855713,
        1.675959825515747,
        1.7505525350570679,
        1.7330424785614014,
        1.6489540338516235,
        1.8206323385238647,
        1.731186032295227,
        1.7487668991088867,
        1.6659570932388306,
        1.7737525701522827,
        1.6631661653518677,
        1.7609866857528687,
        1.7355916500091553,
        1.7418062686920166,
        1.7141287326812744,
        1.6856567859649658,
        1.6570490598678589,
        1.7639325857162476,
        1.863194465637207,
        1.7919423580169678,
        1.743455171585083,
        1.6604753732681274,
        1.6251215934753418,
        1.8020851612091064,
        1.7396814823150635,
        1.8730710744857788,
        1.6438283920288086,
        1.696452021598816,
        1.6424059867858887,
        1.8297398090362549,
        1.778579592704773,
        1.7336469888687134,
        1.7228190898895264,
        1.8408643007278442,
        1.7839930057525635,
        1.7710728645324707,
        1.7872565984725952,
        1.7961223125457764,
        1.7337452173233032,
        1.6609563827514648,
        1.6439075469970703,
        1.7255841493606567,
        1.828762412071228,
        1.816184163093567,
        1.5969233512878418,
        1.8041324615478516,
        1.8509267568588257,
        1.66972017288208,
        1.6721488237380981,
        1.741047978401184,
        1.8190488815307617,
        1.8093076944351196,
        1.8504219055175781,
        1.793935775756836,
        1.8258624076843262,
        1.6627776622772217,
        1.797813892364502,
        1.611492395401001,
        1.8362478017807007,
        1.6799960136413574,
        1.7340893745422363,
        1.6409574747085571,
        1.8126468658447266,
        1.7394765615463257,
        1.7936843633651733,
        1.6821080446243286,
        1.6952910423278809,
        1.6416406631469727,
        1.6503288745880127,
        1.7466673851013184,
        1.695533037185669,
        1.6076476573944092,
        1.7441848516464233,
        1.6512984037399292,
        1.6640793085098267,
        1.7476755380630493,
        1.6507936716079712,
        1.7786245346069336,
        1.6925562620162964,
        1.7484409809112549,
        1.5659029483795166,
        1.6316981315612793,
        1.7358596324920654,
        1.6945158243179321,
        1.6462851762771606,
        1.6146008968353271,
        1.6133623123168945,
        1.6694833040237427,
        1.6655614376068115,
        1.6831028461456299,
        1.7533670663833618,
        1.6833715438842773,
        1.6927826404571533,
        1.8183915615081787,
        1.7249979972839355,
        1.7082635164260864,
        1.7765389680862427,
        1.7240045070648193,
        1.683927297592163,
        1.7508621215820312,
        1.7885105609893799,
        1.6878910064697266,
        1.7940452098846436,
        1.7343254089355469,
        1.7185227870941162,
        1.7527916431427002,
        1.7833099365234375,
        1.7060439586639404,
        1.6541154384613037,
        1.7045351266860962,
        1.7138311862945557,
        1.6188651323318481,
        1.6658824682235718,
        1.6617907285690308,
        1.7241873741149902,
        1.6394095420837402,
        1.6751818656921387,
        1.6653856039047241,
        1.7661457061767578,
        1.930233120918274,
        1.857132077217102,
        1.7605808973312378,
        1.6311912536621094,
        1.6838960647583008,
        1.6285041570663452,
        1.8779326677322388,
        1.6768782138824463,
        1.736211895942688,
        1.5450575351715088,
        1.7338638305664062,
        1.636584758758545,
        1.6575113534927368,
        1.7003856897354126,
        1.727108359336853,
        1.7023860216140747,
        1.5842993259429932,
        1.770737886428833,
        1.6515756845474243,
        1.6390471458435059,
        1.65373957157135,
        1.6961884498596191,
        1.675529956817627,
        1.6355127096176147,
        1.7325702905654907,
        1.7084190845489502,
        1.6608481407165527,
        1.8558772802352905,
        1.7957401275634766,
        1.716029167175293,
        1.8065271377563477,
        1.6253360509872437,
        1.7118051052093506,
        1.6141705513000488,
        1.6559216976165771,
        1.746227502822876,
        1.7162985801696777,
        1.7291191816329956,
        1.7022465467453003,
        1.6330326795578003,
        1.799160361289978,
        1.7091926336288452,
