{
    "stu_train_loss": [
        1.95411217212677,
        1.9605205059051514,
        1.9523075819015503,
        1.964550256729126,
        1.931364893913269,
        1.9264318943023682,
        1.952571988105774,
        1.920748233795166,
        1.9611163139343262,
        1.9332221746444702,
        1.9084473848342896,
        1.9321986436843872,
        1.9349620342254639,
        1.9495604038238525,
        1.9102295637130737,
        1.9487113952636719,
        1.90376877784729,
        1.8930470943450928,
        1.9212279319763184,
        1.9239219427108765,
        1.9308420419692993,
        1.9119900465011597,
        1.9215314388275146,
        1.8816550970077515,
        1.8874163627624512,
        1.8854957818984985,
        1.8986562490463257,
        1.8862944841384888,
        1.8754032850265503,
        1.898087739944458,
        1.8677036762237549,
        1.8665004968643188,
        1.8841445446014404,
        1.8669451475143433,
        1.8601652383804321,
        1.8784325122833252,
        1.8242942094802856,
        1.8148373365402222
    ],
    "stu_test_loss": [
        1.8638341426849365,
        1.8968313932418823,
        1.9730368852615356,
        1.96182119846344,
        1.981452226638794,
        1.8710269927978516,
        1.9668316841125488,
        1.923013687133789,
        1.94094717502594,
        1.9565620422363281,
        1.922430396080017,
        1.914524793624878,
        1.913833737373352,
        1.9499108791351318,
        2.0441439151763916,
        1.9107990264892578,
        1.9863057136535645,
        2.0508358478546143,
        2.0247104167938232,
        2.039011001586914,
        1.9466493129730225,
        1.9276795387268066,
        1.9485960006713867,
        1.8875592947006226,
        1.9300134181976318,
        1.9122344255447388,
        1.913869857788086,
        2.0762083530426025,
        1.9157254695892334,
        2.0008432865142822,
        1.8810957670211792,
        1.9186866283416748,
        1.9083142280578613,
        1.975251317024231,
        2.027172327041626,
        1.9555708169937134,
        2.008513927459717,
        1.947672963142395,
        2.0178561210632324,
        2.0068023204803467,
        1.9279662370681763,
        1.8968830108642578,
        1.9319077730178833,
        2.0355770587921143,
        1.9991512298583984,
        2.0766940116882324,
        2.0008389949798584,
        1.9812827110290527,
        1.9613395929336548,
        2.013946533203125,
        1.9689955711364746,
        1.9038337469100952,
        2.0136454105377197,
        1.9499106407165527,
        1.943178415298462,
        1.849924921989441,
        2.0722057819366455,
        1.877632737159729,
        1.9108721017837524,
        2.027557373046875,
        1.9936460256576538,
        2.0476791858673096,
        1.8803887367248535,
        1.9259393215179443,
        2.0349717140197754,
        2.058499336242676,
        2.0622761249542236,
        1.908867359161377,
        2.0392112731933594,
        1.9431464672088623,
        1.9326834678649902,
        1.890321969985962,
        1.9137094020843506,
        1.9123929738998413,
        2.004973888397217,
        1.9212146997451782,
        2.013033390045166,
        2.0266871452331543,
        1.925968050956726,
        1.9981138706207275,
        1.9705168008804321,
        2.001798391342163,
        2.0376477241516113,
        1.928918719291687,
        1.894608497619629,
        2.061586618423462,
        1.9956448078155518,
        1.9201089143753052,
        1.960184097290039,
        1.9846047163009644,
        1.9322149753570557,
        2.021214723587036,
        1.9757083654403687,
        1.9750727415084839,
        1.90665602684021,
        2.0144879817962646,
        1.9072035551071167,
        1.9958388805389404,
        1.9768431186676025,
        1.9907101392745972,
        1.921473503112793,
        1.9226081371307373,
        1.8994508981704712,
        1.980604648590088,
        2.057572841644287,
        1.9975181818008423,
        1.9903895854949951,
        1.8901453018188477,
        1.8731639385223389,
        2.01600980758667,
        1.9721367359161377,
        2.069592237472534,
        1.89736807346344,
        1.9363023042678833,
        1.896658182144165,
        2.0361223220825195,
        1.9858179092407227,
        1.9723268747329712,
        1.9632645845413208,
        2.029576063156128,
        1.9982850551605225,
        2.018601179122925,
        1.9735156297683716,
        2.021064281463623,
        1.974124789237976,
        1.9026261568069458,
        1.8925145864486694,
        1.9645822048187256,
        2.034282922744751,
        2.037057876586914,
        1.8158764839172363,
        2.0030720233917236,
        2.0728986263275146,
        1.9079662561416626,
        1.9009299278259277,
        1.940993309020996,
        2.0454540252685547,
        2.0275516510009766,
        2.0822975635528564,
        2.0327422618865967,
        2.0393240451812744,
        1.909837245941162,
        2.0156331062316895,
        1.860903263092041,
        2.049018144607544,
        1.902031421661377,
        1.9725909233093262,
        1.9063280820846558,
        2.022061347961426,
        1.977440595626831,
        2.0195109844207764,
        1.9331468343734741,
        1.9171531200408936,
        1.8881025314331055,
        1.9122705459594727,
        1.985029935836792,
        1.9571332931518555,
        1.878688097000122,
        1.9655852317810059,
        1.8800108432769775,
        1.9306893348693848,
        1.978665828704834,
        1.8864864110946655,
        1.9978797435760498,
        1.9326224327087402,
        1.9788013696670532,
        1.8448641300201416,
        1.887059211730957,
        1.9943344593048096,
        1.9320656061172485,
        1.884902000427246,
        1.8827149868011475,
        1.86322021484375,
        1.9109495878219604,
        1.9299756288528442,
        1.9212689399719238,
        1.9551786184310913,
        1.9349583387374878,
        1.9431257247924805,
        2.0231387615203857,
        1.9429447650909424,
        1.9445358514785767,
        1.9952170848846436,
        1.9572151899337769,
        1.9113762378692627,
        1.9867113828659058,
        1.9997529983520508,
        1.9208335876464844,
        2.0112318992614746,
        1.9271080493927002,
        1.9236582517623901,
        1.975614070892334,
        1.9851161241531372,
        1.9504072666168213,
        1.9127274751663208,
        1.9579832553863525,
        1.953203558921814,
        1.8655400276184082,
        1.9111146926879883,
        1.9058369398117065,
        1.958991289138794,
        1.9061625003814697,
        1.9299728870391846,
        1.8974800109863281,
        1.9782776832580566,
        2.1031482219696045,
        2.0517075061798096,
        1.989526391029358,
        1.8839383125305176,
        1.942669153213501,
        1.8604929447174072,
        2.068358898162842,
        1.916674256324768,
        1.9853596687316895,
        1.8211883306503296,
        1.9359482526779175,
        1.8933571577072144,
        1.912024974822998,
        1.9355840682983398,
        1.941863775253296,
        1.956878662109375,
        1.864945650100708,
        1.998360514640808,
        1.9135496616363525,
        1.8940322399139404,
        1.9109156131744385,
        1.9541906118392944,
        1.9034340381622314,
        1.8737789392471313,
        1.9556511640548706,
        1.9458978176116943,
        1.8784599304199219,
        2.01995587348938,
        1.997612476348877,
        1.959509015083313,
        2.0430760383605957,
        1.876754641532898,
        1.937145471572876,
        1.8747210502624512,
        1.9281765222549438,
        1.9827277660369873,
        1.9280730485916138,
        1.9899379014968872,
        1.944727897644043,
        1.8791946172714233,
        2.020887613296509,
        1.9550597667694092,
        1.987856388092041,
        1.9181501865386963,
