{
    "stu_train_loss": [
        1.3779057264328003,
        1.3628402948379517,
        1.3209444284439087,
        1.3218406438827515,
        1.3620160818099976,
        1.358240008354187,
        1.308688998222351,
        1.3344802856445312,
        1.3172376155853271,
        1.3384870290756226,
        1.3174221515655518,
        1.2825475931167603,
        1.2844785451889038,
        1.3092888593673706,
        1.2952626943588257,
        1.3193901777267456,
        1.2952783107757568,
        1.3064905405044556,
        1.3353193998336792,
        1.2772037982940674,
        1.2790873050689697,
        1.2860467433929443,
        1.2830092906951904,
        1.2867578268051147,
        1.2608970403671265,
        1.2973291873931885,
        1.2637736797332764,
        1.2644516229629517,
        1.2340574264526367,
        1.3020539283752441,
        1.2255719900131226,
        1.2051976919174194,
        1.2043193578720093,
        1.204380989074707,
        1.2073087692260742,
        1.2320075035095215,
        1.2109342813491821,
        1.1623378992080688
    ],
    "stu_test_loss": [
        1.2007601261138916,
        1.3121380805969238,
        1.3621032238006592,
        1.308552861213684,
        1.3938944339752197,
        1.2670496702194214,
        1.4074755907058716,
        1.28694486618042,
        1.3164881467819214,
        1.3777040243148804,
        1.3764880895614624,
        1.3183389902114868,
        1.3402762413024902,
        1.3139019012451172,
        1.5143252611160278,
        1.3412353992462158,
        1.351294994354248,
        1.4302594661712646,
        1.461106300354004,
        1.5659477710723877,
        1.3560032844543457,
        1.3097012042999268,
        1.3021188974380493,
        1.3176199197769165,
        1.3519600629806519,
        1.3086607456207275,
        1.3028919696807861,
        1.5152764320373535,
        1.3886783123016357,
        1.4422520399093628,
        1.2907317876815796,
        1.3074427843093872,
        1.3643481731414795,
        1.3855948448181152,
        1.4371970891952515,
        1.4067959785461426,
        1.4253545999526978,
        1.4327629804611206,
        1.460463047027588,
        1.38628089427948,
        1.3297905921936035,
        1.2590388059616089,
        1.4527060985565186,
        1.5102061033248901,
        1.372670292854309,
        1.5385006666183472,
        1.389737606048584,
        1.4071955680847168,
        1.3649653196334839,
        1.3530594110488892,
        1.439441204071045,
        1.3043873310089111,
        1.455700397491455,
        1.3695920705795288,
        1.3718441724777222,
        1.2179025411605835,
        1.4465018510818481,
        1.2851548194885254,
        1.2681379318237305,
        1.468549370765686,
        1.4543545246124268,
        1.4230692386627197,
        1.2300734519958496,
        1.4128081798553467,
        1.4736676216125488,
        1.483756184577942,
        1.5474441051483154,
        1.2632050514221191,
        1.5063103437423706,
        1.2922166585922241,
        1.3421107530593872,
        1.3526371717453003,
        1.2778527736663818,
        1.280968189239502,
        1.380085825920105,
        1.3002982139587402,
        1.4805810451507568,
        1.4043288230895996,
        1.3721622228622437,
        1.4284143447875977,
        1.3811357021331787,
        1.4165716171264648,
        1.4435391426086426,
        1.3242895603179932,
        1.2861227989196777,
        1.4794732332229614,
        1.3564128875732422,
        1.347848892211914,
        1.4105205535888672,
        1.3283765316009521,
        1.2541171312332153,
        1.5356500148773193,
        1.3846238851547241,
        1.384436845779419,
        1.2770254611968994,
        1.418834924697876,
        1.3333494663238525,
        1.4925894737243652,
        1.3990386724472046,
        1.361100673675537,
        1.3523958921432495,
        1.370417594909668,
        1.3107281923294067,
        1.3631227016448975,
        1.5211706161499023,
        1.4094327688217163,
        1.3890551328659058,
        1.3297673463821411,
        1.2000094652175903,
        1.4240357875823975,
        1.3681641817092896,
        1.53411865234375,
        1.2694977521896362,
        1.3091224431991577,
        1.269435167312622,
        1.3998509645462036,
        1.4082528352737427,
        1.3850722312927246,
        1.360992193222046,
        1.5409568548202515,
        1.3871558904647827,
        1.3491933345794678,
        1.4787286520004272,
        1.4512832164764404,
        1.3035012483596802,
        1.295575737953186,
        1.2655515670776367,
        1.3565338850021362,
        1.4696719646453857,
        1.399760365486145,
        1.257201910018921,
        1.4974085092544556,
        1.5063992738723755,
        1.317113995552063,
        1.286335825920105,
        1.3846789598464966,
        1.419604778289795,
        1.4083348512649536,
        1.43819260597229,
        1.4016169309616089,
        1.490264892578125,
        1.3036094903945923,
        1.4300310611724854,
        1.2752196788787842,
        1.4733598232269287,
        1.3290736675262451,
        1.3532840013504028,
        1.3131943941116333,
        1.4726214408874512,
        1.37212336063385,
        1.4329391717910767,
        1.3056161403656006,
        1.3421432971954346,
        1.2988884449005127,
        1.3405636548995972,
        1.3429744243621826,
        1.2449396848678589,
        1.2002205848693848,
        1.3452978134155273,
        1.2797609567642212,
        1.2794421911239624,
        1.3999886512756348,
        1.2970151901245117,
        1.3971354961395264,
        1.2683145999908447,
        1.3311235904693604,
        1.213943362236023,
        1.2243808507919312,
        1.3496978282928467,
        1.24705970287323,
        1.2606858015060425,
        1.2412152290344238,
        1.249474287033081,
        1.3038948774337769,
        1.2676751613616943,
        1.2990471124649048,
        1.436617374420166,
        1.254680871963501,
        1.2969168424606323,
        1.4548158645629883,
        1.3408100605010986,
        1.3183605670928955,
        1.4137132167816162,
        1.3502181768417358,
        1.3177313804626465,
        1.3691898584365845,
        1.5303988456726074,
        1.3607923984527588,
        1.4442763328552246,
        1.4108812808990479,
        1.3882335424423218,
        1.4016408920288086,
        1.4405977725982666,
        1.3374428749084473,
        1.2778164148330688,
        1.3272113800048828,
        1.3210359811782837,
        1.2170758247375488,
        1.2762470245361328,
        1.2871968746185303,
        1.3242863416671753,
        1.2656161785125732,
        1.3052401542663574,
        1.2922682762145996,
        1.4193793535232544,
        1.658551812171936,
        1.5366027355194092,
        1.418979287147522,
        1.2564431428909302,
        1.2771100997924805,
        1.251855492591858,
        1.5221980810165405,
        1.3038793802261353,
        1.3401446342468262,
        1.1444768905639648,
        1.2988572120666504,
        1.2293425798416138,
        1.2728381156921387,
        1.3593547344207764,
        1.3668164014816284,
        1.290947675704956,
        1.17012357711792,
        1.3657736778259277,
        1.2767659425735474,
        1.2213644981384277,
        1.262596607208252,
        1.2935678958892822,
        1.2985453605651855,
        1.2671501636505127,
        1.400698184967041,
        1.302093744277954,
        1.3059947490692139,
        1.5078985691070557,
        1.413703203201294,
        1.3445301055908203,
        1.4110777378082275,
        1.2912626266479492,
        1.3607124090194702,
        1.2660610675811768,
        1.2643300294876099,
        1.3161207437515259,
        1.3652565479278564,
        1.3262640237808228,
        1.3533140420913696,
        1.2544888257980347,
        1.4242695569992065,
        1.3409123420715332,
