{
    "stu_train_loss": 0.12336904487399272,
    "mentor_train_loss": 0.1021914921042859,
    "stu_test_loss": 0.13590349029666318,
    "mentor_test_loss": 0.10856759794556295,
    "stu_train_acc": 0.9886632492113565,
    "mentor_train_acc": 0.9936908517350158,
    "stu_test_acc": 0.9866214057507987,
    "mentor_test_acc": 0.9918130990415336
}