{
    "stu_train_loss": 0.12530684406495995,
    "mentor_train_loss": 0.09727715898293426,
    "stu_test_loss": 0.12542034492801174,
    "mentor_test_loss": 0.09097846454610459,
    "stu_train_acc": 0.9881703470031545,
    "mentor_train_acc": 0.9928036277602523,
    "stu_test_acc": 0.9880191693290735,
    "mentor_test_acc": 0.9940095846645367
}