{
    "stu_train_loss": 0.1473418107779244,
    "mentor_train_loss": 0.12731929078745166,
    "stu_test_loss": 0.12036489233517418,
    "mentor_test_loss": 0.10509671942113688,
    "stu_train_acc": 0.9845228706624606,
    "mentor_train_acc": 0.9910291798107256,
    "stu_test_acc": 0.9893170926517572,
    "mentor_test_acc": 0.9911142172523961
}