{
    "stu_train_loss": 0.1863039276248273,
    "mentor_train_loss": 0.17096709561084722,
    "stu_test_loss": 0.1549536315158914,
    "mentor_test_loss": 0.13616054143292455,
    "stu_train_acc": 0.9824526813880127,
    "mentor_train_acc": 0.9864944794952681,
    "stu_test_acc": 0.9850239616613419,
    "mentor_test_acc": 0.9911142172523961
}