{
    "stu_train_loss": 0.13264875447712485,
    "mentor_train_loss": 0.11614053323864937,
    "stu_test_loss": 0.12631917644899113,
    "mentor_test_loss": 0.1181247992256579,
    "stu_train_acc": 0.9864944794952681,
    "mentor_train_acc": 0.9920149842271293,
    "stu_test_acc": 0.9881190095846646,
    "mentor_test_acc": 0.9894169329073482
}