{
    "stu_train_loss": [
        1.8805766105651855,
        1.877345323562622,
        1.8349417448043823,
        1.8447085618972778,
        1.8989332914352417,
        1.859730839729309,
        1.8953444957733154,
        1.8770947456359863,
        1.8103103637695312,
        1.8596539497375488,
        1.8905891180038452,
        1.8250771760940552,
        1.8869562149047852,
        1.8713587522506714,
        1.816075325012207,
        1.8345533609390259,
        1.8381986618041992,
        1.8787330389022827,
        1.7938200235366821,
        1.7847152948379517,
        1.7785098552703857,
        1.8298166990280151,
        1.7760891914367676,
        1.7893716096878052,
        1.8075507879257202,
        1.7827650308609009,
        1.828151822090149,
        1.847597599029541,
        1.7944285869598389,
        1.866990327835083,
        1.83050537109375,
        1.8491089344024658,
        1.7772021293640137,
        1.7042170763015747,
        1.7592132091522217,
        1.772453784942627,
        1.7722773551940918,
        1.7789883613586426,
        1.7832176685333252,
        1.806215524673462,
        1.6793618202209473,
        1.7411731481552124,
        1.6745352745056152,
        1.7764992713928223,
        1.727105975151062,
        1.7771586179733276,
        1.7122164964675903,
        1.6939257383346558,
        1.768191933631897,
        1.690788984298706,
        1.6694862842559814,
        1.7585062980651855,
        1.6030887365341187,
        1.680349588394165,
        1.6521050930023193,
        1.6679645776748657,
        1.6441646814346313,
        1.7487387657165527,
        1.7265771627426147,
        1.6910368204116821,
        1.670228123664856,
        1.6612744331359863,
        1.6878454685211182,
        1.643510103225708,
        1.663028359413147,
        1.6676255464553833,
        1.6125848293304443,
        1.6142505407333374,
        1.6366760730743408,
        1.619030475616455,
        1.5693080425262451,
        1.6049184799194336,
        1.5335086584091187,
        1.5982937812805176,
        1.6244399547576904,
        1.6251858472824097,
        1.5863332748413086,
        1.5697836875915527,
        1.6518234014511108,
        1.6214284896850586,
        1.5163824558258057,
        1.5221552848815918,
        1.621141791343689,
        1.576859951019287,
        1.6252599954605103,
        1.5878978967666626,
        1.5391713380813599
    ],
    "stu_test_loss": [
        1.6276921033859253,
        1.6414157152175903,
        1.6778600215911865,
        1.641898512840271,
        1.7228801250457764,
        1.7222388982772827,
        1.7423672676086426,
        1.6378809213638306,
        1.7016788721084595,
        1.6596670150756836,
        1.6531684398651123,
        1.7612183094024658,
        1.71741783618927,
        1.6604063510894775,
        1.7819347381591797,
        1.7075577974319458,
        1.7149020433425903,
        1.6270833015441895,
        1.6705433130264282,
        1.745069980621338,
        1.7224920988082886,
        1.7680565118789673,
        1.6540769338607788,
        1.6273219585418701,
        1.7271896600723267,
        1.701245903968811,
        1.7211543321609497,
        1.7193477153778076,
        1.6687746047973633,
        1.738094449043274,
        1.6685078144073486,
        1.718910813331604,
        1.6370137929916382,
        1.7756681442260742,
        1.6324803829193115,
        1.7416037321090698,
        1.6500340700149536,
        1.695041298866272,
        1.7671083211898804,
        1.722243070602417,
        1.6387821435928345,
        1.6937503814697266,
        1.7370872497558594,
        1.7254868745803833,
        1.757601022720337,
        1.70357084274292,
        1.685765027999878,
        1.6862891912460327,
        1.68490731716156,
        1.6393852233886719,
        1.609371542930603,
        1.6669340133666992,
        1.640036940574646,
        1.6230454444885254,
        1.5906336307525635,
        1.599294900894165,
        1.645233392715454,
        1.6997654438018799,
        1.67592191696167,
        1.7129648923873901,
        1.7225178480148315,
        1.675286054611206,
        1.6408488750457764,
        1.6150901317596436,
        1.6394407749176025,
        1.7600820064544678,
        1.6638140678405762,
        1.6867890357971191,
        1.6126829385757446,
        1.6050209999084473,
        1.6386799812316895,
        1.6418330669403076,
        1.6260162591934204,
        1.6594946384429932,
        1.7249199151992798,
        1.6730117797851562,
        1.6236231327056885,
        1.696590542793274,
        1.6442484855651855,
        1.6697338819503784,
        1.6742089986801147,
        1.6984447240829468,
        1.733717441558838,
        1.7327725887298584,
        1.6597825288772583,
        1.614574670791626,
        1.6121546030044556,
        1.5817967653274536,
        1.6465929746627808,
        1.6075421571731567,
        1.7070772647857666,
        1.6399097442626953,
        1.598825454711914,
        1.6617077589035034,
        1.6405575275421143,
        1.6564483642578125,
        1.7847963571548462,
        1.7317582368850708,
        1.7070879936218262,
        1.6463528871536255
    ],
    "stu_train_acc": [
        0.5600000023841858,
        0.5299999713897705,
        0.5799999833106995,
        0.5899999737739563,
        0.5299999713897705,
        0.5199999809265137,
        0.5600000023841858,
        0.5199999809265137,
        0.5399999618530273,
        0.5999999642372131,
        0.550000011920929,
        0.6399999856948853,
        0.5,
        0.5299999713897705,
        0.5699999928474426,
        0.5399999618530273,
        0.550000011920929,
        0.4899999797344208,
        0.6299999952316284,
        0.6499999761581421,
        0.6100000143051147,
        0.6200000047683716,
        0.6599999666213989,
        0.6100000143051147,
        0.6200000047683716,
        0.5999999642372131,
        0.5399999618530273,
        0.5399999618530273,
        0.6100000143051147,
        0.5299999713897705,
        0.550000011920929,
        0.5399999618530273,
        0.5399999618530273,
        0.6800000071525574,
        0.6100000143051147,
        0.5399999618530273,
        0.5600000023841858,
        0.550000011920929,
        0.5799999833106995,
        0.4899999797344208,
        0.6699999570846558,
        0.6100000143051147,
        0.6800000071525574,
        0.550000011920929,
        0.6599999666213989,
        0.5799999833106995,
        0.6200000047683716,
        0.5199999809265137,
        0.5299999713897705,
        0.5399999618530273,
        0.6100000143051147,
        0.429999977350235,
        0.6599999666213989,
        0.5600000023841858,
        0.5699999928474426,
        0.5699999928474426,
        0.5799999833106995,
        0.5099999904632568,
        0.5099999904632568,
        0.5099999904632568,
        0.5199999809265137,
        0.6699999570846558,
        0.5600000023841858,
        0.5899999737739563,
        0.6100000143051147,
        0.6200000047683716,
        0.6399999856948853,
        0.5799999833106995,
        0.6100000143051147,
        0.5899999737739563,
        0.6800000071525574,
        0.699999988079071,
        0.6200000047683716,
        0.5999999642372131,
        0.5399999618530273,
        0.6100000143051147,
        0.6200000047683716,
        0.6200000047683716,
        0.5399999618530273,
        0.5999999642372131,
        0.6499999761581421,
        0.7299999594688416,
        0.5799999833106995,
        0.5999999642372131,
        0.6699999570846558,
        0.6100000143051147,
        0.6774193644523621
    ],