{
    "stu_train_loss": 2.3339425141379335,
    "mentor_train_loss": 2.213282538740427,
    "stu_test_loss": 2.319338699499258,
    "mentor_test_loss": 2.1428110767096378,
    "stu_train_acc": 0.14506969545911622,
    "mentor_train_acc": 0.34042656171641894,
    "stu_test_acc": 0.2327276357827476,
    "mentor_test_acc": 0.35413338658146964
}