{
    "stu_train_loss": 1.0790506097294341,
    "mentor_train_loss": 1.0371263219206126,
    "stu_test_loss": 1.046746428972616,
    "mentor_test_loss": 0.9795477946345418,
    "stu_train_acc": 0.8354414045410669,
    "mentor_train_acc": 0.806869514836561,
    "stu_test_acc": 0.84185303514377,
    "mentor_test_acc": 0.830870607028754
}