{
    "stu_train_loss": 2.3311099606072343,
    "mentor_train_loss": 2.061003299367508,
    "stu_test_loss": 2.3303511691169616,
    "mentor_test_loss": 1.966909520923139,
    "stu_train_acc": 0.14858673207911868,
    "mentor_train_acc": 0.3769037171498241,
    "stu_test_acc": 0.1680311501597444,
    "mentor_test_acc": 0.42641773162939295
}