{
    "stu_train_loss": 1.9941564782353856,
    "mentor_train_loss": 1.6837142081868728,
    "stu_test_loss": 1.933220480196773,
    "mentor_test_loss": 1.5647373858351297,
    "stu_train_acc": 0.41894682501786507,
    "mentor_train_acc": 0.5409137842639181,
    "stu_test_acc": 0.4314097444089457,
    "mentor_test_acc": 0.5931509584664537
}