{
    "stu_train_loss": 1.328148809055354,
    "mentor_train_loss": 1.323472529449719,
    "stu_test_loss": 1.2507409417210296,
    "mentor_test_loss": 1.236162242797998,
    "stu_train_acc": 0.7241868872770527,
    "mentor_train_acc": 0.7055207798945023,
    "stu_test_acc": 0.7743610223642172,
    "mentor_test_acc": 0.7093650159744409
}