{
    "stu_train_loss": 1.751690287718037,
    "mentor_train_loss": 1.4935338057127574,
    "stu_test_loss": 1.6421902526300935,
    "mentor_test_loss": 1.3849859626148455,
    "stu_train_acc": 0.5167623906327574,
    "mentor_train_acc": 0.6266455862346112,
    "stu_test_acc": 0.5492212460063898,
    "mentor_test_acc": 0.6561501597444089
}