{
    "stu_train_loss": 0.4033606231889941,
    "mentor_train_loss": 0.21296367692676457,
    "stu_test_loss": 0.41653606052787157,
    "mentor_test_loss": 0.39216001888814445,
    "stu_train_acc": 0.9058948863636364,
    "mentor_train_acc": 0.95703125,
    "stu_test_acc": 0.8913738019169329,
    "mentor_test_acc": 0.8882787539936102
}