{
    "stu_train_loss": 0.3977073808623986,
    "mentor_train_loss": 0.25023007138886233,
    "stu_test_loss": 0.42522642592462107,
    "mentor_test_loss": 0.43409703590999393,
    "stu_train_acc": 0.9037642045454546,
    "mentor_train_acc": 0.9577414772727273,
    "stu_test_acc": 0.8888777955271565,
    "mentor_test_acc": 0.884285143769968
}