{
    "stu_train_loss": 0.40053595043718815,
    "mentor_train_loss": 0.2054462655532089,
    "stu_test_loss": 0.4272021180429398,
    "mentor_test_loss": 0.40408899870733866,
    "stu_train_acc": 0.8980823863636364,
    "mentor_train_acc": 0.9545454545454546,
    "stu_test_acc": 0.893270766773163,
    "mentor_test_acc": 0.8943690095846646
}