{
    "stu_train_loss": 0.38286062668670306,
    "mentor_train_loss": 0.2835279762406241,
    "stu_test_loss": 0.38596260447662095,
    "mentor_test_loss": 0.41762680524644763,
    "stu_train_acc": 0.9051846590909091,
    "mentor_train_acc": 0.9502840909090909,
    "stu_test_acc": 0.8982627795527156,
    "mentor_test_acc": 0.8816892971246006
}