{
    "stu_train_loss": 0.3878899531608278,
    "mentor_train_loss": 0.21081935309550978,
    "stu_test_loss": 0.3886283276180109,
    "mentor_test_loss": 0.4161591456530574,
    "stu_train_acc": 0.9080255681818182,
    "mentor_train_acc": 0.9549005681818182,
    "stu_test_acc": 0.9018570287539937,
    "mentor_test_acc": 0.8808905750798722
}