{
    "stu_train_loss": 0.38908012956380844,
    "mentor_train_loss": 0.2192162521691485,
    "stu_test_loss": 0.4119188704144079,
    "mentor_test_loss": 0.4070947237384205,
    "stu_train_acc": 0.9048295454545454,
    "mentor_train_acc": 0.9588068181818182,
    "stu_test_acc": 0.891573482428115,
    "mentor_test_acc": 0.8799920127795527
}