{
    "stu_train_loss": 2.2952523538801404,
    "mentor_train_loss": 1.8455408710903591,
    "stu_test_loss": 2.223258371932057,
    "mentor_test_loss": 1.7450106258209521,
    "stu_train_acc": 0.23105769236882528,
    "mentor_train_acc": 0.3954700855414073,
    "stu_test_acc": 0.35852635782747605,
    "mentor_test_acc": 0.44059504792332266
}