{
    "stu_train_loss": 2.309120772679647,
    "mentor_train_loss": 2.0296758238474526,
    "stu_test_loss": 2.2623567383129375,
    "mentor_test_loss": 1.9123945636109423,
    "stu_train_acc": 0.1975534188747406,
    "mentor_train_acc": 0.30425213681326974,
    "stu_test_acc": 0.2852436102236422,
    "mentor_test_acc": 0.3806908945686901
}