{
    "stu_train_loss": 0.9390090929137336,
    "mentor_train_loss": 1.2347645873493618,
    "stu_test_loss": 0.907111720916943,
    "mentor_test_loss": 1.1776589941673767,
    "stu_train_acc": 0.8715384615792169,
    "mentor_train_acc": 0.654049145380656,
    "stu_test_acc": 0.8770966453674122,
    "mentor_test_acc": 0.6739217252396166
}