{
    "stu_train_loss": 2.320321798324585,
    "mentor_train_loss": 2.229720574484931,
    "stu_test_loss": 2.317650440021064,
    "mentor_test_loss": 2.118542933997255,
    "stu_train_acc": 0.13904914531442855,
    "mentor_train_acc": 0.24549145301183065,
    "stu_test_acc": 0.1239017571884984,
    "mentor_test_acc": 0.30690894568690097
}